ControlContenedorId,FechaInicio,FechaFin,Usuario,UsuarioId,TiempoEstimadoMinutos,TiempoRealMinutos,TiempoEstimadoSegundos,TiempoRealSegundos,CumplioTiempo,Unidades,Articulos,CantidadConversion,TiempoEntreTareasMinutos,TiempoEntreTareasSegundos,CumplioTiempoEntreTareas,CodigoArticulo,DescripcionArticulo,UnidadesDetalle,CantidadConversionDetalle,FechaHoraLog
13745488,08/31/2026 15:44:48,09/01/2026 06:35:28,nievasm,7310,00:08:25,14:50:40,505,53440,Fuera de Tiempo,1,68,0,,,Excedido,"A842           ",A842 - DUCHADOR ANTICALCAREO 5 FUNCIONES C/SOPORTE Y FLEX,0,0,09/01/2026 09:35:28
13745488,08/31/2026 15:44:48,09/01/2026 06:35:28,nievasm,7310,00:08:25,14:50:40,505,53440,Fuera de Tiempo,6,68,0,,,Excedido,"80-203N        ","DUCHA EMB C/TRANSF. MONOCOMANDO ADRA BLACK PLUS                       ",0,0,09/01/2026 09:35:28
13745488,08/31/2026 15:44:48,09/01/2026 06:35:28,nievasm,7310,00:08:25,14:50:40,505,53440,Fuera de Tiempo,8,68,0,,,Excedido,"60-168N        ",60-168N - LAVATORIO MONOC BAJO BLACK WAVE,0,0,09/01/2026 09:35:28
13745488,08/31/2026 15:44:48,09/01/2026 06:35:28,nievasm,7310,00:08:25,14:50:40,505,53440,Fuera de Tiempo,3,68,0,,,Excedido,"63-152         ",63-152 - LAVATORIO PARED EMBUTIR CR MONOC. SORIA,0,0,09/01/2026 09:35:28
13745488,08/31/2026 15:44:48,09/01/2026 06:35:28,nievasm,7310,00:08:25,14:50:40,505,53440,Fuera de Tiempo,3,68,0,,,Excedido,"20-172         ",20-172 - COCINA MESADA MONOC. COLORS NEGRO,0,0,09/01/2026 09:35:28
13745488,08/31/2026 15:44:48,09/01/2026 06:35:28,nievasm,7310,00:08:25,14:50:40,505,53440,Fuera de Tiempo,3,68,0,,,Excedido,"70-193         ",70-193 - BIDE MONOCOMANDO MORA,0,0,09/01/2026 09:35:28
13745488,08/31/2026 15:44:48,09/01/2026 06:35:28,nievasm,7310,00:08:25,14:50:40,505,53440,Fuera de Tiempo,2,68,0,,,Excedido,"20-140         ",20-140 - MONOCOMANDO DE COCINA LINEA CUINA,0,0,09/01/2026 09:35:28
13745488,08/31/2026 15:44:48,09/01/2026 06:35:28,nievasm,7310,00:08:25,14:50:40,505,53440,Fuera de Tiempo,12,68,0,,,Excedido,"01-010         ","VALVULA P/MINGITORIO TEMPORIZADA TECNO                                ",0,0,09/01/2026 09:35:28
13745488,08/31/2026 15:44:48,09/01/2026 06:35:28,nievasm,7310,00:08:25,14:50:40,505,53440,Fuera de Tiempo,4,68,0,,,Excedido,"16006BL        ",16006BL - SET 6 PIEZAS ACCESORIOS LINEA 16000 BLACK,0,0,09/01/2026 09:35:28
13745488,08/31/2026 15:44:48,09/01/2026 06:35:28,nievasm,7310,00:08:25,14:50:40,505,53440,Fuera de Tiempo,2,68,0,,,Excedido,"60-176         ","LAVATORIO MONOCOMANDO BAJO CR RIO                                     ",0,0,09/01/2026 09:35:28
13745488,08/31/2026 15:44:48,09/01/2026 06:35:28,nievasm,7310,00:08:25,14:50:40,505,53440,Fuera de Tiempo,2,68,0,,,Excedido,"61-152         ",61-152 - LAVATORIO MONOCOMANDO CROMO ALTO SORIA,0,0,09/01/2026 09:35:28
13745488,08/31/2026 15:44:48,09/01/2026 06:35:28,nievasm,7310,00:08:25,14:50:40,505,53440,Fuera de Tiempo,3,68,0,,,Excedido,"60-152         ",60-152 - LAVATORIO CR MONOCOMANDO BAJO SORIA,0,0,09/01/2026 09:35:28
13745488,08/31/2026 15:44:48,09/01/2026 06:35:28,nievasm,7310,00:08:25,14:50:40,505,53440,Fuera de Tiempo,1,68,0,,,Excedido,"60-192         ",60-192 - LAVATORIO BAJO SORIA BLACK,0,0,09/01/2026 09:35:28
13745488,08/31/2026 15:44:48,09/01/2026 06:35:28,nievasm,7310,00:08:25,14:50:40,505,53440,Fuera de Tiempo,1,68,0,,,Excedido,"80-192         ",80-192 - DUCHA EMB. C/TRANSF. SORIA BLACK,0,0,09/01/2026 09:35:28
13745488,08/31/2026 15:44:48,09/01/2026 06:35:28,nievasm,7310,00:08:25,14:50:40,505,53440,Fuera de Tiempo,9,68,0,,,Excedido,"60-180         ",60-180 - LAVATORIO MONOCOMANDO BAJO VERA,0,0,09/01/2026 09:35:28
13745488,08/31/2026 15:44:48,09/01/2026 06:35:28,nievasm,7310,00:08:25,14:50:40,505,53440,Fuera de Tiempo,4,68,0,,,Excedido,"70-180         ",70-180 - BIDE MONOCOMANDO C/TRANSF. VERA,0,0,09/01/2026 09:35:28
13745488,08/31/2026 15:44:48,09/01/2026 06:35:28,nievasm,7310,00:08:25,14:50:40,505,53440,Fuera de Tiempo,1,68,0,,,Excedido,"63-180         ",63-180 - LAVATORIO MONOC. DE PARED VERA,0,0,09/01/2026 09:35:28
13745488,08/31/2026 15:44:48,09/01/2026 06:35:28,nievasm,7310,00:08:25,14:50:40,505,53440,Fuera de Tiempo,12,68,0,,,Excedido,"12006          ","SET DE 6 PIEZAS LINEA 12000                                           ",0,0,09/01/2026 09:35:28
13745488,08/31/2026 15:44:48,09/01/2026 06:35:28,nievasm,7310,00:08:25,14:50:40,505,53440,Fuera de Tiempo,16,68,0,,,Excedido,"20-160         ",20-160 - MONOCOMANDO MESADA COCINA DIQUE,0,0,09/01/2026 09:35:28
13745488,08/31/2026 15:44:48,09/01/2026 06:35:28,nievasm,7310,00:08:25,14:50:40,505,53440,Fuera de Tiempo,3,68,0,,,Excedido,"20-146N        ",20-146N - MONOCOMANDO DE COCINA BLACK LINEA MOVE,0,0,09/01/2026 09:35:28
13745488,08/31/2026 15:44:48,09/01/2026 06:35:28,nievasm,7310,00:08:25,14:50:40,505,53440,Fuera de Tiempo,11,68,0,,,Excedido,"83-133         ",83-133 - DUCHA EXT. C/TRANSF. MONOCOMANDO LUGO,0,0,09/01/2026 09:35:28
13745488,08/31/2026 15:44:48,09/01/2026 06:35:28,nievasm,7310,00:08:25,14:50:40,505,53440,Fuera de Tiempo,4,68,0,,,Excedido,"20-122N        ",20-122N - MONOCOMANDO COCINA C/PICO EXTRAIBLE VALENCIA BLACK,0,0,09/01/2026 09:35:28
13745488,08/31/2026 15:44:48,09/01/2026 06:35:28,nievasm,7310,00:08:25,14:50:40,505,53440,Fuera de Tiempo,2,68,0,,,Excedido,"61-193         ",61-193 - LAVATORIO MONOCOMANDO ALTO MORA,0,0,09/01/2026 09:35:28
13745488,08/31/2026 15:44:48,09/01/2026 06:35:28,nievasm,7310,00:08:25,14:50:40,505,53440,Fuera de Tiempo,2,68,0,,,Excedido,"13006          ","SET DE 6 PIEZAS LINEA 13000                                           ",0,0,09/01/2026 09:35:28
13745488,08/31/2026 15:44:48,09/01/2026 06:35:28,nievasm,7310,00:08:25,14:50:40,505,53440,Fuera de Tiempo,23,68,0,,,Excedido,"20-134         ",20-134 - MONOCOMANDO COCINA BETIS,0,0,09/01/2026 09:35:28
13745488,08/31/2026 15:44:48,09/01/2026 06:35:28,nievasm,7310,00:08:25,14:50:40,505,53440,Fuera de Tiempo,4,68,0,,,Excedido,"D439           ",D439 - KIT DE DUCHA MANUAL,0,0,09/01/2026 09:35:28
13745488,08/31/2026 15:44:48,09/01/2026 06:35:28,nievasm,7310,00:08:25,14:50:40,505,53440,Fuera de Tiempo,7,68,0,,,Excedido,"70-057         ",70-057 - BIDE C.STD VERIN PLUS,0,0,09/01/2026 09:35:28
13745488,08/31/2026 15:44:48,09/01/2026 06:35:28,nievasm,7310,00:08:25,14:50:40,505,53440,Fuera de Tiempo,21,68,0,,,Excedido,"60-057         ",60-057 - LAVATORIO C.STD VERIN PLUS,0,0,09/01/2026 09:35:28
13745488,08/31/2026 15:44:48,09/01/2026 06:35:28,nievasm,7310,00:08:25,14:50:40,505,53440,Fuera de Tiempo,5,68,0,,,Excedido,"80-166         ","DUCHA EMB. C/TRANSF. CR C.CERAM ADRA PLUS                             ",0,0,09/01/2026 09:35:28
13745488,08/31/2026 15:44:48,09/01/2026 06:35:28,nievasm,7310,00:08:25,14:50:40,505,53440,Fuera de Tiempo,12,68,0,,,Excedido,"70-162         ",70-162 - BIDE CR C.CERAM LINEA ADRA,0,0,09/01/2026 09:35:28
13745488,08/31/2026 15:44:48,09/01/2026 06:35:28,nievasm,7310,00:08:25,14:50:40,505,53440,Fuera de Tiempo,11,68,0,,,Excedido,"60-058         ",60-058 - LAVATORIO CR C.STD MALBA,0,0,09/01/2026 09:35:28
13745488,08/31/2026 15:44:48,09/01/2026 06:35:28,nievasm,7310,00:08:25,14:50:40,505,53440,Fuera de Tiempo,2,68,0,,,Excedido,"80-058         ",80-058 - DUCHA EMB. C/TRANSF. CR C.STD MALBA,0,0,09/01/2026 09:35:28
13745488,08/31/2026 15:44:48,09/01/2026 06:35:28,nievasm,7310,00:08:25,14:50:40,505,53440,Fuera de Tiempo,17,68,0,,,Excedido,"203            ","203 - LAVATORIO CROMO ""DIQUE""",0,0,09/01/2026 09:35:28
13745488,08/31/2026 15:44:48,09/01/2026 06:35:28,nievasm,7310,00:08:25,14:50:40,505,53440,Fuera de Tiempo,22,68,0,,,Excedido,"910/M          ","910/M - JGO.MDA.P.CANO CROMO ""DIQUE""",0,0,09/01/2026 09:35:28
13745488,08/31/2026 15:44:48,09/01/2026 06:35:28,nievasm,7310,00:08:25,14:50:40,505,53440,Fuera de Tiempo,1,68,0,,,Excedido,"80-199         ",80-199 - DUCHA EMB. C/TRANSF. CR C.CERAM LIVE,0,0,09/01/2026 09:35:28
13745488,08/31/2026 15:44:48,09/01/2026 06:35:28,nievasm,7310,00:08:25,14:50:40,505,53440,Fuera de Tiempo,1,68,0,,,Excedido,"60-199         ",60-199 - LAVATORIO CR C.CERAM LIVE,0,0,09/01/2026 09:35:28
13745488,08/31/2026 15:44:48,09/01/2026 06:35:28,nievasm,7310,00:08:25,14:50:40,505,53440,Fuera de Tiempo,3,68,0,,,Excedido,"215            ","215 - LAVATORIO CROMO ""MURCIA""",0,0,09/01/2026 09:35:28
13745488,08/31/2026 15:44:48,09/01/2026 06:35:28,nievasm,7310,00:08:25,14:50:40,505,53440,Fuera de Tiempo,12,68,0,,,Excedido,"62-162N        ",62-162N - LAVATORIO DE PARED BLACK C.CERAM ADRA,0,0,09/01/2026 09:35:28
13745488,08/31/2026 15:44:48,09/01/2026 06:35:28,nievasm,7310,00:08:25,14:50:40,505,53440,Fuera de Tiempo,5,68,0,,,Excedido,"601            ",601 - CANILLA COCINA MESADA CROMO DIQUE,0,0,09/01/2026 09:35:28
13745488,08/31/2026 15:44:48,09/01/2026 06:35:28,nievasm,7310,00:08:25,14:50:40,505,53440,Fuera de Tiempo,2,68,0,,,Excedido,"454/CR         ",454/CR - DUCHA EXT.S/TRANSF.CR/CR ARES,0,0,09/01/2026 09:35:28
13745488,08/31/2026 15:44:48,09/01/2026 06:35:28,nievasm,7310,00:08:25,14:50:40,505,53440,Fuera de Tiempo,7,68,0,,,Excedido,"80-168N        ",80-168N - DUCHA EMB C/TRANSF MONOC BLACK WAVE,0,0,09/01/2026 09:35:28
13745488,08/31/2026 15:44:48,09/01/2026 06:35:28,nievasm,7310,00:08:25,14:50:40,505,53440,Fuera de Tiempo,1,68,0,,,Excedido,"403            ",403 - DUCHA EXT. C/TRANSF.CR DIQUE,0,0,09/01/2026 09:35:28
13745488,08/31/2026 15:44:48,09/01/2026 06:35:28,nievasm,7310,00:08:25,14:50:40,505,53440,Fuera de Tiempo,1,68,0,,,Excedido,"934/CR         ",934/CR - J.PARED C/EXT CRUZ CR/CR ARES,0,0,09/01/2026 09:35:28
13745488,08/31/2026 15:44:48,09/01/2026 06:35:28,nievasm,7310,00:08:25,14:50:40,505,53440,Fuera de Tiempo,3,68,0,,,Excedido,"414/CR         ",414/CR - DUCHA EXT.C/TRANSF.CR/CR ARES,0,0,09/01/2026 09:35:28
13745488,08/31/2026 15:44:48,09/01/2026 06:35:28,nievasm,7310,00:08:25,14:50:40,505,53440,Fuera de Tiempo,10,68,0,,,Excedido,"914            ",914 - JGO.MDA.P.CAÑO BL/CR ARES,0,0,09/01/2026 09:35:28
13745488,08/31/2026 15:44:48,09/01/2026 06:35:28,nievasm,7310,00:08:25,14:50:40,505,53440,Fuera de Tiempo,10,68,0,,,Excedido,"814/CR         ",814/CR - MESADA P.FUNDIDO CR/CR ARES,0,0,09/01/2026 09:35:28
13745488,08/31/2026 15:44:48,09/01/2026 06:35:28,nievasm,7310,00:08:25,14:50:40,505,53440,Fuera de Tiempo,3,68,0,,,Excedido,"314/CR         ",314/CR - BIDE CROMO ARES,0,0,09/01/2026 09:35:28
13745488,08/31/2026 15:44:48,09/01/2026 06:35:28,nievasm,7310,00:08:25,14:50:40,505,53440,Fuera de Tiempo,6,68,0,,,Excedido,"214/CR         ",214/CR - LAVATORIO CR/CR ARES,0,0,09/01/2026 09:35:28
13745488,08/31/2026 15:44:48,09/01/2026 06:35:28,nievasm,7310,00:08:25,14:50:40,505,53440,Fuera de Tiempo,2,68,0,,,Excedido,"80-045         ",80-045 - DUCHA EMB.C/TRANSF CR  C.STD CRUZ,0,0,09/01/2026 09:35:28
13745488,08/31/2026 15:44:48,09/01/2026 06:35:28,nievasm,7310,00:08:25,14:50:40,505,53440,Fuera de Tiempo,2,68,0,,,Excedido,"60-045         ",60-045 - LAVATORIO CR/CR C.STD CRUZ,0,0,09/01/2026 09:35:28
13745488,08/31/2026 15:44:48,09/01/2026 06:35:28,nievasm,7310,00:08:25,14:50:40,505,53440,Fuera de Tiempo,3,68,0,,,Excedido,"51-190         ",51-190 - MESADA BIMANDO C.CERAM BLACK VELVET,0,0,09/01/2026 09:35:28
13745488,08/31/2026 15:44:48,09/01/2026 06:35:28,nievasm,7310,00:08:25,14:50:40,505,53440,Fuera de Tiempo,1,68,0,,,Excedido,"70-190         ",70-190 - BIDE C.CERAM BLACK VELVET,0,0,09/01/2026 09:35:28
13745488,08/31/2026 15:44:48,09/01/2026 06:35:28,nievasm,7310,00:08:25,14:50:40,505,53440,Fuera de Tiempo,13,68,0,,,Excedido,"80-166N        ",80-166N - DUCHA EMB. C/TRANSF. BLACK C.CERAM ADRA PLUS,0,0,09/01/2026 09:35:28
13745488,08/31/2026 15:44:48,09/01/2026 06:35:28,nievasm,7310,00:08:25,14:50:40,505,53440,Fuera de Tiempo,8,68,0,,,Excedido,"70-122         ",70-122 - BIDE C.CERAM CR VALENCIA,0,0,09/01/2026 09:35:28
13745488,08/31/2026 15:44:48,09/01/2026 06:35:28,nievasm,7310,00:08:25,14:50:40,505,53440,Fuera de Tiempo,7,68,0,,,Excedido,"60-122         ",60-122 - LAVATORIO C.CERAM CR VALENCIA,0,0,09/01/2026 09:35:28
13745488,08/31/2026 15:44:48,09/01/2026 06:35:28,nievasm,7310,00:08:25,14:50:40,505,53440,Fuera de Tiempo,10,68,0,,,Excedido,"60-162N        ",60-162N - LAVATORIO BLACK C.CERAM LINEA ADRA,0,0,09/01/2026 09:35:28
13745488,08/31/2026 15:44:48,09/01/2026 06:35:28,nievasm,7310,00:08:25,14:50:40,505,53440,Fuera de Tiempo,10,68,0,,,Excedido,"51-059         ",51-059 - COCINA MESADA BL/CR C.STD MALBA,0,0,09/01/2026 09:35:28
13745488,08/31/2026 15:44:48,09/01/2026 06:35:28,nievasm,7310,00:08:25,14:50:40,505,53440,Fuera de Tiempo,4,68,0,,,Excedido,"BCH04/1        ",BCH04/1 - BACHA DE APOYAR CUADRADA 1 AG 420x420x125,0,0,09/01/2026 09:35:28
13745488,08/31/2026 15:44:48,09/01/2026 06:35:28,nievasm,7310,00:08:25,14:50:40,505,53440,Fuera de Tiempo,10,68,0,,,Excedido,"51-058         ",51-058 - COCINA MESADA CR C.STD MALBA,0,0,09/01/2026 09:35:28
13745488,08/31/2026 15:44:48,09/01/2026 06:35:28,nievasm,7310,00:08:25,14:50:40,505,53440,Fuera de Tiempo,10,68,0,,,Excedido,"80-057         ",80-057 - DUCHA EMB. C/TRANSF. C.STD VERIN PLUS,0,0,09/01/2026 09:35:28
13745488,08/31/2026 15:44:48,09/01/2026 06:35:28,nievasm,7310,00:08:25,14:50:40,505,53440,Fuera de Tiempo,1,68,0,,,Excedido,"81-010         ",81-010 - DUCHA EMB. S/TRANSF. BL/CR LORCA,0,0,09/01/2026 09:35:28
13745488,08/31/2026 15:44:48,09/01/2026 06:35:28,nievasm,7310,00:08:25,14:50:40,505,53440,Fuera de Tiempo,8,68,0,,,Excedido,"60-149         ",60-149 - LAVATORIO CR C.CERAM SAND,0,0,09/01/2026 09:35:28
13745488,08/31/2026 15:44:48,09/01/2026 06:35:28,nievasm,7310,00:08:25,14:50:40,505,53440,Fuera de Tiempo,1,68,0,,,Excedido,"51-010         ",51-010 - COCINA MESADA BL/CR LORCA,0,0,09/01/2026 09:35:28
13745488,08/31/2026 15:44:48,09/01/2026 06:35:28,nievasm,7310,00:08:25,14:50:40,505,53440,Fuera de Tiempo,14,68,0,,,Excedido,"RA771C         ",RA771C - CAMPANA C/BUJE LINEAS STD CROMO,0,0,09/01/2026 09:35:28
13745488,08/31/2026 15:44:48,09/01/2026 06:35:28,nievasm,7310,00:08:25,14:50:40,505,53440,Fuera de Tiempo,5,68,0,,,Excedido,"RA773C         ",RA773C - CAMPANA C/BUJE ARES/BEDIA/MURCIA,0,0,09/01/2026 09:35:28
13745488,08/31/2026 15:44:48,09/01/2026 06:35:28,nievasm,7310,00:08:25,14:50:40,505,53440,Fuera de Tiempo,4,68,0,,,Excedido,"RA967          ",RA967 - CAMPANA VALENCIA - MALLORCA,0,0,09/01/2026 09:35:28
13745488,08/31/2026 15:44:48,09/01/2026 06:35:28,nievasm,7310,00:08:25,14:50:40,505,53440,Fuera de Tiempo,3,68,0,,,Excedido,"RA920          ",RA920 - VOLANTE VALENCIA,0,0,09/01/2026 09:35:28
13745488,08/31/2026 15:44:48,09/01/2026 06:35:28,nievasm,7310,00:08:25,14:50:40,505,53440,Fuera de Tiempo,20,68,0,,,Excedido,"RA023N         ",RA023N - SOPAPA LAVATORIO / BIDE FABRIC BLACK,0,0,09/01/2026 09:35:28
13750978,09/01/2026 06:33:50,09/01/2026 06:49:03,nievasm,7310,00:02:12,00:15:13,132,913,Fuera de Tiempo,6,4,0,23:58:22,-98,Logico,"LG03C80        ",LG03C80 - DUCHA EMB. C/TRANSF. CR C.STD BERNA,0,0,09/01/2026 09:49:03
13750978,09/01/2026 06:33:50,09/01/2026 06:49:03,nievasm,7310,00:02:12,00:15:13,132,913,Fuera de Tiempo,27,4,0,23:58:22,-98,Logico,"LG03C70        ",LG03C70 - BIDE CR C.STD BERNA,0,0,09/01/2026 09:49:03
13750978,09/01/2026 06:33:50,09/01/2026 06:49:03,nievasm,7310,00:02:12,00:15:13,132,913,Fuera de Tiempo,18,4,0,23:58:22,-98,Logico,"LG03C60        ",LG03C60 - LAVATORIO CR C.STD BERNA,0,0,09/01/2026 09:49:03
13750978,09/01/2026 06:33:50,09/01/2026 06:49:03,nievasm,7310,00:02:12,00:15:13,132,913,Fuera de Tiempo,12,4,0,23:58:22,-98,Logico,"LG04C70        ",LG04C70 - BIDE CR C.CERAM DAVOS,0,0,09/01/2026 09:49:03
13750986,09/01/2026 06:34:29,09/01/2026 07:06:16,nievasm,7310,00:04:38,00:31:47,278,1907,Fuera de Tiempo,5,12,0,23:45:26,-874,Logico,"BCH12          ",BCH12 - BACHA DE APOYAR BLANCA 460x320x140,0,0,09/01/2026 10:06:16
13750986,09/01/2026 06:34:29,09/01/2026 07:06:16,nievasm,7310,00:04:38,00:31:47,278,1907,Fuera de Tiempo,3,12,0,23:45:26,-874,Logico,"BCH01          ",BCH01 - BACHA DE APOYAR CIRCULAR 320x145,0,0,09/01/2026 10:06:16
13750986,09/01/2026 06:34:29,09/01/2026 07:06:16,nievasm,7310,00:04:38,00:31:47,278,1907,Fuera de Tiempo,24,12,0,23:45:26,-874,Logico,"20-160         ",20-160 - MONOCOMANDO MESADA COCINA DIQUE,0,0,09/01/2026 10:06:16
13750986,09/01/2026 06:34:29,09/01/2026 07:06:16,nievasm,7310,00:04:38,00:31:47,278,1907,Fuera de Tiempo,3,12,0,23:45:26,-874,Logico,"80-180         ",80-180 - DUCHA EMB. C/TRANSF. MONOCOMANDO VERA,0,0,09/01/2026 10:06:16
13750986,09/01/2026 06:34:29,09/01/2026 07:06:16,nievasm,7310,00:04:38,00:31:47,278,1907,Fuera de Tiempo,3,12,0,23:45:26,-874,Logico,"60-193         ",60-193 - LAVATORIO MONOCOMANDO BAJO MORA,0,0,09/01/2026 10:06:16
13750986,09/01/2026 06:34:29,09/01/2026 07:06:16,nievasm,7310,00:04:38,00:31:47,278,1907,Fuera de Tiempo,2,12,0,23:45:26,-874,Logico,"61-193         ",61-193 - LAVATORIO MONOCOMANDO ALTO MORA,0,0,09/01/2026 10:06:16
13750986,09/01/2026 06:34:29,09/01/2026 07:06:16,nievasm,7310,00:04:38,00:31:47,278,1907,Fuera de Tiempo,3,12,0,23:45:26,-874,Logico,"70-180         ",70-180 - BIDE MONOCOMANDO C/TRANSF. VERA,0,0,09/01/2026 10:06:16
13750986,09/01/2026 06:34:29,09/01/2026 07:06:16,nievasm,7310,00:04:38,00:31:47,278,1907,Fuera de Tiempo,5,12,0,23:45:26,-874,Logico,"60-180         ",60-180 - LAVATORIO MONOCOMANDO BAJO VERA,0,0,09/01/2026 10:06:16
13750986,09/01/2026 06:34:29,09/01/2026 07:06:16,nievasm,7310,00:04:38,00:31:47,278,1907,Fuera de Tiempo,5,12,0,23:45:26,-874,Logico,"60-176         ","LAVATORIO MONOCOMANDO BAJO CR RIO                                     ",0,0,09/01/2026 10:06:16
13750986,09/01/2026 06:34:29,09/01/2026 07:06:16,nievasm,7310,00:04:38,00:31:47,278,1907,Fuera de Tiempo,2,12,0,23:45:26,-874,Logico,"A1250          ",A1250 - COLUMNA DE DUCHA CROMO,0,0,09/01/2026 10:06:16
13750986,09/01/2026 06:34:29,09/01/2026 07:06:16,nievasm,7310,00:04:38,00:31:47,278,1907,Fuera de Tiempo,2,12,0,23:45:26,-874,Logico,"20-172         ",20-172 - COCINA MESADA MONOC. COLORS NEGRO,0,0,09/01/2026 10:06:16
13750986,09/01/2026 06:34:29,09/01/2026 07:06:16,nievasm,7310,00:04:38,00:31:47,278,1907,Fuera de Tiempo,2,12,0,23:45:26,-874,Logico,"20-174         ",20-174 - COCINA MESADA MONOC. COLORS BLACK,0,0,09/01/2026 10:06:16
13750988,09/01/2026 06:34:44,09/01/2026 06:44:45,gsoderquvist,6415,00:07:07,00:10:01,427,601,Fuera de Tiempo,38,25,0,,,Excedido,"70-162         ",70-162 - BIDE CR C.CERAM LINEA ADRA,0,0,09/01/2026 09:44:45
13750988,09/01/2026 06:34:44,09/01/2026 06:44:45,gsoderquvist,6415,00:07:07,00:10:01,427,601,Fuera de Tiempo,21,25,0,,,Excedido,"80-166         ","DUCHA EMB. C/TRANSF. CR C.CERAM ADRA PLUS                             ",0,0,09/01/2026 09:44:45
13750988,09/01/2026 06:34:44,09/01/2026 06:44:45,gsoderquvist,6415,00:07:07,00:10:01,427,601,Fuera de Tiempo,21,25,0,,,Excedido,"60-010         ",60-010 - LAVATORIO BL/CR LORCA,0,0,09/01/2026 09:44:45
13750988,09/01/2026 06:34:44,09/01/2026 06:44:45,gsoderquvist,6415,00:07:07,00:10:01,427,601,Fuera de Tiempo,28,25,0,,,Excedido,"51-058         ",51-058 - COCINA MESADA CR C.STD MALBA,0,0,09/01/2026 09:44:45
13750988,09/01/2026 06:34:44,09/01/2026 06:44:45,gsoderquvist,6415,00:07:07,00:10:01,427,601,Fuera de Tiempo,3,25,0,,,Excedido,"70-057         ",70-057 - BIDE C.STD VERIN PLUS,0,0,09/01/2026 09:44:45
13750988,09/01/2026 06:34:44,09/01/2026 06:44:45,gsoderquvist,6415,00:07:07,00:10:01,427,601,Fuera de Tiempo,2,25,0,,,Excedido,"80-057         ",80-057 - DUCHA EMB. C/TRANSF. C.STD VERIN PLUS,0,0,09/01/2026 09:44:45
13750988,09/01/2026 06:34:44,09/01/2026 06:44:45,gsoderquvist,6415,00:07:07,00:10:01,427,601,Fuera de Tiempo,2,25,0,,,Excedido,"53-010         ",53-010 - COCINA PARED EXT. P.ALTO BL/CR LORCA,0,0,09/01/2026 09:44:45
13750988,09/01/2026 06:34:44,09/01/2026 06:44:45,gsoderquvist,6415,00:07:07,00:10:01,427,601,Fuera de Tiempo,12,25,0,,,Excedido,"51-010         ",51-010 - COCINA MESADA BL/CR LORCA,0,0,09/01/2026 09:44:45
13750988,09/01/2026 06:34:44,09/01/2026 06:44:45,gsoderquvist,6415,00:07:07,00:10:01,427,601,Fuera de Tiempo,2,25,0,,,Excedido,"215            ","215 - LAVATORIO CROMO ""MURCIA""",0,0,09/01/2026 09:44:45
13750988,09/01/2026 06:34:44,09/01/2026 06:44:45,gsoderquvist,6415,00:07:07,00:10:01,427,601,Fuera de Tiempo,15,25,0,,,Excedido,"910/M          ","910/M - JGO.MDA.P.CANO CROMO ""DIQUE""",0,0,09/01/2026 09:44:45
13750988,09/01/2026 06:34:44,09/01/2026 06:44:45,gsoderquvist,6415,00:07:07,00:10:01,427,601,Fuera de Tiempo,6,25,0,,,Excedido,"423            ","423 - DUCHA EMB. C/TRANSF.CR ""DIQUE""",0,0,09/01/2026 09:44:45
13750988,09/01/2026 06:34:44,09/01/2026 06:44:45,gsoderquvist,6415,00:07:07,00:10:01,427,601,Fuera de Tiempo,34,25,0,,,Excedido,"60-058         ",60-058 - LAVATORIO CR C.STD MALBA,0,0,09/01/2026 09:44:45
13750988,09/01/2026 06:34:44,09/01/2026 06:44:45,gsoderquvist,6415,00:07:07,00:10:01,427,601,Fuera de Tiempo,2,25,0,,,Excedido,"60-176         ","LAVATORIO MONOCOMANDO BAJO CR RIO                                     ",0,0,09/01/2026 09:44:45
13750988,09/01/2026 06:34:44,09/01/2026 06:44:45,gsoderquvist,6415,00:07:07,00:10:01,427,601,Fuera de Tiempo,2,25,0,,,Excedido,"61-152         ",61-152 - LAVATORIO MONOCOMANDO CROMO ALTO SORIA,0,0,09/01/2026 09:44:45
13750988,09/01/2026 06:34:44,09/01/2026 06:44:45,gsoderquvist,6415,00:07:07,00:10:01,427,601,Fuera de Tiempo,3,25,0,,,Excedido,"60-152         ",60-152 - LAVATORIO CR MONOCOMANDO BAJO SORIA,0,0,09/01/2026 09:44:45
13750988,09/01/2026 06:34:44,09/01/2026 06:44:45,gsoderquvist,6415,00:07:07,00:10:01,427,601,Fuera de Tiempo,8,25,0,,,Excedido,"20-160         ",20-160 - MONOCOMANDO MESADA COCINA DIQUE,0,0,09/01/2026 09:44:45
13750988,09/01/2026 06:34:44,09/01/2026 06:44:45,gsoderquvist,6415,00:07:07,00:10:01,427,601,Fuera de Tiempo,2,25,0,,,Excedido,"20-135         ",20-135 - MONOCOMANDO COCINA SANTANDER,0,0,09/01/2026 09:44:45
13750988,09/01/2026 06:34:44,09/01/2026 06:44:45,gsoderquvist,6415,00:07:07,00:10:01,427,601,Fuera de Tiempo,3,25,0,,,Excedido,"60-203         ",60-203 - LAVATORIO MONOCOMANDO BAJO ADRA,0,0,09/01/2026 09:44:45
13750988,09/01/2026 06:34:44,09/01/2026 06:44:45,gsoderquvist,6415,00:07:07,00:10:01,427,601,Fuera de Tiempo,2,25,0,,,Excedido,"80-045         ",80-045 - DUCHA EMB.C/TRANSF CR  C.STD CRUZ,0,0,09/01/2026 09:44:45
13750988,09/01/2026 06:34:44,09/01/2026 06:44:45,gsoderquvist,6415,00:07:07,00:10:01,427,601,Fuera de Tiempo,2,25,0,,,Excedido,"314/CR         ",314/CR - BIDE CROMO ARES,0,0,09/01/2026 09:44:45
13750988,09/01/2026 06:34:44,09/01/2026 06:44:45,gsoderquvist,6415,00:07:07,00:10:01,427,601,Fuera de Tiempo,9,25,0,,,Excedido,"214/CR         ",214/CR - LAVATORIO CR/CR ARES,0,0,09/01/2026 09:44:45
13750988,09/01/2026 06:34:44,09/01/2026 06:44:45,gsoderquvist,6415,00:07:07,00:10:01,427,601,Fuera de Tiempo,4,25,0,,,Excedido,"474/CR         ",474/CR - DUCHA EMB.S/TRANF.CRUZ CR/CR ARES,0,0,09/01/2026 09:44:45
13750988,09/01/2026 06:34:44,09/01/2026 06:44:45,gsoderquvist,6415,00:07:07,00:10:01,427,601,Fuera de Tiempo,3,25,0,,,Excedido,"D439           ",D439 - KIT DE DUCHA MANUAL,0,0,09/01/2026 09:44:45
13750988,09/01/2026 06:34:44,09/01/2026 06:44:45,gsoderquvist,6415,00:07:07,00:10:01,427,601,Fuera de Tiempo,3,25,0,,,Excedido,"63-152         ",63-152 - LAVATORIO PARED EMBUTIR CR MONOC. SORIA,0,0,09/01/2026 09:44:45
13750988,09/01/2026 06:34:44,09/01/2026 06:44:45,gsoderquvist,6415,00:07:07,00:10:01,427,601,Fuera de Tiempo,2,25,0,,,Excedido,"414            ",414 - DUCHA EXT.C/TRANSF. BL/CR ARES,0,0,09/01/2026 09:44:45
13751084,09/01/2026 06:48:47,09/01/2026 06:50:16,gsoderquvist,6415,00:01:09,00:01:29,69,89,Fuera de Tiempo,4,3,0,00:04:02,242,Logico,"70-200G        ",70-200G - BIDE MONOCOMANDO GOLD FABRIC,0,0,09/01/2026 09:50:16
13751084,09/01/2026 06:48:47,09/01/2026 06:50:16,gsoderquvist,6415,00:01:09,00:01:29,69,89,Fuera de Tiempo,5,3,0,00:04:02,242,Logico,"62-100G        ",62-100G - LAVATORIO DE PARED GOLD C.CERAM FABRIC,0,0,09/01/2026 09:50:16
13751084,09/01/2026 06:48:47,09/01/2026 06:50:16,gsoderquvist,6415,00:01:09,00:01:29,69,89,Fuera de Tiempo,4,3,0,00:04:02,242,Logico,"80-200G        ",80-200G - DUCHA EMB. MONOC. 3 FUNCIONES GOLD FABRIC,0,0,09/01/2026 09:50:16
13751119,09/01/2026 06:53:03,09/01/2026 06:55:41,gsoderquvist,6415,00:02:54,00:02:38,174,158,En Tiempo,3,8,0,00:02:47,167,Logico,"20-172         ",20-172 - COCINA MESADA MONOC. COLORS NEGRO,0,0,09/01/2026 09:55:41
13751119,09/01/2026 06:53:03,09/01/2026 06:55:41,gsoderquvist,6415,00:02:54,00:02:38,174,158,En Tiempo,2,8,0,00:02:47,167,Logico,"70-133         ",70-133 - BIDE MONOCOMANDO LUGO,0,0,09/01/2026 09:55:41
13751119,09/01/2026 06:53:03,09/01/2026 06:55:41,gsoderquvist,6415,00:02:54,00:02:38,174,158,En Tiempo,6,8,0,00:02:47,167,Logico,"20-160         ",20-160 - MONOCOMANDO MESADA COCINA DIQUE,0,0,09/01/2026 09:55:41
13751119,09/01/2026 06:53:03,09/01/2026 06:55:41,gsoderquvist,6415,00:02:54,00:02:38,174,158,En Tiempo,6,8,0,00:02:47,167,Logico,"60-133         ",60-133 - LAVATORIO MONOCOMANDO LUGO,0,0,09/01/2026 09:55:41
13751119,09/01/2026 06:53:03,09/01/2026 06:55:41,gsoderquvist,6415,00:02:54,00:02:38,174,158,En Tiempo,4,8,0,00:02:47,167,Logico,"12006          ","SET DE 6 PIEZAS LINEA 12000                                           ",0,0,09/01/2026 09:55:41
13751119,09/01/2026 06:53:03,09/01/2026 06:55:41,gsoderquvist,6415,00:02:54,00:02:38,174,158,En Tiempo,2,8,0,00:02:47,167,Logico,"20-162         ",20-162 - MONOCOMANDO COCINA ADRA,0,0,09/01/2026 09:55:41
13751119,09/01/2026 06:53:03,09/01/2026 06:55:41,gsoderquvist,6415,00:02:54,00:02:38,174,158,En Tiempo,2,8,0,00:02:47,167,Logico,"54-203         ","COCINA PARED EXT C.CERAM ADRA MONOCOMANDO                             ",0,0,09/01/2026 09:55:41
13751119,09/01/2026 06:53:03,09/01/2026 06:55:41,gsoderquvist,6415,00:02:54,00:02:38,174,158,En Tiempo,6,8,0,00:02:47,167,Logico,"20-102         ","20-102 - MONOCOMANDO MESADA CROMO ""RENACER""",0,0,09/01/2026 09:55:41
13751165,09/01/2026 07:00:42,09/01/2026 07:01:39,gsoderquvist,6415,00:01:24,00:00:57,84,57,En Tiempo,10,3,0,00:05:01,301,Logico,"51-058         ",51-058 - COCINA MESADA CR C.STD MALBA,0,0,09/01/2026 10:01:39
13751165,09/01/2026 07:00:42,09/01/2026 07:01:39,gsoderquvist,6415,00:01:24,00:00:57,84,57,En Tiempo,10,3,0,00:05:01,301,Logico,"RA004          ",RA004 - CABEZAL P/TRANSF. BIDET Y DUCHA EMBUTIR,0,0,09/01/2026 10:01:39
13751165,09/01/2026 07:00:42,09/01/2026 07:01:39,gsoderquvist,6415,00:01:24,00:00:57,84,57,En Tiempo,8,3,0,00:05:01,301,Logico,"20-160         ",20-160 - MONOCOMANDO MESADA COCINA DIQUE,0,0,09/01/2026 10:01:39
13751208,09/01/2026 07:06:41,09/01/2026 07:09:59,gsoderquvist,6415,00:00:50,00:03:18,50,198,Fuera de Tiempo,1,2,0,00:05:02,302,Logico,"PDU101         ","PISO DUCHA RESINA POLIESTER BLANCA 900x700x25                         ",0,0,09/01/2026 10:09:59
13751208,09/01/2026 07:06:41,09/01/2026 07:09:59,gsoderquvist,6415,00:00:50,00:03:18,50,198,Fuera de Tiempo,3,2,0,00:05:02,302,Logico,"PDU120         ","DESAGUE P/PISO DE DUCHA                                               ",0,0,09/01/2026 10:09:59
13751244,09/01/2026 07:11:51,09/01/2026 07:12:35,rodriguezt,6419,00:00:49,00:00:44,49,44,En Tiempo,1,1,0,,,Excedido,"60-162         ",60-162 - LAVATORIO CR C.CERAM LINEA ADRA,0,0,09/01/2026 10:12:35
13751246,09/01/2026 07:12:11,09/01/2026 07:33:15,gsoderquvist,6415,00:06:28,00:21:04,388,1264,Fuera de Tiempo,60,6,0,00:02:12,132,Logico,"3006           ",3006 - SET DE 6 PIEZAS LINEA 3000,0,0,09/01/2026 10:33:15
13751246,09/01/2026 07:12:11,09/01/2026 07:33:15,gsoderquvist,6415,00:06:28,00:21:04,388,1264,Fuera de Tiempo,80,6,0,00:02:12,132,Logico,"3070           ",3070 - JABONERA PARA BAÑERA LINEA 3000,0,0,09/01/2026 10:33:15
13751246,09/01/2026 07:12:11,09/01/2026 07:33:15,gsoderquvist,6415,00:06:28,00:21:04,388,1264,Fuera de Tiempo,30,6,0,00:02:12,132,Logico,"3050           ",3050 - JABONERA LINEA 3000,0,0,09/01/2026 10:33:15
13751246,09/01/2026 07:12:11,09/01/2026 07:33:15,gsoderquvist,6415,00:06:28,00:21:04,388,1264,Fuera de Tiempo,100,6,0,00:02:12,132,Logico,"3040           ",3040 - PORTA ROLLO LINEA 3000,0,0,09/01/2026 10:33:15
13751246,09/01/2026 07:12:11,09/01/2026 07:33:15,gsoderquvist,6415,00:06:28,00:21:04,388,1264,Fuera de Tiempo,100,6,0,00:02:12,132,Logico,"3030           ",3030 - PERCHA LINEA 3000,0,0,09/01/2026 10:33:15
13751246,09/01/2026 07:12:11,09/01/2026 07:33:15,gsoderquvist,6415,00:06:28,00:21:04,388,1264,Fuera de Tiempo,20,6,0,00:02:12,132,Logico,"3010           ",3010 - TOALLERO BARRAL LINEA 3000,0,0,09/01/2026 10:33:15
13751308,09/01/2026 07:16:31,09/01/2026 07:16:37,gkiriczuk,6409,00:00:49,00:00:06,49,6,En Tiempo,1,1,0,,,Excedido,"RINO102-3      ","ASIENTO INODORO LINEA LOFT                                            ",0,0,09/01/2026 10:16:37
13751314,09/01/2026 07:17:10,09/01/2026 07:17:17,gkiriczuk,6409,00:00:49,00:00:07,49,7,En Tiempo,1,1,0,00:00:33,33,Logico,"RA004          ",RA004 - CABEZAL P/TRANSF. BIDET Y DUCHA EMBUTIR,0,0,09/01/2026 10:17:17
13751704,09/01/2026 07:42:06,09/01/2026 07:51:27,ascirica,6414,00:04:49,00:09:21,289,561,Fuera de Tiempo,3,6,0,,,Excedido,"80-203N        ","DUCHA EMB C/TRANSF. MONOCOMANDO ADRA BLACK PLUS                       ",0,0,09/01/2026 10:51:27
13751704,09/01/2026 07:42:06,09/01/2026 07:51:27,ascirica,6414,00:04:49,00:09:21,289,561,Fuera de Tiempo,10,6,0,,,Excedido,"20-162N        ","MONOCOMANDO COCINA BLACK ADRA                                         ",0,0,09/01/2026 10:51:27
13751704,09/01/2026 07:42:06,09/01/2026 07:51:27,ascirica,6414,00:04:49,00:09:21,289,561,Fuera de Tiempo,10,6,0,,,Excedido,"80-203P        ",80-203P - DUCHA EMB C/TRANSF. MONOCOMANDO ADRA PLUS,0,0,09/01/2026 10:51:27
13751704,09/01/2026 07:42:06,09/01/2026 07:51:27,ascirica,6414,00:04:49,00:09:21,289,561,Fuera de Tiempo,100,6,0,,,Excedido,"61-203         ",61-203 - LAVATORIO MONOCOMANDO ALTO ADRA,0,0,09/01/2026 10:51:27
13751704,09/01/2026 07:42:06,09/01/2026 07:51:27,ascirica,6414,00:04:49,00:09:21,289,561,Fuera de Tiempo,25,6,0,,,Excedido,"60-203         ",60-203 - LAVATORIO MONOCOMANDO BAJO ADRA,0,0,09/01/2026 10:51:27
13751704,09/01/2026 07:42:06,09/01/2026 07:51:27,ascirica,6414,00:04:49,00:09:21,289,561,Fuera de Tiempo,5,6,0,,,Excedido,"61-203N        ","LAVATORIO MONOCOMANDO ALTO ADRA BLACK                                 ",0,0,09/01/2026 10:51:27
13751715,09/01/2026 07:42:52,09/01/2026 07:47:51,rodriguezt,6419,00:05:34,00:04:59,334,299,En Tiempo,3,29,0,00:30:17,1817,Excedido,"80-138         ",80-138 - DUCHA EMB. C/TRANSF. CR C.CERAM VALENCIA PLUS,0,0,09/01/2026 10:47:51
13751715,09/01/2026 07:42:52,09/01/2026 07:47:51,rodriguezt,6419,00:05:34,00:04:59,334,299,En Tiempo,9,29,0,00:30:17,1817,Excedido,"51-010         ",51-010 - COCINA MESADA BL/CR LORCA,0,0,09/01/2026 10:47:51
13751715,09/01/2026 07:42:52,09/01/2026 07:47:51,rodriguezt,6419,00:05:34,00:04:59,334,299,En Tiempo,6,29,0,00:30:17,1817,Excedido,"80-057         ",80-057 - DUCHA EMB. C/TRANSF. C.STD VERIN PLUS,0,0,09/01/2026 10:47:51
13751715,09/01/2026 07:42:52,09/01/2026 07:47:51,rodriguezt,6419,00:05:34,00:04:59,334,299,En Tiempo,9,29,0,00:30:17,1817,Excedido,"70-057         ",70-057 - BIDE C.STD VERIN PLUS,0,0,09/01/2026 10:47:51
13751715,09/01/2026 07:42:52,09/01/2026 07:47:51,rodriguezt,6419,00:05:34,00:04:59,334,299,En Tiempo,12,29,0,00:30:17,1817,Excedido,"60-057         ",60-057 - LAVATORIO C.STD VERIN PLUS,0,0,09/01/2026 10:47:51
13751715,09/01/2026 07:42:52,09/01/2026 07:47:51,rodriguezt,6419,00:05:34,00:04:59,334,299,En Tiempo,3,29,0,00:30:17,1817,Excedido,"80-010         ",80-010 - DUCHA EMB. C/TRANSF. BL/CR LORCA,0,0,09/01/2026 10:47:51
13751715,09/01/2026 07:42:52,09/01/2026 07:47:51,rodriguezt,6419,00:05:34,00:04:59,334,299,En Tiempo,3,29,0,00:30:17,1817,Excedido,"70-010         ",70-010 - BIDE BL/CR LORCA,0,0,09/01/2026 10:47:51
13751715,09/01/2026 07:42:52,09/01/2026 07:47:51,rodriguezt,6419,00:05:34,00:04:59,334,299,En Tiempo,6,29,0,00:30:17,1817,Excedido,"80-166         ","DUCHA EMB. C/TRANSF. CR C.CERAM ADRA PLUS                             ",0,0,09/01/2026 10:47:51
13751715,09/01/2026 07:42:52,09/01/2026 07:47:51,rodriguezt,6419,00:05:34,00:04:59,334,299,En Tiempo,9,29,0,00:30:17,1817,Excedido,"70-162         ",70-162 - BIDE CR C.CERAM LINEA ADRA,0,0,09/01/2026 10:47:51
13751715,09/01/2026 07:42:52,09/01/2026 07:47:51,rodriguezt,6419,00:05:34,00:04:59,334,299,En Tiempo,9,29,0,00:30:17,1817,Excedido,"60-162         ",60-162 - LAVATORIO CR C.CERAM LINEA ADRA,0,0,09/01/2026 10:47:51
13751715,09/01/2026 07:42:52,09/01/2026 07:47:51,rodriguezt,6419,00:05:34,00:04:59,334,299,En Tiempo,6,29,0,00:30:17,1817,Excedido,"90-166         ",90-166 - PACK GRIF. ADRA PLUS (Lav-Bide-Ducha c/t Plus),0,0,09/01/2026 10:47:51
13751715,09/01/2026 07:42:52,09/01/2026 07:47:51,rodriguezt,6419,00:05:34,00:04:59,334,299,En Tiempo,3,29,0,00:30:17,1817,Excedido,"985            ",985 - JGO PARED EXT CR P.FUNDIDO MURCIA,0,0,09/01/2026 10:47:51
13751715,09/01/2026 07:42:52,09/01/2026 07:47:51,rodriguezt,6419,00:05:34,00:04:59,334,299,En Tiempo,3,29,0,00:30:17,1817,Excedido,"835            ",835 - JGO.MDA. P.FUNDIDO CR MURCIA,0,0,09/01/2026 10:47:51
13751715,09/01/2026 07:42:52,09/01/2026 07:47:51,rodriguezt,6419,00:05:34,00:04:59,334,299,En Tiempo,3,29,0,00:30:17,1817,Excedido,"53-002         ",53-002 - COCINA PARED EXT. P.ALTO RENACER,0,0,09/01/2026 10:47:51
13751715,09/01/2026 07:42:52,09/01/2026 07:47:51,rodriguezt,6419,00:05:34,00:04:59,334,299,En Tiempo,3,29,0,00:30:17,1817,Excedido,"50-002         ",50-002 - MESADA PICO FUNDIDO RENACER CROMO,0,0,09/01/2026 10:47:51
13751715,09/01/2026 07:42:52,09/01/2026 07:47:51,rodriguezt,6419,00:05:34,00:04:59,334,299,En Tiempo,3,29,0,00:30:17,1817,Excedido,"62-162N        ",62-162N - LAVATORIO DE PARED BLACK C.CERAM ADRA,0,0,09/01/2026 10:47:51
13751715,09/01/2026 07:42:52,09/01/2026 07:47:51,rodriguezt,6419,00:05:34,00:04:59,334,299,En Tiempo,3,29,0,00:30:17,1817,Excedido,"60-162N        ",60-162N - LAVATORIO BLACK C.CERAM LINEA ADRA,0,0,09/01/2026 10:47:51
13751715,09/01/2026 07:42:52,09/01/2026 07:47:51,rodriguezt,6419,00:05:34,00:04:59,334,299,En Tiempo,3,29,0,00:30:17,1817,Excedido,"70-122         ",70-122 - BIDE C.CERAM CR VALENCIA,0,0,09/01/2026 10:47:51
13751715,09/01/2026 07:42:52,09/01/2026 07:47:51,rodriguezt,6419,00:05:34,00:04:59,334,299,En Tiempo,3,29,0,00:30:17,1817,Excedido,"80-166N        ",80-166N - DUCHA EMB. C/TRANSF. BLACK C.CERAM ADRA PLUS,0,0,09/01/2026 10:47:51
13751715,09/01/2026 07:42:52,09/01/2026 07:47:51,rodriguezt,6419,00:05:34,00:04:59,334,299,En Tiempo,6,29,0,00:30:17,1817,Excedido,"70-162N        ",70-162N - BIDE BLACK C.CERAM LINEA ADRA,0,0,09/01/2026 10:47:51
13751715,09/01/2026 07:42:52,09/01/2026 07:47:51,rodriguezt,6419,00:05:34,00:04:59,334,299,En Tiempo,3,29,0,00:30:17,1817,Excedido,"70-153         ",70-153 - BIDE CR C.CERAM CASTILLA,0,0,09/01/2026 10:47:51
13751715,09/01/2026 07:42:52,09/01/2026 07:47:51,rodriguezt,6419,00:05:34,00:04:59,334,299,En Tiempo,3,29,0,00:30:17,1817,Excedido,"60-001N        ","60-001N - LAVATORIO ""CROMO Y""",0,0,09/01/2026 10:47:51
13751715,09/01/2026 07:42:52,09/01/2026 07:47:51,rodriguezt,6419,00:05:34,00:04:59,334,299,En Tiempo,3,29,0,00:30:17,1817,Excedido,"83-001N        ","83-001N - DUCHA EXT. C/TRANSF. ""CROMO Y""",0,0,09/01/2026 10:47:51
13751715,09/01/2026 07:42:52,09/01/2026 07:47:51,rodriguezt,6419,00:05:34,00:04:59,334,299,En Tiempo,3,29,0,00:30:17,1817,Excedido,"70-121         ",70-121 - BIDE C.CERAM CR MARBELLA,0,0,09/01/2026 10:47:51
13751715,09/01/2026 07:42:52,09/01/2026 07:47:51,rodriguezt,6419,00:05:34,00:04:59,334,299,En Tiempo,3,29,0,00:30:17,1817,Excedido,"51-131         ",51-131 - MESADA BIMANDO CR C.CERAM MALLORCA,0,0,09/01/2026 10:47:51
13751715,09/01/2026 07:42:52,09/01/2026 07:47:51,rodriguezt,6419,00:05:34,00:04:59,334,299,En Tiempo,3,29,0,00:30:17,1817,Excedido,"80-190P        ",80-190P - DUCHA EMB. C/TRANSF. C.CERAM BLACK VELVET PLUS,0,0,09/01/2026 10:47:51
13751715,09/01/2026 07:42:52,09/01/2026 07:47:51,rodriguezt,6419,00:05:34,00:04:59,334,299,En Tiempo,24,29,0,00:30:17,1817,Excedido,"1330           ","QUEINOX MACHO MOVIL MH 1/2"" x 30                                      ",0,0,09/01/2026 10:47:51
13751715,09/01/2026 07:42:52,09/01/2026 07:47:51,rodriguezt,6419,00:05:34,00:04:59,334,299,En Tiempo,9,29,0,00:30:17,1817,Excedido,"1350           ","QUEINOX MACHO MOVIL MH 1/2"" x 50                                      ",0,0,09/01/2026 10:47:51
13751715,09/01/2026 07:42:52,09/01/2026 07:47:51,rodriguezt,6419,00:05:34,00:04:59,334,299,En Tiempo,24,29,0,00:30:17,1817,Excedido,"1340           ","QUEINOX MACHO MOVIL MH 1/2"" x 40                                      ",0,0,09/01/2026 10:47:51
13751725,09/01/2026 07:43:21,09/01/2026 08:05:45,gsoderquvist,6415,00:04:19,00:22:24,259,1344,Fuera de Tiempo,250,4,0,00:10:06,606,Excedido,"1320           ","QUEINOX MACHO MOVIL MH 1/2"" x 20                                      ",0,0,09/01/2026 11:05:45
13751725,09/01/2026 07:43:21,09/01/2026 08:05:45,gsoderquvist,6415,00:04:19,00:22:24,259,1344,Fuera de Tiempo,150,4,0,00:10:06,606,Excedido,"1340           ","QUEINOX MACHO MOVIL MH 1/2"" x 40                                      ",0,0,09/01/2026 11:05:45
13751725,09/01/2026 07:43:21,09/01/2026 08:05:45,gsoderquvist,6415,00:04:19,00:22:24,259,1344,Fuera de Tiempo,150,4,0,00:10:06,606,Excedido,"1325           ","QUEINOX MACHO MOVIL MH 1/2"" x 25                                      ",0,0,09/01/2026 11:05:45
13751725,09/01/2026 07:43:21,09/01/2026 08:05:45,gsoderquvist,6415,00:04:19,00:22:24,259,1344,Fuera de Tiempo,250,4,0,00:10:06,606,Excedido,"1330           ","QUEINOX MACHO MOVIL MH 1/2"" x 30                                      ",0,0,09/01/2026 11:05:45
13752076,09/01/2026 08:06:16,09/01/2026 08:06:49,ascirica,6414,00:00:49,00:00:33,49,33,En Tiempo,1,1,0,00:14:49,889,Excedido,"83-205         ",83-205 - DUCHA EXT C/TRANSF MONOC STEEL PICO CURVO,0,0,09/01/2026 11:06:49
13752094,09/01/2026 08:07:59,09/01/2026 08:08:06,ascirica,6414,00:00:57,00:00:07,57,7,En Tiempo,1,3,0,00:01:10,70,Logico,"83-176         ",83-176 - DUCHA EXT. C/TRANSF. MONOC CR RIO,0,0,09/01/2026 11:08:06
13752094,09/01/2026 08:07:59,09/01/2026 08:08:06,ascirica,6414,00:00:57,00:00:07,57,7,En Tiempo,1,3,0,00:01:10,70,Logico,"60-176         ","LAVATORIO MONOCOMANDO BAJO CR RIO                                     ",0,0,09/01/2026 11:08:06
13752094,09/01/2026 08:07:59,09/01/2026 08:08:06,ascirica,6414,00:00:57,00:00:07,57,7,En Tiempo,1,3,0,00:01:10,70,Logico,"81-180         ",81-180 - DUCHA EMB. S/TRANSF. MONOCOMANDO VERA,0,0,09/01/2026 11:08:06
13752118,09/01/2026 08:09:37,09/01/2026 08:09:46,ascirica,6414,00:00:50,00:00:09,50,9,En Tiempo,2,2,0,00:01:31,91,Logico,"17040N         ",17040N - PORTA ROLLO LINEA FABRIC BLACK,0,0,09/01/2026 11:09:46
13752118,09/01/2026 08:09:37,09/01/2026 08:09:46,ascirica,6414,00:00:50,00:00:09,50,9,En Tiempo,1,2,0,00:01:31,91,Logico,"81-100G        ",81-100G - DUCHA EMB S/TRANSF GOLD C.CERAM FABRIC,0,0,09/01/2026 11:09:46
13752354,09/01/2026 08:23:46,09/01/2026 08:38:15,rodriguezt,6419,00:01:49,00:14:29,109,869,Fuera de Tiempo,9,2,0,00:35:55,2155,Excedido,"INO103-1       ","INODORO BLANCO C/ASIENTO LINEA URBAN                                  ",0,0,09/01/2026 11:23:59
13752354,09/01/2026 08:23:46,09/01/2026 08:38:15,rodriguezt,6419,00:01:49,00:14:29,109,869,Fuera de Tiempo,9,2,0,00:35:55,2155,Excedido,"INO103-1       ","INODORO BLANCO C/ASIENTO LINEA URBAN                                  ",0,0,09/01/2026 11:24:19
13752354,09/01/2026 08:23:46,09/01/2026 08:38:15,rodriguezt,6419,00:01:49,00:14:29,109,869,Fuera de Tiempo,9,2,0,00:35:55,2155,Excedido,"INO103-1       ","INODORO BLANCO C/ASIENTO LINEA URBAN                                  ",0,0,09/01/2026 11:35:14
13752354,09/01/2026 08:23:46,09/01/2026 08:38:15,rodriguezt,6419,00:01:49,00:14:29,109,869,Fuera de Tiempo,9,2,0,00:35:55,2155,Excedido,"INO103-1       ","INODORO BLANCO C/ASIENTO LINEA URBAN                                  ",0,0,09/01/2026 11:35:26
13752354,09/01/2026 08:23:46,09/01/2026 08:38:15,rodriguezt,6419,00:01:49,00:14:29,109,869,Fuera de Tiempo,4,2,0,00:35:55,2155,Excedido,"INO103-1       ","INODORO BLANCO C/ASIENTO LINEA URBAN                                  ",0,0,09/01/2026 11:37:01
13752354,09/01/2026 08:23:46,09/01/2026 08:38:15,rodriguezt,6419,00:01:49,00:14:29,109,869,Fuera de Tiempo,40,2,0,00:35:55,2155,Excedido,"INO103-2       ","DEPOSITO C/DESCARGA DUAL BLANCO LINEA URBAN                           ",0,0,09/01/2026 11:38:15
13752836,09/01/2026 08:44:23,09/01/2026 08:45:16,ascirica,6414,00:02:07,00:00:53,127,53,En Tiempo,10,4,0,00:34:37,2077,Excedido,"601            ",601 - CANILLA COCINA MESADA CROMO DIQUE,0,0,09/01/2026 11:45:16
13752836,09/01/2026 08:44:23,09/01/2026 08:45:16,ascirica,6414,00:02:07,00:00:53,127,53,En Tiempo,15,4,0,00:34:37,2077,Excedido,"203            ","203 - LAVATORIO CROMO ""DIQUE""",0,0,09/01/2026 11:45:16
13752836,09/01/2026 08:44:23,09/01/2026 08:45:16,ascirica,6414,00:02:07,00:00:53,127,53,En Tiempo,10,4,0,00:34:37,2077,Excedido,"303            ","303 - BIDET CROMO ""DIQUE""",0,0,09/01/2026 11:45:16
13752836,09/01/2026 08:44:23,09/01/2026 08:45:16,ascirica,6414,00:02:07,00:00:53,127,53,En Tiempo,15,4,0,00:34:37,2077,Excedido,"910/M          ","910/M - JGO.MDA.P.CANO CROMO ""DIQUE""",0,0,09/01/2026 11:45:16
13752897,09/01/2026 08:46:25,09/01/2026 08:55:48,rodriguezt,6419,00:05:47,00:09:23,347,563,Fuera de Tiempo,3,29,0,00:08:10,490,Excedido,"1350           ","QUEINOX MACHO MOVIL MH 1/2"" x 50                                      ",0,0,09/01/2026 11:55:48
13752897,09/01/2026 08:46:25,09/01/2026 08:55:48,rodriguezt,6419,00:05:47,00:09:23,347,563,Fuera de Tiempo,8,29,0,00:08:10,490,Excedido,"1340           ","QUEINOX MACHO MOVIL MH 1/2"" x 40                                      ",0,0,09/01/2026 11:55:48
13752897,09/01/2026 08:46:25,09/01/2026 08:55:48,rodriguezt,6419,00:05:47,00:09:23,347,563,Fuera de Tiempo,8,29,0,00:08:10,490,Excedido,"1330           ","QUEINOX MACHO MOVIL MH 1/2"" x 30                                      ",0,0,09/01/2026 11:55:48
13752897,09/01/2026 08:46:25,09/01/2026 08:55:48,rodriguezt,6419,00:05:47,00:09:23,347,563,Fuera de Tiempo,1,29,0,00:08:10,490,Excedido,"70-121         ",70-121 - BIDE C.CERAM CR MARBELLA,0,0,09/01/2026 11:55:48
13752897,09/01/2026 08:46:25,09/01/2026 08:55:48,rodriguezt,6419,00:05:47,00:09:23,347,563,Fuera de Tiempo,1,29,0,00:08:10,490,Excedido,"83-001N        ","83-001N - DUCHA EXT. C/TRANSF. ""CROMO Y""",0,0,09/01/2026 11:55:48
13752897,09/01/2026 08:46:25,09/01/2026 08:55:48,rodriguezt,6419,00:05:47,00:09:23,347,563,Fuera de Tiempo,1,29,0,00:08:10,490,Excedido,"60-001N        ","60-001N - LAVATORIO ""CROMO Y""",0,0,09/01/2026 11:55:48
13752897,09/01/2026 08:46:25,09/01/2026 08:55:48,rodriguezt,6419,00:05:47,00:09:23,347,563,Fuera de Tiempo,1,29,0,00:08:10,490,Excedido,"51-131         ",51-131 - MESADA BIMANDO CR C.CERAM MALLORCA,0,0,09/01/2026 11:55:48
13752897,09/01/2026 08:46:25,09/01/2026 08:55:48,rodriguezt,6419,00:05:47,00:09:23,347,563,Fuera de Tiempo,1,29,0,00:08:10,490,Excedido,"80-190P        ",80-190P - DUCHA EMB. C/TRANSF. C.CERAM BLACK VELVET PLUS,0,0,09/01/2026 11:55:48
13752897,09/01/2026 08:46:25,09/01/2026 08:55:48,rodriguezt,6419,00:05:47,00:09:23,347,563,Fuera de Tiempo,1,29,0,00:08:10,490,Excedido,"70-153         ",70-153 - BIDE CR C.CERAM CASTILLA,0,0,09/01/2026 11:55:48
13752897,09/01/2026 08:46:25,09/01/2026 08:55:48,rodriguezt,6419,00:05:47,00:09:23,347,563,Fuera de Tiempo,1,29,0,00:08:10,490,Excedido,"80-166N        ",80-166N - DUCHA EMB. C/TRANSF. BLACK C.CERAM ADRA PLUS,0,0,09/01/2026 11:55:48
13752897,09/01/2026 08:46:25,09/01/2026 08:55:48,rodriguezt,6419,00:05:47,00:09:23,347,563,Fuera de Tiempo,2,29,0,00:08:10,490,Excedido,"70-162N        ",70-162N - BIDE BLACK C.CERAM LINEA ADRA,0,0,09/01/2026 11:55:48
13752897,09/01/2026 08:46:25,09/01/2026 08:55:48,rodriguezt,6419,00:05:47,00:09:23,347,563,Fuera de Tiempo,1,29,0,00:08:10,490,Excedido,"70-122         ",70-122 - BIDE C.CERAM CR VALENCIA,0,0,09/01/2026 11:55:48
13752897,09/01/2026 08:46:25,09/01/2026 08:55:48,rodriguezt,6419,00:05:47,00:09:23,347,563,Fuera de Tiempo,1,29,0,00:08:10,490,Excedido,"60-162N        ",60-162N - LAVATORIO BLACK C.CERAM LINEA ADRA,0,0,09/01/2026 11:55:48
13752897,09/01/2026 08:46:25,09/01/2026 08:55:48,rodriguezt,6419,00:05:47,00:09:23,347,563,Fuera de Tiempo,1,29,0,00:08:10,490,Excedido,"62-162N        ",62-162N - LAVATORIO DE PARED BLACK C.CERAM ADRA,0,0,09/01/2026 11:55:48
13752897,09/01/2026 08:46:25,09/01/2026 08:55:48,rodriguezt,6419,00:05:47,00:09:23,347,563,Fuera de Tiempo,1,29,0,00:08:10,490,Excedido,"985            ",985 - JGO PARED EXT CR P.FUNDIDO MURCIA,0,0,09/01/2026 11:55:48
13752897,09/01/2026 08:46:25,09/01/2026 08:55:48,rodriguezt,6419,00:05:47,00:09:23,347,563,Fuera de Tiempo,1,29,0,00:08:10,490,Excedido,"835            ",835 - JGO.MDA. P.FUNDIDO CR MURCIA,0,0,09/01/2026 11:55:48
13752897,09/01/2026 08:46:25,09/01/2026 08:55:48,rodriguezt,6419,00:05:47,00:09:23,347,563,Fuera de Tiempo,1,29,0,00:08:10,490,Excedido,"53-002         ",53-002 - COCINA PARED EXT. P.ALTO RENACER,0,0,09/01/2026 11:55:48
13752897,09/01/2026 08:46:25,09/01/2026 08:55:48,rodriguezt,6419,00:05:47,00:09:23,347,563,Fuera de Tiempo,1,29,0,00:08:10,490,Excedido,"50-002         ",50-002 - MESADA PICO FUNDIDO RENACER CROMO,0,0,09/01/2026 11:55:48
13752897,09/01/2026 08:46:25,09/01/2026 08:55:48,rodriguezt,6419,00:05:47,00:09:23,347,563,Fuera de Tiempo,3,29,0,00:08:10,490,Excedido,"60-162         ",60-162 - LAVATORIO CR C.CERAM LINEA ADRA,0,0,09/01/2026 11:55:48
13752897,09/01/2026 08:46:25,09/01/2026 08:55:48,rodriguezt,6419,00:05:47,00:09:23,347,563,Fuera de Tiempo,2,29,0,00:08:10,490,Excedido,"90-166         ",90-166 - PACK GRIF. ADRA PLUS (Lav-Bide-Ducha c/t Plus),0,0,09/01/2026 11:55:48
13752897,09/01/2026 08:46:25,09/01/2026 08:55:48,rodriguezt,6419,00:05:47,00:09:23,347,563,Fuera de Tiempo,3,29,0,00:08:10,490,Excedido,"70-162         ",70-162 - BIDE CR C.CERAM LINEA ADRA,0,0,09/01/2026 11:55:48
13752897,09/01/2026 08:46:25,09/01/2026 08:55:48,rodriguezt,6419,00:05:47,00:09:23,347,563,Fuera de Tiempo,2,29,0,00:08:10,490,Excedido,"80-166         ","DUCHA EMB. C/TRANSF. CR C.CERAM ADRA PLUS                             ",0,0,09/01/2026 11:55:48
13752897,09/01/2026 08:46:25,09/01/2026 08:55:48,rodriguezt,6419,00:05:47,00:09:23,347,563,Fuera de Tiempo,1,29,0,00:08:10,490,Excedido,"70-010         ",70-010 - BIDE BL/CR LORCA,0,0,09/01/2026 11:55:48
13752897,09/01/2026 08:46:25,09/01/2026 08:55:48,rodriguezt,6419,00:05:47,00:09:23,347,563,Fuera de Tiempo,1,29,0,00:08:10,490,Excedido,"80-010         ",80-010 - DUCHA EMB. C/TRANSF. BL/CR LORCA,0,0,09/01/2026 11:55:48
13752897,09/01/2026 08:46:25,09/01/2026 08:55:48,rodriguezt,6419,00:05:47,00:09:23,347,563,Fuera de Tiempo,4,29,0,00:08:10,490,Excedido,"60-057         ",60-057 - LAVATORIO C.STD VERIN PLUS,0,0,09/01/2026 11:55:48
13752897,09/01/2026 08:46:25,09/01/2026 08:55:48,rodriguezt,6419,00:05:47,00:09:23,347,563,Fuera de Tiempo,3,29,0,00:08:10,490,Excedido,"70-057         ",70-057 - BIDE C.STD VERIN PLUS,0,0,09/01/2026 11:55:48
13752897,09/01/2026 08:46:25,09/01/2026 08:55:48,rodriguezt,6419,00:05:47,00:09:23,347,563,Fuera de Tiempo,2,29,0,00:08:10,490,Excedido,"80-057         ",80-057 - DUCHA EMB. C/TRANSF. C.STD VERIN PLUS,0,0,09/01/2026 11:55:48
13752897,09/01/2026 08:46:25,09/01/2026 08:55:48,rodriguezt,6419,00:05:47,00:09:23,347,563,Fuera de Tiempo,3,29,0,00:08:10,490,Excedido,"51-010         ",51-010 - COCINA MESADA BL/CR LORCA,0,0,09/01/2026 11:55:48
13752897,09/01/2026 08:46:25,09/01/2026 08:55:48,rodriguezt,6419,00:05:47,00:09:23,347,563,Fuera de Tiempo,1,29,0,00:08:10,490,Excedido,"80-138         ",80-138 - DUCHA EMB. C/TRANSF. CR C.CERAM VALENCIA PLUS,0,0,09/01/2026 11:55:48
13752901,09/01/2026 08:46:32,09/01/2026 08:54:44,ascirica,6414,00:00:51,00:08:12,51,492,Fuera de Tiempo,1,1,0,00:01:16,76,Logico,"3020           ",3020 - TOALLERO DE ARO LINEA 3000,0,0,09/01/2026 11:50:13
13752901,09/01/2026 08:46:32,09/01/2026 08:54:44,ascirica,6414,00:00:51,00:08:12,51,492,Fuera de Tiempo,9,1,0,00:01:16,76,Logico,"3020           ",3020 - TOALLERO DE ARO LINEA 3000,0,0,09/01/2026 11:54:44
13753060,09/01/2026 08:52:15,09/01/2026 08:53:24,rodriguezt,6419,00:03:31,00:01:09,211,69,En Tiempo,5,8,0,23:56:27,-213,Logico,"814/CR         ",814/CR - MESADA P.FUNDIDO CR/CR ARES,0,0,09/01/2026 11:53:24
13753060,09/01/2026 08:52:15,09/01/2026 08:53:24,rodriguezt,6419,00:03:31,00:01:09,211,69,En Tiempo,5,8,0,23:56:27,-213,Logico,"814/CRC        ",814/CRC - MESADA P.FUNDIDO CR/CR C.CERAM. ARES,0,0,09/01/2026 11:53:24
13753060,09/01/2026 08:52:15,09/01/2026 08:53:24,rodriguezt,6419,00:03:31,00:01:09,211,69,En Tiempo,2,8,0,23:56:27,-213,Logico,"51-122         ",51-122 - MESADA BIMANDO CR C.CERAM VALENCIA,0,0,09/01/2026 11:53:24
13753060,09/01/2026 08:52:15,09/01/2026 08:53:24,rodriguezt,6419,00:03:31,00:01:09,211,69,En Tiempo,3,8,0,23:56:27,-213,Logico,"60-122         ",60-122 - LAVATORIO C.CERAM CR VALENCIA,0,0,09/01/2026 11:53:24
13753060,09/01/2026 08:52:15,09/01/2026 08:53:24,rodriguezt,6419,00:03:31,00:01:09,211,69,En Tiempo,5,8,0,23:56:27,-213,Logico,"81-057         ",81-057 - DUCHA EMB. S/TRANSF. C.STD VERIN PLUS,0,0,09/01/2026 11:53:24
13753060,09/01/2026 08:52:15,09/01/2026 08:53:24,rodriguezt,6419,00:03:31,00:01:09,211,69,En Tiempo,10,8,0,23:56:27,-213,Logico,"60-057         ",60-057 - LAVATORIO C.STD VERIN PLUS,0,0,09/01/2026 11:53:24
13753060,09/01/2026 08:52:15,09/01/2026 08:53:24,rodriguezt,6419,00:03:31,00:01:09,211,69,En Tiempo,5,8,0,23:56:27,-213,Logico,"70-057         ",70-057 - BIDE C.STD VERIN PLUS,0,0,09/01/2026 11:53:24
13753060,09/01/2026 08:52:15,09/01/2026 08:53:24,rodriguezt,6419,00:03:31,00:01:09,211,69,En Tiempo,5,8,0,23:56:27,-213,Logico,"80-057         ",80-057 - DUCHA EMB. C/TRANSF. C.STD VERIN PLUS,0,0,09/01/2026 11:53:24
13753143,09/01/2026 08:55:36,09/01/2026 08:56:30,gsoderquvist,6415,00:03:36,00:00:54,216,54,En Tiempo,3,11,0,00:49:51,2991,Excedido,"60-162         ",60-162 - LAVATORIO CR C.CERAM LINEA ADRA,0,0,09/01/2026 11:56:30
13753143,09/01/2026 08:55:36,09/01/2026 08:56:30,gsoderquvist,6415,00:03:36,00:00:54,216,54,En Tiempo,3,11,0,00:49:51,2991,Excedido,"60-010         ",60-010 - LAVATORIO BL/CR LORCA,0,0,09/01/2026 11:56:30
13753143,09/01/2026 08:55:36,09/01/2026 08:56:30,gsoderquvist,6415,00:03:36,00:00:54,216,54,En Tiempo,3,11,0,00:49:51,2991,Excedido,"70-162         ",70-162 - BIDE CR C.CERAM LINEA ADRA,0,0,09/01/2026 11:56:30
13753143,09/01/2026 08:55:36,09/01/2026 08:56:30,gsoderquvist,6415,00:03:36,00:00:54,216,54,En Tiempo,3,11,0,00:49:51,2991,Excedido,"80-162         ",80-162 - DUCHA EMB. C/TRANSF. CR C.CERAM ADRA,0,0,09/01/2026 11:56:30
13753143,09/01/2026 08:55:36,09/01/2026 08:56:30,gsoderquvist,6415,00:03:36,00:00:54,216,54,En Tiempo,3,11,0,00:49:51,2991,Excedido,"70-010         ",70-010 - BIDE BL/CR LORCA,0,0,09/01/2026 11:56:30
13753143,09/01/2026 08:55:36,09/01/2026 08:56:30,gsoderquvist,6415,00:03:36,00:00:54,216,54,En Tiempo,3,11,0,00:49:51,2991,Excedido,"80-010         ",80-010 - DUCHA EMB. C/TRANSF. BL/CR LORCA,0,0,09/01/2026 11:56:30
13753143,09/01/2026 08:55:36,09/01/2026 08:56:30,gsoderquvist,6415,00:03:36,00:00:54,216,54,En Tiempo,3,11,0,00:49:51,2991,Excedido,"51-058         ",51-058 - COCINA MESADA CR C.STD MALBA,0,0,09/01/2026 11:56:30
13753143,09/01/2026 08:55:36,09/01/2026 08:56:30,gsoderquvist,6415,00:03:36,00:00:54,216,54,En Tiempo,3,11,0,00:49:51,2991,Excedido,"51-010         ",51-010 - COCINA MESADA BL/CR LORCA,0,0,09/01/2026 11:56:30
13753143,09/01/2026 08:55:36,09/01/2026 08:56:30,gsoderquvist,6415,00:03:36,00:00:54,216,54,En Tiempo,3,11,0,00:49:51,2991,Excedido,"80-058         ",80-058 - DUCHA EMB. C/TRANSF. CR C.STD MALBA,0,0,09/01/2026 11:56:30
13753143,09/01/2026 08:55:36,09/01/2026 08:56:30,gsoderquvist,6415,00:03:36,00:00:54,216,54,En Tiempo,3,11,0,00:49:51,2991,Excedido,"60-058         ",60-058 - LAVATORIO CR C.STD MALBA,0,0,09/01/2026 11:56:30
13753143,09/01/2026 08:55:36,09/01/2026 08:56:30,gsoderquvist,6415,00:03:36,00:00:54,216,54,En Tiempo,3,11,0,00:49:51,2991,Excedido,"70-058         ",70-058 - BIDE CR C.STD MALBA,0,0,09/01/2026 11:56:30
13753209,09/01/2026 08:58:24,09/01/2026 08:58:34,gsoderquvist,6415,00:00:49,00:00:10,49,10,En Tiempo,1,1,0,00:01:54,114,Logico,"BCH13          ",BCH13 - BACHA DE APOYAR BLANCA RECTANGULAR 465x260x125,0,0,09/01/2026 11:58:35
13753214,09/01/2026 08:58:38,09/01/2026 08:58:57,gsoderquvist,6415,00:00:50,00:00:19,50,19,En Tiempo,5,1,0,00:00:03,3,Logico,"20-121         ",20-121 - COCINA MSDA MONOC.P. REDONDO MARBELLA,0,0,09/01/2026 11:58:57
13753278,09/01/2026 09:00:44,09/01/2026 09:02:31,gsoderquvist,6415,00:02:42,00:01:47,162,107,En Tiempo,2,9,0,00:01:47,107,Logico,"61-168         ",61-168 - LAVATORIO MONOC ALTO CR WAVE,0,0,09/01/2026 12:02:31
13753278,09/01/2026 09:00:44,09/01/2026 09:02:31,gsoderquvist,6415,00:02:42,00:01:47,162,107,En Tiempo,2,9,0,00:01:47,107,Logico,"12006          ","SET DE 6 PIEZAS LINEA 12000                                           ",0,0,09/01/2026 12:02:31
13753278,09/01/2026 09:00:44,09/01/2026 09:02:31,gsoderquvist,6415,00:02:42,00:01:47,162,107,En Tiempo,2,9,0,00:01:47,107,Logico,"20-146         ",20-146 - MONOCOMANDO DE COCINA CR LINEA MOVE,0,0,09/01/2026 12:02:31
13753278,09/01/2026 09:00:44,09/01/2026 09:02:31,gsoderquvist,6415,00:02:42,00:01:47,162,107,En Tiempo,1,9,0,00:01:47,107,Logico,"60-190         ",60-190 - LAVATORIO C.CERAM BLACK VELVET,0,0,09/01/2026 12:02:31
13753278,09/01/2026 09:00:44,09/01/2026 09:02:31,gsoderquvist,6415,00:02:42,00:01:47,162,107,En Tiempo,1,9,0,00:01:47,107,Logico,"70-190         ",70-190 - BIDE C.CERAM BLACK VELVET,0,0,09/01/2026 12:02:31
13753278,09/01/2026 09:00:44,09/01/2026 09:02:31,gsoderquvist,6415,00:02:42,00:01:47,162,107,En Tiempo,1,9,0,00:01:47,107,Logico,"80-190P        ",80-190P - DUCHA EMB. C/TRANSF. C.CERAM BLACK VELVET PLUS,0,0,09/01/2026 12:02:31
13753278,09/01/2026 09:00:44,09/01/2026 09:02:31,gsoderquvist,6415,00:02:42,00:01:47,162,107,En Tiempo,2,9,0,00:01:47,107,Logico,"70-162         ",70-162 - BIDE CR C.CERAM LINEA ADRA,0,0,09/01/2026 12:02:31
13753278,09/01/2026 09:00:44,09/01/2026 09:02:31,gsoderquvist,6415,00:02:42,00:01:47,162,107,En Tiempo,2,9,0,00:01:47,107,Logico,"80-166         ","DUCHA EMB. C/TRANSF. CR C.CERAM ADRA PLUS                             ",0,0,09/01/2026 12:02:31
13753278,09/01/2026 09:00:44,09/01/2026 09:02:31,gsoderquvist,6415,00:02:42,00:01:47,162,107,En Tiempo,3,9,0,00:01:47,107,Logico,"BCH18          ",BCH18 - BACHA DE APOYAR SIMIL MARMOL 460x320x140,0,0,09/01/2026 12:02:31
13753289,09/01/2026 09:01:05,09/01/2026 09:04:15,rodriguezt,6419,00:07:35,00:03:10,455,190,En Tiempo,4,22,0,00:05:17,317,Logico,"80-166         ","DUCHA EMB. C/TRANSF. CR C.CERAM ADRA PLUS                             ",0,0,09/01/2026 12:04:15
13753289,09/01/2026 09:01:05,09/01/2026 09:04:15,rodriguezt,6419,00:07:35,00:03:10,455,190,En Tiempo,4,22,0,00:05:17,317,Logico,"70-058         ",70-058 - BIDE CR C.STD MALBA,0,0,09/01/2026 12:04:15
13753289,09/01/2026 09:01:05,09/01/2026 09:04:15,rodriguezt,6419,00:07:35,00:03:10,455,190,En Tiempo,6,22,0,00:05:17,317,Logico,"60-058         ",60-058 - LAVATORIO CR C.STD MALBA,0,0,09/01/2026 12:04:15
13753289,09/01/2026 09:01:05,09/01/2026 09:04:15,rodriguezt,6419,00:07:35,00:03:10,455,190,En Tiempo,2,22,0,00:05:17,317,Logico,"81-058         ",81-058 - DUCHA EMB. S/TRANSF. CR STD MALBA,0,0,09/01/2026 12:04:15
13753289,09/01/2026 09:01:05,09/01/2026 09:04:15,rodriguezt,6419,00:07:35,00:03:10,455,190,En Tiempo,2,22,0,00:05:17,317,Logico,"70-002         ",70-002 - BIDE RENACER,0,0,09/01/2026 12:04:15
13753289,09/01/2026 09:01:05,09/01/2026 09:04:15,rodriguezt,6419,00:07:35,00:03:10,455,190,En Tiempo,2,22,0,00:05:17,317,Logico,"53-002         ",53-002 - COCINA PARED EXT. P.ALTO RENACER,0,0,09/01/2026 12:04:15
13753289,09/01/2026 09:01:05,09/01/2026 09:04:15,rodriguezt,6419,00:07:35,00:03:10,455,190,En Tiempo,4,22,0,00:05:17,317,Logico,"203            ","203 - LAVATORIO CROMO ""DIQUE""",0,0,09/01/2026 12:04:15
13753289,09/01/2026 09:01:05,09/01/2026 09:04:15,rodriguezt,6419,00:07:35,00:03:10,455,190,En Tiempo,2,22,0,00:05:17,317,Logico,"423            ","423 - DUCHA EMB. C/TRANSF.CR ""DIQUE""",0,0,09/01/2026 12:04:15
13753289,09/01/2026 09:01:05,09/01/2026 09:04:15,rodriguezt,6419,00:07:35,00:03:10,455,190,En Tiempo,4,22,0,00:05:17,317,Logico,"303            ","303 - BIDET CROMO ""DIQUE""",0,0,09/01/2026 12:04:15
13753289,09/01/2026 09:01:05,09/01/2026 09:04:15,rodriguezt,6419,00:07:35,00:03:10,455,190,En Tiempo,4,22,0,00:05:17,317,Logico,"60-002         ",60-002 - LAVATORIO RENACER,0,0,09/01/2026 12:04:15
13753289,09/01/2026 09:01:05,09/01/2026 09:04:15,rodriguezt,6419,00:07:35,00:03:10,455,190,En Tiempo,2,22,0,00:05:17,317,Logico,"51-002         ",51-002 - COCINA MESADA RENACER,0,0,09/01/2026 12:04:15
13753289,09/01/2026 09:01:05,09/01/2026 09:04:15,rodriguezt,6419,00:07:35,00:03:10,455,190,En Tiempo,6,22,0,00:05:17,317,Logico,"910/M          ","910/M - JGO.MDA.P.CANO CROMO ""DIQUE""",0,0,09/01/2026 12:04:15
13753289,09/01/2026 09:01:05,09/01/2026 09:04:15,rodriguezt,6419,00:07:35,00:03:10,455,190,En Tiempo,5,22,0,00:05:17,317,Logico,"919/M          ",919/M - JGO.MDA.P.CANO CROMO LAZA,0,0,09/01/2026 12:04:15
13753289,09/01/2026 09:01:05,09/01/2026 09:04:15,rodriguezt,6419,00:07:35,00:03:10,455,190,En Tiempo,5,22,0,00:05:17,317,Logico,"60-057         ",60-057 - LAVATORIO C.STD VERIN PLUS,0,0,09/01/2026 12:04:15
13753289,09/01/2026 09:01:05,09/01/2026 09:04:15,rodriguezt,6419,00:07:35,00:03:10,455,190,En Tiempo,5,22,0,00:05:17,317,Logico,"70-057         ",70-057 - BIDE C.STD VERIN PLUS,0,0,09/01/2026 12:04:15
13753289,09/01/2026 09:01:05,09/01/2026 09:04:15,rodriguezt,6419,00:07:35,00:03:10,455,190,En Tiempo,5,22,0,00:05:17,317,Logico,"80-057         ",80-057 - DUCHA EMB. C/TRANSF. C.STD VERIN PLUS,0,0,09/01/2026 12:04:15
13753289,09/01/2026 09:01:05,09/01/2026 09:04:15,rodriguezt,6419,00:07:35,00:03:10,455,190,En Tiempo,1,22,0,00:05:17,317,Logico,"51-122         ",51-122 - MESADA BIMANDO CR C.CERAM VALENCIA,0,0,09/01/2026 12:04:15
13753289,09/01/2026 09:01:05,09/01/2026 09:04:15,rodriguezt,6419,00:07:35,00:03:10,455,190,En Tiempo,5,22,0,00:05:17,317,Logico,"209            ",209 - LAVATORIO CROMO LAZA,0,0,09/01/2026 12:04:15
13753289,09/01/2026 09:01:05,09/01/2026 09:04:15,rodriguezt,6419,00:07:35,00:03:10,455,190,En Tiempo,4,22,0,00:05:17,317,Logico,"934/CR         ",934/CR - J.PARED C/EXT CRUZ CR/CR ARES,0,0,09/01/2026 12:04:15
13753289,09/01/2026 09:01:05,09/01/2026 09:04:15,rodriguezt,6419,00:07:35,00:03:10,455,190,En Tiempo,2,22,0,00:05:17,317,Logico,"933            ",933 - JGO PARED C/EXT CR DIQUE,0,0,09/01/2026 12:04:15
13753289,09/01/2026 09:01:05,09/01/2026 09:04:15,rodriguezt,6419,00:07:35,00:03:10,455,190,En Tiempo,20,22,0,00:05:17,317,Logico,"1340           ","QUEINOX MACHO MOVIL MH 1/2"" x 40                                      ",0,0,09/01/2026 12:04:15
13753289,09/01/2026 09:01:05,09/01/2026 09:04:15,rodriguezt,6419,00:07:35,00:03:10,455,190,En Tiempo,10,22,0,00:05:17,317,Logico,"1940           ","1940 - QUEINOX MH 3/4"" x 40",0,0,09/01/2026 12:04:15
13753307,09/01/2026 09:01:38,09/01/2026 09:06:58,ascirica,6414,00:01:31,00:05:20,91,320,Fuera de Tiempo,100,1,0,00:06:54,414,Excedido,"RA1149         ",RA1149 - SUJECION ACCESORIOS LINEA 3000,0,0,09/01/2026 12:06:58
13753372,09/01/2026 09:04:30,09/01/2026 09:14:49,gsoderquvist,6415,00:03:17,00:10:19,197,619,Fuera de Tiempo,1,7,0,00:01:59,119,Logico,"60-162         ",60-162 - LAVATORIO CR C.CERAM LINEA ADRA,0,0,09/01/2026 12:14:49
13753372,09/01/2026 09:04:30,09/01/2026 09:14:49,gsoderquvist,6415,00:03:17,00:10:19,197,619,Fuera de Tiempo,10,7,0,00:01:59,119,Logico,"1320           ","QUEINOX MACHO MOVIL MH 1/2"" x 20                                      ",0,0,09/01/2026 12:14:49
13753372,09/01/2026 09:04:30,09/01/2026 09:14:49,gsoderquvist,6415,00:03:17,00:10:19,197,619,Fuera de Tiempo,10,7,0,00:01:59,119,Logico,"1330           ","QUEINOX MACHO MOVIL MH 1/2"" x 30                                      ",0,0,09/01/2026 12:14:49
13753372,09/01/2026 09:04:30,09/01/2026 09:14:49,gsoderquvist,6415,00:03:17,00:10:19,197,619,Fuera de Tiempo,10,7,0,00:01:59,119,Logico,"1350           ","QUEINOX MACHO MOVIL MH 1/2"" x 50                                      ",0,0,09/01/2026 12:14:49
13753372,09/01/2026 09:04:30,09/01/2026 09:14:49,gsoderquvist,6415,00:03:17,00:10:19,197,619,Fuera de Tiempo,10,7,0,00:01:59,119,Logico,"1340           ","QUEINOX MACHO MOVIL MH 1/2"" x 40                                      ",0,0,09/01/2026 12:14:49
13753372,09/01/2026 09:04:30,09/01/2026 09:14:49,gsoderquvist,6415,00:03:17,00:10:19,197,619,Fuera de Tiempo,5,7,0,00:01:59,119,Logico,"1930           ","1930 - QUEINOX MH 3/4"" x 30",0,0,09/01/2026 12:14:49
13753372,09/01/2026 09:04:30,09/01/2026 09:14:49,gsoderquvist,6415,00:03:17,00:10:19,197,619,Fuera de Tiempo,5,7,0,00:01:59,119,Logico,"1940           ","1940 - QUEINOX MH 3/4"" x 40",0,0,09/01/2026 12:14:49
13753390,09/01/2026 09:05:22,09/01/2026 09:17:54,rodriguezt,6419,00:08:38,00:12:32,518,752,Fuera de Tiempo,100,9,0,00:01:07,67,Logico,"80-166         ","DUCHA EMB. C/TRANSF. CR C.CERAM ADRA PLUS                             ",0,0,09/01/2026 12:10:22
13753390,09/01/2026 09:05:22,09/01/2026 09:17:54,rodriguezt,6419,00:08:38,00:12:32,518,752,Fuera de Tiempo,20,9,0,00:01:07,67,Logico,"80-166N        ",80-166N - DUCHA EMB. C/TRANSF. BLACK C.CERAM ADRA PLUS,0,0,09/01/2026 12:10:22
13753390,09/01/2026 09:05:22,09/01/2026 09:17:54,rodriguezt,6419,00:08:38,00:12:32,518,752,Fuera de Tiempo,50,9,0,00:01:07,67,Logico,"20-162         ",20-162 - MONOCOMANDO COCINA ADRA,0,0,09/01/2026 12:10:22
13753390,09/01/2026 09:05:22,09/01/2026 09:17:54,rodriguezt,6419,00:08:38,00:12:32,518,752,Fuera de Tiempo,15,9,0,00:01:07,67,Logico,"60-162N        ",60-162N - LAVATORIO BLACK C.CERAM LINEA ADRA,0,0,09/01/2026 12:17:54
13753390,09/01/2026 09:05:22,09/01/2026 09:17:54,rodriguezt,6419,00:08:38,00:12:32,518,752,Fuera de Tiempo,10,9,0,00:01:07,67,Logico,"62-162         ",62-162 - LAVATORIO DE PARED CR C.CERAM ADRA,0,0,09/01/2026 12:17:54
13753390,09/01/2026 09:05:22,09/01/2026 09:17:54,rodriguezt,6419,00:08:38,00:12:32,518,752,Fuera de Tiempo,130,9,0,00:01:07,67,Logico,"70-162         ",70-162 - BIDE CR C.CERAM LINEA ADRA,0,0,09/01/2026 12:17:54
13753390,09/01/2026 09:05:22,09/01/2026 09:17:54,rodriguezt,6419,00:08:38,00:12:32,518,752,Fuera de Tiempo,140,9,0,00:01:07,67,Logico,"60-162         ",60-162 - LAVATORIO CR C.CERAM LINEA ADRA,0,0,09/01/2026 12:17:54
13753390,09/01/2026 09:05:22,09/01/2026 09:17:54,rodriguezt,6419,00:08:38,00:12:32,518,752,Fuera de Tiempo,25,9,0,00:01:07,67,Logico,"70-162N        ",70-162N - BIDE BLACK C.CERAM LINEA ADRA,0,0,09/01/2026 12:17:54
13753390,09/01/2026 09:05:22,09/01/2026 09:17:54,rodriguezt,6419,00:08:38,00:12:32,518,752,Fuera de Tiempo,5,9,0,00:01:07,67,Logico,"62-162N        ",62-162N - LAVATORIO DE PARED BLACK C.CERAM ADRA,0,0,09/01/2026 12:17:54
13753472,09/01/2026 09:08:31,09/01/2026 09:43:11,ascirica,6414,00:06:27,00:34:40,387,2080,Fuera de Tiempo,4,42,0,00:01:33,93,Logico,"80-200G        ",80-200G - DUCHA EMB. MONOC. 3 FUNCIONES GOLD FABRIC,0,0,09/01/2026 12:43:11
13753472,09/01/2026 09:08:31,09/01/2026 09:43:11,ascirica,6414,00:06:27,00:34:40,387,2080,Fuera de Tiempo,5,42,0,00:01:33,93,Logico,"13040          ","PORTA ROLLO LINEA 13000                                               ",0,0,09/01/2026 12:43:11
13753472,09/01/2026 09:08:31,09/01/2026 09:43:11,ascirica,6414,00:06:27,00:34:40,387,2080,Fuera de Tiempo,5,42,0,00:01:33,93,Logico,"16030BL        ",16030BL - PERCHA LINEA 16000 BLACK,0,0,09/01/2026 12:43:11
13753472,09/01/2026 09:08:31,09/01/2026 09:43:11,ascirica,6414,00:06:27,00:34:40,387,2080,Fuera de Tiempo,5,42,0,00:01:33,93,Logico,"16030          ",16030 - PERCHA LINEA 16000,0,0,09/01/2026 12:43:11
13753472,09/01/2026 09:08:31,09/01/2026 09:43:11,ascirica,6414,00:06:27,00:34:40,387,2080,Fuera de Tiempo,5,42,0,00:01:33,93,Logico,"19030          ",19030 - PERCHA LINEA 19000,0,0,09/01/2026 12:43:11
13753472,09/01/2026 09:08:31,09/01/2026 09:43:11,ascirica,6414,00:06:27,00:34:40,387,2080,Fuera de Tiempo,5,42,0,00:01:33,93,Logico,"A1452N         ",A1452N - CAÑO DE DUCHA RECTO 150 MM BLACK C/BLISTER,0,0,09/01/2026 12:43:11
13753472,09/01/2026 09:08:31,09/01/2026 09:43:11,ascirica,6414,00:06:27,00:34:40,387,2080,Fuera de Tiempo,5,42,0,00:01:33,93,Logico,"3010           ",3010 - TOALLERO BARRAL LINEA 3000,0,0,09/01/2026 12:43:11
13753472,09/01/2026 09:08:31,09/01/2026 09:43:11,ascirica,6414,00:06:27,00:34:40,387,2080,Fuera de Tiempo,10,42,0,00:01:33,93,Logico,"3030           ",3030 - PERCHA LINEA 3000,0,0,09/01/2026 12:43:11
13753472,09/01/2026 09:08:31,09/01/2026 09:43:11,ascirica,6414,00:06:27,00:34:40,387,2080,Fuera de Tiempo,5,42,0,00:01:33,93,Logico,"16040          ",16040 - PORTA ROLLO ACCESORIOS LINEA 16000,0,0,09/01/2026 12:43:11
13753472,09/01/2026 09:08:31,09/01/2026 09:43:11,ascirica,6414,00:06:27,00:34:40,387,2080,Fuera de Tiempo,15,42,0,00:01:33,93,Logico,"3050           ",3050 - JABONERA LINEA 3000,0,0,09/01/2026 12:43:11
13753472,09/01/2026 09:08:31,09/01/2026 09:43:11,ascirica,6414,00:06:27,00:34:40,387,2080,Fuera de Tiempo,10,42,0,00:01:33,93,Logico,"A1452C         ",A1452C - CAÑO DE DUCHA RECTO 150 MM CROMO C/BLISTER,0,0,09/01/2026 12:43:11
13753472,09/01/2026 09:08:31,09/01/2026 09:43:11,ascirica,6414,00:06:27,00:34:40,387,2080,Fuera de Tiempo,6,42,0,00:01:33,93,Logico,"70-176         ",70-176 - BIDE MONOC C/TRANSF CR RIO,0,0,09/01/2026 12:43:11
13753472,09/01/2026 09:08:31,09/01/2026 09:43:11,ascirica,6414,00:06:27,00:34:40,387,2080,Fuera de Tiempo,6,42,0,00:01:33,93,Logico,"80-176N        ",80-176N - DUCHA EMB C/TRANSF MONOC BLACK RIO,0,0,09/01/2026 12:43:11
13753472,09/01/2026 09:08:31,09/01/2026 09:43:11,ascirica,6414,00:06:27,00:34:40,387,2080,Fuera de Tiempo,6,42,0,00:01:33,93,Logico,"61-176N        ",61-176N - LAVATORIO MONOC ALTO BLACK RIO,0,0,09/01/2026 12:43:11
13753472,09/01/2026 09:08:31,09/01/2026 09:43:11,ascirica,6414,00:06:27,00:34:40,387,2080,Fuera de Tiempo,6,42,0,00:01:33,93,Logico,"20-205         ",20-205 - MONOCOMANDO DE COCINA STEEL,0,0,09/01/2026 12:43:11
13753472,09/01/2026 09:08:31,09/01/2026 09:43:11,ascirica,6414,00:06:27,00:34:40,387,2080,Fuera de Tiempo,5,42,0,00:01:33,93,Logico,"16006BL        ",16006BL - SET 6 PIEZAS ACCESORIOS LINEA 16000 BLACK,0,0,09/01/2026 12:43:11
13753472,09/01/2026 09:08:31,09/01/2026 09:43:11,ascirica,6414,00:06:27,00:34:40,387,2080,Fuera de Tiempo,5,42,0,00:01:33,93,Logico,"17020G         ",17020G - TOALLERO DE ARO LINEA FABRIC GOLD,0,0,09/01/2026 12:43:11
13753472,09/01/2026 09:08:31,09/01/2026 09:43:11,ascirica,6414,00:06:27,00:34:40,387,2080,Fuera de Tiempo,15,42,0,00:01:33,93,Logico,"20-146         ",20-146 - MONOCOMANDO DE COCINA CR LINEA MOVE,0,0,09/01/2026 12:43:11
13753472,09/01/2026 09:08:31,09/01/2026 09:43:11,ascirica,6414,00:06:27,00:34:40,387,2080,Fuera de Tiempo,5,42,0,00:01:33,93,Logico,"12005          ","SET DE 5 PIEZAS LINEA 12000                                           ",0,0,09/01/2026 12:43:11
13753472,09/01/2026 09:08:31,09/01/2026 09:43:11,ascirica,6414,00:06:27,00:34:40,387,2080,Fuera de Tiempo,20,42,0,00:01:33,93,Logico,"12006          ","SET DE 6 PIEZAS LINEA 12000                                           ",0,0,09/01/2026 12:43:11
13753472,09/01/2026 09:08:31,09/01/2026 09:43:11,ascirica,6414,00:06:27,00:34:40,387,2080,Fuera de Tiempo,10,42,0,00:01:33,93,Logico,"3006           ",3006 - SET DE 6 PIEZAS LINEA 3000,0,0,09/01/2026 12:43:11
13753472,09/01/2026 09:08:31,09/01/2026 09:43:11,ascirica,6414,00:06:27,00:34:40,387,2080,Fuera de Tiempo,5,42,0,00:01:33,93,Logico,"11006          ","SET DE 6 PIEZAS LINEA 11000                                           ",0,0,09/01/2026 12:43:11
13753472,09/01/2026 09:08:31,09/01/2026 09:43:11,ascirica,6414,00:06:27,00:34:40,387,2080,Fuera de Tiempo,2,42,0,00:01:33,93,Logico,"60-133         ",60-133 - LAVATORIO MONOCOMANDO LUGO,0,0,09/01/2026 12:43:11
13753472,09/01/2026 09:08:31,09/01/2026 09:43:11,ascirica,6414,00:06:27,00:34:40,387,2080,Fuera de Tiempo,5,42,0,00:01:33,93,Logico,"83-133         ",83-133 - DUCHA EXT. C/TRANSF. MONOCOMANDO LUGO,0,0,09/01/2026 12:43:11
13753472,09/01/2026 09:08:31,09/01/2026 09:43:11,ascirica,6414,00:06:27,00:34:40,387,2080,Fuera de Tiempo,5,42,0,00:01:33,93,Logico,"17040G         ",17040G - PORTA ROLLO LINEA FABRIC GOLD,0,0,09/01/2026 12:43:11
13753472,09/01/2026 09:08:31,09/01/2026 09:43:11,ascirica,6414,00:06:27,00:34:40,387,2080,Fuera de Tiempo,5,42,0,00:01:33,93,Logico,"17040C         ",17040C - PORTA ROLLO LINEA FABRIC CROMO,0,0,09/01/2026 12:43:11
13753472,09/01/2026 09:08:31,09/01/2026 09:43:11,ascirica,6414,00:06:27,00:34:40,387,2080,Fuera de Tiempo,10,42,0,00:01:33,93,Logico,"17030C         ",17030C - PERCHA LINEA FABRIC CROMO,0,0,09/01/2026 12:43:11
13753472,09/01/2026 09:08:31,09/01/2026 09:43:11,ascirica,6414,00:06:27,00:34:40,387,2080,Fuera de Tiempo,10,42,0,00:01:33,93,Logico,"17020C         ",17020C - TOALLERO DE ARO LINEA FABRIC CROMO,0,0,09/01/2026 12:43:11
13753472,09/01/2026 09:08:31,09/01/2026 09:43:11,ascirica,6414,00:06:27,00:34:40,387,2080,Fuera de Tiempo,5,42,0,00:01:33,93,Logico,"17010C         ",17010C - TOALLERO BARRAL LINEA FABRIC CROMO,0,0,09/01/2026 12:43:11
13753472,09/01/2026 09:08:31,09/01/2026 09:43:11,ascirica,6414,00:06:27,00:34:40,387,2080,Fuera de Tiempo,5,42,0,00:01:33,93,Logico,"17020N         ",17020N - TOALLERO DE ARO LINEA FABRIC BLACK,0,0,09/01/2026 12:43:11
13753472,09/01/2026 09:08:31,09/01/2026 09:43:11,ascirica,6414,00:06:27,00:34:40,387,2080,Fuera de Tiempo,5,42,0,00:01:33,93,Logico,"17040N         ",17040N - PORTA ROLLO LINEA FABRIC BLACK,0,0,09/01/2026 12:43:11
13753472,09/01/2026 09:08:31,09/01/2026 09:43:11,ascirica,6414,00:06:27,00:34:40,387,2080,Fuera de Tiempo,5,42,0,00:01:33,93,Logico,"17010N         ",17010N - TOALLERO BARRAL LINEA FABRIC BLACK,0,0,09/01/2026 12:43:11
13753472,09/01/2026 09:08:31,09/01/2026 09:43:11,ascirica,6414,00:06:27,00:34:40,387,2080,Fuera de Tiempo,5,42,0,00:01:33,93,Logico,"17030N         ",17030N - PERCHA LINEA FABRIC BLACK,0,0,09/01/2026 12:43:11
13753472,09/01/2026 09:08:31,09/01/2026 09:43:11,ascirica,6414,00:06:27,00:34:40,387,2080,Fuera de Tiempo,12,42,0,00:01:33,93,Logico,"20-134         ",20-134 - MONOCOMANDO COCINA BETIS,0,0,09/01/2026 12:43:11
13753472,09/01/2026 09:08:31,09/01/2026 09:43:11,ascirica,6414,00:06:27,00:34:40,387,2080,Fuera de Tiempo,5,42,0,00:01:33,93,Logico,"17030G         ",17030G - PERCHA LINEA FABRIC GOLD,0,0,09/01/2026 12:43:11
13753472,09/01/2026 09:08:31,09/01/2026 09:43:11,ascirica,6414,00:06:27,00:34:40,387,2080,Fuera de Tiempo,6,42,0,00:01:33,93,Logico,"60-131         ",60-131 - LAVATORIO C.CERAM CR MALLORCA,0,0,09/01/2026 12:43:11
13753472,09/01/2026 09:08:31,09/01/2026 09:43:11,ascirica,6414,00:06:27,00:34:40,387,2080,Fuera de Tiempo,5,42,0,00:01:33,93,Logico,"80-166N        ",80-166N - DUCHA EMB. C/TRANSF. BLACK C.CERAM ADRA PLUS,0,0,09/01/2026 12:43:11
13753472,09/01/2026 09:08:31,09/01/2026 09:43:11,ascirica,6414,00:06:27,00:34:40,387,2080,Fuera de Tiempo,5,42,0,00:01:33,93,Logico,"60-162N        ",60-162N - LAVATORIO BLACK C.CERAM LINEA ADRA,0,0,09/01/2026 12:43:11
13753472,09/01/2026 09:08:31,09/01/2026 09:43:11,ascirica,6414,00:06:27,00:34:40,387,2080,Fuera de Tiempo,6,42,0,00:01:33,93,Logico,"51-059         ",51-059 - COCINA MESADA BL/CR C.STD MALBA,0,0,09/01/2026 12:43:11
13753472,09/01/2026 09:08:31,09/01/2026 09:43:11,ascirica,6414,00:06:27,00:34:40,387,2080,Fuera de Tiempo,6,42,0,00:01:33,93,Logico,"70-162         ",70-162 - BIDE CR C.CERAM LINEA ADRA,0,0,09/01/2026 12:43:11
13753472,09/01/2026 09:08:31,09/01/2026 09:43:11,ascirica,6414,00:06:27,00:34:40,387,2080,Fuera de Tiempo,4,42,0,00:01:33,93,Logico,"60-057         ",60-057 - LAVATORIO C.STD VERIN PLUS,0,0,09/01/2026 12:43:11
13753472,09/01/2026 09:08:31,09/01/2026 09:43:11,ascirica,6414,00:06:27,00:34:40,387,2080,Fuera de Tiempo,4,42,0,00:01:33,93,Logico,"80-057         ",80-057 - DUCHA EMB. C/TRANSF. C.STD VERIN PLUS,0,0,09/01/2026 12:43:11
13753617,09/01/2026 09:15:13,09/01/2026 09:16:29,gsoderquvist,6415,00:01:02,00:01:16,62,76,Fuera de Tiempo,27,1,0,00:00:24,24,Logico,"1340           ","QUEINOX MACHO MOVIL MH 1/2"" x 40                                      ",0,0,09/01/2026 12:16:29
13753682,09/01/2026 09:17:26,09/01/2026 09:17:47,gsoderquvist,6415,00:00:53,00:00:21,53,21,En Tiempo,6,2,0,00:00:57,57,Logico,"70-162         ",70-162 - BIDE CR C.CERAM LINEA ADRA,0,0,09/01/2026 12:17:47
13753682,09/01/2026 09:17:26,09/01/2026 09:17:47,gsoderquvist,6415,00:00:53,00:00:21,53,21,En Tiempo,1,2,0,00:00:57,57,Logico,"20-146N        ",20-146N - MONOCOMANDO DE COCINA BLACK LINEA MOVE,0,0,09/01/2026 12:17:47
13753698,09/01/2026 09:18:01,09/01/2026 09:18:07,gsoderquvist,6415,00:00:49,00:00:06,49,6,En Tiempo,2,1,0,00:00:14,14,Logico,"20-172         ",20-172 - COCINA MESADA MONOC. COLORS NEGRO,0,0,09/01/2026 12:18:07
13753748,09/01/2026 09:20:43,09/01/2026 09:21:34,gsoderquvist,6415,00:02:07,00:00:51,127,51,En Tiempo,2,5,0,00:02:36,156,Logico,"3050           ",3050 - JABONERA LINEA 3000,0,0,09/01/2026 12:21:34
13753748,09/01/2026 09:20:43,09/01/2026 09:21:34,gsoderquvist,6415,00:02:07,00:00:51,127,51,En Tiempo,10,5,0,00:02:36,156,Logico,"3040           ",3040 - PORTA ROLLO LINEA 3000,0,0,09/01/2026 12:21:34
13753748,09/01/2026 09:20:43,09/01/2026 09:21:34,gsoderquvist,6415,00:02:07,00:00:51,127,51,En Tiempo,2,5,0,00:02:36,156,Logico,"84-203ST       ","DUCHA EXT C/COLUMNA CR ADRA                                           ",0,0,09/01/2026 12:21:34
13753748,09/01/2026 09:20:43,09/01/2026 09:21:34,gsoderquvist,6415,00:02:07,00:00:51,127,51,En Tiempo,6,5,0,00:02:36,156,Logico,"20-122S        ","MONOCOMANDO COCINA INOX C/PICO EXTRAIBLE VALENCIA                     ",0,0,09/01/2026 12:21:34
13753748,09/01/2026 09:20:43,09/01/2026 09:21:34,gsoderquvist,6415,00:02:07,00:00:51,127,51,En Tiempo,6,5,0,00:02:36,156,Logico,"54-203         ","COCINA PARED EXT C.CERAM ADRA MONOCOMANDO                             ",0,0,09/01/2026 12:21:34
13753779,09/01/2026 09:22:37,09/01/2026 09:23:35,gsoderquvist,6415,00:01:01,00:00:58,61,58,En Tiempo,10,2,0,00:01:03,63,Logico,"12006          ","SET DE 6 PIEZAS LINEA 12000                                           ",0,0,09/01/2026 12:23:35
13753779,09/01/2026 09:22:37,09/01/2026 09:23:35,gsoderquvist,6415,00:01:01,00:00:58,61,58,En Tiempo,2,2,0,00:01:03,63,Logico,"60-162N        ",60-162N - LAVATORIO BLACK C.CERAM LINEA ADRA,0,0,09/01/2026 12:23:35
13753827,09/01/2026 09:25:31,09/01/2026 09:25:44,gsoderquvist,6415,00:00:50,00:00:13,50,13,En Tiempo,1,2,0,00:01:56,116,Logico,"A1539G         ","TAPA Y TECLA PARA VALVULA DE DESCARGA CUADRADA MINIMALISTA GOLD       ",0,0,09/01/2026 12:25:44
13753827,09/01/2026 09:25:31,09/01/2026 09:25:44,gsoderquvist,6415,00:00:50,00:00:13,50,13,En Tiempo,1,2,0,00:01:56,116,Logico,"A1540          ","CUERPO VALVULA DE DESAGOTE P/INODORO TECNO 02-010/011                 ",0,0,09/01/2026 12:25:44
13753842,09/01/2026 09:26:32,09/01/2026 09:39:42,gsoderquvist,6415,00:02:12,00:13:10,132,790,Fuera de Tiempo,15,4,0,00:00:48,48,Logico,"80-183         ","DUCHA EMB C/TRANSF MONOCOMANDO MAT                                    ",0,0,09/01/2026 12:39:42
13753842,09/01/2026 09:26:32,09/01/2026 09:39:42,gsoderquvist,6415,00:02:12,00:13:10,132,790,Fuera de Tiempo,15,4,0,00:00:48,48,Logico,"63-183         ","LAVATORIO PARED EMB MONOCOMANDO MAT                                   ",0,0,09/01/2026 12:39:42
13753842,09/01/2026 09:26:32,09/01/2026 09:39:42,gsoderquvist,6415,00:02:12,00:13:10,132,790,Fuera de Tiempo,15,4,0,00:00:48,48,Logico,"60-183         ","LAVATORIO MONOCOMANDO BAJO MAT                                        ",0,0,09/01/2026 12:39:42
13753842,09/01/2026 09:26:32,09/01/2026 09:39:42,gsoderquvist,6415,00:02:12,00:13:10,132,790,Fuera de Tiempo,15,4,0,00:00:48,48,Logico,"70-183         ","BIDE MONOCOMANDO C/TRANSF MAT                                         ",0,0,09/01/2026 12:39:42
13754178,09/01/2026 09:40:39,09/01/2026 09:40:47,rodriguezt,6419,00:01:19,00:00:08,79,8,En Tiempo,60,1,0,00:22:45,1365,Excedido,"20-205         ",20-205 - MONOCOMANDO DE COCINA STEEL,0,0,09/01/2026 12:40:47
13754194,09/01/2026 09:41:09,09/01/2026 09:42:09,rodriguezt,6419,00:01:41,00:01:00,101,60,En Tiempo,20,3,0,00:00:22,22,Logico,"BCH01          ",BCH01 - BACHA DE APOYAR CIRCULAR 320x145,0,0,09/01/2026 12:42:09
13754194,09/01/2026 09:41:09,09/01/2026 09:42:09,rodriguezt,6419,00:01:41,00:01:00,101,60,En Tiempo,10,3,0,00:00:22,22,Logico,"61-176         ",61-176 - LAVATORIO MONOC ALTO CR RIO,0,0,09/01/2026 12:42:09
13754194,09/01/2026 09:41:09,09/01/2026 09:42:09,rodriguezt,6419,00:01:41,00:01:00,101,60,En Tiempo,10,3,0,00:00:22,22,Logico,"61-205         ",61-205 - LAVATORIO MONOC ALTO STEEL,0,0,09/01/2026 12:42:09
13754237,09/01/2026 09:43:03,09/01/2026 09:48:43,gsoderquvist,6415,00:03:17,00:05:40,197,340,Fuera de Tiempo,10,7,0,00:03:21,201,Logico,"AB-001         ",AB-001 - AGARRADERA ACERO INOX CROMADO 30 CM SAFE,0,0,09/01/2026 12:48:43
13754237,09/01/2026 09:43:03,09/01/2026 09:48:43,gsoderquvist,6415,00:03:17,00:05:40,197,340,Fuera de Tiempo,5,7,0,00:03:21,201,Logico,"AB-003         ",AB-003 - AGARRADERA ACERO INOX CROMADO 50 CM SAFE,0,0,09/01/2026 12:48:43
13754237,09/01/2026 09:43:03,09/01/2026 09:48:43,gsoderquvist,6415,00:03:17,00:05:40,197,340,Fuera de Tiempo,4,7,0,00:03:21,201,Logico,"22-178         ",22-178 - MONOCOMANDO DE COCINA P/AGUA FILTRADA VITA,0,0,09/01/2026 12:48:43
13754237,09/01/2026 09:43:03,09/01/2026 09:48:43,gsoderquvist,6415,00:03:17,00:05:40,197,340,Fuera de Tiempo,24,7,0,00:03:21,201,Logico,"BCH09          ",BCH09 - BACHA DE APOYAR RECTANGULAR 610x410x115,0,0,09/01/2026 12:48:43
13754237,09/01/2026 09:43:03,09/01/2026 09:48:43,gsoderquvist,6415,00:03:17,00:05:40,197,340,Fuera de Tiempo,2,7,0,00:03:21,201,Logico,"BCH07          ",BCH07 - BACHA DE APOYAR OVALADA 400x330x150,0,0,09/01/2026 12:48:43
13754237,09/01/2026 09:43:03,09/01/2026 09:48:43,gsoderquvist,6415,00:03:17,00:05:40,197,340,Fuera de Tiempo,6,7,0,00:03:21,201,Logico,"20-102         ","20-102 - MONOCOMANDO MESADA CROMO ""RENACER""",0,0,09/01/2026 12:48:43
13754237,09/01/2026 09:43:03,09/01/2026 09:48:43,gsoderquvist,6415,00:03:17,00:05:40,197,340,Fuera de Tiempo,5,7,0,00:03:21,201,Logico,"BCH12          ",BCH12 - BACHA DE APOYAR BLANCA 460x320x140,0,0,09/01/2026 12:48:43
13754294,09/01/2026 09:45:14,09/01/2026 09:48:24,rodriguezt,6419,00:03:02,00:03:10,182,190,Fuera de Tiempo,46,3,0,00:03:05,185,Logico,"70-176         ",70-176 - BIDE MONOC C/TRANSF CR RIO,0,0,09/01/2026 12:48:24
13754294,09/01/2026 09:45:14,09/01/2026 09:48:24,rodriguezt,6419,00:03:02,00:03:10,182,190,Fuera de Tiempo,48,3,0,00:03:05,185,Logico,"83-176         ",83-176 - DUCHA EXT. C/TRANSF. MONOC CR RIO,0,0,09/01/2026 12:48:24
13754294,09/01/2026 09:45:14,09/01/2026 09:48:24,rodriguezt,6419,00:03:02,00:03:10,182,190,Fuera de Tiempo,46,3,0,00:03:05,185,Logico,"60-176         ","LAVATORIO MONOCOMANDO BAJO CR RIO                                     ",0,0,09/01/2026 12:48:24
13754505,09/01/2026 09:52:59,09/01/2026 09:53:14,ascirica,6414,00:00:49,00:00:15,49,15,En Tiempo,2,1,0,00:09:48,588,Excedido,"16006          ",16006 - SET 6 PIEZAS ACCESORIOS LINEA 16000,0,0,09/01/2026 12:53:14
13754522,09/01/2026 09:53:46,09/01/2026 10:03:15,gsoderquvist,6415,00:07:01,00:09:29,421,569,Fuera de Tiempo,6,20,0,00:05:03,303,Logico,"21-160         ","MONOCOMANDO DUO COCINA CROMO DIQUE                                    ",0,0,09/01/2026 13:03:15
13754522,09/01/2026 09:53:46,09/01/2026 10:03:15,gsoderquvist,6415,00:07:01,00:09:29,421,569,Fuera de Tiempo,5,20,0,00:05:03,303,Logico,"20-140         ",20-140 - MONOCOMANDO DE COCINA LINEA CUINA,0,0,09/01/2026 13:03:15
13754522,09/01/2026 09:53:46,09/01/2026 10:03:15,gsoderquvist,6415,00:07:01,00:09:29,421,569,Fuera de Tiempo,2,20,0,00:05:03,303,Logico,"70-168         ",70-168 - BIDE MONOC CR WAVE,0,0,09/01/2026 13:03:15
13754522,09/01/2026 09:53:46,09/01/2026 10:03:15,gsoderquvist,6415,00:07:01,00:09:29,421,569,Fuera de Tiempo,2,20,0,00:05:03,303,Logico,"60-168         ",60-168 - LAVATORIO MONOC BAJO CR WAVE,0,0,09/01/2026 13:03:15
13754522,09/01/2026 09:53:46,09/01/2026 10:03:15,gsoderquvist,6415,00:07:01,00:09:29,421,569,Fuera de Tiempo,6,20,0,00:05:03,303,Logico,"70-133         ",70-133 - BIDE MONOCOMANDO LUGO,0,0,09/01/2026 13:03:15
13754522,09/01/2026 09:53:46,09/01/2026 10:03:15,gsoderquvist,6415,00:07:01,00:09:29,421,569,Fuera de Tiempo,1,20,0,00:05:03,303,Logico,"70-176         ",70-176 - BIDE MONOC C/TRANSF CR RIO,0,0,09/01/2026 13:03:15
13754522,09/01/2026 09:53:46,09/01/2026 10:03:15,gsoderquvist,6415,00:07:01,00:09:29,421,569,Fuera de Tiempo,1,20,0,00:05:03,303,Logico,"61-176N        ",61-176N - LAVATORIO MONOC ALTO BLACK RIO,0,0,09/01/2026 13:03:15
13754522,09/01/2026 09:53:46,09/01/2026 10:03:15,gsoderquvist,6415,00:07:01,00:09:29,421,569,Fuera de Tiempo,1,20,0,00:05:03,303,Logico,"83-176         ",83-176 - DUCHA EXT. C/TRANSF. MONOC CR RIO,0,0,09/01/2026 13:03:15
13754522,09/01/2026 09:53:46,09/01/2026 10:03:15,gsoderquvist,6415,00:07:01,00:09:29,421,569,Fuera de Tiempo,1,20,0,00:05:03,303,Logico,"83-176N        ",83-176N - DUCHA EXT. C/TRANSF. MONOC BLACK RIO,0,0,09/01/2026 13:03:15
13754522,09/01/2026 09:53:46,09/01/2026 10:03:15,gsoderquvist,6415,00:07:01,00:09:29,421,569,Fuera de Tiempo,1,20,0,00:05:03,303,Logico,"70-176N        ",70-176N - BIDE MONOC C/TRANSF BLACK RIO,0,0,09/01/2026 13:03:15
13754522,09/01/2026 09:53:46,09/01/2026 10:03:15,gsoderquvist,6415,00:07:01,00:09:29,421,569,Fuera de Tiempo,8,20,0,00:05:03,303,Logico,"20-160         ",20-160 - MONOCOMANDO MESADA COCINA DIQUE,0,0,09/01/2026 13:03:15
13754522,09/01/2026 09:53:46,09/01/2026 10:03:15,gsoderquvist,6415,00:07:01,00:09:29,421,569,Fuera de Tiempo,12,20,0,00:05:03,303,Logico,"83-133         ",83-133 - DUCHA EXT. C/TRANSF. MONOCOMANDO LUGO,0,0,09/01/2026 13:03:15
13754522,09/01/2026 09:53:46,09/01/2026 10:03:15,gsoderquvist,6415,00:07:01,00:09:29,421,569,Fuera de Tiempo,6,20,0,00:05:03,303,Logico,"60-133         ",60-133 - LAVATORIO MONOCOMANDO LUGO,0,0,09/01/2026 13:03:15
13754522,09/01/2026 09:53:46,09/01/2026 10:03:15,gsoderquvist,6415,00:07:01,00:09:29,421,569,Fuera de Tiempo,3,20,0,00:05:03,303,Logico,"85-168         ",85-168 - DUCHA MONOC C/TRANSF Y DUCHADOR CR WAVE,0,0,09/01/2026 13:03:15
13754522,09/01/2026 09:53:46,09/01/2026 10:03:15,gsoderquvist,6415,00:07:01,00:09:29,421,569,Fuera de Tiempo,2,20,0,00:05:03,303,Logico,"BCH12          ",BCH12 - BACHA DE APOYAR BLANCA 460x320x140,0,0,09/01/2026 13:03:15
13754522,09/01/2026 09:53:46,09/01/2026 10:03:15,gsoderquvist,6415,00:07:01,00:09:29,421,569,Fuera de Tiempo,2,20,0,00:05:03,303,Logico,"BCH02          ",BCH02 - BACHA DE APOYAR CIRCULAR 1 AG. 415x145,0,0,09/01/2026 13:03:15
13754522,09/01/2026 09:53:46,09/01/2026 10:03:15,gsoderquvist,6415,00:07:01,00:09:29,421,569,Fuera de Tiempo,1,20,0,00:05:03,303,Logico,"85-168N        ",85-168N - DUCHA MONOC C/TRANSF Y DUCHADOR BLACK WAVE,0,0,09/01/2026 13:03:15
13754522,09/01/2026 09:53:46,09/01/2026 10:03:15,gsoderquvist,6415,00:07:01,00:09:29,421,569,Fuera de Tiempo,2,20,0,00:05:03,303,Logico,"61-203         ",61-203 - LAVATORIO MONOCOMANDO ALTO ADRA,0,0,09/01/2026 13:03:15
13754522,09/01/2026 09:53:46,09/01/2026 10:03:15,gsoderquvist,6415,00:07:01,00:09:29,421,569,Fuera de Tiempo,4,20,0,00:05:03,303,Logico,"RU989          ",RU989 - VASO DE VIDRIO CUADRADO REPUESTO,0,0,09/01/2026 13:03:15
13754522,09/01/2026 09:53:46,09/01/2026 10:03:15,gsoderquvist,6415,00:07:01,00:09:29,421,569,Fuera de Tiempo,20,20,0,00:05:03,303,Logico,"RS392          ",RS392 - O-RING M2695 W=4 Øint 34,0,0,09/01/2026 13:03:15
13754560,09/01/2026 09:55:03,09/01/2026 09:55:14,ascirica,6414,00:00:57,00:00:11,57,11,En Tiempo,1,3,0,00:01:49,109,Logico,"61-180         ",61-180 - LAVATORIO MONOCOMANDO ALTO VERA,0,0,09/01/2026 12:55:14
13754560,09/01/2026 09:55:03,09/01/2026 09:55:14,ascirica,6414,00:00:57,00:00:11,57,11,En Tiempo,1,3,0,00:01:49,109,Logico,"20-162         ",20-162 - MONOCOMANDO COCINA ADRA,0,0,09/01/2026 12:55:14
13754560,09/01/2026 09:55:03,09/01/2026 09:55:14,ascirica,6414,00:00:57,00:00:11,57,11,En Tiempo,2,3,0,00:01:49,109,Logico,"70-153         ",70-153 - BIDE CR C.CERAM CASTILLA,0,0,09/01/2026 12:55:14
13754586,09/01/2026 09:56:16,09/01/2026 09:56:26,ascirica,6414,00:00:49,00:00:10,49,10,En Tiempo,2,1,0,00:01:02,62,Logico,"D439           ",D439 - KIT DE DUCHA MANUAL,0,0,09/01/2026 12:56:26
13754616,09/01/2026 09:57:32,09/01/2026 10:03:50,ascirica,6414,00:01:46,00:06:18,106,378,Fuera de Tiempo,3,7,0,00:01:06,66,Logico,"RA002          ",RA002 - CABEZAL DERECHO CIERRE CERAMICO (FRIA),0,0,09/01/2026 13:03:50
13754616,09/01/2026 09:57:32,09/01/2026 10:03:50,ascirica,6414,00:01:46,00:06:18,106,378,Fuera de Tiempo,1,7,0,00:01:06,66,Logico,"RA003          ",RA003 - CABEZAL IZQUIERDO CIERRE CERAMICO (CALIENTE),0,0,09/01/2026 13:03:50
13754616,09/01/2026 09:57:32,09/01/2026 10:03:50,ascirica,6414,00:01:46,00:06:18,106,378,Fuera de Tiempo,1,7,0,00:01:06,66,Logico,"60-121         ",60-121 - LAVATORIO C.CERAM CR MARBELLA,0,0,09/01/2026 13:03:50
13754616,09/01/2026 09:57:32,09/01/2026 10:03:50,ascirica,6414,00:01:46,00:06:18,106,378,Fuera de Tiempo,1,7,0,00:01:06,66,Logico,"70-121         ",70-121 - BIDE C.CERAM CR MARBELLA,0,0,09/01/2026 13:03:50
13754616,09/01/2026 09:57:32,09/01/2026 10:03:50,ascirica,6414,00:01:46,00:06:18,106,378,Fuera de Tiempo,2,7,0,00:01:06,66,Logico,"61-180         ",61-180 - LAVATORIO MONOCOMANDO ALTO VERA,0,0,09/01/2026 13:03:50
13754616,09/01/2026 09:57:32,09/01/2026 10:03:50,ascirica,6414,00:01:46,00:06:18,106,378,Fuera de Tiempo,1,7,0,00:01:06,66,Logico,"60-122         ",60-122 - LAVATORIO C.CERAM CR VALENCIA,0,0,09/01/2026 13:03:50
13754616,09/01/2026 09:57:32,09/01/2026 10:03:50,ascirica,6414,00:01:46,00:06:18,106,378,Fuera de Tiempo,1,7,0,00:01:06,66,Logico,"70-122         ",70-122 - BIDE C.CERAM CR VALENCIA,0,0,09/01/2026 13:03:50
13754698,09/01/2026 10:00:24,09/01/2026 10:08:54,rodriguezt,6419,00:02:34,00:08:30,154,510,Fuera de Tiempo,30,4,0,00:12:00,720,Excedido,"20-184         ","MONOCOMANDO DE COCINA CR SUV                                          ",0,0,09/01/2026 13:08:54
13754698,09/01/2026 10:00:24,09/01/2026 10:08:54,rodriguezt,6419,00:02:34,00:08:30,154,510,Fuera de Tiempo,1,4,0,00:12:00,720,Excedido,"84-203         ","DUCHA EXT C/COLUMNA Y TRANSF CR ADRA                                  ",0,0,09/01/2026 13:08:54
13754698,09/01/2026 10:00:24,09/01/2026 10:08:54,rodriguezt,6419,00:02:34,00:08:30,154,510,Fuera de Tiempo,30,4,0,00:12:00,720,Excedido,"20-147         ",20-147 - MONOCOMANDO DE COCINA SWIFT,0,0,09/01/2026 13:08:54
13754698,09/01/2026 10:00:24,09/01/2026 10:08:54,rodriguezt,6419,00:02:34,00:08:30,154,510,Fuera de Tiempo,24,4,0,00:12:00,720,Excedido,"20-160         ",20-160 - MONOCOMANDO MESADA COCINA DIQUE,0,0,09/01/2026 13:08:54
13754707,09/01/2026 10:00:41,09/01/2026 10:02:38,rodriguezt,6419,00:02:12,00:01:57,132,117,En Tiempo,15,4,0,23:51:47,-493,Logico,"80-183         ","DUCHA EMB C/TRANSF MONOCOMANDO MAT                                    ",0,0,09/01/2026 13:02:38
13754707,09/01/2026 10:00:41,09/01/2026 10:02:38,rodriguezt,6419,00:02:12,00:01:57,132,117,En Tiempo,15,4,0,23:51:47,-493,Logico,"63-183         ","LAVATORIO PARED EMB MONOCOMANDO MAT                                   ",0,0,09/01/2026 13:02:38
13754707,09/01/2026 10:00:41,09/01/2026 10:02:38,rodriguezt,6419,00:02:12,00:01:57,132,117,En Tiempo,15,4,0,23:51:47,-493,Logico,"60-183         ","LAVATORIO MONOCOMANDO BAJO MAT                                        ",0,0,09/01/2026 13:02:38
13754707,09/01/2026 10:00:41,09/01/2026 10:02:38,rodriguezt,6419,00:02:12,00:01:57,132,117,En Tiempo,15,4,0,23:51:47,-493,Logico,"70-183         ","BIDE MONOCOMANDO C/TRANSF MAT                                         ",0,0,09/01/2026 13:02:38
13754786,09/01/2026 10:03:35,09/01/2026 10:06:12,gsoderquvist,6415,00:00:49,00:02:37,49,157,Fuera de Tiempo,1,1,0,00:00:20,20,Logico,"60-200N        ",60-200N - LAVATORIO MONOC BAJO BLACK FABRIC,0,0,09/01/2026 13:06:12
13754843,09/01/2026 10:05:35,09/01/2026 10:09:47,ascirica,6414,00:02:36,00:04:12,156,252,Fuera de Tiempo,4,7,0,00:01:45,105,Logico,"910/M          ","910/M - JGO.MDA.P.CANO CROMO ""DIQUE""",0,0,09/01/2026 13:09:47
13754843,09/01/2026 10:05:35,09/01/2026 10:09:47,ascirica,6414,00:02:36,00:04:12,156,252,Fuera de Tiempo,2,7,0,00:01:45,105,Logico,"835            ",835 - JGO.MDA. P.FUNDIDO CR MURCIA,0,0,09/01/2026 13:09:47
13754843,09/01/2026 10:05:35,09/01/2026 10:09:47,ascirica,6414,00:02:36,00:04:12,156,252,Fuera de Tiempo,2,7,0,00:01:45,105,Logico,"60-193         ",60-193 - LAVATORIO MONOCOMANDO BAJO MORA,0,0,09/01/2026 13:09:47
13754843,09/01/2026 10:05:35,09/01/2026 10:09:47,ascirica,6414,00:02:36,00:04:12,156,252,Fuera de Tiempo,9,7,0,00:01:45,105,Logico,"20-122N        ",20-122N - MONOCOMANDO COCINA C/PICO EXTRAIBLE VALENCIA BLACK,0,0,09/01/2026 13:09:47
13754843,09/01/2026 10:05:35,09/01/2026 10:09:47,ascirica,6414,00:02:36,00:04:12,156,252,Fuera de Tiempo,3,7,0,00:01:45,105,Logico,"20-160         ",20-160 - MONOCOMANDO MESADA COCINA DIQUE,0,0,09/01/2026 13:09:47
13754843,09/01/2026 10:05:35,09/01/2026 10:09:47,ascirica,6414,00:02:36,00:04:12,156,252,Fuera de Tiempo,4,7,0,00:01:45,105,Logico,"21-160         ","MONOCOMANDO DUO COCINA CROMO DIQUE                                    ",0,0,09/01/2026 13:09:47
13754843,09/01/2026 10:05:35,09/01/2026 10:09:47,ascirica,6414,00:02:36,00:04:12,156,252,Fuera de Tiempo,2,7,0,00:01:45,105,Logico,"60-057         ",60-057 - LAVATORIO C.STD VERIN PLUS,0,0,09/01/2026 13:09:47
13755034,09/01/2026 10:09:51,09/01/2026 10:16:57,nievasm,7310,00:07:18,00:07:06,438,426,En Tiempo,1,24,0,03:03:35,11015,Excedido,"52-121         ",52-121 - GRIFERIA REBATIBLE P/LLENADO DE OLLAS MARBELLA,0,0,09/01/2026 13:16:57
13755034,09/01/2026 10:09:51,09/01/2026 10:16:57,nievasm,7310,00:07:18,00:07:06,438,426,En Tiempo,2,24,0,03:03:35,11015,Excedido,"83-193         ",83-193 - DUCHA EXT. C/TRANSF. MONOCOMANDO MORA,0,0,09/01/2026 13:16:57
13755034,09/01/2026 10:09:51,09/01/2026 10:16:57,nievasm,7310,00:07:18,00:07:06,438,426,En Tiempo,3,24,0,03:03:35,11015,Excedido,"20-121         ",20-121 - COCINA MSDA MONOC.P. REDONDO MARBELLA,0,0,09/01/2026 13:16:57
13755034,09/01/2026 10:09:51,09/01/2026 10:16:57,nievasm,7310,00:07:18,00:07:06,438,426,En Tiempo,3,24,0,03:03:35,11015,Excedido,"20-147         ",20-147 - MONOCOMANDO DE COCINA SWIFT,0,0,09/01/2026 13:16:57
13755034,09/01/2026 10:09:51,09/01/2026 10:16:57,nievasm,7310,00:07:18,00:07:06,438,426,En Tiempo,4,24,0,03:03:35,11015,Excedido,"70-133         ",70-133 - BIDE MONOCOMANDO LUGO,0,0,09/01/2026 13:16:57
13755034,09/01/2026 10:09:51,09/01/2026 10:16:57,nievasm,7310,00:07:18,00:07:06,438,426,En Tiempo,3,24,0,03:03:35,11015,Excedido,"20-182         ",20-182 - MONOCOMANDO DE COCINA MULTIFUNCION CR ZENITH,0,0,09/01/2026 13:16:57
13755034,09/01/2026 10:09:51,09/01/2026 10:16:57,nievasm,7310,00:07:18,00:07:06,438,426,En Tiempo,3,24,0,03:03:35,11015,Excedido,"20-190         ",20-190 - COCINA MESADA MONOC BLACK VELVET,0,0,09/01/2026 13:16:57
13755034,09/01/2026 10:09:51,09/01/2026 10:16:57,nievasm,7310,00:07:18,00:07:06,438,426,En Tiempo,7,24,0,03:03:35,11015,Excedido,"60-133         ",60-133 - LAVATORIO MONOCOMANDO LUGO,0,0,09/01/2026 13:16:57
13755034,09/01/2026 10:09:51,09/01/2026 10:16:57,nievasm,7310,00:07:18,00:07:06,438,426,En Tiempo,6,24,0,03:03:35,11015,Excedido,"83-133         ",83-133 - DUCHA EXT. C/TRANSF. MONOCOMANDO LUGO,0,0,09/01/2026 13:16:57
13755034,09/01/2026 10:09:51,09/01/2026 10:16:57,nievasm,7310,00:07:18,00:07:06,438,426,En Tiempo,6,24,0,03:03:35,11015,Excedido,"20-122S        ","MONOCOMANDO COCINA INOX C/PICO EXTRAIBLE VALENCIA                     ",0,0,09/01/2026 13:16:57
13755034,09/01/2026 10:09:51,09/01/2026 10:16:57,nievasm,7310,00:07:18,00:07:06,438,426,En Tiempo,2,24,0,03:03:35,11015,Excedido,"70-001N        ","70-001N - BIDE ""CROMO Y""",0,0,09/01/2026 13:16:57
13755034,09/01/2026 10:09:51,09/01/2026 10:16:57,nievasm,7310,00:07:18,00:07:06,438,426,En Tiempo,2,24,0,03:03:35,11015,Excedido,"60-001N        ","60-001N - LAVATORIO ""CROMO Y""",0,0,09/01/2026 13:16:57
13755034,09/01/2026 10:09:51,09/01/2026 10:16:57,nievasm,7310,00:07:18,00:07:06,438,426,En Tiempo,1,24,0,03:03:35,11015,Excedido,"70-190         ",70-190 - BIDE C.CERAM BLACK VELVET,0,0,09/01/2026 13:16:57
13755034,09/01/2026 10:09:51,09/01/2026 10:16:57,nievasm,7310,00:07:18,00:07:06,438,426,En Tiempo,2,24,0,03:03:35,11015,Excedido,"60-122         ",60-122 - LAVATORIO C.CERAM CR VALENCIA,0,0,09/01/2026 13:16:57
13755034,09/01/2026 10:09:51,09/01/2026 10:16:57,nievasm,7310,00:07:18,00:07:06,438,426,En Tiempo,1,24,0,03:03:35,11015,Excedido,"70-122         ",70-122 - BIDE C.CERAM CR VALENCIA,0,0,09/01/2026 13:16:57
13755034,09/01/2026 10:09:51,09/01/2026 10:16:57,nievasm,7310,00:07:18,00:07:06,438,426,En Tiempo,2,24,0,03:03:35,11015,Excedido,"60-203         ",60-203 - LAVATORIO MONOCOMANDO BAJO ADRA,0,0,09/01/2026 13:16:57
13755034,09/01/2026 10:09:51,09/01/2026 10:16:57,nievasm,7310,00:07:18,00:07:06,438,426,En Tiempo,2,24,0,03:03:35,11015,Excedido,"80-138         ",80-138 - DUCHA EMB. C/TRANSF. CR C.CERAM VALENCIA PLUS,0,0,09/01/2026 13:16:57
13755034,09/01/2026 10:09:51,09/01/2026 10:16:57,nievasm,7310,00:07:18,00:07:06,438,426,En Tiempo,7,24,0,03:03:35,11015,Excedido,"70-057         ",70-057 - BIDE C.STD VERIN PLUS,0,0,09/01/2026 13:16:57
13755034,09/01/2026 10:09:51,09/01/2026 10:16:57,nievasm,7310,00:07:18,00:07:06,438,426,En Tiempo,8,24,0,03:03:35,11015,Excedido,"60-057         ",60-057 - LAVATORIO C.STD VERIN PLUS,0,0,09/01/2026 13:16:57
13755034,09/01/2026 10:09:51,09/01/2026 10:16:57,nievasm,7310,00:07:18,00:07:06,438,426,En Tiempo,9,24,0,03:03:35,11015,Excedido,"80-057         ",80-057 - DUCHA EMB. C/TRANSF. C.STD VERIN PLUS,0,0,09/01/2026 13:16:57
13755034,09/01/2026 10:09:51,09/01/2026 10:16:57,nievasm,7310,00:07:18,00:07:06,438,426,En Tiempo,5,24,0,03:03:35,11015,Excedido,"70-162         ",70-162 - BIDE CR C.CERAM LINEA ADRA,0,0,09/01/2026 13:16:57
13755034,09/01/2026 10:09:51,09/01/2026 10:16:57,nievasm,7310,00:07:18,00:07:06,438,426,En Tiempo,5,24,0,03:03:35,11015,Excedido,"80-166         ","DUCHA EMB. C/TRANSF. CR C.CERAM ADRA PLUS                             ",0,0,09/01/2026 13:16:57
13755034,09/01/2026 10:09:51,09/01/2026 10:16:57,nievasm,7310,00:07:18,00:07:06,438,426,En Tiempo,5,24,0,03:03:35,11015,Excedido,"60-162         ",60-162 - LAVATORIO CR C.CERAM LINEA ADRA,0,0,09/01/2026 13:16:57
13755034,09/01/2026 10:09:51,09/01/2026 10:16:57,nievasm,7310,00:07:18,00:07:06,438,426,En Tiempo,2,24,0,03:03:35,11015,Excedido,"60-058         ",60-058 - LAVATORIO CR C.STD MALBA,0,0,09/01/2026 13:16:57
13755038,09/01/2026 10:10:01,09/01/2026 10:10:41,rodriguezt,6419,00:03:02,00:00:40,182,40,En Tiempo,50,3,0,00:01:07,67,Logico,"1325           ","QUEINOX MACHO MOVIL MH 1/2"" x 25                                      ",0,0,09/01/2026 13:10:41
13755038,09/01/2026 10:10:01,09/01/2026 10:10:41,rodriguezt,6419,00:03:02,00:00:40,182,40,En Tiempo,50,3,0,00:01:07,67,Logico,"1335           ","QUEINOX MACHO MOVIL MH 1/2"" x 35                                      ",0,0,09/01/2026 13:10:41
13755038,09/01/2026 10:10:01,09/01/2026 10:10:41,rodriguezt,6419,00:03:02,00:00:40,182,40,En Tiempo,50,3,0,00:01:07,67,Logico,"1330           ","QUEINOX MACHO MOVIL MH 1/2"" x 30                                      ",0,0,09/01/2026 13:10:41
13755072,09/01/2026 10:11:12,09/01/2026 10:12:01,rodriguezt,6419,00:02:41,00:00:49,161,49,En Tiempo,10,5,0,00:00:31,31,Logico,"70-176         ",70-176 - BIDE MONOC C/TRANSF CR RIO,0,0,09/01/2026 13:12:01
13755072,09/01/2026 10:11:12,09/01/2026 10:12:01,rodriguezt,6419,00:02:41,00:00:49,161,49,En Tiempo,20,5,0,00:00:31,31,Logico,"60-176         ","LAVATORIO MONOCOMANDO BAJO CR RIO                                     ",0,0,09/01/2026 13:12:01
13755072,09/01/2026 10:11:12,09/01/2026 10:12:01,rodriguezt,6419,00:02:41,00:00:49,161,49,En Tiempo,6,5,0,00:00:31,31,Logico,"70-176N        ",70-176N - BIDE MONOC C/TRANSF BLACK RIO,0,0,09/01/2026 13:12:01
13755072,09/01/2026 10:11:12,09/01/2026 10:12:01,rodriguezt,6419,00:02:41,00:00:49,161,49,En Tiempo,20,5,0,00:00:31,31,Logico,"12006          ","SET DE 6 PIEZAS LINEA 12000                                           ",0,0,09/01/2026 13:12:01
13755072,09/01/2026 10:11:12,09/01/2026 10:12:01,rodriguezt,6419,00:02:41,00:00:49,161,49,En Tiempo,10,5,0,00:00:31,31,Logico,"3006SS         ",3006SS - SET DE 6 PIEZAS LINEA 3000 SS,0,0,09/01/2026 13:12:01
13755395,09/01/2026 10:23:51,09/01/2026 10:29:29,gsoderquvist,6415,00:02:07,00:05:38,127,338,Fuera de Tiempo,10,5,0,00:17:39,1059,Excedido,"21-160         ","MONOCOMANDO DUO COCINA CROMO DIQUE                                    ",0,0,09/01/2026 13:29:29
13755395,09/01/2026 10:23:51,09/01/2026 10:29:29,gsoderquvist,6415,00:02:07,00:05:38,127,338,Fuera de Tiempo,1,5,0,00:17:39,1059,Excedido,"20-202NI       ",20-202NI - MONOCOMANDO COCINA NICKEL HOOP,0,0,09/01/2026 13:29:29
13755395,09/01/2026 10:23:51,09/01/2026 10:29:29,gsoderquvist,6415,00:02:07,00:05:38,127,338,Fuera de Tiempo,10,5,0,00:17:39,1059,Excedido,"20-147         ",20-147 - MONOCOMANDO DE COCINA SWIFT,0,0,09/01/2026 13:29:29
13755395,09/01/2026 10:23:51,09/01/2026 10:29:29,gsoderquvist,6415,00:02:07,00:05:38,127,338,Fuera de Tiempo,8,5,0,00:17:39,1059,Excedido,"85-168         ",85-168 - DUCHA MONOC C/TRANSF Y DUCHADOR CR WAVE,0,0,09/01/2026 13:29:29
13755395,09/01/2026 10:23:51,09/01/2026 10:29:29,gsoderquvist,6415,00:02:07,00:05:38,127,338,Fuera de Tiempo,4,5,0,00:17:39,1059,Excedido,"51-131         ",51-131 - MESADA BIMANDO CR C.CERAM MALLORCA,0,0,09/01/2026 13:29:29
13755421,09/01/2026 10:24:59,09/01/2026 10:26:31,ascirica,6414,00:01:45,00:01:32,105,92,En Tiempo,8,4,0,00:15:12,912,Excedido,"20-160         ",20-160 - MONOCOMANDO MESADA COCINA DIQUE,0,0,09/01/2026 13:26:31
13755421,09/01/2026 10:24:59,09/01/2026 10:26:31,ascirica,6414,00:01:45,00:01:32,105,92,En Tiempo,9,4,0,00:15:12,912,Excedido,"70-131         ",70-131 - BIDE C.CERAM CR MALLORCA,0,0,09/01/2026 13:26:31
13755421,09/01/2026 10:24:59,09/01/2026 10:26:31,ascirica,6414,00:01:45,00:01:32,105,92,En Tiempo,10,4,0,00:15:12,912,Excedido,"80-131         ",80-131 - DUCHA EMB. C/TRANSF. CR C.CERAM MALLORCA,0,0,09/01/2026 13:26:31
13755421,09/01/2026 10:24:59,09/01/2026 10:26:31,ascirica,6414,00:01:45,00:01:32,105,92,En Tiempo,9,4,0,00:15:12,912,Excedido,"60-131         ",60-131 - LAVATORIO C.CERAM CR MALLORCA,0,0,09/01/2026 13:26:31
13755501,09/01/2026 10:27:50,09/01/2026 10:28:16,ascirica,6414,00:01:01,00:00:26,61,26,En Tiempo,6,2,0,00:01:19,79,Logico,"61-176N        ",61-176N - LAVATORIO MONOC ALTO BLACK RIO,0,0,09/01/2026 13:28:16
13755501,09/01/2026 10:27:50,09/01/2026 10:28:16,ascirica,6414,00:01:01,00:00:26,61,26,En Tiempo,6,2,0,00:01:19,79,Logico,"BCH19          ","BACHA DE APOYAR BLANCA 365x235x120                                    ",0,0,09/01/2026 13:28:16
13755586,09/01/2026 10:30:21,09/01/2026 10:32:45,ascirica,6414,00:01:24,00:02:24,84,144,Fuera de Tiempo,9,3,0,00:02:05,125,Logico,"70-131         ",70-131 - BIDE C.CERAM CR MALLORCA,0,0,09/01/2026 13:32:45
13755586,09/01/2026 10:30:21,09/01/2026 10:32:45,ascirica,6414,00:01:24,00:02:24,84,144,Fuera de Tiempo,9,3,0,00:02:05,125,Logico,"80-131         ",80-131 - DUCHA EMB. C/TRANSF. CR C.CERAM MALLORCA,0,0,09/01/2026 13:32:45
13755586,09/01/2026 10:30:21,09/01/2026 10:32:45,ascirica,6414,00:01:24,00:02:24,84,144,Fuera de Tiempo,9,3,0,00:02:05,125,Logico,"60-131         ",60-131 - LAVATORIO C.CERAM CR MALLORCA,0,0,09/01/2026 13:32:45
13755588,09/01/2026 10:30:22,09/01/2026 10:49:07,gsoderquvist,6415,00:01:16,00:18:45,76,1125,Fuera de Tiempo,6,3,0,00:00:53,53,Logico,"61-168N        ",61-168N - LAVATORIO MONOC ALTO BLACK WAVE,0,0,09/01/2026 13:49:07
13755588,09/01/2026 10:30:22,09/01/2026 10:49:07,gsoderquvist,6415,00:01:16,00:18:45,76,1125,Fuera de Tiempo,6,3,0,00:00:53,53,Logico,"BCH10          ",BCH10 - BACHA DE APOYAR NEGRO MATE 460x320x140,0,0,09/01/2026 13:49:07
13755588,09/01/2026 10:30:22,09/01/2026 10:49:07,gsoderquvist,6415,00:01:16,00:18:45,76,1125,Fuera de Tiempo,2,3,0,00:00:53,53,Logico,"BCH09          ",BCH09 - BACHA DE APOYAR RECTANGULAR 610x410x115,0,0,09/01/2026 13:49:07
13755608,09/01/2026 10:30:45,09/01/2026 10:31:40,rodriguezt,6419,00:04:40,00:00:55,280,55,En Tiempo,1,16,0,00:18:44,1124,Excedido,"84-180         ",84-180 - GRIFERIA DE PIE P/BAÑERA EXENTA VERA,0,0,09/01/2026 13:31:40
13755608,09/01/2026 10:30:45,09/01/2026 10:31:40,rodriguezt,6419,00:04:40,00:00:55,280,55,En Tiempo,1,16,0,00:18:44,1124,Excedido,"30-132         ",30-132 - COCINA MESADA MONOC. C/DUCHADOR EXTENSIBLE VIGO,0,0,09/01/2026 13:31:40
13755608,09/01/2026 10:30:45,09/01/2026 10:31:40,rodriguezt,6419,00:04:40,00:00:55,280,55,En Tiempo,1,16,0,00:18:44,1124,Excedido,"84-190         ",84-190 - DUCHA EXTERIOR CON COLUMNA BLACK VELVET,0,0,09/01/2026 13:31:40
13755608,09/01/2026 10:30:45,09/01/2026 10:31:40,rodriguezt,6419,00:04:40,00:00:55,280,55,En Tiempo,2,16,0,00:18:44,1124,Excedido,"70-205         ",70-205 - BIDE MONOCOMANDO STEEL,0,0,09/01/2026 13:31:40
13755608,09/01/2026 10:30:45,09/01/2026 10:31:40,rodriguezt,6419,00:04:40,00:00:55,280,55,En Tiempo,2,16,0,00:18:44,1124,Excedido,"61-205         ",61-205 - LAVATORIO MONOC ALTO STEEL,0,0,09/01/2026 13:31:40
13755608,09/01/2026 10:30:45,09/01/2026 10:31:40,rodriguezt,6419,00:04:40,00:00:55,280,55,En Tiempo,2,16,0,00:18:44,1124,Excedido,"61-200G        ",61-200G - LAVATORIO MONOC ALTO GOLD FABRIC,0,0,09/01/2026 13:31:40
13755608,09/01/2026 10:30:45,09/01/2026 10:31:40,rodriguezt,6419,00:04:40,00:00:55,280,55,En Tiempo,1,16,0,00:18:44,1124,Excedido,"18060          ",18060 - PORTA VASO Y CEPILLO NIQUEL LINEA BEAT,0,0,09/01/2026 13:31:40
13755608,09/01/2026 10:30:45,09/01/2026 10:31:40,rodriguezt,6419,00:04:40,00:00:55,280,55,En Tiempo,1,16,0,00:18:44,1124,Excedido,"61-183         ","LAVATORIO MONOCOMANDO ALTO MAT                                        ",0,0,09/01/2026 13:31:40
13755608,09/01/2026 10:30:45,09/01/2026 10:31:40,rodriguezt,6419,00:04:40,00:00:55,280,55,En Tiempo,2,16,0,00:18:44,1124,Excedido,"70-183         ","BIDE MONOCOMANDO C/TRANSF MAT                                         ",0,0,09/01/2026 13:31:40
13755608,09/01/2026 10:30:45,09/01/2026 10:31:40,rodriguezt,6419,00:04:40,00:00:55,280,55,En Tiempo,2,16,0,00:18:44,1124,Excedido,"60-183         ","LAVATORIO MONOCOMANDO BAJO MAT                                        ",0,0,09/01/2026 13:31:40
13755608,09/01/2026 10:30:45,09/01/2026 10:31:40,rodriguezt,6419,00:04:40,00:00:55,280,55,En Tiempo,2,16,0,00:18:44,1124,Excedido,"80-183         ","DUCHA EMB C/TRANSF MONOCOMANDO MAT                                    ",0,0,09/01/2026 13:31:40
13755608,09/01/2026 10:30:45,09/01/2026 10:31:40,rodriguezt,6419,00:04:40,00:00:55,280,55,En Tiempo,4,16,0,00:18:44,1124,Excedido,"17030C         ",17030C - PERCHA LINEA FABRIC CROMO,0,0,09/01/2026 13:31:40
13755608,09/01/2026 10:30:45,09/01/2026 10:31:40,rodriguezt,6419,00:04:40,00:00:55,280,55,En Tiempo,1,16,0,00:18:44,1124,Excedido,"17020C         ",17020C - TOALLERO DE ARO LINEA FABRIC CROMO,0,0,09/01/2026 13:31:40
13755608,09/01/2026 10:30:45,09/01/2026 10:31:40,rodriguezt,6419,00:04:40,00:00:55,280,55,En Tiempo,1,16,0,00:18:44,1124,Excedido,"16006          ",16006 - SET 6 PIEZAS ACCESORIOS LINEA 16000,0,0,09/01/2026 13:31:40
13755608,09/01/2026 10:30:45,09/01/2026 10:31:40,rodriguezt,6419,00:04:40,00:00:55,280,55,En Tiempo,1,16,0,00:18:44,1124,Excedido,"51-122         ",51-122 - MESADA BIMANDO CR C.CERAM VALENCIA,0,0,09/01/2026 13:31:40
13755608,09/01/2026 10:30:45,09/01/2026 10:31:40,rodriguezt,6419,00:04:40,00:00:55,280,55,En Tiempo,2,16,0,00:18:44,1124,Excedido,"BAI01N         ",BAI01N - BACHA EMB COCINA C/ACCESORIOS 750x450x220 BLACK GUN BRUSHED,0,0,09/01/2026 13:31:40
13755621,09/01/2026 10:31:06,09/01/2026 10:31:29,nievasm,7310,00:00:58,00:00:23,58,23,En Tiempo,2,3,0,00:14:09,849,Excedido,"INO103-1       ","INODORO BLANCO C/ASIENTO LINEA URBAN                                  ",0,0,09/01/2026 13:31:29
13755621,09/01/2026 10:31:06,09/01/2026 10:31:29,nievasm,7310,00:00:58,00:00:23,58,23,En Tiempo,2,3,0,00:14:09,849,Excedido,"INO103-2       ","DEPOSITO C/DESCARGA DUAL BLANCO LINEA URBAN                           ",0,0,09/01/2026 13:31:29
13755621,09/01/2026 10:31:06,09/01/2026 10:31:29,nievasm,7310,00:00:58,00:00:23,58,23,En Tiempo,2,3,0,00:14:09,849,Excedido,"BID103-1       ","BIDE 1 AGUJERO BLANCO LINEA URBAN                                     ",0,0,09/01/2026 13:31:29
13755670,09/01/2026 10:32:40,09/01/2026 10:42:08,rodriguezt,6419,00:02:07,00:09:28,127,568,Fuera de Tiempo,2,5,0,00:01:00,60,Logico,"70-176         ",70-176 - BIDE MONOC C/TRANSF CR RIO,0,0,09/01/2026 13:42:08
13755670,09/01/2026 10:32:40,09/01/2026 10:42:08,rodriguezt,6419,00:02:07,00:09:28,127,568,Fuera de Tiempo,1,5,0,00:01:00,60,Logico,"83-176         ",83-176 - DUCHA EXT. C/TRANSF. MONOC CR RIO,0,0,09/01/2026 13:42:08
13755670,09/01/2026 10:32:40,09/01/2026 10:42:08,rodriguezt,6419,00:02:07,00:09:28,127,568,Fuera de Tiempo,6,5,0,00:01:00,60,Logico,"70-133         ",70-133 - BIDE MONOCOMANDO LUGO,0,0,09/01/2026 13:42:08
13755670,09/01/2026 10:32:40,09/01/2026 10:42:08,rodriguezt,6419,00:02:07,00:09:28,127,568,Fuera de Tiempo,12,5,0,00:01:00,60,Logico,"20-146         ",20-146 - MONOCOMANDO DE COCINA CR LINEA MOVE,0,0,09/01/2026 13:42:08
13755670,09/01/2026 10:32:40,09/01/2026 10:42:08,rodriguezt,6419,00:02:07,00:09:28,127,568,Fuera de Tiempo,6,5,0,00:01:00,60,Logico,"60-133         ",60-133 - LAVATORIO MONOCOMANDO LUGO,0,0,09/01/2026 13:42:08
13755748,09/01/2026 10:35:15,09/01/2026 10:36:13,ascirica,6414,00:04:11,00:00:58,251,58,En Tiempo,2,13,0,00:02:30,150,Logico,"70-162         ",70-162 - BIDE CR C.CERAM LINEA ADRA,0,0,09/01/2026 13:36:13
13755748,09/01/2026 10:35:15,09/01/2026 10:36:13,ascirica,6414,00:04:11,00:00:58,251,58,En Tiempo,1,13,0,00:02:30,150,Logico,"80-166         ","DUCHA EMB. C/TRANSF. CR C.CERAM ADRA PLUS                             ",0,0,09/01/2026 13:36:13
13755748,09/01/2026 10:35:15,09/01/2026 10:36:13,ascirica,6414,00:04:11,00:00:58,251,58,En Tiempo,1,13,0,00:02:30,150,Logico,"80-057         ",80-057 - DUCHA EMB. C/TRANSF. C.STD VERIN PLUS,0,0,09/01/2026 13:36:13
13755748,09/01/2026 10:35:15,09/01/2026 10:36:13,ascirica,6414,00:04:11,00:00:58,251,58,En Tiempo,1,13,0,00:02:30,150,Logico,"70-057         ",70-057 - BIDE C.STD VERIN PLUS,0,0,09/01/2026 13:36:13
13755748,09/01/2026 10:35:15,09/01/2026 10:36:13,ascirica,6414,00:04:11,00:00:58,251,58,En Tiempo,2,13,0,00:02:30,150,Logico,"60-057         ",60-057 - LAVATORIO C.STD VERIN PLUS,0,0,09/01/2026 13:36:13
13755748,09/01/2026 10:35:15,09/01/2026 10:36:13,ascirica,6414,00:04:11,00:00:58,251,58,En Tiempo,1,13,0,00:02:30,150,Logico,"60-199         ",60-199 - LAVATORIO CR C.CERAM LIVE,0,0,09/01/2026 13:36:13
13755748,09/01/2026 10:35:15,09/01/2026 10:36:13,ascirica,6414,00:04:11,00:00:58,251,58,En Tiempo,1,13,0,00:02:30,150,Logico,"80-199         ",80-199 - DUCHA EMB. C/TRANSF. CR C.CERAM LIVE,0,0,09/01/2026 13:36:13
13755748,09/01/2026 10:35:15,09/01/2026 10:36:13,ascirica,6414,00:04:11,00:00:58,251,58,En Tiempo,10,13,0,00:02:30,150,Logico,"12006          ","SET DE 6 PIEZAS LINEA 12000                                           ",0,0,09/01/2026 13:36:13
13755748,09/01/2026 10:35:15,09/01/2026 10:36:13,ascirica,6414,00:04:11,00:00:58,251,58,En Tiempo,1,13,0,00:02:30,150,Logico,"60-176         ","LAVATORIO MONOCOMANDO BAJO CR RIO                                     ",0,0,09/01/2026 13:36:13
13755748,09/01/2026 10:35:15,09/01/2026 10:36:13,ascirica,6414,00:04:11,00:00:58,251,58,En Tiempo,2,13,0,00:02:30,150,Logico,"A1448C         ","A1448C - CAÑO CURVO METALICO C/FLOR DE DUCHA 4"" ABS CR C/BLISTER",0,0,09/01/2026 13:36:13
13755748,09/01/2026 10:35:15,09/01/2026 10:36:13,ascirica,6414,00:04:11,00:00:58,251,58,En Tiempo,3,13,0,00:02:30,150,Logico,"A816           ","A816 - DUCHA 6"" C/BRAZO Y CAMPANA CR",0,0,09/01/2026 13:36:13
13755748,09/01/2026 10:35:15,09/01/2026 10:36:13,ascirica,6414,00:04:11,00:00:58,251,58,En Tiempo,1,13,0,00:02:30,150,Logico,"A996           ",A996 - DUCHA 8' CUADRADA CR C/BRAZO Y CAMPANA,0,0,09/01/2026 13:36:13
13755748,09/01/2026 10:35:15,09/01/2026 10:36:13,ascirica,6414,00:04:11,00:00:58,251,58,En Tiempo,1,13,0,00:02:30,150,Logico,"20-205         ",20-205 - MONOCOMANDO DE COCINA STEEL,0,0,09/01/2026 13:36:13
13755979,09/01/2026 10:42:47,09/01/2026 11:52:27,nievasm,7310,00:07:12,01:09:40,432,4180,Fuera de Tiempo,1,49,0,00:11:18,678,Excedido,"403            ",403 - DUCHA EXT. C/TRANSF.CR DIQUE,0,0,09/01/2026 13:43:02
13755979,09/01/2026 10:42:47,09/01/2026 11:52:27,nievasm,7310,00:07:12,01:09:40,432,4180,Fuera de Tiempo,3,49,0,00:11:18,678,Excedido,"60-162         ",60-162 - LAVATORIO CR C.CERAM LINEA ADRA,0,0,09/01/2026 14:52:27
13755979,09/01/2026 10:42:47,09/01/2026 11:52:27,nievasm,7310,00:07:12,01:09:40,432,4180,Fuera de Tiempo,1,49,0,00:11:18,678,Excedido,"70-162         ",70-162 - BIDE CR C.CERAM LINEA ADRA,0,0,09/01/2026 14:52:27
13755979,09/01/2026 10:42:47,09/01/2026 11:52:27,nievasm,7310,00:07:12,01:09:40,432,4180,Fuera de Tiempo,2,49,0,00:11:18,678,Excedido,"70-010         ",70-010 - BIDE BL/CR LORCA,0,0,09/01/2026 14:52:27
13755979,09/01/2026 10:42:47,09/01/2026 11:52:27,nievasm,7310,00:07:12,01:09:40,432,4180,Fuera de Tiempo,12,49,0,00:11:18,678,Excedido,"60-057         ",60-057 - LAVATORIO C.STD VERIN PLUS,0,0,09/01/2026 14:52:27
13755979,09/01/2026 10:42:47,09/01/2026 11:52:27,nievasm,7310,00:07:12,01:09:40,432,4180,Fuera de Tiempo,10,49,0,00:11:18,678,Excedido,"70-057         ",70-057 - BIDE C.STD VERIN PLUS,0,0,09/01/2026 14:52:27
13755979,09/01/2026 10:42:47,09/01/2026 11:52:27,nievasm,7310,00:07:12,01:09:40,432,4180,Fuera de Tiempo,10,49,0,00:11:18,678,Excedido,"80-057         ",80-057 - DUCHA EMB. C/TRANSF. C.STD VERIN PLUS,0,0,09/01/2026 14:52:27
13755979,09/01/2026 10:42:47,09/01/2026 11:52:27,nievasm,7310,00:07:12,01:09:40,432,4180,Fuera de Tiempo,2,49,0,00:11:18,678,Excedido,"53-010         ",53-010 - COCINA PARED EXT. P.ALTO BL/CR LORCA,0,0,09/01/2026 14:52:27
13755979,09/01/2026 10:42:47,09/01/2026 11:52:27,nievasm,7310,00:07:12,01:09:40,432,4180,Fuera de Tiempo,3,49,0,00:11:18,678,Excedido,"51-010         ",51-010 - COCINA MESADA BL/CR LORCA,0,0,09/01/2026 14:52:27
13755979,09/01/2026 10:42:47,09/01/2026 11:52:27,nievasm,7310,00:07:12,01:09:40,432,4180,Fuera de Tiempo,1,49,0,00:11:18,678,Excedido,"919/M          ",919/M - JGO.MDA.P.CANO CROMO LAZA,0,0,09/01/2026 14:52:27
13755979,09/01/2026 10:42:47,09/01/2026 11:52:27,nievasm,7310,00:07:12,01:09:40,432,4180,Fuera de Tiempo,6,49,0,00:11:18,678,Excedido,"910/M          ","910/M - JGO.MDA.P.CANO CROMO ""DIQUE""",0,0,09/01/2026 14:52:27
13755979,09/01/2026 10:42:47,09/01/2026 11:52:27,nievasm,7310,00:07:12,01:09:40,432,4180,Fuera de Tiempo,5,49,0,00:11:18,678,Excedido,"423            ","423 - DUCHA EMB. C/TRANSF.CR ""DIQUE""",0,0,09/01/2026 14:52:27
13755979,09/01/2026 10:42:47,09/01/2026 11:52:27,nievasm,7310,00:07:12,01:09:40,432,4180,Fuera de Tiempo,3,49,0,00:11:18,678,Excedido,"203            ","203 - LAVATORIO CROMO ""DIQUE""",0,0,09/01/2026 14:52:27
13755979,09/01/2026 10:42:47,09/01/2026 11:52:27,nievasm,7310,00:07:12,01:09:40,432,4180,Fuera de Tiempo,3,49,0,00:11:18,678,Excedido,"303            ","303 - BIDET CROMO ""DIQUE""",0,0,09/01/2026 14:52:27
13755979,09/01/2026 10:42:47,09/01/2026 11:52:27,nievasm,7310,00:07:12,01:09:40,432,4180,Fuera de Tiempo,3,49,0,00:11:18,678,Excedido,"51-107         ",51-107 - JGO. MESADA CR C.CERAM BEDIA,0,0,09/01/2026 14:52:27
13755979,09/01/2026 10:42:47,09/01/2026 11:52:27,nievasm,7310,00:07:12,01:09:40,432,4180,Fuera de Tiempo,2,49,0,00:11:18,678,Excedido,"60-162N        ",60-162N - LAVATORIO BLACK C.CERAM LINEA ADRA,0,0,09/01/2026 14:52:27
13755979,09/01/2026 10:42:47,09/01/2026 11:52:27,nievasm,7310,00:07:12,01:09:40,432,4180,Fuera de Tiempo,2,49,0,00:11:18,678,Excedido,"60-122         ",60-122 - LAVATORIO C.CERAM CR VALENCIA,0,0,09/01/2026 14:52:27
13755979,09/01/2026 10:42:47,09/01/2026 11:52:27,nievasm,7310,00:07:12,01:09:40,432,4180,Fuera de Tiempo,1,49,0,00:11:18,678,Excedido,"80-122         ",80-122 - DUCHA EMB.C/TRANSF. C.CERAM CR VALENCIA,0,0,09/01/2026 14:52:27
13755979,09/01/2026 10:42:47,09/01/2026 11:52:27,nievasm,7310,00:07:12,01:09:40,432,4180,Fuera de Tiempo,1,49,0,00:11:18,678,Excedido,"70-122         ",70-122 - BIDE C.CERAM CR VALENCIA,0,0,09/01/2026 14:52:27
13755979,09/01/2026 10:42:47,09/01/2026 11:52:27,nievasm,7310,00:07:12,01:09:40,432,4180,Fuera de Tiempo,1,49,0,00:11:18,678,Excedido,"51-122         ",51-122 - MESADA BIMANDO CR C.CERAM VALENCIA,0,0,09/01/2026 14:52:27
13755979,09/01/2026 10:42:47,09/01/2026 11:52:27,nievasm,7310,00:07:12,01:09:40,432,4180,Fuera de Tiempo,1,49,0,00:11:18,678,Excedido,"80-166N        ",80-166N - DUCHA EMB. C/TRANSF. BLACK C.CERAM ADRA PLUS,0,0,09/01/2026 14:52:27
13755979,09/01/2026 10:42:47,09/01/2026 11:52:27,nievasm,7310,00:07:12,01:09:40,432,4180,Fuera de Tiempo,1,49,0,00:11:18,678,Excedido,"70-162N        ",70-162N - BIDE BLACK C.CERAM LINEA ADRA,0,0,09/01/2026 14:52:27
13755979,09/01/2026 10:42:47,09/01/2026 11:52:27,nievasm,7310,00:07:12,01:09:40,432,4180,Fuera de Tiempo,2,49,0,00:11:18,678,Excedido,"939            ",939 - JGO.COCINA C/EXTENSIBLE CR LAZA,0,0,09/01/2026 14:52:27
13755979,09/01/2026 10:42:47,09/01/2026 11:52:27,nievasm,7310,00:07:12,01:09:40,432,4180,Fuera de Tiempo,2,49,0,00:11:18,678,Excedido,"60-045         ",60-045 - LAVATORIO CR/CR C.STD CRUZ,0,0,09/01/2026 14:52:27
13755979,09/01/2026 10:42:47,09/01/2026 11:52:27,nievasm,7310,00:07:12,01:09:40,432,4180,Fuera de Tiempo,1,49,0,00:11:18,678,Excedido,"60-001N        ","60-001N - LAVATORIO ""CROMO Y""",0,0,09/01/2026 14:52:27
13755979,09/01/2026 10:42:47,09/01/2026 11:52:27,nievasm,7310,00:07:12,01:09:40,432,4180,Fuera de Tiempo,5,49,0,00:11:18,678,Excedido,"214/CR         ",214/CR - LAVATORIO CR/CR ARES,0,0,09/01/2026 14:52:27
13755979,09/01/2026 10:42:47,09/01/2026 11:52:27,nievasm,7310,00:07:12,01:09:40,432,4180,Fuera de Tiempo,5,49,0,00:11:18,678,Excedido,"314/CR         ",314/CR - BIDE CROMO ARES,0,0,09/01/2026 14:52:27
13755979,09/01/2026 10:42:47,09/01/2026 11:52:27,nievasm,7310,00:07:12,01:09:40,432,4180,Fuera de Tiempo,2,49,0,00:11:18,678,Excedido,"814/CRC        ",814/CRC - MESADA P.FUNDIDO CR/CR C.CERAM. ARES,0,0,09/01/2026 14:52:27
13755979,09/01/2026 10:42:47,09/01/2026 11:52:27,nievasm,7310,00:07:12,01:09:40,432,4180,Fuera de Tiempo,2,49,0,00:11:18,678,Excedido,"914/CR         ",914/CR - JGO.MDA.P.CAÑO CR ARES,0,0,09/01/2026 14:52:27
13755979,09/01/2026 10:42:47,09/01/2026 11:52:27,nievasm,7310,00:07:12,01:09:40,432,4180,Fuera de Tiempo,5,49,0,00:11:18,678,Excedido,"933            ",933 - JGO PARED C/EXT CR DIQUE,0,0,09/01/2026 14:52:27
13755979,09/01/2026 10:42:47,09/01/2026 11:52:27,nievasm,7310,00:07:12,01:09:40,432,4180,Fuera de Tiempo,1,49,0,00:11:18,678,Excedido,"83-010         ",83-010 - DUCHA EXT. C/TRANSF. BL/CR LORCA,0,0,09/01/2026 14:52:27
13755979,09/01/2026 10:42:47,09/01/2026 11:52:27,nievasm,7310,00:07:12,01:09:40,432,4180,Fuera de Tiempo,5,49,0,00:11:18,678,Excedido,"A814           ",A814 - DUCHA C/BRAZO Y CAMPANA CR,0,0,09/01/2026 14:52:27
13755979,09/01/2026 10:42:47,09/01/2026 11:52:27,nievasm,7310,00:07:12,01:09:40,432,4180,Fuera de Tiempo,2,49,0,00:11:18,678,Excedido,"403            ",403 - DUCHA EXT. C/TRANSF.CR DIQUE,0,0,09/01/2026 14:52:27
13755979,09/01/2026 10:42:47,09/01/2026 11:52:27,nievasm,7310,00:07:12,01:09:40,432,4180,Fuera de Tiempo,2,49,0,00:11:18,678,Excedido,"LG04C60        ",LG04C60 - LAVATORIO CR C.CERAM DAVOS,0,0,09/01/2026 14:52:27
13755979,09/01/2026 10:42:47,09/01/2026 11:52:27,nievasm,7310,00:07:12,01:09:40,432,4180,Fuera de Tiempo,2,49,0,00:11:18,678,Excedido,"LG04C80        ",LG04C80 - DUCHA EMB. C/TRANSF. CR C.CERAM DAVOS,0,0,09/01/2026 14:52:27
13755979,09/01/2026 10:42:47,09/01/2026 11:52:27,nievasm,7310,00:07:12,01:09:40,432,4180,Fuera de Tiempo,2,49,0,00:11:18,678,Excedido,"RA1322         ",RA1322 - LATERAL LAV / BIDE C.CERAM DERECHO,0,0,09/01/2026 14:52:27
13755979,09/01/2026 10:42:47,09/01/2026 11:52:27,nievasm,7310,00:07:12,01:09:40,432,4180,Fuera de Tiempo,1,49,0,00:11:18,678,Excedido,"RA1323         ",RA1323 - LATERAL LAV / BIDE C.CERAM IZQUIERDO,0,0,09/01/2026 14:52:27
13755979,09/01/2026 10:42:47,09/01/2026 11:52:27,nievasm,7310,00:07:12,01:09:40,432,4180,Fuera de Tiempo,15,49,0,00:11:18,678,Excedido,"F1342          ","F1342 - JUEGO DE 2 FLEXIBLES 1/2"" x 40 cm AC.INOX.P/ MONOCOMANDO",0,0,09/01/2026 14:52:27
13755979,09/01/2026 10:42:47,09/01/2026 11:52:27,nievasm,7310,00:07:12,01:09:40,432,4180,Fuera de Tiempo,3,49,0,00:11:18,678,Excedido,"RA704B         ","VOLANTE ARES BLANCO COMPLETO                                          ",0,0,09/01/2026 14:52:27
13755979,09/01/2026 10:42:47,09/01/2026 11:52:27,nievasm,7310,00:07:12,01:09:40,432,4180,Fuera de Tiempo,30,49,0,00:11:18,678,Excedido,"RA001          ",RA001 - CABEZAL STD NO ASCENDENTE,0,0,09/01/2026 14:52:27
13755979,09/01/2026 10:42:47,09/01/2026 11:52:27,nievasm,7310,00:07:12,01:09:40,432,4180,Fuera de Tiempo,5,49,0,00:11:18,678,Excedido,"RA002          ",RA002 - CABEZAL DERECHO CIERRE CERAMICO (FRIA),0,0,09/01/2026 14:52:27
13755979,09/01/2026 10:42:47,09/01/2026 11:52:27,nievasm,7310,00:07:12,01:09:40,432,4180,Fuera de Tiempo,5,49,0,00:11:18,678,Excedido,"RA003          ",RA003 - CABEZAL IZQUIERDO CIERRE CERAMICO (CALIENTE),0,0,09/01/2026 14:52:27
13755979,09/01/2026 10:42:47,09/01/2026 11:52:27,nievasm,7310,00:07:12,01:09:40,432,4180,Fuera de Tiempo,10,49,0,00:11:18,678,Excedido,"RA004          ",RA004 - CABEZAL P/TRANSF. BIDET Y DUCHA EMBUTIR,0,0,09/01/2026 14:52:27
13755979,09/01/2026 10:42:47,09/01/2026 11:52:27,nievasm,7310,00:07:12,01:09:40,432,4180,Fuera de Tiempo,15,49,0,00:11:18,678,Excedido,"RA704C         ",RA704C - VOLANTE ARES / CELEBRITY CROMO,0,0,09/01/2026 14:52:27
13755979,09/01/2026 10:42:47,09/01/2026 11:52:27,nievasm,7310,00:07:12,01:09:40,432,4180,Fuera de Tiempo,16,49,0,00:11:18,678,Excedido,"RA875          ",RA875 - 10 TUBOS CONEXION P/ BIDET,0,0,09/01/2026 14:52:27
13755979,09/01/2026 10:42:47,09/01/2026 11:52:27,nievasm,7310,00:07:12,01:09:40,432,4180,Fuera de Tiempo,6,49,0,00:11:18,678,Excedido,"RA1425         ",RA1425 - SUBC PICO BAÑERA PLASTICO,0,0,09/01/2026 14:52:27
13755979,09/01/2026 10:42:47,09/01/2026 11:52:27,nievasm,7310,00:07:12,01:09:40,432,4180,Fuera de Tiempo,6,49,0,00:11:18,678,Excedido,"1930           ","1930 - QUEINOX MH 3/4"" x 30",0,0,09/01/2026 14:52:27
13755979,09/01/2026 10:42:47,09/01/2026 11:52:27,nievasm,7310,00:07:12,01:09:40,432,4180,Fuera de Tiempo,10,49,0,00:11:18,678,Excedido,"1935           ","1935 - QUEINOX MH 3/4"" x 35",0,0,09/01/2026 14:52:27
13755979,09/01/2026 10:42:47,09/01/2026 11:52:27,nievasm,7310,00:07:12,01:09:40,432,4180,Fuera de Tiempo,6,49,0,00:11:18,678,Excedido,"1940           ","1940 - QUEINOX MH 3/4"" x 40",0,0,09/01/2026 14:52:27
13755979,09/01/2026 10:42:47,09/01/2026 11:52:27,nievasm,7310,00:07:12,01:09:40,432,4180,Fuera de Tiempo,3,49,0,00:11:18,678,Excedido,"A1449C         ",A1449C - DUCHADOR MULTIFUNCION CROMO C/BLISTER,0,0,09/01/2026 14:52:27
13756127,09/01/2026 10:47:34,09/01/2026 10:53:23,ascirica,6414,00:02:54,00:05:49,174,349,Fuera de Tiempo,1,8,0,00:11:21,681,Excedido,"61-205         ",61-205 - LAVATORIO MONOC ALTO STEEL,0,0,09/01/2026 13:53:23
13756127,09/01/2026 10:47:34,09/01/2026 10:53:23,ascirica,6414,00:02:54,00:05:49,174,349,Fuera de Tiempo,1,8,0,00:11:21,681,Excedido,"60-176N        ","LAVATORIO MONOCOMANDO BAJO BLACK RIO                                  ",0,0,09/01/2026 13:53:23
13756127,09/01/2026 10:47:34,09/01/2026 10:53:23,ascirica,6414,00:02:54,00:05:49,174,349,Fuera de Tiempo,1,8,0,00:11:21,681,Excedido,"80-176N        ",80-176N - DUCHA EMB C/TRANSF MONOC BLACK RIO,0,0,09/01/2026 13:53:23
13756127,09/01/2026 10:47:34,09/01/2026 10:53:23,ascirica,6414,00:02:54,00:05:49,174,349,Fuera de Tiempo,1,8,0,00:11:21,681,Excedido,"70-176N        ",70-176N - BIDE MONOC C/TRANSF BLACK RIO,0,0,09/01/2026 13:53:23
13756127,09/01/2026 10:47:34,09/01/2026 10:53:23,ascirica,6414,00:02:54,00:05:49,174,349,Fuera de Tiempo,1,8,0,00:11:21,681,Excedido,"20-182N        ",20-182N - MONOCOMANDO DE COCINA MULTIFUNCION BLACK ZENITH,0,0,09/01/2026 13:53:23
13756127,09/01/2026 10:47:34,09/01/2026 10:53:23,ascirica,6414,00:02:54,00:05:49,174,349,Fuera de Tiempo,16,8,0,00:11:21,681,Excedido,"20-160         ",20-160 - MONOCOMANDO MESADA COCINA DIQUE,0,0,09/01/2026 13:53:23
13756127,09/01/2026 10:47:34,09/01/2026 10:53:23,ascirica,6414,00:02:54,00:05:49,174,349,Fuera de Tiempo,6,8,0,00:11:21,681,Excedido,"20-134         ",20-134 - MONOCOMANDO COCINA BETIS,0,0,09/01/2026 13:53:23
13756127,09/01/2026 10:47:34,09/01/2026 10:53:23,ascirica,6414,00:02:54,00:05:49,174,349,Fuera de Tiempo,4,8,0,00:11:21,681,Excedido,"54-203         ","COCINA PARED EXT C.CERAM ADRA MONOCOMANDO                             ",0,0,09/01/2026 13:53:23
13759631,09/01/2026 12:44:10,09/01/2026 12:44:25,nievasm,7310,00:00:50,00:00:15,50,15,En Tiempo,6,1,0,00:51:43,3103,Excedido,"90-166         ",90-166 - PACK GRIF. ADRA PLUS (Lav-Bide-Ducha c/t Plus),0,0,09/01/2026 15:44:25
13759686,09/01/2026 12:46:42,09/01/2026 12:48:57,rodriguezt,6419,00:00:59,00:02:15,59,135,Fuera de Tiempo,6,3,0,02:04:34,7474,Excedido,"RA1150         ","SUJECION ACCESORIOS LINEA 8000                                        ",0,0,09/01/2026 15:48:57
13759686,09/01/2026 12:46:42,09/01/2026 12:48:57,rodriguezt,6419,00:00:59,00:02:15,59,135,Fuera de Tiempo,3,3,0,02:04:34,7474,Excedido,"RA1436         ",RA1436 - AIREADOR PICO LAV/BAÑERA M18.5 x 1 mm,0,0,09/01/2026 15:48:57
13759686,09/01/2026 12:46:42,09/01/2026 12:48:57,rodriguezt,6419,00:00:59,00:02:15,59,135,Fuera de Tiempo,1,3,0,02:04:34,7474,Excedido,"RINO100-10     ","CODO DE DESCARGA INODORO                                              ",0,0,09/01/2026 15:48:57
13759745,09/01/2026 12:49:34,09/01/2026 12:49:51,rodriguezt,6419,00:00:57,00:00:17,57,17,En Tiempo,1,3,0,00:00:37,37,Logico,"BID104N-1      ","BIDE 1 AGUJERO BLACK LINEA STONE                                      ",0,0,09/01/2026 15:49:51
13759745,09/01/2026 12:49:34,09/01/2026 12:49:51,rodriguezt,6419,00:00:57,00:00:17,57,17,En Tiempo,1,3,0,00:00:37,37,Logico,"INO104N-1      ","INODORO BLACK C/ASIENTO LINEA STONE                                   ",0,0,09/01/2026 15:49:51
13759745,09/01/2026 12:49:34,09/01/2026 12:49:51,rodriguezt,6419,00:00:57,00:00:17,57,17,En Tiempo,1,3,0,00:00:37,37,Logico,"INO104N-2      ","DEPOSITO C/DESCARGA DUAL BLACK LINEA STONE                            ",0,0,09/01/2026 15:49:51
13759781,09/01/2026 12:51:12,09/01/2026 12:51:31,rodriguezt,6419,00:00:50,00:00:19,50,19,En Tiempo,6,1,0,00:01:21,81,Logico,"52-121         ",52-121 - GRIFERIA REBATIBLE P/LLENADO DE OLLAS MARBELLA,0,0,09/01/2026 15:51:31
13759793,09/01/2026 12:52:02,09/01/2026 13:17:01,rodriguezt,6419,00:01:19,00:24:59,79,1499,Fuera de Tiempo,59,1,0,00:00:31,31,Logico,"80-203P        ",80-203P - DUCHA EMB C/TRANSF. MONOCOMANDO ADRA PLUS,0,0,09/01/2026 16:17:01
13759935,09/01/2026 12:59:04,09/01/2026 13:10:55,gsoderquvist,6415,00:01:36,00:11:51,96,711,Fuera de Tiempo,6,4,0,02:09:57,7797,Excedido,"A814           ",A814 - DUCHA C/BRAZO Y CAMPANA CR,0,0,09/01/2026 16:10:55
13759935,09/01/2026 12:59:04,09/01/2026 13:10:55,gsoderquvist,6415,00:01:36,00:11:51,96,711,Fuera de Tiempo,1,4,0,02:09:57,7797,Excedido,"3010           ",3010 - TOALLERO BARRAL LINEA 3000,0,0,09/01/2026 16:10:55
13759935,09/01/2026 12:59:04,09/01/2026 13:10:55,gsoderquvist,6415,00:01:36,00:11:51,96,711,Fuera de Tiempo,6,4,0,02:09:57,7797,Excedido,"12006          ","SET DE 6 PIEZAS LINEA 12000                                           ",0,0,09/01/2026 16:10:55
13759935,09/01/2026 12:59:04,09/01/2026 13:10:55,gsoderquvist,6415,00:01:36,00:11:51,96,711,Fuera de Tiempo,6,4,0,02:09:57,7797,Excedido,"3006           ",3006 - SET DE 6 PIEZAS LINEA 3000,0,0,09/01/2026 16:10:55
13759966,09/01/2026 13:00:20,09/01/2026 13:27:38,nievasm,7310,00:07:40,00:27:18,460,1638,Fuera de Tiempo,5,36,0,00:15:55,955,Excedido,"16030          ",16030 - PERCHA LINEA 16000,0,0,09/01/2026 16:27:38
13759966,09/01/2026 13:00:20,09/01/2026 13:27:38,nievasm,7310,00:07:40,00:27:18,460,1638,Fuera de Tiempo,2,36,0,00:15:55,955,Excedido,"16050BL        ",16050BL - JABONERA ACCESORIOS LINEA 16000 BLACK,0,0,09/01/2026 16:27:38
13759966,09/01/2026 13:00:20,09/01/2026 13:27:38,nievasm,7310,00:07:40,00:27:18,460,1638,Fuera de Tiempo,2,36,0,00:15:55,955,Excedido,"16040          ",16040 - PORTA ROLLO ACCESORIOS LINEA 16000,0,0,09/01/2026 16:27:38
13759966,09/01/2026 13:00:20,09/01/2026 13:27:38,nievasm,7310,00:07:40,00:27:18,460,1638,Fuera de Tiempo,2,36,0,00:15:55,955,Excedido,"11010          ","TOALLERO BARRAL LINEA 11000                                           ",0,0,09/01/2026 16:27:38
13759966,09/01/2026 13:00:20,09/01/2026 13:27:38,nievasm,7310,00:07:40,00:27:18,460,1638,Fuera de Tiempo,2,36,0,00:15:55,955,Excedido,"60-200N        ",60-200N - LAVATORIO MONOC BAJO BLACK FABRIC,0,0,09/01/2026 16:27:38
13759966,09/01/2026 13:00:20,09/01/2026 13:27:38,nievasm,7310,00:07:40,00:27:18,460,1638,Fuera de Tiempo,1,36,0,00:15:55,955,Excedido,"61-200N        ",61-200N - LAVATORIO MONOC ALTO FABRIC BLACK,0,0,09/01/2026 16:27:38
13759966,09/01/2026 13:00:20,09/01/2026 13:27:38,nievasm,7310,00:07:40,00:27:18,460,1638,Fuera de Tiempo,2,36,0,00:15:55,955,Excedido,"17060C         ",17060C - PORTA VASO Y CEPILLO  LINEA FABRIC CROMO,0,0,09/01/2026 16:27:38
13759966,09/01/2026 13:00:20,09/01/2026 13:27:38,nievasm,7310,00:07:40,00:27:18,460,1638,Fuera de Tiempo,2,36,0,00:15:55,955,Excedido,"20-140N        ",20-140N - MONOCOMANDO DE COCINA LINEA CUINA BLACK,0,0,09/01/2026 16:27:38
13759966,09/01/2026 13:00:20,09/01/2026 13:27:38,nievasm,7310,00:07:40,00:27:18,460,1638,Fuera de Tiempo,2,36,0,00:15:55,955,Excedido,"17050C         ",17050C - JABONERA  LINEA FABRIC CROMO,0,0,09/01/2026 16:27:38
13759966,09/01/2026 13:00:20,09/01/2026 13:27:38,nievasm,7310,00:07:40,00:27:18,460,1638,Fuera de Tiempo,3,36,0,00:15:55,955,Excedido,"17010G         ",17010G - TOALLERO BARRAL LINEA FABRIC GOLD,0,0,09/01/2026 16:27:38
13759966,09/01/2026 13:00:20,09/01/2026 13:27:38,nievasm,7310,00:07:40,00:27:18,460,1638,Fuera de Tiempo,2,36,0,00:15:55,955,Excedido,"20-205         ",20-205 - MONOCOMANDO DE COCINA STEEL,0,0,09/01/2026 16:27:38
13759966,09/01/2026 13:00:20,09/01/2026 13:27:38,nievasm,7310,00:07:40,00:27:18,460,1638,Fuera de Tiempo,2,36,0,00:15:55,955,Excedido,"60-200G        ",60-200G - LAVATORIO MONOC BAJO GOLD FABRIC,0,0,09/01/2026 16:27:38
13759966,09/01/2026 13:00:20,09/01/2026 13:27:38,nievasm,7310,00:07:40,00:27:18,460,1638,Fuera de Tiempo,1,36,0,00:15:55,955,Excedido,"61-200G        ",61-200G - LAVATORIO MONOC ALTO GOLD FABRIC,0,0,09/01/2026 16:27:38
13759966,09/01/2026 13:00:20,09/01/2026 13:27:38,nievasm,7310,00:07:40,00:27:18,460,1638,Fuera de Tiempo,1,36,0,00:15:55,955,Excedido,"61-152         ",61-152 - LAVATORIO MONOCOMANDO CROMO ALTO SORIA,0,0,09/01/2026 16:27:38
13759966,09/01/2026 13:00:20,09/01/2026 13:27:38,nievasm,7310,00:07:40,00:27:18,460,1638,Fuera de Tiempo,2,36,0,00:15:55,955,Excedido,"10005BL        ","SET DE 5 PIEZAS LINEA 10000 BLACK                                     ",0,0,09/01/2026 16:27:38
13759966,09/01/2026 13:00:20,09/01/2026 13:27:38,nievasm,7310,00:07:40,00:27:18,460,1638,Fuera de Tiempo,2,36,0,00:15:55,955,Excedido,"10005CR        ","SET DE 5 PIEZAS LINEA 10000 MINIMALISTA                               ",0,0,09/01/2026 16:27:38
13759966,09/01/2026 13:00:20,09/01/2026 13:27:38,nievasm,7310,00:07:40,00:27:18,460,1638,Fuera de Tiempo,2,36,0,00:15:55,955,Excedido,"10006CR        ","SET DE 6 PIEZAS LINEA 10000 MINIMALISTA                               ",0,0,09/01/2026 16:27:38
13759966,09/01/2026 13:00:20,09/01/2026 13:27:38,nievasm,7310,00:07:40,00:27:18,460,1638,Fuera de Tiempo,2,36,0,00:15:55,955,Excedido,"11006          ","SET DE 6 PIEZAS LINEA 11000                                           ",0,0,09/01/2026 16:27:38
13759966,09/01/2026 13:00:20,09/01/2026 13:27:38,nievasm,7310,00:07:40,00:27:18,460,1638,Fuera de Tiempo,2,36,0,00:15:55,955,Excedido,"17040G         ",17040G - PORTA ROLLO LINEA FABRIC GOLD,0,0,09/01/2026 16:27:38
13759966,09/01/2026 13:00:20,09/01/2026 13:27:38,nievasm,7310,00:07:40,00:27:18,460,1638,Fuera de Tiempo,5,36,0,00:15:55,955,Excedido,"17040C         ",17040C - PORTA ROLLO LINEA FABRIC CROMO,0,0,09/01/2026 16:27:38
13759966,09/01/2026 13:00:20,09/01/2026 13:27:38,nievasm,7310,00:07:40,00:27:18,460,1638,Fuera de Tiempo,5,36,0,00:15:55,955,Excedido,"17030C         ",17030C - PERCHA LINEA FABRIC CROMO,0,0,09/01/2026 16:27:38
13759966,09/01/2026 13:00:20,09/01/2026 13:27:38,nievasm,7310,00:07:40,00:27:18,460,1638,Fuera de Tiempo,2,36,0,00:15:55,955,Excedido,"17020C         ",17020C - TOALLERO DE ARO LINEA FABRIC CROMO,0,0,09/01/2026 16:27:38
13759966,09/01/2026 13:00:20,09/01/2026 13:27:38,nievasm,7310,00:07:40,00:27:18,460,1638,Fuera de Tiempo,3,36,0,00:15:55,955,Excedido,"17010C         ",17010C - TOALLERO BARRAL LINEA FABRIC CROMO,0,0,09/01/2026 16:27:38
13759966,09/01/2026 13:00:20,09/01/2026 13:27:38,nievasm,7310,00:07:40,00:27:18,460,1638,Fuera de Tiempo,5,36,0,00:15:55,955,Excedido,"17030G         ",17030G - PERCHA LINEA FABRIC GOLD,0,0,09/01/2026 16:27:38
13759966,09/01/2026 13:00:20,09/01/2026 13:27:38,nievasm,7310,00:07:40,00:27:18,460,1638,Fuera de Tiempo,5,36,0,00:15:55,955,Excedido,"914            ",914 - JGO.MDA.P.CAÑO BL/CR ARES,0,0,09/01/2026 16:27:38
13759966,09/01/2026 13:00:20,09/01/2026 13:27:38,nievasm,7310,00:07:40,00:27:18,460,1638,Fuera de Tiempo,3,36,0,00:15:55,955,Excedido,"70-162N        ",70-162N - BIDE BLACK C.CERAM LINEA ADRA,0,0,09/01/2026 16:27:38
13759966,09/01/2026 13:00:20,09/01/2026 13:27:38,nievasm,7310,00:07:40,00:27:18,460,1638,Fuera de Tiempo,2,36,0,00:15:55,955,Excedido,"80-166N        ",80-166N - DUCHA EMB. C/TRANSF. BLACK C.CERAM ADRA PLUS,0,0,09/01/2026 16:27:38
13759966,09/01/2026 13:00:20,09/01/2026 13:27:38,nievasm,7310,00:07:40,00:27:18,460,1638,Fuera de Tiempo,1,36,0,00:15:55,955,Excedido,"51-122         ",51-122 - MESADA BIMANDO CR C.CERAM VALENCIA,0,0,09/01/2026 16:27:38
13759966,09/01/2026 13:00:20,09/01/2026 13:27:38,nievasm,7310,00:07:40,00:27:18,460,1638,Fuera de Tiempo,2,36,0,00:15:55,955,Excedido,"62-162N        ",62-162N - LAVATORIO DE PARED BLACK C.CERAM ADRA,0,0,09/01/2026 16:27:38
13759966,09/01/2026 13:00:20,09/01/2026 13:27:38,nievasm,7310,00:07:40,00:27:18,460,1638,Fuera de Tiempo,3,36,0,00:15:55,955,Excedido,"60-162N        ",60-162N - LAVATORIO BLACK C.CERAM LINEA ADRA,0,0,09/01/2026 16:27:38
13759966,09/01/2026 13:00:20,09/01/2026 13:27:38,nievasm,7310,00:07:40,00:27:18,460,1638,Fuera de Tiempo,3,36,0,00:15:55,955,Excedido,"80-201NI       ",80-201NI - DUCHA EMB C/TRANSF C.CERAM BEAT NICKEL,0,0,09/01/2026 16:27:38
13759966,09/01/2026 13:00:20,09/01/2026 13:27:38,nievasm,7310,00:07:40,00:27:18,460,1638,Fuera de Tiempo,3,36,0,00:15:55,955,Excedido,"70-201NI       ",70-201NI - BIDE CR C.CERAM BEAT NICKEL,0,0,09/01/2026 16:27:38
13759966,09/01/2026 13:00:20,09/01/2026 13:27:38,nievasm,7310,00:07:40,00:27:18,460,1638,Fuera de Tiempo,3,36,0,00:15:55,955,Excedido,"60-201NI       ",60-201NI - LAVATORIO C.CERAM BEAT NICKEL,0,0,09/01/2026 16:27:38
13759966,09/01/2026 13:00:20,09/01/2026 13:27:38,nievasm,7310,00:07:40,00:27:18,460,1638,Fuera de Tiempo,2,36,0,00:15:55,955,Excedido,"62-162         ",62-162 - LAVATORIO DE PARED CR C.CERAM ADRA,0,0,09/01/2026 16:27:38
13759966,09/01/2026 13:00:20,09/01/2026 13:27:38,nievasm,7310,00:07:40,00:27:18,460,1638,Fuera de Tiempo,2,36,0,00:15:55,955,Excedido,"51-058         ",51-058 - COCINA MESADA CR C.STD MALBA,0,0,09/01/2026 16:27:38
13759966,09/01/2026 13:00:20,09/01/2026 13:27:38,nievasm,7310,00:07:40,00:27:18,460,1638,Fuera de Tiempo,2,36,0,00:15:55,955,Excedido,"80-166         ","DUCHA EMB. C/TRANSF. CR C.CERAM ADRA PLUS                             ",0,0,09/01/2026 16:27:38
13760231,09/01/2026 13:11:29,09/01/2026 13:12:08,rodriguezt,6419,00:00:57,00:00:39,57,39,En Tiempo,1,3,0,23:54:28,-332,Logico,"70-153         ",70-153 - BIDE CR C.CERAM CASTILLA,0,0,09/01/2026 16:12:08
13760231,09/01/2026 13:11:29,09/01/2026 13:12:08,rodriguezt,6419,00:00:57,00:00:39,57,39,En Tiempo,1,3,0,23:54:28,-332,Logico,"60-153         ",60-153 - LAVATORIO CR C.CERAMICO CASTILLA,0,0,09/01/2026 16:12:08
13760231,09/01/2026 13:11:29,09/01/2026 13:12:08,rodriguezt,6419,00:00:57,00:00:39,57,39,En Tiempo,1,3,0,23:54:28,-332,Logico,"80-153         ",80-153 - DUCHA EMB. C/TRANSF. CR C.CERAM CASTILLA,0,0,09/01/2026 16:12:08
13760237,09/01/2026 13:11:43,09/01/2026 13:11:50,gsoderquvist,6415,00:00:49,00:00:07,49,7,En Tiempo,1,1,0,00:00:48,48,Logico,"84-180         ",84-180 - GRIFERIA DE PIE P/BAÑERA EXENTA VERA,0,0,09/01/2026 16:11:50
13760242,09/01/2026 13:11:54,09/01/2026 13:12:17,gsoderquvist,6415,00:01:41,00:00:23,101,23,En Tiempo,2,6,0,00:00:04,4,Logico,"A819           ",A819 - DUCHADOR ANTICALCAREO C/FLEXIBLE Y SOPORTE,0,0,09/01/2026 16:12:17
13760242,09/01/2026 13:11:54,09/01/2026 13:12:17,gsoderquvist,6415,00:01:41,00:00:23,101,23,En Tiempo,2,6,0,00:00:04,4,Logico,"A1448C         ","A1448C - CAÑO CURVO METALICO C/FLOR DE DUCHA 4"" ABS CR C/BLISTER",0,0,09/01/2026 16:12:17
13760242,09/01/2026 13:11:54,09/01/2026 13:12:17,gsoderquvist,6415,00:01:41,00:00:23,101,23,En Tiempo,1,6,0,00:00:04,4,Logico,"60-205         ",60-205 - LAVATORIO MONOC BAJO STEEL,0,0,09/01/2026 16:12:17
13760242,09/01/2026 13:11:54,09/01/2026 13:12:17,gsoderquvist,6415,00:01:41,00:00:23,101,23,En Tiempo,1,6,0,00:00:04,4,Logico,"61-205         ",61-205 - LAVATORIO MONOC ALTO STEEL,0,0,09/01/2026 16:12:17
13760242,09/01/2026 13:11:54,09/01/2026 13:12:17,gsoderquvist,6415,00:01:41,00:00:23,101,23,En Tiempo,1,6,0,00:00:04,4,Logico,"61-176         ",61-176 - LAVATORIO MONOC ALTO CR RIO,0,0,09/01/2026 16:12:17
13760242,09/01/2026 13:11:54,09/01/2026 13:12:17,gsoderquvist,6415,00:01:41,00:00:23,101,23,En Tiempo,1,6,0,00:00:04,4,Logico,"20-134         ",20-134 - MONOCOMANDO COCINA BETIS,0,0,09/01/2026 16:12:17
13760281,09/01/2026 13:13:39,09/01/2026 13:14:06,rodriguezt,6419,00:01:25,00:00:27,85,27,En Tiempo,3,4,0,23:56:38,-202,Logico,"51-131         ",51-131 - MESADA BIMANDO CR C.CERAM MALLORCA,0,0,09/01/2026 16:14:06
13760281,09/01/2026 13:13:39,09/01/2026 13:14:06,rodriguezt,6419,00:01:25,00:00:27,85,27,En Tiempo,1,4,0,23:56:38,-202,Logico,"61-200G        ",61-200G - LAVATORIO MONOC ALTO GOLD FABRIC,0,0,09/01/2026 16:14:06
13760281,09/01/2026 13:13:39,09/01/2026 13:14:06,rodriguezt,6419,00:01:25,00:00:27,85,27,En Tiempo,1,4,0,23:56:38,-202,Logico,"60-200C        ",60-200C - LAVATORIO MONOC BAJO CR FABRIC,0,0,09/01/2026 16:14:06
13760281,09/01/2026 13:13:39,09/01/2026 13:14:06,rodriguezt,6419,00:01:25,00:00:27,85,27,En Tiempo,7,4,0,23:56:38,-202,Logico,"21-160         ","MONOCOMANDO DUO COCINA CROMO DIQUE                                    ",0,0,09/01/2026 16:14:06
13760306,09/01/2026 13:14:52,09/01/2026 13:15:26,rodriguezt,6419,00:01:26,00:00:34,86,34,En Tiempo,1,5,0,23:57:51,-129,Logico,"81-180         ",81-180 - DUCHA EMB. S/TRANSF. MONOCOMANDO VERA,0,0,09/01/2026 16:15:26
13760306,09/01/2026 13:14:52,09/01/2026 13:15:26,rodriguezt,6419,00:01:26,00:00:34,86,34,En Tiempo,3,5,0,23:57:51,-129,Logico,"944            ",944 - JUEGO COC.PARED EMB CRUZ BL/CR ARES,0,0,09/01/2026 16:15:26
13760306,09/01/2026 13:14:52,09/01/2026 13:15:26,rodriguezt,6419,00:01:26,00:00:34,86,34,En Tiempo,1,5,0,23:57:51,-129,Logico,"51-107         ",51-107 - JGO. MESADA CR C.CERAM BEDIA,0,0,09/01/2026 16:15:26
13760306,09/01/2026 13:14:52,09/01/2026 13:15:26,rodriguezt,6419,00:01:26,00:00:34,86,34,En Tiempo,1,5,0,23:57:51,-129,Logico,"80-199         ",80-199 - DUCHA EMB. C/TRANSF. CR C.CERAM LIVE,0,0,09/01/2026 16:15:26
13760306,09/01/2026 13:14:52,09/01/2026 13:15:26,rodriguezt,6419,00:01:26,00:00:34,86,34,En Tiempo,3,5,0,23:57:51,-129,Logico,"55-002         ",55-002 - COCINA P/PARED EMB P.ALTO RENACER,0,0,09/01/2026 16:15:26
13760317,09/01/2026 13:15:25,09/01/2026 13:15:38,gsoderquvist,6415,00:00:53,00:00:13,53,13,En Tiempo,2,2,0,00:03:08,188,Logico,"80-205         ",80-205 - DUCHA EMB. C/TRANSF. MONOC STEEL,0,0,09/01/2026 16:15:38
13760317,09/01/2026 13:15:25,09/01/2026 13:15:38,gsoderquvist,6415,00:00:53,00:00:13,53,13,En Tiempo,6,2,0,00:03:08,188,Logico,"20-146         ",20-146 - MONOCOMANDO DE COCINA CR LINEA MOVE,0,0,09/01/2026 16:15:38
13760326,09/01/2026 13:15:42,09/01/2026 13:16:50,gsoderquvist,6415,00:01:16,00:01:08,76,68,En Tiempo,1,3,0,00:00:04,4,Logico,"A1539N         ","TAPA Y TECLA PARA VALVULA DE DESCARGA CUADRADA MINIMALISTA BLACK      ",0,0,09/01/2026 16:16:50
13760326,09/01/2026 13:15:42,09/01/2026 13:16:50,gsoderquvist,6415,00:01:16,00:01:08,76,68,En Tiempo,12,3,0,00:00:04,4,Logico,"20-122         ","MONOCOMANDO COCINA CR C/PICO EXTRAIBLE VALENCIA                       ",0,0,09/01/2026 16:16:50
13760326,09/01/2026 13:15:42,09/01/2026 13:16:50,gsoderquvist,6415,00:01:16,00:01:08,76,68,En Tiempo,1,3,0,00:00:04,4,Logico,"A1540          ","CUERPO VALVULA DE DESAGOTE P/INODORO TECNO 02-010/011                 ",0,0,09/01/2026 16:16:50
13761153,09/01/2026 13:47:10,09/01/2026 13:53:12,gsoderquvist,6415,00:06:12,00:06:02,372,362,En Tiempo,14,10,0,00:30:20,1820,Excedido,"BCH07          ",BCH07 - BACHA DE APOYAR OVALADA 400x330x150,0,0,09/01/2026 16:53:12
13761153,09/01/2026 13:47:10,09/01/2026 13:53:12,gsoderquvist,6415,00:06:12,00:06:02,372,362,En Tiempo,10,10,0,00:30:20,1820,Excedido,"10005BL        ","SET DE 5 PIEZAS LINEA 10000 BLACK                                     ",0,0,09/01/2026 16:53:12
13761153,09/01/2026 13:47:10,09/01/2026 13:53:12,gsoderquvist,6415,00:06:12,00:06:02,372,362,En Tiempo,10,10,0,00:30:20,1820,Excedido,"AB-002         ",AB-002 - AGARRADERA ACERO INOX CROMADO 40 CM SAFE,0,0,09/01/2026 16:53:12
13761153,09/01/2026 13:47:10,09/01/2026 13:53:12,gsoderquvist,6415,00:06:12,00:06:02,372,362,En Tiempo,30,10,0,00:30:20,1820,Excedido,"3006SS         ",3006SS - SET DE 6 PIEZAS LINEA 3000 SS,0,0,09/01/2026 16:53:12
13761153,09/01/2026 13:47:10,09/01/2026 13:53:12,gsoderquvist,6415,00:06:12,00:06:02,372,362,En Tiempo,30,10,0,00:30:20,1820,Excedido,"60-057         ",60-057 - LAVATORIO C.STD VERIN PLUS,0,0,09/01/2026 16:53:12
13761153,09/01/2026 13:47:10,09/01/2026 13:53:12,gsoderquvist,6415,00:06:12,00:06:02,372,362,En Tiempo,10,10,0,00:30:20,1820,Excedido,"80-057         ",80-057 - DUCHA EMB. C/TRANSF. C.STD VERIN PLUS,0,0,09/01/2026 16:53:12
13761153,09/01/2026 13:47:10,09/01/2026 13:53:12,gsoderquvist,6415,00:06:12,00:06:02,372,362,En Tiempo,30,10,0,00:30:20,1820,Excedido,"60-014         ",60-014 - LAVATORIO CR MORA STD,0,0,09/01/2026 16:53:12
13761153,09/01/2026 13:47:10,09/01/2026 13:53:12,gsoderquvist,6415,00:06:12,00:06:02,372,362,En Tiempo,10,10,0,00:30:20,1820,Excedido,"60-194         ",60-194 - LAVATORIO CR C.CERAM LINEA LARA,0,0,09/01/2026 16:53:12
13761153,09/01/2026 13:47:10,09/01/2026 13:53:12,gsoderquvist,6415,00:06:12,00:06:02,372,362,En Tiempo,5,10,0,00:30:20,1820,Excedido,"70-194         ",70-194 - BIDE CR C.CERAM LINEA LARA,0,0,09/01/2026 16:53:12
13761153,09/01/2026 13:47:10,09/01/2026 13:53:12,gsoderquvist,6415,00:06:12,00:06:02,372,362,En Tiempo,8,10,0,00:30:20,1820,Excedido,"80-194         ",80-194 - DUCHA EMB. C/TRANSF. CR C.CERAM LARA,0,0,09/01/2026 16:53:12
13761315,09/01/2026 13:51:40,09/01/2026 14:38:56,rodriguezt,6419,00:09:14,00:47:16,554,2836,Fuera de Tiempo,210,10,0,00:34:39,2079,Excedido,"20-146         ",20-146 - MONOCOMANDO DE COCINA CR LINEA MOVE,0,0,09/01/2026 16:52:18
13761315,09/01/2026 13:51:40,09/01/2026 14:38:56,rodriguezt,6419,00:09:14,00:47:16,554,2836,Fuera de Tiempo,17,10,0,00:34:39,2079,Excedido,"20-146N        ",20-146N - MONOCOMANDO DE COCINA BLACK LINEA MOVE,0,0,09/01/2026 17:16:02
13761315,09/01/2026 13:51:40,09/01/2026 14:38:56,rodriguezt,6419,00:09:14,00:47:16,554,2836,Fuera de Tiempo,12,10,0,00:34:39,2079,Excedido,"20-122N        ",20-122N - MONOCOMANDO COCINA C/PICO EXTRAIBLE VALENCIA BLACK,0,0,09/01/2026 17:16:02
13761315,09/01/2026 13:51:40,09/01/2026 14:38:56,rodriguezt,6419,00:09:14,00:47:16,554,2836,Fuera de Tiempo,180,10,0,00:34:39,2079,Excedido,"20-146         ",20-146 - MONOCOMANDO DE COCINA CR LINEA MOVE,0,0,09/01/2026 17:16:02
13761315,09/01/2026 13:51:40,09/01/2026 14:38:56,rodriguezt,6419,00:09:14,00:47:16,554,2836,Fuera de Tiempo,16,10,0,00:34:39,2079,Excedido,"51-059         ",51-059 - COCINA MESADA BL/CR C.STD MALBA,0,0,09/01/2026 17:38:56
13761315,09/01/2026 13:51:40,09/01/2026 14:38:56,rodriguezt,6419,00:09:14,00:47:16,554,2836,Fuera de Tiempo,49,10,0,00:34:39,2079,Excedido,"51-058         ",51-058 - COCINA MESADA CR C.STD MALBA,0,0,09/01/2026 17:38:56
13761315,09/01/2026 13:51:40,09/01/2026 14:38:56,rodriguezt,6419,00:09:14,00:47:16,554,2836,Fuera de Tiempo,2,10,0,00:34:39,2079,Excedido,"20-122N        ",20-122N - MONOCOMANDO COCINA C/PICO EXTRAIBLE VALENCIA BLACK,0,0,09/01/2026 17:38:56
13761315,09/01/2026 13:51:40,09/01/2026 14:38:56,rodriguezt,6419,00:09:14,00:47:16,554,2836,Fuera de Tiempo,9,10,0,00:34:39,2079,Excedido,"60-203         ",60-203 - LAVATORIO MONOCOMANDO BAJO ADRA,0,0,09/01/2026 17:38:56
13761315,09/01/2026 13:51:40,09/01/2026 14:38:56,rodriguezt,6419,00:09:14,00:47:16,554,2836,Fuera de Tiempo,26,10,0,00:34:39,2079,Excedido,"61-203         ",61-203 - LAVATORIO MONOCOMANDO ALTO ADRA,0,0,09/01/2026 17:38:56
13761315,09/01/2026 13:51:40,09/01/2026 14:38:56,rodriguezt,6419,00:09:14,00:47:16,554,2836,Fuera de Tiempo,1,10,0,00:34:39,2079,Excedido,"20-146         ",20-146 - MONOCOMANDO DE COCINA CR LINEA MOVE,0,0,09/01/2026 17:38:56
13761315,09/01/2026 13:51:40,09/01/2026 14:38:56,rodriguezt,6419,00:09:14,00:47:16,554,2836,Fuera de Tiempo,14,10,0,00:34:39,2079,Excedido,"20-122         ","MONOCOMANDO COCINA CR C/PICO EXTRAIBLE VALENCIA                       ",0,0,09/01/2026 17:38:56
13761315,09/01/2026 13:51:40,09/01/2026 14:38:56,rodriguezt,6419,00:09:14,00:47:16,554,2836,Fuera de Tiempo,44,10,0,00:34:39,2079,Excedido,"A1447C         ","A1447C - FLOR DE DUCHA 4"" ABS CROMO C/BLISTER",0,0,09/01/2026 17:38:56
13761315,09/01/2026 13:51:40,09/01/2026 14:38:56,rodriguezt,6419,00:09:14,00:47:16,554,2836,Fuera de Tiempo,72,10,0,00:34:39,2079,Excedido,"A1448C         ","A1448C - CAÑO CURVO METALICO C/FLOR DE DUCHA 4"" ABS CR C/BLISTER",0,0,09/01/2026 17:38:56
13761517,09/01/2026 13:57:19,09/01/2026 14:22:57,nievasm,7310,00:06:32,00:25:38,392,1538,Fuera de Tiempo,8,19,0,00:29:41,1781,Excedido,"13040          ","PORTA ROLLO LINEA 13000                                               ",0,0,09/01/2026 17:22:57
13761517,09/01/2026 13:57:19,09/01/2026 14:22:57,nievasm,7310,00:06:32,00:25:38,392,1538,Fuera de Tiempo,8,19,0,00:29:41,1781,Excedido,"13030          ","PERCHA LINEA 13000                                                    ",0,0,09/01/2026 17:22:57
13761517,09/01/2026 13:57:19,09/01/2026 14:22:57,nievasm,7310,00:06:32,00:25:38,392,1538,Fuera de Tiempo,8,19,0,00:29:41,1781,Excedido,"13020          ","TOALLERO DE ARO LINEA 13000                                           ",0,0,09/01/2026 17:22:57
13761517,09/01/2026 13:57:19,09/01/2026 14:22:57,nievasm,7310,00:06:32,00:25:38,392,1538,Fuera de Tiempo,5,19,0,00:29:41,1781,Excedido,"30-132         ",30-132 - COCINA MESADA MONOC. C/DUCHADOR EXTENSIBLE VIGO,0,0,09/01/2026 17:22:57
13761517,09/01/2026 13:57:19,09/01/2026 14:22:57,nievasm,7310,00:06:32,00:25:38,392,1538,Fuera de Tiempo,5,19,0,00:29:41,1781,Excedido,"20-172         ",20-172 - COCINA MESADA MONOC. COLORS NEGRO,0,0,09/01/2026 17:22:57
13761517,09/01/2026 13:57:19,09/01/2026 14:22:57,nievasm,7310,00:06:32,00:25:38,392,1538,Fuera de Tiempo,5,19,0,00:29:41,1781,Excedido,"60-176         ","LAVATORIO MONOCOMANDO BAJO CR RIO                                     ",0,0,09/01/2026 17:22:57
13761517,09/01/2026 13:57:19,09/01/2026 14:22:57,nievasm,7310,00:06:32,00:25:38,392,1538,Fuera de Tiempo,6,19,0,00:29:41,1781,Excedido,"61-176         ",61-176 - LAVATORIO MONOC ALTO CR RIO,0,0,09/01/2026 17:22:57
13761517,09/01/2026 13:57:19,09/01/2026 14:22:57,nievasm,7310,00:06:32,00:25:38,392,1538,Fuera de Tiempo,8,19,0,00:29:41,1781,Excedido,"20-122         ","MONOCOMANDO COCINA CR C/PICO EXTRAIBLE VALENCIA                       ",0,0,09/01/2026 17:22:57
13761517,09/01/2026 13:57:19,09/01/2026 14:22:57,nievasm,7310,00:06:32,00:25:38,392,1538,Fuera de Tiempo,5,19,0,00:29:41,1781,Excedido,"20-205         ",20-205 - MONOCOMANDO DE COCINA STEEL,0,0,09/01/2026 17:22:57
13761517,09/01/2026 13:57:19,09/01/2026 14:22:57,nievasm,7310,00:06:32,00:25:38,392,1538,Fuera de Tiempo,3,19,0,00:29:41,1781,Excedido,"17040C         ",17040C - PORTA ROLLO LINEA FABRIC CROMO,0,0,09/01/2026 17:22:57
13761517,09/01/2026 13:57:19,09/01/2026 14:22:57,nievasm,7310,00:06:32,00:25:38,392,1538,Fuera de Tiempo,5,19,0,00:29:41,1781,Excedido,"80-200G        ",80-200G - DUCHA EMB. MONOC. 3 FUNCIONES GOLD FABRIC,0,0,09/01/2026 17:22:57
13761517,09/01/2026 13:57:19,09/01/2026 14:22:57,nievasm,7310,00:06:32,00:25:38,392,1538,Fuera de Tiempo,5,19,0,00:29:41,1781,Excedido,"51-131         ",51-131 - MESADA BIMANDO CR C.CERAM MALLORCA,0,0,09/01/2026 17:22:57
13761517,09/01/2026 13:57:19,09/01/2026 14:22:57,nievasm,7310,00:06:32,00:25:38,392,1538,Fuera de Tiempo,5,19,0,00:29:41,1781,Excedido,"51-190         ",51-190 - MESADA BIMANDO C.CERAM BLACK VELVET,0,0,09/01/2026 17:22:57
13761517,09/01/2026 13:57:19,09/01/2026 14:22:57,nievasm,7310,00:06:32,00:25:38,392,1538,Fuera de Tiempo,4,19,0,00:29:41,1781,Excedido,"80-190P        ",80-190P - DUCHA EMB. C/TRANSF. C.CERAM BLACK VELVET PLUS,0,0,09/01/2026 17:22:57
13761517,09/01/2026 13:57:19,09/01/2026 14:22:57,nievasm,7310,00:06:32,00:25:38,392,1538,Fuera de Tiempo,5,19,0,00:29:41,1781,Excedido,"60-153         ",60-153 - LAVATORIO CR C.CERAMICO CASTILLA,0,0,09/01/2026 17:22:57
13761517,09/01/2026 13:57:19,09/01/2026 14:22:57,nievasm,7310,00:06:32,00:25:38,392,1538,Fuera de Tiempo,3,19,0,00:29:41,1781,Excedido,"70-199N        ",70-199N - BIDE BLACK C.CERAM LIVE,0,0,09/01/2026 17:22:57
13761517,09/01/2026 13:57:19,09/01/2026 14:22:57,nievasm,7310,00:06:32,00:25:38,392,1538,Fuera de Tiempo,10,19,0,00:29:41,1781,Excedido,"70-162         ",70-162 - BIDE CR C.CERAM LINEA ADRA,0,0,09/01/2026 17:22:57
13761517,09/01/2026 13:57:19,09/01/2026 14:22:57,nievasm,7310,00:06:32,00:25:38,392,1538,Fuera de Tiempo,5,19,0,00:29:41,1781,Excedido,"60-162         ",60-162 - LAVATORIO CR C.CERAM LINEA ADRA,0,0,09/01/2026 17:22:57
13761517,09/01/2026 13:57:19,09/01/2026 14:22:57,nievasm,7310,00:06:32,00:25:38,392,1538,Fuera de Tiempo,6,19,0,00:29:41,1781,Excedido,"BCH16          ",BCH16 - BACHA DE APOYAR BLANCA 610x457x254 C/DESAGOTE Y REJILLA,0,0,09/01/2026 17:22:57
13761826,09/01/2026 14:09:16,09/01/2026 14:11:11,gsoderquvist,6415,00:01:41,00:01:55,101,115,Fuera de Tiempo,20,3,0,00:16:04,964,Excedido,"BCH01          ",BCH01 - BACHA DE APOYAR CIRCULAR 320x145,0,0,09/01/2026 17:11:11
13761826,09/01/2026 14:09:16,09/01/2026 14:11:11,gsoderquvist,6415,00:01:41,00:01:55,101,115,Fuera de Tiempo,10,3,0,00:16:04,964,Excedido,"61-205         ",61-205 - LAVATORIO MONOC ALTO STEEL,0,0,09/01/2026 17:11:11
13761826,09/01/2026 14:09:16,09/01/2026 14:11:11,gsoderquvist,6415,00:01:41,00:01:55,101,115,Fuera de Tiempo,10,3,0,00:16:04,964,Excedido,"61-176         ",61-176 - LAVATORIO MONOC ALTO CR RIO,0,0,09/01/2026 17:11:11
13761957,09/01/2026 14:13:43,09/01/2026 14:15:02,gsoderquvist,6415,00:02:20,00:01:19,140,79,En Tiempo,2,7,0,00:02:32,152,Logico,"30-132         ",30-132 - COCINA MESADA MONOC. C/DUCHADOR EXTENSIBLE VIGO,0,0,09/01/2026 17:15:02
13761957,09/01/2026 14:13:43,09/01/2026 14:15:02,gsoderquvist,6415,00:02:20,00:01:19,140,79,En Tiempo,1,7,0,00:02:32,152,Logico,"84-190         ",84-190 - DUCHA EXTERIOR CON COLUMNA BLACK VELVET,0,0,09/01/2026 17:15:02
13761957,09/01/2026 14:13:43,09/01/2026 14:15:02,gsoderquvist,6415,00:02:20,00:01:19,140,79,En Tiempo,2,7,0,00:02:32,152,Logico,"60-168         ",60-168 - LAVATORIO MONOC BAJO CR WAVE,0,0,09/01/2026 17:15:02
13761957,09/01/2026 14:13:43,09/01/2026 14:15:02,gsoderquvist,6415,00:02:20,00:01:19,140,79,En Tiempo,2,7,0,00:02:32,152,Logico,"21100N         ",21100N - ESTANTE ORGANIZADOR RECTANGULAR BLACK 25x12x7,0,0,09/01/2026 17:15:02
13761957,09/01/2026 14:13:43,09/01/2026 14:15:02,gsoderquvist,6415,00:02:20,00:01:19,140,79,En Tiempo,2,7,0,00:02:32,152,Logico,"20-122         ","MONOCOMANDO COCINA CR C/PICO EXTRAIBLE VALENCIA                       ",0,0,09/01/2026 17:15:02
13761957,09/01/2026 14:13:43,09/01/2026 14:15:02,gsoderquvist,6415,00:02:20,00:01:19,140,79,En Tiempo,2,7,0,00:02:32,152,Logico,"3006           ",3006 - SET DE 6 PIEZAS LINEA 3000,0,0,09/01/2026 17:15:02
13761957,09/01/2026 14:13:43,09/01/2026 14:15:02,gsoderquvist,6415,00:02:20,00:01:19,140,79,En Tiempo,4,7,0,00:02:32,152,Logico,"11006          ","SET DE 6 PIEZAS LINEA 11000                                           ",0,0,09/01/2026 17:15:02
13762021,09/01/2026 14:15:54,09/01/2026 14:16:01,gsoderquvist,6415,00:00:49,00:00:07,49,7,En Tiempo,1,1,0,00:00:52,52,Logico,"INO104-2       ","DEPOSITO C/DESCARGA DUAL BLANCO LINEA STONE                           ",0,0,09/01/2026 17:16:01
13762068,09/01/2026 14:17:20,09/01/2026 14:18:34,gsoderquvist,6415,00:00:51,00:01:14,51,74,Fuera de Tiempo,10,1,0,00:01:19,79,Logico,"RA967N         ","CAMPANA VALENCIA - MALLORCA BLACK                                     ",0,0,09/01/2026 17:18:34
13762572,09/01/2026 14:32:09,09/01/2026 14:33:34,gsoderquvist,6415,00:01:14,00:01:25,74,85,Fuera de Tiempo,15,2,0,00:13:35,815,Excedido,"60-162         ",60-162 - LAVATORIO CR C.CERAM LINEA ADRA,0,0,09/01/2026 17:33:34
13762572,09/01/2026 14:32:09,09/01/2026 14:33:34,gsoderquvist,6415,00:01:14,00:01:25,74,85,Fuera de Tiempo,10,2,0,00:13:35,815,Excedido,"70-162         ",70-162 - BIDE CR C.CERAM LINEA ADRA,0,0,09/01/2026 17:33:34
13762677,09/01/2026 14:35:04,09/01/2026 14:35:18,gsoderquvist,6415,00:00:49,00:00:14,49,14,En Tiempo,3,1,0,00:01:30,90,Logico,"84-180         ",84-180 - GRIFERIA DE PIE P/BAÑERA EXENTA VERA,0,0,09/01/2026 17:35:18
13762715,09/01/2026 14:36:17,09/01/2026 14:49:57,gsoderquvist,6415,00:08:56,00:13:40,536,820,Fuera de Tiempo,4,14,0,00:00:59,59,Logico,"54-130         ",54-130 - MONOCOMANDO COCINA PARED EXT BILBAO,0,0,09/01/2026 17:49:57
13762715,09/01/2026 14:36:17,09/01/2026 14:49:57,gsoderquvist,6415,00:08:56,00:13:40,536,820,Fuera de Tiempo,16,14,0,00:00:59,59,Logico,"20-160         ",20-160 - MONOCOMANDO MESADA COCINA DIQUE,0,0,09/01/2026 17:49:57
13762715,09/01/2026 14:36:17,09/01/2026 14:49:57,gsoderquvist,6415,00:08:56,00:13:40,536,820,Fuera de Tiempo,6,14,0,00:00:59,59,Logico,"20-146N        ",20-146N - MONOCOMANDO DE COCINA BLACK LINEA MOVE,0,0,09/01/2026 17:49:57
13762715,09/01/2026 14:36:17,09/01/2026 14:49:57,gsoderquvist,6415,00:08:56,00:13:40,536,820,Fuera de Tiempo,4,14,0,00:00:59,59,Logico,"83-133         ",83-133 - DUCHA EXT. C/TRANSF. MONOCOMANDO LUGO,0,0,09/01/2026 17:49:57
13762715,09/01/2026 14:36:17,09/01/2026 14:49:57,gsoderquvist,6415,00:08:56,00:13:40,536,820,Fuera de Tiempo,3,14,0,00:00:59,59,Logico,"61-203         ",61-203 - LAVATORIO MONOCOMANDO ALTO ADRA,0,0,09/01/2026 17:49:57
13762715,09/01/2026 14:36:17,09/01/2026 14:49:57,gsoderquvist,6415,00:08:56,00:13:40,536,820,Fuera de Tiempo,10,14,0,00:00:59,59,Logico,"RA877          ",RA877 - 10 TORNILLOS P/VOLANTE GRIFERIA,0,0,09/01/2026 17:49:57
13762715,09/01/2026 14:36:17,09/01/2026 14:49:57,gsoderquvist,6415,00:08:56,00:13:40,536,820,Fuera de Tiempo,5,14,0,00:00:59,59,Logico,"RA1076         ","10 ORING P/MONOC COCINA RENACER                                       ",0,0,09/01/2026 17:49:57
13762715,09/01/2026 14:36:17,09/01/2026 14:49:57,gsoderquvist,6415,00:08:56,00:13:40,536,820,Fuera de Tiempo,60,14,0,00:00:59,59,Logico,"RA001          ",RA001 - CABEZAL STD NO ASCENDENTE,0,0,09/01/2026 17:49:57
13762715,09/01/2026 14:36:17,09/01/2026 14:49:57,gsoderquvist,6415,00:08:56,00:13:40,536,820,Fuera de Tiempo,20,14,0,00:00:59,59,Logico,"RA004          ",RA004 - CABEZAL P/TRANSF. BIDET Y DUCHA EMBUTIR,0,0,09/01/2026 17:49:57
13762715,09/01/2026 14:36:17,09/01/2026 14:49:57,gsoderquvist,6415,00:08:56,00:13:40,536,820,Fuera de Tiempo,4,14,0,00:00:59,59,Logico,"RA1050         ",RA1050 - VOLANTE MALLORCA STD.,0,0,09/01/2026 17:49:57
13762715,09/01/2026 14:36:17,09/01/2026 14:49:57,gsoderquvist,6415,00:08:56,00:13:40,536,820,Fuera de Tiempo,2,14,0,00:00:59,59,Logico,"RA1189         ",RA1189 - SET PROLONGADOR P/VASTAGO Y CAMPANA (x3),0,0,09/01/2026 17:49:57
13762715,09/01/2026 14:36:17,09/01/2026 14:49:57,gsoderquvist,6415,00:08:56,00:13:40,536,820,Fuera de Tiempo,3,14,0,00:00:59,59,Logico,"RA980          ",RA980 - 10 CONJ. PROLONGADOR LARGO (TORNILLO+TUBO) VOLANTE,0,0,09/01/2026 17:49:57
13762715,09/01/2026 14:36:17,09/01/2026 14:49:57,gsoderquvist,6415,00:08:56,00:13:40,536,820,Fuera de Tiempo,8,14,0,00:00:59,59,Logico,"RA967          ",RA967 - CAMPANA VALENCIA - MALLORCA,0,0,09/01/2026 17:49:57
13762715,09/01/2026 14:36:17,09/01/2026 14:49:57,gsoderquvist,6415,00:08:56,00:13:40,536,820,Fuera de Tiempo,2,14,0,00:00:59,59,Logico,"RA1051         ",RA1051 - VOLANTE TRANSFERENCIA MALLORCA,0,0,09/01/2026 17:49:57
13762887,09/01/2026 14:40:44,09/01/2026 15:08:12,nievasm,7310,00:05:51,00:27:28,351,1648,Fuera de Tiempo,10,27,0,00:17:47,1067,Excedido,"8050           ",8050 - JABONERA LINEA 8000,0,0,09/01/2026 18:08:12
13762887,09/01/2026 14:40:44,09/01/2026 15:08:12,nievasm,7310,00:05:51,00:27:28,351,1648,Fuera de Tiempo,10,27,0,00:17:47,1067,Excedido,"8040           ",8040 - PORTA ROLLO LINEA 8000,0,0,09/01/2026 18:08:12
13762887,09/01/2026 14:40:44,09/01/2026 15:08:12,nievasm,7310,00:05:51,00:27:28,351,1648,Fuera de Tiempo,10,27,0,00:17:47,1067,Excedido,"11040          ","PORTA ROLLO LINEA 11000                                               ",0,0,09/01/2026 18:08:12
13762887,09/01/2026 14:40:44,09/01/2026 15:08:12,nievasm,7310,00:05:51,00:27:28,351,1648,Fuera de Tiempo,10,27,0,00:17:47,1067,Excedido,"3070           ",3070 - JABONERA PARA BAÑERA LINEA 3000,0,0,09/01/2026 18:08:12
13762887,09/01/2026 14:40:44,09/01/2026 15:08:12,nievasm,7310,00:05:51,00:27:28,351,1648,Fuera de Tiempo,5,27,0,00:17:47,1067,Excedido,"20-140         ",20-140 - MONOCOMANDO DE COCINA LINEA CUINA,0,0,09/01/2026 18:08:12
13762887,09/01/2026 14:40:44,09/01/2026 15:08:12,nievasm,7310,00:05:51,00:27:28,351,1648,Fuera de Tiempo,4,27,0,00:17:47,1067,Excedido,"84-203         ","DUCHA EXT C/COLUMNA Y TRANSF CR ADRA                                  ",0,0,09/01/2026 18:08:12
13762887,09/01/2026 14:40:44,09/01/2026 15:08:12,nievasm,7310,00:05:51,00:27:28,351,1648,Fuera de Tiempo,4,27,0,00:17:47,1067,Excedido,"05-010         ","LAVATORIO BAJO TEMPORIZADO TECNO                                      ",0,0,09/01/2026 18:08:12
13762887,09/01/2026 14:40:44,09/01/2026 15:08:12,nievasm,7310,00:05:51,00:27:28,351,1648,Fuera de Tiempo,20,27,0,00:17:47,1067,Excedido,"22004          ","SET DE 4 PIEZAS LINEA 22000                                           ",0,0,09/01/2026 18:08:12
13762887,09/01/2026 14:40:44,09/01/2026 15:08:12,nievasm,7310,00:05:51,00:27:28,351,1648,Fuera de Tiempo,10,27,0,00:17:47,1067,Excedido,"83-133         ",83-133 - DUCHA EXT. C/TRANSF. MONOCOMANDO LUGO,0,0,09/01/2026 18:08:12
13762887,09/01/2026 14:40:44,09/01/2026 15:08:12,nievasm,7310,00:05:51,00:27:28,351,1648,Fuera de Tiempo,10,27,0,00:17:47,1067,Excedido,"12006          ","SET DE 6 PIEZAS LINEA 12000                                           ",0,0,09/01/2026 18:08:12
13762887,09/01/2026 14:40:44,09/01/2026 15:08:12,nievasm,7310,00:05:51,00:27:28,351,1648,Fuera de Tiempo,10,27,0,00:17:47,1067,Excedido,"11006          ","SET DE 6 PIEZAS LINEA 11000                                           ",0,0,09/01/2026 18:08:12
13762887,09/01/2026 14:40:44,09/01/2026 15:08:12,nievasm,7310,00:05:51,00:27:28,351,1648,Fuera de Tiempo,10,27,0,00:17:47,1067,Excedido,"20-134         ",20-134 - MONOCOMANDO COCINA BETIS,0,0,09/01/2026 18:08:12
13762887,09/01/2026 14:40:44,09/01/2026 15:08:12,nievasm,7310,00:05:51,00:27:28,351,1648,Fuera de Tiempo,10,27,0,00:17:47,1067,Excedido,"934/CR         ",934/CR - J.PARED C/EXT CRUZ CR/CR ARES,0,0,09/01/2026 18:08:12
13762887,09/01/2026 14:40:44,09/01/2026 15:08:12,nievasm,7310,00:05:51,00:27:28,351,1648,Fuera de Tiempo,6,27,0,00:17:47,1067,Excedido,"814/CR         ",814/CR - MESADA P.FUNDIDO CR/CR ARES,0,0,09/01/2026 18:08:12
13762887,09/01/2026 14:40:44,09/01/2026 15:08:12,nievasm,7310,00:05:51,00:27:28,351,1648,Fuera de Tiempo,10,27,0,00:17:47,1067,Excedido,"60-001N        ","60-001N - LAVATORIO ""CROMO Y""",0,0,09/01/2026 18:08:12
13762887,09/01/2026 14:40:44,09/01/2026 15:08:12,nievasm,7310,00:05:51,00:27:28,351,1648,Fuera de Tiempo,6,27,0,00:17:47,1067,Excedido,"80-045         ",80-045 - DUCHA EMB.C/TRANSF CR  C.STD CRUZ,0,0,09/01/2026 18:08:12
13762887,09/01/2026 14:40:44,09/01/2026 15:08:12,nievasm,7310,00:05:51,00:27:28,351,1648,Fuera de Tiempo,4,27,0,00:17:47,1067,Excedido,"60-045         ",60-045 - LAVATORIO CR/CR C.STD CRUZ,0,0,09/01/2026 18:08:12
13762887,09/01/2026 14:40:44,09/01/2026 15:08:12,nievasm,7310,00:05:51,00:27:28,351,1648,Fuera de Tiempo,10,27,0,00:17:47,1067,Excedido,"61-203         ",61-203 - LAVATORIO MONOCOMANDO ALTO ADRA,0,0,09/01/2026 18:08:12
13762887,09/01/2026 14:40:44,09/01/2026 15:08:12,nievasm,7310,00:05:51,00:27:28,351,1648,Fuera de Tiempo,3,27,0,00:17:47,1067,Excedido,"835            ",835 - JGO.MDA. P.FUNDIDO CR MURCIA,0,0,09/01/2026 18:08:12
13762887,09/01/2026 14:40:44,09/01/2026 15:08:12,nievasm,7310,00:05:51,00:27:28,351,1648,Fuera de Tiempo,4,27,0,00:17:47,1067,Excedido,"215            ","215 - LAVATORIO CROMO ""MURCIA""",0,0,09/01/2026 18:08:12
13762887,09/01/2026 14:40:44,09/01/2026 15:08:12,nievasm,7310,00:05:51,00:27:28,351,1648,Fuera de Tiempo,4,27,0,00:17:47,1067,Excedido,"435            ",435 - DUCHA EMB.C/TRANSF.CR MURCIA,0,0,09/01/2026 18:08:12
13762887,09/01/2026 14:40:44,09/01/2026 15:08:12,nievasm,7310,00:05:51,00:27:28,351,1648,Fuera de Tiempo,4,27,0,00:17:47,1067,Excedido,"51-002         ",51-002 - COCINA MESADA RENACER,0,0,09/01/2026 18:08:12
13762887,09/01/2026 14:40:44,09/01/2026 15:08:12,nievasm,7310,00:05:51,00:27:28,351,1648,Fuera de Tiempo,2,27,0,00:17:47,1067,Excedido,"53-002         ",53-002 - COCINA PARED EXT. P.ALTO RENACER,0,0,09/01/2026 18:08:12
13762887,09/01/2026 14:40:44,09/01/2026 15:08:12,nievasm,7310,00:05:51,00:27:28,351,1648,Fuera de Tiempo,10,27,0,00:17:47,1067,Excedido,"80-058         ",80-058 - DUCHA EMB. C/TRANSF. CR C.STD MALBA,0,0,09/01/2026 18:08:12
13762887,09/01/2026 14:40:44,09/01/2026 15:08:12,nievasm,7310,00:05:51,00:27:28,351,1648,Fuera de Tiempo,16,27,0,00:17:47,1067,Excedido,"60-162         ",60-162 - LAVATORIO CR C.CERAM LINEA ADRA,0,0,09/01/2026 18:08:12
13762887,09/01/2026 14:40:44,09/01/2026 15:08:12,nievasm,7310,00:05:51,00:27:28,351,1648,Fuera de Tiempo,6,27,0,00:17:47,1067,Excedido,"90-166         ",90-166 - PACK GRIF. ADRA PLUS (Lav-Bide-Ducha c/t Plus),0,0,09/01/2026 18:08:12
13762887,09/01/2026 14:40:44,09/01/2026 15:08:12,nievasm,7310,00:05:51,00:27:28,351,1648,Fuera de Tiempo,10,27,0,00:17:47,1067,Excedido,"80-166         ","DUCHA EMB. C/TRANSF. CR C.CERAM ADRA PLUS                             ",0,0,09/01/2026 18:08:12
13763536,09/01/2026 14:59:10,09/01/2026 15:20:17,gsoderquvist,6415,00:05:15,00:21:07,315,1267,Fuera de Tiempo,2,19,0,00:09:13,553,Excedido,"AB-001         ",AB-001 - AGARRADERA ACERO INOX CROMADO 30 CM SAFE,0,0,09/01/2026 18:20:17
13763536,09/01/2026 14:59:10,09/01/2026 15:20:17,gsoderquvist,6415,00:05:15,00:21:07,315,1267,Fuera de Tiempo,2,19,0,00:09:13,553,Excedido,"AB-002         ",AB-002 - AGARRADERA ACERO INOX CROMADO 40 CM SAFE,0,0,09/01/2026 18:20:17
13763536,09/01/2026 14:59:10,09/01/2026 15:20:17,gsoderquvist,6415,00:05:15,00:21:07,315,1267,Fuera de Tiempo,1,19,0,00:09:13,553,Excedido,"61-205         ",61-205 - LAVATORIO MONOC ALTO STEEL,0,0,09/01/2026 18:20:17
13763536,09/01/2026 14:59:10,09/01/2026 15:20:17,gsoderquvist,6415,00:05:15,00:21:07,315,1267,Fuera de Tiempo,1,19,0,00:09:13,553,Excedido,"21100          ",21100 - ESTANTE ORGANIZADOR RECTANGULAR 25x12x7,0,0,09/01/2026 18:20:17
13763536,09/01/2026 14:59:10,09/01/2026 15:20:17,gsoderquvist,6415,00:05:15,00:21:07,315,1267,Fuera de Tiempo,2,19,0,00:09:13,553,Excedido,"3006SS         ",3006SS - SET DE 6 PIEZAS LINEA 3000 SS,0,0,09/01/2026 18:20:17
13763536,09/01/2026 14:59:10,09/01/2026 15:20:17,gsoderquvist,6415,00:05:15,00:21:07,315,1267,Fuera de Tiempo,1,19,0,00:09:13,553,Excedido,"21200          ",21200 - ESQUINERO ORGANIZADOR 19x19x7,0,0,09/01/2026 18:20:17
13763536,09/01/2026 14:59:10,09/01/2026 15:20:17,gsoderquvist,6415,00:05:15,00:21:07,315,1267,Fuera de Tiempo,1,19,0,00:09:13,553,Excedido,"83-180         ",83-180 - DUCHA EXT. C/TRANSF. MONOCOMANDO VERA,0,0,09/01/2026 18:20:17
13763536,09/01/2026 14:59:10,09/01/2026 15:20:17,gsoderquvist,6415,00:05:15,00:21:07,315,1267,Fuera de Tiempo,1,19,0,00:09:13,553,Excedido,"17060G         ",17060G - PORTA VASO Y CEPILLO  LINEA FABRIC GOLD,0,0,09/01/2026 18:20:17
13763536,09/01/2026 14:59:10,09/01/2026 15:20:17,gsoderquvist,6415,00:05:15,00:21:07,315,1267,Fuera de Tiempo,3,19,0,00:09:13,553,Excedido,"8006           ",8006 - SET DE 6 PIEZAS LINEA 8000,0,0,09/01/2026 18:20:17
13763536,09/01/2026 14:59:10,09/01/2026 15:20:17,gsoderquvist,6415,00:05:15,00:21:07,315,1267,Fuera de Tiempo,2,19,0,00:09:13,553,Excedido,"16006BL        ",16006BL - SET 6 PIEZAS ACCESORIOS LINEA 16000 BLACK,0,0,09/01/2026 18:20:17
13763536,09/01/2026 14:59:10,09/01/2026 15:20:17,gsoderquvist,6415,00:05:15,00:21:07,315,1267,Fuera de Tiempo,2,19,0,00:09:13,553,Excedido,"13006          ","SET DE 6 PIEZAS LINEA 13000                                           ",0,0,09/01/2026 18:20:17
13763536,09/01/2026 14:59:10,09/01/2026 15:20:17,gsoderquvist,6415,00:05:15,00:21:07,315,1267,Fuera de Tiempo,4,19,0,00:09:13,553,Excedido,"16006          ",16006 - SET 6 PIEZAS ACCESORIOS LINEA 16000,0,0,09/01/2026 18:20:17
13763536,09/01/2026 14:59:10,09/01/2026 15:20:17,gsoderquvist,6415,00:05:15,00:21:07,315,1267,Fuera de Tiempo,2,19,0,00:09:13,553,Excedido,"434/CR         ",434/CR - DUCHA EMB.C/TRANSF CR ARES,0,0,09/01/2026 18:20:17
13763536,09/01/2026 14:59:10,09/01/2026 15:20:17,gsoderquvist,6415,00:05:15,00:21:07,315,1267,Fuera de Tiempo,1,19,0,00:09:13,553,Excedido,"314/CR         ",314/CR - BIDE CROMO ARES,0,0,09/01/2026 18:20:17
13763536,09/01/2026 14:59:10,09/01/2026 15:20:17,gsoderquvist,6415,00:05:15,00:21:07,315,1267,Fuera de Tiempo,1,19,0,00:09:13,553,Excedido,"81-166         ",81-166 - DUCHA EMB. S/TRANSF. CR C.CERAM ADRA PLUS,0,0,09/01/2026 18:20:17
13763536,09/01/2026 14:59:10,09/01/2026 15:20:17,gsoderquvist,6415,00:05:15,00:21:07,315,1267,Fuera de Tiempo,2,19,0,00:09:13,553,Excedido,"910/M          ","910/M - JGO.MDA.P.CANO CROMO ""DIQUE""",0,0,09/01/2026 18:20:17
13763536,09/01/2026 14:59:10,09/01/2026 15:20:17,gsoderquvist,6415,00:05:15,00:21:07,315,1267,Fuera de Tiempo,2,19,0,00:09:13,553,Excedido,"60-162         ",60-162 - LAVATORIO CR C.CERAM LINEA ADRA,0,0,09/01/2026 18:20:17
13763536,09/01/2026 14:59:10,09/01/2026 15:20:17,gsoderquvist,6415,00:05:15,00:21:07,315,1267,Fuera de Tiempo,2,19,0,00:09:13,553,Excedido,"70-162         ",70-162 - BIDE CR C.CERAM LINEA ADRA,0,0,09/01/2026 18:20:17
13763536,09/01/2026 14:59:10,09/01/2026 15:20:17,gsoderquvist,6415,00:05:15,00:21:07,315,1267,Fuera de Tiempo,1,19,0,00:09:13,553,Excedido,"RU989          ",RU989 - VASO DE VIDRIO CUADRADO REPUESTO,0,0,09/01/2026 18:20:17
13763544,09/01/2026 14:59:18,09/01/2026 15:14:17,rodriguezt,6419,00:06:14,00:14:59,374,899,Fuera de Tiempo,2,34,0,00:20:22,1222,Excedido,"61-130         ",61-130 - LAVATORIO MONOCOMANDO ALTO BILBAO,0,0,09/01/2026 18:14:17
13763544,09/01/2026 14:59:18,09/01/2026 15:14:17,rodriguezt,6419,00:06:14,00:14:59,374,899,Fuera de Tiempo,2,34,0,00:20:22,1222,Excedido,"60-130         ",60-130 - LAVATORIO MONOCOMANDO BAJO BILBAO,0,0,09/01/2026 18:14:17
13763544,09/01/2026 14:59:18,09/01/2026 15:14:17,rodriguezt,6419,00:06:14,00:14:59,374,899,Fuera de Tiempo,2,34,0,00:20:22,1222,Excedido,"61-205         ",61-205 - LAVATORIO MONOC ALTO STEEL,0,0,09/01/2026 18:14:17
13763544,09/01/2026 14:59:18,09/01/2026 15:14:17,rodriguezt,6419,00:06:14,00:14:59,374,899,Fuera de Tiempo,4,34,0,00:20:22,1222,Excedido,"60-205         ",60-205 - LAVATORIO MONOC BAJO STEEL,0,0,09/01/2026 18:14:17
13763544,09/01/2026 14:59:18,09/01/2026 15:14:17,rodriguezt,6419,00:06:14,00:14:59,374,899,Fuera de Tiempo,2,34,0,00:20:22,1222,Excedido,"60-193         ",60-193 - LAVATORIO MONOCOMANDO BAJO MORA,0,0,09/01/2026 18:14:17
13763544,09/01/2026 14:59:18,09/01/2026 15:14:17,rodriguezt,6419,00:06:14,00:14:59,374,899,Fuera de Tiempo,2,34,0,00:20:22,1222,Excedido,"60-152         ",60-152 - LAVATORIO CR MONOCOMANDO BAJO SORIA,0,0,09/01/2026 18:14:17
13763544,09/01/2026 14:59:18,09/01/2026 15:14:17,rodriguezt,6419,00:06:14,00:14:59,374,899,Fuera de Tiempo,2,34,0,00:20:22,1222,Excedido,"61-152         ",61-152 - LAVATORIO MONOCOMANDO CROMO ALTO SORIA,0,0,09/01/2026 18:14:17
13763544,09/01/2026 14:59:18,09/01/2026 15:14:17,rodriguezt,6419,00:06:14,00:14:59,374,899,Fuera de Tiempo,8,34,0,00:20:22,1222,Excedido,"60-133         ",60-133 - LAVATORIO MONOCOMANDO LUGO,0,0,09/01/2026 18:14:17
13763544,09/01/2026 14:59:18,09/01/2026 15:14:17,rodriguezt,6419,00:06:14,00:14:59,374,899,Fuera de Tiempo,8,34,0,00:20:22,1222,Excedido,"83-133         ",83-133 - DUCHA EXT. C/TRANSF. MONOCOMANDO LUGO,0,0,09/01/2026 18:14:17
13763544,09/01/2026 14:59:18,09/01/2026 15:14:17,rodriguezt,6419,00:06:14,00:14:59,374,899,Fuera de Tiempo,4,34,0,00:20:22,1222,Excedido,"83-203         ",83-203 - DUCHA EXT C/TRANSF. MONOCOMANDO ADRA,0,0,09/01/2026 18:14:17
13763544,09/01/2026 14:59:18,09/01/2026 15:14:17,rodriguezt,6419,00:06:14,00:14:59,374,899,Fuera de Tiempo,4,34,0,00:20:22,1222,Excedido,"70-203         ",70-203 - BIDE MONOCOMANDO ADRA,0,0,09/01/2026 18:14:17
13763544,09/01/2026 14:59:18,09/01/2026 15:14:17,rodriguezt,6419,00:06:14,00:14:59,374,899,Fuera de Tiempo,20,34,0,00:20:22,1222,Excedido,"20-134         ",20-134 - MONOCOMANDO COCINA BETIS,0,0,09/01/2026 18:14:17
13763544,09/01/2026 14:59:18,09/01/2026 15:14:17,rodriguezt,6419,00:06:14,00:14:59,374,899,Fuera de Tiempo,4,34,0,00:20:22,1222,Excedido,"51-057         ",51-057 - COCINA MESADA CR C.STD VERIN PLUS,0,0,09/01/2026 18:14:17
13763544,09/01/2026 14:59:18,09/01/2026 15:14:17,rodriguezt,6419,00:06:14,00:14:59,374,899,Fuera de Tiempo,4,34,0,00:20:22,1222,Excedido,"214/CR         ",214/CR - LAVATORIO CR/CR ARES,0,0,09/01/2026 18:14:17
13763544,09/01/2026 14:59:18,09/01/2026 15:14:17,rodriguezt,6419,00:06:14,00:14:59,374,899,Fuera de Tiempo,3,34,0,00:20:22,1222,Excedido,"70-001N        ","70-001N - BIDE ""CROMO Y""",0,0,09/01/2026 18:14:17
13763544,09/01/2026 14:59:18,09/01/2026 15:14:17,rodriguezt,6419,00:06:14,00:14:59,374,899,Fuera de Tiempo,3,34,0,00:20:22,1222,Excedido,"60-001N        ","60-001N - LAVATORIO ""CROMO Y""",0,0,09/01/2026 18:14:17
13763544,09/01/2026 14:59:18,09/01/2026 15:14:17,rodriguezt,6419,00:06:14,00:14:59,374,899,Fuera de Tiempo,8,34,0,00:20:22,1222,Excedido,"209            ",209 - LAVATORIO CROMO LAZA,0,0,09/01/2026 18:14:17
13763544,09/01/2026 14:59:18,09/01/2026 15:14:17,rodriguezt,6419,00:06:14,00:14:59,374,899,Fuera de Tiempo,4,34,0,00:20:22,1222,Excedido,"309            ","309 - BIDE CROMO ""LAZA""",0,0,09/01/2026 18:14:17
13763544,09/01/2026 14:59:18,09/01/2026 15:14:17,rodriguezt,6419,00:06:14,00:14:59,374,899,Fuera de Tiempo,4,34,0,00:20:22,1222,Excedido,"60-203         ",60-203 - LAVATORIO MONOCOMANDO BAJO ADRA,0,0,09/01/2026 18:14:17
13763544,09/01/2026 14:59:18,09/01/2026 15:14:17,rodriguezt,6419,00:06:14,00:14:59,374,899,Fuera de Tiempo,4,34,0,00:20:22,1222,Excedido,"61-203         ",61-203 - LAVATORIO MONOCOMANDO ALTO ADRA,0,0,09/01/2026 18:14:17
13763544,09/01/2026 14:59:18,09/01/2026 15:14:17,rodriguezt,6419,00:06:14,00:14:59,374,899,Fuera de Tiempo,2,34,0,00:20:22,1222,Excedido,"985            ",985 - JGO PARED EXT CR P.FUNDIDO MURCIA,0,0,09/01/2026 18:14:17
13763544,09/01/2026 14:59:18,09/01/2026 15:14:17,rodriguezt,6419,00:06:14,00:14:59,374,899,Fuera de Tiempo,2,34,0,00:20:22,1222,Excedido,"835            ",835 - JGO.MDA. P.FUNDIDO CR MURCIA,0,0,09/01/2026 18:14:17
13763544,09/01/2026 14:59:18,09/01/2026 15:14:17,rodriguezt,6419,00:06:14,00:14:59,374,899,Fuera de Tiempo,2,34,0,00:20:22,1222,Excedido,"215            ","215 - LAVATORIO CROMO ""MURCIA""",0,0,09/01/2026 18:14:17
13763544,09/01/2026 14:59:18,09/01/2026 15:14:17,rodriguezt,6419,00:06:14,00:14:59,374,899,Fuera de Tiempo,4,34,0,00:20:22,1222,Excedido,"910/M          ","910/M - JGO.MDA.P.CANO CROMO ""DIQUE""",0,0,09/01/2026 18:14:17
13763544,09/01/2026 14:59:18,09/01/2026 15:14:17,rodriguezt,6419,00:06:14,00:14:59,374,899,Fuera de Tiempo,8,34,0,00:20:22,1222,Excedido,"919/M          ",919/M - JGO.MDA.P.CANO CROMO LAZA,0,0,09/01/2026 18:14:17
13763544,09/01/2026 14:59:18,09/01/2026 15:14:17,rodriguezt,6419,00:06:14,00:14:59,374,899,Fuera de Tiempo,6,34,0,00:20:22,1222,Excedido,"203            ","203 - LAVATORIO CROMO ""DIQUE""",0,0,09/01/2026 18:14:17
13763544,09/01/2026 14:59:18,09/01/2026 15:14:17,rodriguezt,6419,00:06:14,00:14:59,374,899,Fuera de Tiempo,6,34,0,00:20:22,1222,Excedido,"80-058         ",80-058 - DUCHA EMB. C/TRANSF. CR C.STD MALBA,0,0,09/01/2026 18:14:17
13763544,09/01/2026 14:59:18,09/01/2026 15:14:17,rodriguezt,6419,00:06:14,00:14:59,374,899,Fuera de Tiempo,6,34,0,00:20:22,1222,Excedido,"70-058         ",70-058 - BIDE CR C.STD MALBA,0,0,09/01/2026 18:14:17
13763544,09/01/2026 14:59:18,09/01/2026 15:14:17,rodriguezt,6419,00:06:14,00:14:59,374,899,Fuera de Tiempo,8,34,0,00:20:22,1222,Excedido,"60-058         ",60-058 - LAVATORIO CR C.STD MALBA,0,0,09/01/2026 18:14:17
13763544,09/01/2026 14:59:18,09/01/2026 15:14:17,rodriguezt,6419,00:06:14,00:14:59,374,899,Fuera de Tiempo,2,34,0,00:20:22,1222,Excedido,"80-203         ",80-203 - DUCHA EMB C/TRANSF. MONOCOMANDO ADRA,0,0,09/01/2026 18:14:17
13763544,09/01/2026 14:59:18,09/01/2026 15:14:17,rodriguezt,6419,00:06:14,00:14:59,374,899,Fuera de Tiempo,4,34,0,00:20:22,1222,Excedido,"60-162         ",60-162 - LAVATORIO CR C.CERAM LINEA ADRA,0,0,09/01/2026 18:14:17
13763544,09/01/2026 14:59:18,09/01/2026 15:14:17,rodriguezt,6419,00:06:14,00:14:59,374,899,Fuera de Tiempo,6,34,0,00:20:22,1222,Excedido,"60-057         ",60-057 - LAVATORIO C.STD VERIN PLUS,0,0,09/01/2026 18:14:17
13763544,09/01/2026 14:59:18,09/01/2026 15:14:17,rodriguezt,6419,00:06:14,00:14:59,374,899,Fuera de Tiempo,4,34,0,00:20:22,1222,Excedido,"RA1189         ",RA1189 - SET PROLONGADOR P/VASTAGO Y CAMPANA (x3),0,0,09/01/2026 18:14:17
13763544,09/01/2026 14:59:18,09/01/2026 15:14:17,rodriguezt,6419,00:06:14,00:14:59,374,899,Fuera de Tiempo,20,34,0,00:20:22,1222,Excedido,"RA001          ",RA001 - CABEZAL STD NO ASCENDENTE,0,0,09/01/2026 18:14:17
13764050,09/01/2026 15:16:09,09/01/2026 15:17:37,rodriguezt,6419,00:02:36,00:01:28,156,88,En Tiempo,2,7,0,00:01:52,112,Logico,"30-121         ",30-121 - COCINA MSDA MONOC.P. CUADRADO MARBELLA,0,0,09/01/2026 18:17:37
13764050,09/01/2026 15:16:09,09/01/2026 15:17:37,rodriguezt,6419,00:02:36,00:01:28,156,88,En Tiempo,2,7,0,00:01:52,112,Logico,"20-121         ",20-121 - COCINA MSDA MONOC.P. REDONDO MARBELLA,0,0,09/01/2026 18:17:37
13764050,09/01/2026 15:16:09,09/01/2026 15:17:37,rodriguezt,6419,00:02:36,00:01:28,156,88,En Tiempo,6,7,0,00:01:52,112,Logico,"61-176N        ",61-176N - LAVATORIO MONOC ALTO BLACK RIO,0,0,09/01/2026 18:17:37
13764050,09/01/2026 15:16:09,09/01/2026 15:17:37,rodriguezt,6419,00:02:36,00:01:28,156,88,En Tiempo,3,7,0,00:01:52,112,Logico,"70-176N        ",70-176N - BIDE MONOC C/TRANSF BLACK RIO,0,0,09/01/2026 18:17:37
13764050,09/01/2026 15:16:09,09/01/2026 15:17:37,rodriguezt,6419,00:02:36,00:01:28,156,88,En Tiempo,2,7,0,00:01:52,112,Logico,"61-176         ",61-176 - LAVATORIO MONOC ALTO CR RIO,0,0,09/01/2026 18:17:37
13764050,09/01/2026 15:16:09,09/01/2026 15:17:37,rodriguezt,6419,00:02:36,00:01:28,156,88,En Tiempo,1,7,0,00:01:52,112,Logico,"70-176         ",70-176 - BIDE MONOC C/TRANSF CR RIO,0,0,09/01/2026 18:17:37
13764050,09/01/2026 15:16:09,09/01/2026 15:17:37,rodriguezt,6419,00:02:36,00:01:28,156,88,En Tiempo,10,7,0,00:01:52,112,Logico,"RA1030         ",RA1030 - PICO ROCIADOR P/ MONOC COCINA CUINA,0,0,09/01/2026 18:17:37
