ControlContenedorId,FechaInicio,FechaFin,Usuario,UsuarioId,TiempoEstimadoMinutos,TiempoRealMinutos,TiempoEstimadoSegundos,TiempoRealSegundos,CumplioTiempo,Unidades,Articulos,CantidadConversion,TiempoEntreTareasMinutos,TiempoEntreTareasSegundos,CumplioTiempoEntreTareas,CodigoArticulo,DescripcionArticulo,UnidadesDetalle,CantidadConversionDetalle,FechaHoraLog
14209320,10/01/2026 06:14:06,10/01/2026 06:17:00,nievasm,7310,00:02:30,00:02:54,150,174,Fuera de Tiempo,10,5,0,,,Excedido,"1930-70GN      ",1930-70GN - FLEXIBLE P/GAS NATURAL C/PILAR H 1 1/4-M 3/4 30-70,0,0,10/01/2026 09:15:46
14209320,10/01/2026 06:14:06,10/01/2026 06:17:00,nievasm,7310,00:02:30,00:02:54,150,174,Fuera de Tiempo,1,5,0,,,Excedido,"19006          ",19006 - SET DE 6 PIEZAS LINEA 19000,0,0,10/01/2026 09:16:10
14209320,10/01/2026 06:14:06,10/01/2026 06:17:00,nievasm,7310,00:02:30,00:02:54,150,174,Fuera de Tiempo,6,5,0,,,Excedido,"60-133         ",60-133 - LAVATORIO MONOCOMANDO LUGO,0,0,10/01/2026 09:16:35
14209320,10/01/2026 06:14:06,10/01/2026 06:17:00,nievasm,7310,00:02:30,00:02:54,150,174,Fuera de Tiempo,8,5,0,,,Excedido,"20-160         ",20-160 - MONOCOMANDO MESADA COCINA DIQUE,0,0,10/01/2026 09:16:50
14209320,10/01/2026 06:14:06,10/01/2026 06:17:00,nievasm,7310,00:02:30,00:02:54,150,174,Fuera de Tiempo,6,5,0,,,Excedido,"20-146         ",20-146 - MONOCOMANDO DE COCINA CR LINEA MOVE,0,0,10/01/2026 09:17:00
14209338,10/01/2026 06:17:05,10/01/2026 06:23:05,mhernandez,7152,00:02:55,00:06:00,175,360,Fuera de Tiempo,8,7,0,,,Excedido,"20-160         ",20-160 - MONOCOMANDO MESADA COCINA DIQUE,0,0,10/01/2026 09:17:23
14209338,10/01/2026 06:17:05,10/01/2026 06:23:05,mhernandez,7152,00:02:55,00:06:00,175,360,Fuera de Tiempo,8,7,0,,,Excedido,"20-160         ",20-160 - MONOCOMANDO MESADA COCINA DIQUE,0,0,10/01/2026 09:17:32
14209338,10/01/2026 06:17:05,10/01/2026 06:23:05,mhernandez,7152,00:02:55,00:06:00,175,360,Fuera de Tiempo,8,7,0,,,Excedido,"20-160         ",20-160 - MONOCOMANDO MESADA COCINA DIQUE,0,0,10/01/2026 09:17:52
14209338,10/01/2026 06:17:05,10/01/2026 06:23:05,mhernandez,7152,00:02:55,00:06:00,175,360,Fuera de Tiempo,8,7,0,,,Excedido,"20-160         ",20-160 - MONOCOMANDO MESADA COCINA DIQUE,0,0,10/01/2026 09:18:07
14209338,10/01/2026 06:17:05,10/01/2026 06:23:05,mhernandez,7152,00:02:55,00:06:00,175,360,Fuera de Tiempo,6,7,0,,,Excedido,"20-122         ","MONOCOMANDO COCINA CR C/PICO EXTRAIBLE VALENCIA                       ",0,0,10/01/2026 09:18:45
14209338,10/01/2026 06:17:05,10/01/2026 06:23:05,mhernandez,7152,00:02:55,00:06:00,175,360,Fuera de Tiempo,6,7,0,,,Excedido,"20-122         ","MONOCOMANDO COCINA CR C/PICO EXTRAIBLE VALENCIA                       ",0,0,10/01/2026 09:18:54
14209338,10/01/2026 06:17:05,10/01/2026 06:23:05,mhernandez,7152,00:02:55,00:06:00,175,360,Fuera de Tiempo,6,7,0,,,Excedido,"20-122         ","MONOCOMANDO COCINA CR C/PICO EXTRAIBLE VALENCIA                       ",0,0,10/01/2026 09:19:03
14209338,10/01/2026 06:17:05,10/01/2026 06:23:05,mhernandez,7152,00:02:55,00:06:00,175,360,Fuera de Tiempo,6,7,0,,,Excedido,"20-122         ","MONOCOMANDO COCINA CR C/PICO EXTRAIBLE VALENCIA                       ",0,0,10/01/2026 09:19:12
14209338,10/01/2026 06:17:05,10/01/2026 06:23:05,mhernandez,7152,00:02:55,00:06:00,175,360,Fuera de Tiempo,6,7,0,,,Excedido,"20-122         ","MONOCOMANDO COCINA CR C/PICO EXTRAIBLE VALENCIA                       ",0,0,10/01/2026 09:19:21
14209338,10/01/2026 06:17:05,10/01/2026 06:23:05,mhernandez,7152,00:02:55,00:06:00,175,360,Fuera de Tiempo,6,7,0,,,Excedido,"20-122         ","MONOCOMANDO COCINA CR C/PICO EXTRAIBLE VALENCIA                       ",0,0,10/01/2026 09:19:31
14209338,10/01/2026 06:17:05,10/01/2026 06:23:05,mhernandez,7152,00:02:55,00:06:00,175,360,Fuera de Tiempo,10,7,0,,,Excedido,"20-147         ",20-147 - MONOCOMANDO DE COCINA SWIFT,0,0,10/01/2026 09:19:42
14209338,10/01/2026 06:17:05,10/01/2026 06:23:05,mhernandez,7152,00:02:55,00:06:00,175,360,Fuera de Tiempo,10,7,0,,,Excedido,"20-147         ",20-147 - MONOCOMANDO DE COCINA SWIFT,0,0,10/01/2026 09:19:53
14209338,10/01/2026 06:17:05,10/01/2026 06:23:05,mhernandez,7152,00:02:55,00:06:00,175,360,Fuera de Tiempo,10,7,0,,,Excedido,"20-147         ",20-147 - MONOCOMANDO DE COCINA SWIFT,0,0,10/01/2026 09:20:02
14209338,10/01/2026 06:17:05,10/01/2026 06:23:05,mhernandez,7152,00:02:55,00:06:00,175,360,Fuera de Tiempo,10,7,0,,,Excedido,"20-147         ",20-147 - MONOCOMANDO DE COCINA SWIFT,0,0,10/01/2026 09:20:16
14209338,10/01/2026 06:17:05,10/01/2026 06:23:05,mhernandez,7152,00:02:55,00:06:00,175,360,Fuera de Tiempo,6,7,0,,,Excedido,"20-146         ",20-146 - MONOCOMANDO DE COCINA CR LINEA MOVE,0,0,10/01/2026 09:20:36
14209338,10/01/2026 06:17:05,10/01/2026 06:23:05,mhernandez,7152,00:02:55,00:06:00,175,360,Fuera de Tiempo,6,7,0,,,Excedido,"20-146         ",20-146 - MONOCOMANDO DE COCINA CR LINEA MOVE,0,0,10/01/2026 09:20:43
14209338,10/01/2026 06:17:05,10/01/2026 06:23:05,mhernandez,7152,00:02:55,00:06:00,175,360,Fuera de Tiempo,6,7,0,,,Excedido,"20-146         ",20-146 - MONOCOMANDO DE COCINA CR LINEA MOVE,0,0,10/01/2026 09:20:52
14209338,10/01/2026 06:17:05,10/01/2026 06:23:05,mhernandez,7152,00:02:55,00:06:00,175,360,Fuera de Tiempo,6,7,0,,,Excedido,"20-146         ",20-146 - MONOCOMANDO DE COCINA CR LINEA MOVE,0,0,10/01/2026 09:21:03
14209338,10/01/2026 06:17:05,10/01/2026 06:23:05,mhernandez,7152,00:02:55,00:06:00,175,360,Fuera de Tiempo,6,7,0,,,Excedido,"20-146         ",20-146 - MONOCOMANDO DE COCINA CR LINEA MOVE,0,0,10/01/2026 09:21:11
14209338,10/01/2026 06:17:05,10/01/2026 06:23:05,mhernandez,7152,00:02:55,00:06:00,175,360,Fuera de Tiempo,6,7,0,,,Excedido,"20-205         ",20-205 - MONOCOMANDO DE COCINA STEEL,0,0,10/01/2026 09:22:06
14209338,10/01/2026 06:17:05,10/01/2026 06:23:05,mhernandez,7152,00:02:55,00:06:00,175,360,Fuera de Tiempo,2,7,0,,,Excedido,"60-205         ",60-205 - LAVATORIO MONOC BAJO STEEL,0,0,10/01/2026 09:23:05
14209338,10/01/2026 06:17:05,10/01/2026 06:23:05,mhernandez,7152,00:02:55,00:06:00,175,360,Fuera de Tiempo,2,7,0,,,Excedido,"70-205         ",70-205 - BIDE MONOCOMANDO STEEL,0,0,10/01/2026 09:23:05
14209347,10/01/2026 06:18:14,10/01/2026 06:18:45,nievasm,7310,00:01:41,00:00:31,101,31,En Tiempo,8,1,0,00:01:14,74,Logico,"22-178N        ",22-178N - MONOCOMANDO DE COCINA P/AGUA FILTRADA VITA BLACK,0,0,10/01/2026 09:18:45
14209353,10/01/2026 06:19:03,10/01/2026 06:22:07,nievasm,7310,00:01:21,00:03:04,81,184,Fuera de Tiempo,2,1,0,00:00:18,18,Logico,"84-203         ","DUCHA EXT C/COLUMNA Y TRANSF CR ADRA                                  ",0,0,10/01/2026 09:22:07
14209386,10/01/2026 06:22:59,10/01/2026 06:31:03,nievasm,7310,00:05:25,00:08:04,325,484,Fuera de Tiempo,1,15,0,00:00:52,52,Logico,"61-168         ",61-168 - LAVATORIO MONOC ALTO CR WAVE,0,0,10/01/2026 09:24:01
14209386,10/01/2026 06:22:59,10/01/2026 06:31:03,nievasm,7310,00:05:25,00:08:04,325,484,Fuera de Tiempo,1,15,0,00:00:52,52,Logico,"20-190         ",20-190 - COCINA MESADA MONOC BLACK VELVET,0,0,10/01/2026 09:24:01
14209386,10/01/2026 06:22:59,10/01/2026 06:31:03,nievasm,7310,00:05:25,00:08:04,325,484,Fuera de Tiempo,1,15,0,00:00:52,52,Logico,"61-176         ",61-176 - LAVATORIO MONOC ALTO CR RIO,0,0,10/01/2026 09:24:01
14209386,10/01/2026 06:22:59,10/01/2026 06:31:03,nievasm,7310,00:05:25,00:08:04,325,484,Fuera de Tiempo,1,15,0,00:00:52,52,Logico,"20-135         ",20-135 - MONOCOMANDO COCINA SANTANDER,0,0,10/01/2026 09:24:01
14209386,10/01/2026 06:22:59,10/01/2026 06:31:03,nievasm,7310,00:05:25,00:08:04,325,484,Fuera de Tiempo,1,15,0,00:00:52,52,Logico,"60-168         ",60-168 - LAVATORIO MONOC BAJO CR WAVE,0,0,10/01/2026 09:27:12
14209386,10/01/2026 06:22:59,10/01/2026 06:31:03,nievasm,7310,00:05:25,00:08:04,325,484,Fuera de Tiempo,1,15,0,00:00:52,52,Logico,"60-176         ","LAVATORIO MONOCOMANDO BAJO CR RIO                                     ",0,0,10/01/2026 09:27:12
14209386,10/01/2026 06:22:59,10/01/2026 06:31:03,nievasm,7310,00:05:25,00:08:04,325,484,Fuera de Tiempo,1,15,0,00:00:52,52,Logico,"80-176         ",80-176 - DUCHA EMB C/TRANSF MONOC CR RIO,0,0,10/01/2026 09:27:12
14209386,10/01/2026 06:22:59,10/01/2026 06:31:03,nievasm,7310,00:05:25,00:08:04,325,484,Fuera de Tiempo,1,15,0,00:00:52,52,Logico,"70-176         ",70-176 - BIDE MONOC C/TRANSF CR RIO,0,0,10/01/2026 09:27:12
14209386,10/01/2026 06:22:59,10/01/2026 06:31:03,nievasm,7310,00:05:25,00:08:04,325,484,Fuera de Tiempo,1,15,0,00:00:52,52,Logico,"83-203         ",83-203 - DUCHA EXT C/TRANSF. MONOCOMANDO ADRA,0,0,10/01/2026 09:27:12
14209386,10/01/2026 06:22:59,10/01/2026 06:31:03,nievasm,7310,00:05:25,00:08:04,325,484,Fuera de Tiempo,3,15,0,00:00:52,52,Logico,"A1448C         ","A1448C - CAÑO CURVO METALICO C/FLOR DE DUCHA 4"" ABS CR C/BLISTER",0,0,10/01/2026 09:27:56
14209386,10/01/2026 06:22:59,10/01/2026 06:31:03,nievasm,7310,00:05:25,00:08:04,325,484,Fuera de Tiempo,2,15,0,00:00:52,52,Logico,"17020N         ",17020N - TOALLERO DE ARO LINEA FABRIC BLACK,0,0,10/01/2026 09:27:56
14209386,10/01/2026 06:22:59,10/01/2026 06:31:03,nievasm,7310,00:05:25,00:08:04,325,484,Fuera de Tiempo,2,15,0,00:00:52,52,Logico,"17050N         ",17050N - JABONERA  LINEA FABRIC BLACK,0,0,10/01/2026 09:27:56
14209386,10/01/2026 06:22:59,10/01/2026 06:31:03,nievasm,7310,00:05:25,00:08:04,325,484,Fuera de Tiempo,2,15,0,00:00:52,52,Logico,"17040N         ",17040N - PORTA ROLLO LINEA FABRIC BLACK,0,0,10/01/2026 09:27:56
14209386,10/01/2026 06:22:59,10/01/2026 06:31:03,nievasm,7310,00:05:25,00:08:04,325,484,Fuera de Tiempo,10,15,0,00:00:52,52,Logico,"12006          ","SET DE 6 PIEZAS LINEA 12000                                           ",0,0,10/01/2026 09:30:22
14209386,10/01/2026 06:22:59,10/01/2026 06:31:03,nievasm,7310,00:05:25,00:08:04,325,484,Fuera de Tiempo,6,15,0,00:00:52,52,Logico,"20-121         ",20-121 - COCINA MSDA MONOC.P. REDONDO MARBELLA,0,0,10/01/2026 09:30:50
14209386,10/01/2026 06:22:59,10/01/2026 06:31:03,nievasm,7310,00:05:25,00:08:04,325,484,Fuera de Tiempo,4,15,0,00:00:52,52,Logico,"20-121         ",20-121 - COCINA MSDA MONOC.P. REDONDO MARBELLA,0,0,10/01/2026 09:31:03
14209411,10/01/2026 06:28:58,10/01/2026 06:31:19,mhernandez,7152,00:02:15,00:02:21,135,141,Fuera de Tiempo,6,4,0,00:05:53,353,Excedido,"20-122         ","MONOCOMANDO COCINA CR C/PICO EXTRAIBLE VALENCIA                       ",0,0,10/01/2026 09:29:08
14209411,10/01/2026 06:28:58,10/01/2026 06:31:19,mhernandez,7152,00:02:15,00:02:21,135,141,Fuera de Tiempo,6,4,0,00:05:53,353,Excedido,"20-122N        ",20-122N - MONOCOMANDO COCINA C/PICO EXTRAIBLE VALENCIA BLACK,0,0,10/01/2026 09:29:20
14209411,10/01/2026 06:28:58,10/01/2026 06:31:19,mhernandez,7152,00:02:15,00:02:21,135,141,Fuera de Tiempo,6,4,0,00:05:53,353,Excedido,"20-122N        ",20-122N - MONOCOMANDO COCINA C/PICO EXTRAIBLE VALENCIA BLACK,0,0,10/01/2026 09:29:29
14209411,10/01/2026 06:28:58,10/01/2026 06:31:19,mhernandez,7152,00:02:15,00:02:21,135,141,Fuera de Tiempo,6,4,0,00:05:53,353,Excedido,"20-122         ","MONOCOMANDO COCINA CR C/PICO EXTRAIBLE VALENCIA                       ",0,0,10/01/2026 09:29:40
14209411,10/01/2026 06:28:58,10/01/2026 06:31:19,mhernandez,7152,00:02:15,00:02:21,135,141,Fuera de Tiempo,6,4,0,00:05:53,353,Excedido,"20-122N        ",20-122N - MONOCOMANDO COCINA C/PICO EXTRAIBLE VALENCIA BLACK,0,0,10/01/2026 09:29:52
14209411,10/01/2026 06:28:58,10/01/2026 06:31:19,mhernandez,7152,00:02:15,00:02:21,135,141,Fuera de Tiempo,6,4,0,00:05:53,353,Excedido,"20-122N        ",20-122N - MONOCOMANDO COCINA C/PICO EXTRAIBLE VALENCIA BLACK,0,0,10/01/2026 09:29:59
14209411,10/01/2026 06:28:58,10/01/2026 06:31:19,mhernandez,7152,00:02:15,00:02:21,135,141,Fuera de Tiempo,10,4,0,00:05:53,353,Excedido,"20-147         ",20-147 - MONOCOMANDO DE COCINA SWIFT,0,0,10/01/2026 09:30:20
14209411,10/01/2026 06:28:58,10/01/2026 06:31:19,mhernandez,7152,00:02:15,00:02:21,135,141,Fuera de Tiempo,10,4,0,00:05:53,353,Excedido,"20-147         ",20-147 - MONOCOMANDO DE COCINA SWIFT,0,0,10/01/2026 09:30:40
14209411,10/01/2026 06:28:58,10/01/2026 06:31:19,mhernandez,7152,00:02:15,00:02:21,135,141,Fuera de Tiempo,10,4,0,00:05:53,353,Excedido,"20-147         ",20-147 - MONOCOMANDO DE COCINA SWIFT,0,0,10/01/2026 09:30:51
14209411,10/01/2026 06:28:58,10/01/2026 06:31:19,mhernandez,7152,00:02:15,00:02:21,135,141,Fuera de Tiempo,8,4,0,00:05:53,353,Excedido,"20-160         ",20-160 - MONOCOMANDO MESADA COCINA DIQUE,0,0,10/01/2026 09:31:02
14209411,10/01/2026 06:28:58,10/01/2026 06:31:19,mhernandez,7152,00:02:15,00:02:21,135,141,Fuera de Tiempo,8,4,0,00:05:53,353,Excedido,"20-160         ",20-160 - MONOCOMANDO MESADA COCINA DIQUE,0,0,10/01/2026 09:31:11
14209411,10/01/2026 06:28:58,10/01/2026 06:31:19,mhernandez,7152,00:02:15,00:02:21,135,141,Fuera de Tiempo,8,4,0,00:05:53,353,Excedido,"20-160         ",20-160 - MONOCOMANDO MESADA COCINA DIQUE,0,0,10/01/2026 09:31:19
14209427,10/01/2026 06:31:50,10/01/2026 06:32:03,nievasm,7310,00:01:21,00:00:13,81,13,En Tiempo,3,1,0,00:00:47,47,Logico,"22-178         ",22-178 - MONOCOMANDO DE COCINA P/AGUA FILTRADA VITA,0,0,10/01/2026 09:32:03
14209434,10/01/2026 06:33:03,10/01/2026 06:37:03,nievasm,7310,00:02:29,00:04:00,149,240,Fuera de Tiempo,5,5,0,00:01:00,60,Logico,"54-203         ","COCINA PARED EXT C.CERAM ADRA MONOCOMANDO                             ",0,0,10/01/2026 09:33:23
14209434,10/01/2026 06:33:03,10/01/2026 06:37:03,nievasm,7310,00:02:29,00:04:00,149,240,Fuera de Tiempo,5,5,0,00:01:00,60,Logico,"63-176N        ","LAVATORIO PARED EMB MONOC BLACK RIO                                   ",0,0,10/01/2026 09:34:10
14209434,10/01/2026 06:33:03,10/01/2026 06:37:03,nievasm,7310,00:02:29,00:04:00,149,240,Fuera de Tiempo,2,5,0,00:01:00,60,Logico,"52-121         ",52-121 - GRIFERIA REBATIBLE P/LLENADO DE OLLAS MARBELLA,0,0,10/01/2026 09:35:42
14209434,10/01/2026 06:33:03,10/01/2026 06:37:03,nievasm,7310,00:02:29,00:04:00,149,240,Fuera de Tiempo,1,5,0,00:01:00,60,Logico,"20-202N        ",20-202N - MONOCOMANDO COCINA BLACK HOOP,0,0,10/01/2026 09:35:42
14209434,10/01/2026 06:33:03,10/01/2026 06:37:03,nievasm,7310,00:02:29,00:04:00,149,240,Fuera de Tiempo,10,5,0,00:01:00,60,Logico,"20-147         ",20-147 - MONOCOMANDO DE COCINA SWIFT,0,0,10/01/2026 09:37:03
14209449,10/01/2026 06:36:22,10/01/2026 06:36:57,mhernandez,7152,00:01:21,00:00:35,81,35,En Tiempo,3,1,0,00:05:03,303,Logico,"20-205         ",20-205 - MONOCOMANDO DE COCINA STEEL,0,0,10/01/2026 09:36:57
14209453,10/01/2026 06:37:18,10/01/2026 06:38:31,mhernandez,7152,00:01:24,00:01:13,84,73,En Tiempo,5,1,0,00:00:21,21,Logico,"16006BL        ",16006BL - SET 6 PIEZAS ACCESORIOS LINEA 16000 BLACK,0,0,10/01/2026 09:38:31
14209454,10/01/2026 06:37:37,10/01/2026 06:39:03,nievasm,7310,00:02:30,00:01:26,150,86,En Tiempo,1,5,0,00:00:34,34,Logico,"61-205         ",61-205 - LAVATORIO MONOC ALTO STEEL,0,0,10/01/2026 09:37:44
14209454,10/01/2026 06:37:37,10/01/2026 06:39:03,nievasm,7310,00:02:30,00:01:26,150,86,En Tiempo,2,5,0,00:00:34,34,Logico,"20-102         ","20-102 - MONOCOMANDO MESADA CROMO ""RENACER""",0,0,10/01/2026 09:37:44
14209454,10/01/2026 06:37:37,10/01/2026 06:39:03,nievasm,7310,00:02:30,00:01:26,150,86,En Tiempo,1,5,0,00:00:34,34,Logico,"20-134         ",20-134 - MONOCOMANDO COCINA BETIS,0,0,10/01/2026 09:37:44
14209454,10/01/2026 06:37:37,10/01/2026 06:39:03,nievasm,7310,00:02:30,00:01:26,150,86,En Tiempo,5,5,0,00:00:34,34,Logico,"20-134         ",20-134 - MONOCOMANDO COCINA BETIS,0,0,10/01/2026 09:38:25
14209454,10/01/2026 06:37:37,10/01/2026 06:39:03,nievasm,7310,00:02:30,00:01:26,150,86,En Tiempo,8,5,0,00:00:34,34,Logico,"20-102         ","20-102 - MONOCOMANDO MESADA CROMO ""RENACER""",0,0,10/01/2026 09:38:37
14209454,10/01/2026 06:37:37,10/01/2026 06:39:03,nievasm,7310,00:02:30,00:01:26,150,86,En Tiempo,6,5,0,00:00:34,34,Logico,"20-146N        ",20-146N - MONOCOMANDO DE COCINA BLACK LINEA MOVE,0,0,10/01/2026 09:38:48
14209454,10/01/2026 06:37:37,10/01/2026 06:39:03,nievasm,7310,00:02:30,00:01:26,150,86,En Tiempo,10,5,0,00:00:34,34,Logico,"20-184         ","MONOCOMANDO DE COCINA CR SUV                                          ",0,0,10/01/2026 09:39:03
14209463,10/01/2026 06:38:41,10/01/2026 06:39:05,mhernandez,7152,00:02:09,00:00:24,129,24,En Tiempo,50,2,0,00:00:10,10,Logico,"1330           ","QUEINOX MACHO MOVIL MH 1/2"" x 30                                      ",0,0,10/01/2026 09:38:49
14209463,10/01/2026 06:38:41,10/01/2026 06:39:05,mhernandez,7152,00:02:09,00:00:24,129,24,En Tiempo,50,2,0,00:00:10,10,Logico,"1330           ","QUEINOX MACHO MOVIL MH 1/2"" x 30                                      ",0,0,10/01/2026 09:38:57
14209463,10/01/2026 06:38:41,10/01/2026 06:39:05,mhernandez,7152,00:02:09,00:00:24,129,24,En Tiempo,40,2,0,00:00:10,10,Logico,"1340           ","QUEINOX MACHO MOVIL MH 1/2"" x 40                                      ",0,0,10/01/2026 09:39:05
14209470,10/01/2026 06:40:08,10/01/2026 06:41:31,nievasm,7310,00:01:41,00:01:23,101,83,En Tiempo,10,1,0,00:01:05,65,Logico,"RA002          ",RA002 - CABEZAL DERECHO CIERRE CERAMICO (FRIA),0,0,10/01/2026 09:41:31
14209474,10/01/2026 06:41:34,10/01/2026 06:41:40,nievasm,7310,00:01:21,00:00:06,81,6,En Tiempo,1,1,0,00:00:03,3,Logico,"84-203         ","DUCHA EXT C/COLUMNA Y TRANSF CR ADRA                                  ",0,0,10/01/2026 09:41:40
14209478,10/01/2026 06:42:41,10/01/2026 06:44:54,mhernandez,7152,00:01:29,00:02:13,89,133,Fuera de Tiempo,1,2,0,00:03:36,216,Logico,"A843           ","A843 - DUCHADOR ANTICALCAREO 5F C/BARRAL,SOP,FLEX,JABONER",0,0,10/01/2026 09:44:54
14209478,10/01/2026 06:42:41,10/01/2026 06:44:54,mhernandez,7152,00:01:29,00:02:13,89,133,Fuera de Tiempo,1,2,0,00:03:36,216,Logico,"83-203         ",83-203 - DUCHA EXT C/TRANSF. MONOCOMANDO ADRA,0,0,10/01/2026 09:44:54
14209479,10/01/2026 06:43:00,10/01/2026 07:13:05,nievasm,7310,00:04:08,00:30:05,248,1805,Fuera de Tiempo,1,32,0,00:01:20,80,Logico,"10005BL        ","SET DE 5 PIEZAS LINEA 10000 BLACK                                     ",0,0,10/01/2026 09:43:21
14209479,10/01/2026 06:43:00,10/01/2026 07:13:05,nievasm,7310,00:04:08,00:30:05,248,1805,Fuera de Tiempo,4,32,0,00:01:20,80,Logico,"61-193         ",61-193 - LAVATORIO MONOCOMANDO ALTO MORA,0,0,10/01/2026 09:43:21
14209479,10/01/2026 06:43:00,10/01/2026 07:13:05,nievasm,7310,00:04:08,00:30:05,248,1805,Fuera de Tiempo,4,32,0,00:01:20,80,Logico,"60-133         ",60-133 - LAVATORIO MONOCOMANDO LUGO,0,0,10/01/2026 09:43:59
14209479,10/01/2026 06:43:00,10/01/2026 07:13:05,nievasm,7310,00:04:08,00:30:05,248,1805,Fuera de Tiempo,4,32,0,00:01:20,80,Logico,"70-205         ",70-205 - BIDE MONOCOMANDO STEEL,0,0,10/01/2026 09:43:59
14209479,10/01/2026 06:43:00,10/01/2026 07:13:05,nievasm,7310,00:04:08,00:30:05,248,1805,Fuera de Tiempo,2,32,0,00:01:20,80,Logico,"83-133         ",83-133 - DUCHA EXT. C/TRANSF. MONOCOMANDO LUGO,0,0,10/01/2026 09:44:34
14209479,10/01/2026 06:43:00,10/01/2026 07:13:05,nievasm,7310,00:04:08,00:30:05,248,1805,Fuera de Tiempo,2,32,0,00:01:20,80,Logico,"60-193         ",60-193 - LAVATORIO MONOCOMANDO BAJO MORA,0,0,10/01/2026 09:44:34
14209479,10/01/2026 06:43:00,10/01/2026 07:13:05,nievasm,7310,00:04:08,00:30:05,248,1805,Fuera de Tiempo,4,32,0,00:01:20,80,Logico,"17030G         ",17030G - PERCHA LINEA FABRIC GOLD,0,0,10/01/2026 09:45:06
14209479,10/01/2026 06:43:00,10/01/2026 07:13:05,nievasm,7310,00:04:08,00:30:05,248,1805,Fuera de Tiempo,2,32,0,00:01:20,80,Logico,"17040G         ",17040G - PORTA ROLLO LINEA FABRIC GOLD,0,0,10/01/2026 09:45:06
14209479,10/01/2026 06:43:00,10/01/2026 07:13:05,nievasm,7310,00:04:08,00:30:05,248,1805,Fuera de Tiempo,2,32,0,00:01:20,80,Logico,"20-134         ",20-134 - MONOCOMANDO COCINA BETIS,0,0,10/01/2026 09:45:06
14209479,10/01/2026 06:43:00,10/01/2026 07:13:05,nievasm,7310,00:04:08,00:30:05,248,1805,Fuera de Tiempo,5,32,0,00:01:20,80,Logico,"3006           ",3006 - SET DE 6 PIEZAS LINEA 3000,0,0,10/01/2026 09:47:17
14209479,10/01/2026 06:43:00,10/01/2026 07:13:05,nievasm,7310,00:04:08,00:30:05,248,1805,Fuera de Tiempo,2,32,0,00:01:20,80,Logico,"60-205         ",60-205 - LAVATORIO MONOC BAJO STEEL,0,0,10/01/2026 09:48:59
14209479,10/01/2026 06:43:00,10/01/2026 07:13:05,nievasm,7310,00:04:08,00:30:05,248,1805,Fuera de Tiempo,5,32,0,00:01:20,80,Logico,"20-205         ",20-205 - MONOCOMANDO DE COCINA STEEL,0,0,10/01/2026 09:48:59
14209479,10/01/2026 06:43:00,10/01/2026 07:13:05,nievasm,7310,00:04:08,00:30:05,248,1805,Fuera de Tiempo,4,32,0,00:01:20,80,Logico,"61-205         ",61-205 - LAVATORIO MONOC ALTO STEEL,0,0,10/01/2026 09:49:41
14209479,10/01/2026 06:43:00,10/01/2026 07:13:05,nievasm,7310,00:04:08,00:30:05,248,1805,Fuera de Tiempo,2,32,0,00:01:20,80,Logico,"20-174         ",20-174 - COCINA MESADA MONOC. COLORS BLACK,0,0,10/01/2026 09:49:41
14209479,10/01/2026 06:43:00,10/01/2026 07:13:05,nievasm,7310,00:04:08,00:30:05,248,1805,Fuera de Tiempo,4,32,0,00:01:20,80,Logico,"61-200G        ",61-200G - LAVATORIO MONOC ALTO GOLD FABRIC,0,0,10/01/2026 09:50:38
14209479,10/01/2026 06:43:00,10/01/2026 07:13:05,nievasm,7310,00:04:08,00:30:05,248,1805,Fuera de Tiempo,2,32,0,00:01:20,80,Logico,"17020G         ",17020G - TOALLERO DE ARO LINEA FABRIC GOLD,0,0,10/01/2026 09:50:38
14209479,10/01/2026 06:43:00,10/01/2026 07:13:05,nievasm,7310,00:04:08,00:30:05,248,1805,Fuera de Tiempo,1,32,0,00:01:20,80,Logico,"70-133         ",70-133 - BIDE MONOCOMANDO LUGO,0,0,10/01/2026 09:51:36
14209479,10/01/2026 06:43:00,10/01/2026 07:13:05,nievasm,7310,00:04:08,00:30:05,248,1805,Fuera de Tiempo,2,32,0,00:01:20,80,Logico,"60-200G        ",60-200G - LAVATORIO MONOC BAJO GOLD FABRIC,0,0,10/01/2026 09:51:36
14209479,10/01/2026 06:43:00,10/01/2026 07:13:05,nievasm,7310,00:04:08,00:30:05,248,1805,Fuera de Tiempo,1,32,0,00:01:20,80,Logico,"70-200G        ",70-200G - BIDE MONOCOMANDO GOLD FABRIC,0,0,10/01/2026 09:51:36
14209479,10/01/2026 06:43:00,10/01/2026 07:13:05,nievasm,7310,00:04:08,00:30:05,248,1805,Fuera de Tiempo,4,32,0,00:01:20,80,Logico,"70-193         ",70-193 - BIDE MONOCOMANDO MORA,0,0,10/01/2026 09:51:36
14209479,10/01/2026 06:43:00,10/01/2026 07:13:05,nievasm,7310,00:04:08,00:30:05,248,1805,Fuera de Tiempo,4,32,0,00:01:20,80,Logico,"30-132         ",30-132 - COCINA MESADA MONOC. C/DUCHADOR EXTENSIBLE VIGO,0,0,10/01/2026 09:53:40
14209479,10/01/2026 06:43:00,10/01/2026 07:13:05,nievasm,7310,00:04:08,00:30:05,248,1805,Fuera de Tiempo,6,32,0,00:01:20,80,Logico,"20-122         ","MONOCOMANDO COCINA CR C/PICO EXTRAIBLE VALENCIA                       ",0,0,10/01/2026 09:54:30
14209479,10/01/2026 06:43:00,10/01/2026 07:13:05,nievasm,7310,00:04:08,00:30:05,248,1805,Fuera de Tiempo,6,32,0,00:01:20,80,Logico,"20-122         ","MONOCOMANDO COCINA CR C/PICO EXTRAIBLE VALENCIA                       ",0,0,10/01/2026 09:54:55
14209479,10/01/2026 06:43:00,10/01/2026 07:13:05,nievasm,7310,00:04:08,00:30:05,248,1805,Fuera de Tiempo,4,32,0,00:01:20,80,Logico,"80-205         ",80-205 - DUCHA EMB. C/TRANSF. MONOC STEEL,0,0,10/01/2026 09:56:24
14209479,10/01/2026 06:43:00,10/01/2026 07:13:05,nievasm,7310,00:04:08,00:30:05,248,1805,Fuera de Tiempo,6,32,0,00:01:20,80,Logico,"20-174         ",20-174 - COCINA MESADA MONOC. COLORS BLACK,0,0,10/01/2026 09:56:37
14209479,10/01/2026 06:43:00,10/01/2026 07:13:05,nievasm,7310,00:04:08,00:30:05,248,1805,Fuera de Tiempo,10,32,0,00:01:20,80,Logico,"12003          ","SET DE 3 PIEZAS LINEA 12000                                           ",0,0,10/01/2026 09:56:53
14209479,10/01/2026 06:43:00,10/01/2026 07:13:05,nievasm,7310,00:04:08,00:30:05,248,1805,Fuera de Tiempo,10,32,0,00:01:20,80,Logico,"20-205         ",20-205 - MONOCOMANDO DE COCINA STEEL,0,0,10/01/2026 09:57:15
14209479,10/01/2026 06:43:00,10/01/2026 07:13:05,nievasm,7310,00:04:08,00:30:05,248,1805,Fuera de Tiempo,8,32,0,00:01:20,80,Logico,"20-160         ",20-160 - MONOCOMANDO MESADA COCINA DIQUE,0,0,10/01/2026 09:57:30
14209479,10/01/2026 06:43:00,10/01/2026 07:13:05,nievasm,7310,00:04:08,00:30:05,248,1805,Fuera de Tiempo,4,32,0,00:01:20,80,Logico,"20-150         ",20-150 - MONOCOMANDO MESADA COCINA TOLEDO,0,0,10/01/2026 09:57:44
14209479,10/01/2026 06:43:00,10/01/2026 07:13:05,nievasm,7310,00:04:08,00:30:05,248,1805,Fuera de Tiempo,5,32,0,00:01:20,80,Logico,"3006           ",3006 - SET DE 6 PIEZAS LINEA 3000,0,0,10/01/2026 10:00:33
14209479,10/01/2026 06:43:00,10/01/2026 07:13:05,nievasm,7310,00:04:08,00:30:05,248,1805,Fuera de Tiempo,10,32,0,00:01:20,80,Logico,"12006          ","SET DE 6 PIEZAS LINEA 12000                                           ",0,0,10/01/2026 10:06:39
14209479,10/01/2026 06:43:00,10/01/2026 07:13:05,nievasm,7310,00:04:08,00:30:05,248,1805,Fuera de Tiempo,10,32,0,00:01:20,80,Logico,"12006          ","SET DE 6 PIEZAS LINEA 12000                                           ",0,0,10/01/2026 10:06:49
14209479,10/01/2026 06:43:00,10/01/2026 07:13:05,nievasm,7310,00:04:08,00:30:05,248,1805,Fuera de Tiempo,6,32,0,00:01:20,80,Logico,"20-122N        ",20-122N - MONOCOMANDO COCINA C/PICO EXTRAIBLE VALENCIA BLACK,0,0,10/01/2026 10:08:16
14209479,10/01/2026 06:43:00,10/01/2026 07:13:05,nievasm,7310,00:04:08,00:30:05,248,1805,Fuera de Tiempo,6,32,0,00:01:20,80,Logico,"20-122N        ",20-122N - MONOCOMANDO COCINA C/PICO EXTRAIBLE VALENCIA BLACK,0,0,10/01/2026 10:08:33
14209479,10/01/2026 06:43:00,10/01/2026 07:13:05,nievasm,7310,00:04:08,00:30:05,248,1805,Fuera de Tiempo,6,32,0,00:01:20,80,Logico,"60-193         ",60-193 - LAVATORIO MONOCOMANDO BAJO MORA,0,0,10/01/2026 10:09:20
14209479,10/01/2026 06:43:00,10/01/2026 07:13:05,nievasm,7310,00:04:08,00:30:05,248,1805,Fuera de Tiempo,5,32,0,00:01:20,80,Logico,"70-203         ",70-203 - BIDE MONOCOMANDO ADRA,0,0,10/01/2026 10:10:11
14209479,10/01/2026 06:43:00,10/01/2026 07:13:05,nievasm,7310,00:04:08,00:30:05,248,1805,Fuera de Tiempo,4,32,0,00:01:20,80,Logico,"80-203P        ",80-203P - DUCHA EMB C/TRANSF. MONOCOMANDO ADRA PLUS,0,0,10/01/2026 10:10:59
14209479,10/01/2026 06:43:00,10/01/2026 07:13:05,nievasm,7310,00:04:08,00:30:05,248,1805,Fuera de Tiempo,5,32,0,00:01:20,80,Logico,"20-134         ",20-134 - MONOCOMANDO COCINA BETIS,0,0,10/01/2026 10:12:09
14209479,10/01/2026 06:43:00,10/01/2026 07:13:05,nievasm,7310,00:04:08,00:30:05,248,1805,Fuera de Tiempo,5,32,0,00:01:20,80,Logico,"20-134         ",20-134 - MONOCOMANDO COCINA BETIS,0,0,10/01/2026 10:12:23
14209479,10/01/2026 06:43:00,10/01/2026 07:13:05,nievasm,7310,00:04:08,00:30:05,248,1805,Fuera de Tiempo,10,32,0,00:01:20,80,Logico,"20-162         ",20-162 - MONOCOMANDO COCINA ADRA,0,0,10/01/2026 10:12:37
14209479,10/01/2026 06:43:00,10/01/2026 07:13:05,nievasm,7310,00:04:08,00:30:05,248,1805,Fuera de Tiempo,4,32,0,00:01:20,80,Logico,"83-203         ",83-203 - DUCHA EXT C/TRANSF. MONOCOMANDO ADRA,0,0,10/01/2026 10:13:05
14209511,10/01/2026 06:47:12,10/01/2026 06:47:22,gkiriczuk,6409,00:01:29,00:00:10,89,10,En Tiempo,1,2,0,,,Excedido,"INO104NV-1     ","INODORO BLACK C/ASIENTO LINEA STONE L-2024                            ",0,0,10/01/2026 09:47:22
14209511,10/01/2026 06:47:12,10/01/2026 06:47:22,gkiriczuk,6409,00:01:29,00:00:10,89,10,En Tiempo,1,2,0,,,Excedido,"INO104NV-2     ","DEPOSITO C/DESCARGA DUAL BLACK LINEA STONE L-2024                     ",0,0,10/01/2026 09:47:22
14209513,10/01/2026 06:47:37,10/01/2026 06:47:57,gkiriczuk,6409,00:01:21,00:00:20,81,20,En Tiempo,1,1,0,00:00:15,15,Logico,"20-122N        ",20-122N - MONOCOMANDO COCINA C/PICO EXTRAIBLE VALENCIA BLACK,0,0,10/01/2026 09:47:57
14209536,10/01/2026 06:50:16,10/01/2026 06:52:58,mhernandez,7152,00:01:42,00:02:42,102,162,Fuera de Tiempo,2,3,0,00:05:22,322,Logico,"20-205         ",20-205 - MONOCOMANDO DE COCINA STEEL,0,0,10/01/2026 09:51:10
14209536,10/01/2026 06:50:16,10/01/2026 06:52:58,mhernandez,7152,00:01:42,00:02:42,102,162,Fuera de Tiempo,1,3,0,00:05:22,322,Logico,"83-203         ",83-203 - DUCHA EXT C/TRANSF. MONOCOMANDO ADRA,0,0,10/01/2026 09:51:10
14209536,10/01/2026 06:50:16,10/01/2026 06:52:58,mhernandez,7152,00:01:42,00:02:42,102,162,Fuera de Tiempo,2,3,0,00:05:22,322,Logico,"A816           ","A816 - DUCHA 6"" C/BRAZO Y CAMPANA CR",0,0,10/01/2026 09:52:58
14209565,10/01/2026 06:53:38,10/01/2026 07:19:56,mhernandez,7152,00:03:50,00:26:18,230,1578,Fuera de Tiempo,10,8,0,00:00:40,40,Logico,"1940           ","1940 - QUEINOX MH 3/4"" x 40",0,0,10/01/2026 10:00:45
14209565,10/01/2026 06:53:38,10/01/2026 07:19:56,mhernandez,7152,00:03:50,00:26:18,230,1578,Fuera de Tiempo,6,8,0,00:00:40,40,Logico,"1340G          ","QUEINOX GAS MH. 1/2""x40 APROBADO POR IGA                              ",0,0,10/01/2026 10:00:45
14209565,10/01/2026 06:53:38,10/01/2026 07:19:56,mhernandez,7152,00:03:50,00:26:18,230,1578,Fuera de Tiempo,5,8,0,00:00:40,40,Logico,"1350G          ","QUEINOX GAS MH. 1/2""x50 APROBADO POR IGA                              ",0,0,10/01/2026 10:00:45
14209565,10/01/2026 06:53:38,10/01/2026 07:19:56,mhernandez,7152,00:03:50,00:26:18,230,1578,Fuera de Tiempo,5,8,0,00:00:40,40,Logico,"1360G          ","QUEINOX GAS MH 1/2""x60 APROBADO POR IGA                               ",0,0,10/01/2026 10:00:45
14209565,10/01/2026 06:53:38,10/01/2026 07:19:56,mhernandez,7152,00:03:50,00:26:18,230,1578,Fuera de Tiempo,10,8,0,00:00:40,40,Logico,"RA704C         ",RA704C - VOLANTE ARES / CELEBRITY CROMO,0,0,10/01/2026 10:19:56
14209565,10/01/2026 06:53:38,10/01/2026 07:19:56,mhernandez,7152,00:03:50,00:26:18,230,1578,Fuera de Tiempo,10,8,0,00:00:40,40,Logico,"RA967          ",RA967 - CAMPANA VALENCIA - MALLORCA,0,0,10/01/2026 10:19:56
14209565,10/01/2026 06:53:38,10/01/2026 07:19:56,mhernandez,7152,00:03:50,00:26:18,230,1578,Fuera de Tiempo,30,8,0,00:00:40,40,Logico,"RU650          ",RU650 - CAMPANA CONICA P/JUEGOS EXT. Y MESADAS,0,0,10/01/2026 10:19:56
14209565,10/01/2026 06:53:38,10/01/2026 07:19:56,mhernandez,7152,00:03:50,00:26:18,230,1578,Fuera de Tiempo,1,8,0,00:00:40,40,Logico,"RA012          ","RA012 - PICO ALTO P/JUEGO DE COCINA ""U""",0,0,10/01/2026 10:19:56
14209750,10/01/2026 07:13:15,10/01/2026 07:13:32,nievasm,7310,00:01:21,00:00:17,81,17,En Tiempo,1,1,0,00:00:10,10,Logico,"BCH16          ",BCH16 - BACHA DE APOYAR BLANCA 610x457x254 C/DESAGOTE Y REJILLA,0,0,10/01/2026 10:13:23
14209750,10/01/2026 07:13:15,10/01/2026 07:13:32,nievasm,7310,00:01:21,00:00:17,81,17,En Tiempo,1,1,0,00:00:10,10,Logico,"BCH16          ",BCH16 - BACHA DE APOYAR BLANCA 610x457x254 C/DESAGOTE Y REJILLA,0,0,10/01/2026 10:13:32
14209778,10/01/2026 07:14:35,10/01/2026 07:14:45,nievasm,7310,00:01:24,00:00:10,84,10,En Tiempo,5,1,0,00:01:03,63,Logico,"17010N         ",17010N - TOALLERO BARRAL LINEA FABRIC BLACK,0,0,10/01/2026 10:14:45
14209782,10/01/2026 07:14:47,10/01/2026 07:14:55,nievasm,7310,00:01:21,00:00:08,81,8,En Tiempo,3,1,0,00:00:02,2,Logico,"17010N         ",17010N - TOALLERO BARRAL LINEA FABRIC BLACK,0,0,10/01/2026 10:14:55
14209801,10/01/2026 07:16:35,10/01/2026 07:19:37,nievasm,7310,00:03:34,00:03:02,214,182,En Tiempo,10,8,0,00:01:40,100,Logico,"20-205         ",20-205 - MONOCOMANDO DE COCINA STEEL,0,0,10/01/2026 10:18:11
14209801,10/01/2026 07:16:35,10/01/2026 07:19:37,nievasm,7310,00:03:34,00:03:02,214,182,En Tiempo,10,8,0,00:01:40,100,Logico,"61-205         ",61-205 - LAVATORIO MONOC ALTO STEEL,0,0,10/01/2026 10:18:38
14209801,10/01/2026 07:16:35,10/01/2026 07:19:37,nievasm,7310,00:03:34,00:03:02,214,182,En Tiempo,1,8,0,00:01:40,100,Logico,"61-200G        ",61-200G - LAVATORIO MONOC ALTO GOLD FABRIC,0,0,10/01/2026 10:19:37
14209801,10/01/2026 07:16:35,10/01/2026 07:19:37,nievasm,7310,00:03:34,00:03:02,214,182,En Tiempo,1,8,0,00:01:40,100,Logico,"70-200G        ",70-200G - BIDE MONOCOMANDO GOLD FABRIC,0,0,10/01/2026 10:19:37
14209801,10/01/2026 07:16:35,10/01/2026 07:19:37,nievasm,7310,00:03:34,00:03:02,214,182,En Tiempo,1,8,0,00:01:40,100,Logico,"80-205         ",80-205 - DUCHA EMB. C/TRANSF. MONOC STEEL,0,0,10/01/2026 10:19:37
14209801,10/01/2026 07:16:35,10/01/2026 07:19:37,nievasm,7310,00:03:34,00:03:02,214,182,En Tiempo,1,8,0,00:01:40,100,Logico,"61-192         ",61-192 - LAVATORIO ALTO SORIA BLACK,0,0,10/01/2026 10:19:37
14209801,10/01/2026 07:16:35,10/01/2026 07:19:37,nievasm,7310,00:03:34,00:03:02,214,182,En Tiempo,1,8,0,00:01:40,100,Logico,"80-192         ",80-192 - DUCHA EMB. C/TRANSF. SORIA BLACK,0,0,10/01/2026 10:19:37
14209801,10/01/2026 07:16:35,10/01/2026 07:19:37,nievasm,7310,00:03:34,00:03:02,214,182,En Tiempo,1,8,0,00:01:40,100,Logico,"70-192         ",70-192 - BIDE SORIA BLACK,0,0,10/01/2026 10:19:37
14209865,10/01/2026 07:22:10,10/01/2026 07:22:29,mhernandez,7152,00:01:21,00:00:19,81,19,En Tiempo,1,1,0,00:02:14,134,Logico,"BCH07          ",BCH07 - BACHA DE APOYAR OVALADA 400x330x150,0,0,10/01/2026 10:22:22
14209865,10/01/2026 07:22:10,10/01/2026 07:22:29,mhernandez,7152,00:01:21,00:00:19,81,19,En Tiempo,1,1,0,00:02:14,134,Logico,"BCH07          ",BCH07 - BACHA DE APOYAR OVALADA 400x330x150,0,0,10/01/2026 10:22:29
14209871,10/01/2026 07:22:32,10/01/2026 07:22:57,mhernandez,7152,00:01:29,00:00:25,89,25,En Tiempo,1,2,0,00:00:03,3,Logico,"BCH12          ",BCH12 - BACHA DE APOYAR BLANCA 460x320x140,0,0,10/01/2026 10:22:37
14209871,10/01/2026 07:22:32,10/01/2026 07:22:57,mhernandez,7152,00:01:29,00:00:25,89,25,En Tiempo,1,2,0,00:00:03,3,Logico,"BCH07          ",BCH07 - BACHA DE APOYAR OVALADA 400x330x150,0,0,10/01/2026 10:22:43
14209871,10/01/2026 07:22:32,10/01/2026 07:22:57,mhernandez,7152,00:01:29,00:00:25,89,25,En Tiempo,1,2,0,00:00:03,3,Logico,"BCH07          ",BCH07 - BACHA DE APOYAR OVALADA 400x330x150,0,0,10/01/2026 10:22:51
14209871,10/01/2026 07:22:32,10/01/2026 07:22:57,mhernandez,7152,00:01:29,00:00:25,89,25,En Tiempo,1,2,0,00:00:03,3,Logico,"BCH07          ",BCH07 - BACHA DE APOYAR OVALADA 400x330x150,0,0,10/01/2026 10:22:57
14209896,10/01/2026 07:23:34,10/01/2026 07:23:48,mhernandez,7152,00:01:21,00:00:14,81,14,En Tiempo,1,1,0,00:00:37,37,Logico,"BCH12          ",BCH12 - BACHA DE APOYAR BLANCA 460x320x140,0,0,10/01/2026 10:23:42
14209896,10/01/2026 07:23:34,10/01/2026 07:23:48,mhernandez,7152,00:01:21,00:00:14,81,14,En Tiempo,1,1,0,00:00:37,37,Logico,"BCH12          ",BCH12 - BACHA DE APOYAR BLANCA 460x320x140,0,0,10/01/2026 10:23:48
14209902,10/01/2026 07:23:51,10/01/2026 07:24:16,mhernandez,7152,00:01:29,00:00:25,89,25,En Tiempo,1,2,0,00:00:03,3,Logico,"BCH12          ",BCH12 - BACHA DE APOYAR BLANCA 460x320x140,0,0,10/01/2026 10:24:02
14209902,10/01/2026 07:23:51,10/01/2026 07:24:16,mhernandez,7152,00:01:29,00:00:25,89,25,En Tiempo,1,2,0,00:00:03,3,Logico,"BCH07          ",BCH07 - BACHA DE APOYAR OVALADA 400x330x150,0,0,10/01/2026 10:24:08
14209902,10/01/2026 07:23:51,10/01/2026 07:24:16,mhernandez,7152,00:01:29,00:00:25,89,25,En Tiempo,1,2,0,00:00:03,3,Logico,"BCH07          ",BCH07 - BACHA DE APOYAR OVALADA 400x330x150,0,0,10/01/2026 10:24:16
14209936,10/01/2026 07:25:58,10/01/2026 07:26:43,mhernandez,7152,00:01:29,00:00:45,89,45,En Tiempo,1,2,0,00:01:42,102,Logico,"PDU120         ","DESAGUE P/PISO DE DUCHA                                               ",0,0,10/01/2026 10:26:03
14209936,10/01/2026 07:25:58,10/01/2026 07:26:43,mhernandez,7152,00:01:29,00:00:45,89,45,En Tiempo,1,2,0,00:01:42,102,Logico,"PDU103         ","PISO DUCHA RESINA POLIESTER BLANCA 1600x700x25                        ",0,0,10/01/2026 10:26:43
14209941,10/01/2026 07:26:39,10/01/2026 07:35:14,nievasm,7310,00:04:20,00:08:35,260,515,Fuera de Tiempo,2,13,0,00:07:02,422,Excedido,"80-205         ",80-205 - DUCHA EMB. C/TRANSF. MONOC STEEL,0,0,10/01/2026 10:30:36
14209941,10/01/2026 07:26:39,10/01/2026 07:35:14,nievasm,7310,00:04:20,00:08:35,260,515,Fuera de Tiempo,1,13,0,00:07:02,422,Excedido,"80-152         ",80-152 - DUCHA EMB. CR C/TRANSF. MONOCOMANDO SORIA,0,0,10/01/2026 10:30:36
14209941,10/01/2026 07:26:39,10/01/2026 07:35:14,nievasm,7310,00:04:20,00:08:35,260,515,Fuera de Tiempo,1,13,0,00:07:02,422,Excedido,"70-200G        ",70-200G - BIDE MONOCOMANDO GOLD FABRIC,0,0,10/01/2026 10:33:35
14209941,10/01/2026 07:26:39,10/01/2026 07:35:14,nievasm,7310,00:04:20,00:08:35,260,515,Fuera de Tiempo,1,13,0,00:07:02,422,Excedido,"61-200G        ",61-200G - LAVATORIO MONOC ALTO GOLD FABRIC,0,0,10/01/2026 10:33:35
14209941,10/01/2026 07:26:39,10/01/2026 07:35:14,nievasm,7310,00:04:20,00:08:35,260,515,Fuera de Tiempo,1,13,0,00:07:02,422,Excedido,"61-152         ",61-152 - LAVATORIO MONOCOMANDO CROMO ALTO SORIA,0,0,10/01/2026 10:33:35
14209941,10/01/2026 07:26:39,10/01/2026 07:35:14,nievasm,7310,00:04:20,00:08:35,260,515,Fuera de Tiempo,1,13,0,00:07:02,422,Excedido,"60-152         ",60-152 - LAVATORIO CR MONOCOMANDO BAJO SORIA,0,0,10/01/2026 10:33:35
14209941,10/01/2026 07:26:39,10/01/2026 07:35:14,nievasm,7310,00:04:20,00:08:35,260,515,Fuera de Tiempo,1,13,0,00:07:02,422,Excedido,"61-200N        ",61-200N - LAVATORIO MONOC ALTO FABRIC BLACK,0,0,10/01/2026 10:33:35
14209941,10/01/2026 07:26:39,10/01/2026 07:35:14,nievasm,7310,00:04:20,00:08:35,260,515,Fuera de Tiempo,1,13,0,00:07:02,422,Excedido,"70-200N        ",70-200N - BIDE MONOCOMANDO BLACK FABRIC,0,0,10/01/2026 10:33:35
14209941,10/01/2026 07:26:39,10/01/2026 07:35:14,nievasm,7310,00:04:20,00:08:35,260,515,Fuera de Tiempo,3,13,0,00:07:02,422,Excedido,"3006SS         ",3006SS - SET DE 6 PIEZAS LINEA 3000 SS,0,0,10/01/2026 10:34:57
14209941,10/01/2026 07:26:39,10/01/2026 07:35:14,nievasm,7310,00:04:20,00:08:35,260,515,Fuera de Tiempo,3,13,0,00:07:02,422,Excedido,"17030G         ",17030G - PERCHA LINEA FABRIC GOLD,0,0,10/01/2026 10:34:57
14209941,10/01/2026 07:26:39,10/01/2026 07:35:14,nievasm,7310,00:04:20,00:08:35,260,515,Fuera de Tiempo,2,13,0,00:07:02,422,Excedido,"17040G         ",17040G - PORTA ROLLO LINEA FABRIC GOLD,0,0,10/01/2026 10:34:57
14209941,10/01/2026 07:26:39,10/01/2026 07:35:14,nievasm,7310,00:04:20,00:08:35,260,515,Fuera de Tiempo,1,13,0,00:07:02,422,Excedido,"17040G         ",17040G - PORTA ROLLO LINEA FABRIC GOLD,0,0,10/01/2026 10:35:14
14209941,10/01/2026 07:26:39,10/01/2026 07:35:14,nievasm,7310,00:04:20,00:08:35,260,515,Fuera de Tiempo,3,13,0,00:07:02,422,Excedido,"17020G         ",17020G - TOALLERO DE ARO LINEA FABRIC GOLD,0,0,10/01/2026 10:35:14
14209941,10/01/2026 07:26:39,10/01/2026 07:35:14,nievasm,7310,00:04:20,00:08:35,260,515,Fuera de Tiempo,1,13,0,00:07:02,422,Excedido,"70-152         ",70-152 - BIDE MONOCOMANDO CR C/TRANSFERENCIA SORIA,0,0,10/01/2026 10:35:14
14209970,10/01/2026 07:28:42,10/01/2026 07:38:48,mhernandez,7152,00:02:13,00:10:06,133,606,Fuera de Tiempo,10,3,0,00:01:59,119,Logico,"LG03C80        ",LG03C80 - DUCHA EMB. C/TRANSF. CR C.STD BERNA,0,0,10/01/2026 10:31:11
14209970,10/01/2026 07:28:42,10/01/2026 07:38:48,mhernandez,7152,00:02:13,00:10:06,133,606,Fuera de Tiempo,10,3,0,00:01:59,119,Logico,"LG03C80        ",LG03C80 - DUCHA EMB. C/TRANSF. CR C.STD BERNA,0,0,10/01/2026 10:32:31
14209970,10/01/2026 07:28:42,10/01/2026 07:38:48,mhernandez,7152,00:02:13,00:10:06,133,606,Fuera de Tiempo,5,3,0,00:01:59,119,Logico,"LG03C80        ",LG03C80 - DUCHA EMB. C/TRANSF. CR C.STD BERNA,0,0,10/01/2026 10:33:39
14209970,10/01/2026 07:28:42,10/01/2026 07:38:48,mhernandez,7152,00:02:13,00:10:06,133,606,Fuera de Tiempo,5,3,0,00:01:59,119,Logico,"LG03C70        ",LG03C70 - BIDE CR C.STD BERNA,0,0,10/01/2026 10:33:39
14209970,10/01/2026 07:28:42,10/01/2026 07:38:48,mhernandez,7152,00:02:13,00:10:06,133,606,Fuera de Tiempo,10,3,0,00:01:59,119,Logico,"LG03C70        ",LG03C70 - BIDE CR C.STD BERNA,0,0,10/01/2026 10:34:43
14209970,10/01/2026 07:28:42,10/01/2026 07:38:48,mhernandez,7152,00:02:13,00:10:06,133,606,Fuera de Tiempo,10,3,0,00:01:59,119,Logico,"LG03C70        ",LG03C70 - BIDE CR C.STD BERNA,0,0,10/01/2026 10:35:52
14209970,10/01/2026 07:28:42,10/01/2026 07:38:48,mhernandez,7152,00:02:13,00:10:06,133,606,Fuera de Tiempo,10,3,0,00:01:59,119,Logico,"LG03C60        ",LG03C60 - LAVATORIO CR C.STD BERNA,0,0,10/01/2026 10:37:10
14209970,10/01/2026 07:28:42,10/01/2026 07:38:48,mhernandez,7152,00:02:13,00:10:06,133,606,Fuera de Tiempo,10,3,0,00:01:59,119,Logico,"LG03C60        ",LG03C60 - LAVATORIO CR C.STD BERNA,0,0,10/01/2026 10:38:27
14209970,10/01/2026 07:28:42,10/01/2026 07:38:48,mhernandez,7152,00:02:13,00:10:06,133,606,Fuera de Tiempo,5,3,0,00:01:59,119,Logico,"LG03C60        ",LG03C60 - LAVATORIO CR C.STD BERNA,0,0,10/01/2026 10:38:48
14209992,10/01/2026 07:30:48,10/01/2026 07:36:53,gkiriczuk,6409,00:05:25,00:06:05,325,365,Fuera de Tiempo,2,47,0,00:42:51,2571,Excedido,"20060GR        ",20060GR - PORTA VASO Y CEPILLO GRAFITO LINEA PULSE,0,0,10/01/2026 10:36:53
14209992,10/01/2026 07:30:48,10/01/2026 07:36:53,gkiriczuk,6409,00:05:25,00:06:05,325,365,Fuera de Tiempo,2,47,0,00:42:51,2571,Excedido,"20050GR        ",20050GR - JABONERA GRAFITO LINEA PULSE   ,0,0,10/01/2026 10:36:53
14209992,10/01/2026 07:30:48,10/01/2026 07:36:53,gkiriczuk,6409,00:05:25,00:06:05,325,365,Fuera de Tiempo,2,47,0,00:42:51,2571,Excedido,"20-174         ",20-174 - COCINA MESADA MONOC. COLORS BLACK,0,0,10/01/2026 10:36:53
14209992,10/01/2026 07:30:48,10/01/2026 07:36:53,gkiriczuk,6409,00:05:25,00:06:05,325,365,Fuera de Tiempo,2,47,0,00:42:51,2571,Excedido,"20030GR        ",20030GR - PERCHA GRAFITO LINEA PULSE  ,0,0,10/01/2026 10:36:53
14209992,10/01/2026 07:30:48,10/01/2026 07:36:53,gkiriczuk,6409,00:05:25,00:06:05,325,365,Fuera de Tiempo,2,47,0,00:42:51,2571,Excedido,"20040GR        ",20040GR - PORTA ROLLO GRAFITO LINEA PULSE,0,0,10/01/2026 10:36:53
14209992,10/01/2026 07:30:48,10/01/2026 07:36:53,gkiriczuk,6409,00:05:25,00:06:05,325,365,Fuera de Tiempo,1,47,0,00:42:51,2571,Excedido,"21200          ",21200 - ESQUINERO ORGANIZADOR 19x19x7,0,0,10/01/2026 10:36:53
14209992,10/01/2026 07:30:48,10/01/2026 07:36:53,gkiriczuk,6409,00:05:25,00:06:05,325,365,Fuera de Tiempo,2,47,0,00:42:51,2571,Excedido,"20-168N        ",20-168N - MONOCOMANDO COCINA BLACK WAVE,0,0,10/01/2026 10:36:53
14209992,10/01/2026 07:30:48,10/01/2026 07:36:53,gkiriczuk,6409,00:05:25,00:06:05,325,365,Fuera de Tiempo,2,47,0,00:42:51,2571,Excedido,"20020GR        ",20020GR - TOALLERO DE ARO GRAFITO LINEA PULSE,0,0,10/01/2026 10:36:53
14209992,10/01/2026 07:30:48,10/01/2026 07:36:53,gkiriczuk,6409,00:05:25,00:06:05,325,365,Fuera de Tiempo,1,47,0,00:42:51,2571,Excedido,"60-200N        ",60-200N - LAVATORIO MONOC BAJO BLACK FABRIC,0,0,10/01/2026 10:36:53
14209992,10/01/2026 07:30:48,10/01/2026 07:36:53,gkiriczuk,6409,00:05:25,00:06:05,325,365,Fuera de Tiempo,1,47,0,00:42:51,2571,Excedido,"61-200N        ",61-200N - LAVATORIO MONOC ALTO FABRIC BLACK,0,0,10/01/2026 10:36:53
14209992,10/01/2026 07:30:48,10/01/2026 07:36:53,gkiriczuk,6409,00:05:25,00:06:05,325,365,Fuera de Tiempo,1,47,0,00:42:51,2571,Excedido,"17060G         ",17060G - PORTA VASO Y CEPILLO  LINEA FABRIC GOLD,0,0,10/01/2026 10:36:53
14209992,10/01/2026 07:30:48,10/01/2026 07:36:53,gkiriczuk,6409,00:05:25,00:06:05,325,365,Fuera de Tiempo,3,47,0,00:42:51,2571,Excedido,"03-010         ","LAVATORIO ALTO TEMPORIZADO TECNO                                      ",0,0,10/01/2026 10:36:53
14209992,10/01/2026 07:30:48,10/01/2026 07:36:53,gkiriczuk,6409,00:05:25,00:06:05,325,365,Fuera de Tiempo,1,47,0,00:42:51,2571,Excedido,"01-010         ","VALVULA P/MINGITORIO TEMPORIZADA TECNO                                ",0,0,10/01/2026 10:36:53
14209992,10/01/2026 07:30:48,10/01/2026 07:36:53,gkiriczuk,6409,00:05:25,00:06:05,325,365,Fuera de Tiempo,1,47,0,00:42:51,2571,Excedido,"04-010         ","LAVATORIO DE PARED TEMPORIZADO TECNO                                  ",0,0,10/01/2026 10:36:53
14209992,10/01/2026 07:30:48,10/01/2026 07:36:53,gkiriczuk,6409,00:05:25,00:06:05,325,365,Fuera de Tiempo,1,47,0,00:42:51,2571,Excedido,"17050G         ",17050G - JABONERA  LINEA FABRIC GOLD,0,0,10/01/2026 10:36:53
14209992,10/01/2026 07:30:48,10/01/2026 07:36:53,gkiriczuk,6409,00:05:25,00:06:05,325,365,Fuera de Tiempo,1,47,0,00:42:51,2571,Excedido,"17010G         ",17010G - TOALLERO BARRAL LINEA FABRIC GOLD,0,0,10/01/2026 10:36:53
14209992,10/01/2026 07:30:48,10/01/2026 07:36:53,gkiriczuk,6409,00:05:25,00:06:05,325,365,Fuera de Tiempo,1,47,0,00:42:51,2571,Excedido,"17020G         ",17020G - TOALLERO DE ARO LINEA FABRIC GOLD,0,0,10/01/2026 10:36:53
14209992,10/01/2026 07:30:48,10/01/2026 07:36:53,gkiriczuk,6409,00:05:25,00:06:05,325,365,Fuera de Tiempo,3,47,0,00:42:51,2571,Excedido,"05-010         ","LAVATORIO BAJO TEMPORIZADO TECNO                                      ",0,0,10/01/2026 10:36:53
14209992,10/01/2026 07:30:48,10/01/2026 07:36:53,gkiriczuk,6409,00:05:25,00:06:05,325,365,Fuera de Tiempo,1,47,0,00:42:51,2571,Excedido,"16006BL        ",16006BL - SET 6 PIEZAS ACCESORIOS LINEA 16000 BLACK,0,0,10/01/2026 10:36:53
14209992,10/01/2026 07:30:48,10/01/2026 07:36:53,gkiriczuk,6409,00:05:25,00:06:05,325,365,Fuera de Tiempo,1,47,0,00:42:51,2571,Excedido,"84-203         ","DUCHA EXT C/COLUMNA Y TRANSF CR ADRA                                  ",0,0,10/01/2026 10:36:53
14209992,10/01/2026 07:30:48,10/01/2026 07:36:53,gkiriczuk,6409,00:05:25,00:06:05,325,365,Fuera de Tiempo,1,47,0,00:42:51,2571,Excedido,"21100N         ",21100N - ESTANTE ORGANIZADOR RECTANGULAR BLACK 25x12x7,0,0,10/01/2026 10:36:53
14209992,10/01/2026 07:30:48,10/01/2026 07:36:53,gkiriczuk,6409,00:05:25,00:06:05,325,365,Fuera de Tiempo,1,47,0,00:42:51,2571,Excedido,"61-176         ",61-176 - LAVATORIO MONOC ALTO CR RIO,0,0,10/01/2026 10:36:53
14209992,10/01/2026 07:30:48,10/01/2026 07:36:53,gkiriczuk,6409,00:05:25,00:06:05,325,365,Fuera de Tiempo,1,47,0,00:42:51,2571,Excedido,"60-176         ","LAVATORIO MONOCOMANDO BAJO CR RIO                                     ",0,0,10/01/2026 10:36:53
14209992,10/01/2026 07:30:48,10/01/2026 07:36:53,gkiriczuk,6409,00:05:25,00:06:05,325,365,Fuera de Tiempo,1,47,0,00:42:51,2571,Excedido,"80-176         ",80-176 - DUCHA EMB C/TRANSF MONOC CR RIO,0,0,10/01/2026 10:36:53
14209992,10/01/2026 07:30:48,10/01/2026 07:36:53,gkiriczuk,6409,00:05:25,00:06:05,325,365,Fuera de Tiempo,2,47,0,00:42:51,2571,Excedido,"60-176N        ","LAVATORIO MONOCOMANDO BAJO BLACK RIO                                  ",0,0,10/01/2026 10:36:53
14209992,10/01/2026 07:30:48,10/01/2026 07:36:53,gkiriczuk,6409,00:05:25,00:06:05,325,365,Fuera de Tiempo,3,47,0,00:42:51,2571,Excedido,"61-176N        ",61-176N - LAVATORIO MONOC ALTO BLACK RIO,0,0,10/01/2026 10:36:53
14209992,10/01/2026 07:30:48,10/01/2026 07:36:53,gkiriczuk,6409,00:05:25,00:06:05,325,365,Fuera de Tiempo,2,47,0,00:42:51,2571,Excedido,"83-176N        ",83-176N - DUCHA EXT. C/TRANSF. MONOC BLACK RIO,0,0,10/01/2026 10:36:53
14209992,10/01/2026 07:30:48,10/01/2026 07:36:53,gkiriczuk,6409,00:05:25,00:06:05,325,365,Fuera de Tiempo,1,47,0,00:42:51,2571,Excedido,"18060          ",18060 - PORTA VASO Y CEPILLO NIQUEL LINEA BEAT,0,0,10/01/2026 10:36:53
14209992,10/01/2026 07:30:48,10/01/2026 07:36:53,gkiriczuk,6409,00:05:25,00:06:05,325,365,Fuera de Tiempo,1,47,0,00:42:51,2571,Excedido,"18050          ",18050 - JABONERA NIQUEL LINEA BEAT,0,0,10/01/2026 10:36:53
14209992,10/01/2026 07:30:48,10/01/2026 07:36:53,gkiriczuk,6409,00:05:25,00:06:05,325,365,Fuera de Tiempo,1,47,0,00:42:51,2571,Excedido,"18040          ",18040 - PORTA ROLLO NIQUEL LINEA BEAT,0,0,10/01/2026 10:36:53
14209992,10/01/2026 07:30:48,10/01/2026 07:36:53,gkiriczuk,6409,00:05:25,00:06:05,325,365,Fuera de Tiempo,1,47,0,00:42:51,2571,Excedido,"60-192         ",60-192 - LAVATORIO BAJO SORIA BLACK,0,0,10/01/2026 10:36:53
14209992,10/01/2026 07:30:48,10/01/2026 07:36:53,gkiriczuk,6409,00:05:25,00:06:05,325,365,Fuera de Tiempo,1,47,0,00:42:51,2571,Excedido,"18020          ",18020 - TOALLERO DE ARO NIQUEL LINEA BEAT,0,0,10/01/2026 10:36:53
14209992,10/01/2026 07:30:48,10/01/2026 07:36:53,gkiriczuk,6409,00:05:25,00:06:05,325,365,Fuera de Tiempo,1,47,0,00:42:51,2571,Excedido,"18010          ",18010 - TOALLERO BARRAL NIQUEL LINEA BEAT,0,0,10/01/2026 10:36:53
14209992,10/01/2026 07:30:48,10/01/2026 07:36:53,gkiriczuk,6409,00:05:25,00:06:05,325,365,Fuera de Tiempo,3,47,0,00:42:51,2571,Excedido,"19006          ",19006 - SET DE 6 PIEZAS LINEA 19000,0,0,10/01/2026 10:36:53
14209992,10/01/2026 07:30:48,10/01/2026 07:36:53,gkiriczuk,6409,00:05:25,00:06:05,325,365,Fuera de Tiempo,1,47,0,00:42:51,2571,Excedido,"10006CR        ","SET DE 6 PIEZAS LINEA 10000 MINIMALISTA                               ",0,0,10/01/2026 10:36:53
14209992,10/01/2026 07:30:48,10/01/2026 07:36:53,gkiriczuk,6409,00:05:25,00:06:05,325,365,Fuera de Tiempo,1,47,0,00:42:51,2571,Excedido,"22-178         ",22-178 - MONOCOMANDO DE COCINA P/AGUA FILTRADA VITA,0,0,10/01/2026 10:36:53
14209992,10/01/2026 07:30:48,10/01/2026 07:36:53,gkiriczuk,6409,00:05:25,00:06:05,325,365,Fuera de Tiempo,1,47,0,00:42:51,2571,Excedido,"60-133         ",60-133 - LAVATORIO MONOCOMANDO LUGO,0,0,10/01/2026 10:36:53
14209992,10/01/2026 07:30:48,10/01/2026 07:36:53,gkiriczuk,6409,00:05:25,00:06:05,325,365,Fuera de Tiempo,1,47,0,00:42:51,2571,Excedido,"83-133         ",83-133 - DUCHA EXT. C/TRANSF. MONOCOMANDO LUGO,0,0,10/01/2026 10:36:53
14209992,10/01/2026 07:30:48,10/01/2026 07:36:53,gkiriczuk,6409,00:05:25,00:06:05,325,365,Fuera de Tiempo,1,47,0,00:42:51,2571,Excedido,"12006          ","SET DE 6 PIEZAS LINEA 12000                                           ",0,0,10/01/2026 10:36:53
14209992,10/01/2026 07:30:48,10/01/2026 07:36:53,gkiriczuk,6409,00:05:25,00:06:05,325,365,Fuera de Tiempo,2,47,0,00:42:51,2571,Excedido,"20-160         ",20-160 - MONOCOMANDO MESADA COCINA DIQUE,0,0,10/01/2026 10:36:53
14209992,10/01/2026 07:30:48,10/01/2026 07:36:53,gkiriczuk,6409,00:05:25,00:06:05,325,365,Fuera de Tiempo,2,47,0,00:42:51,2571,Excedido,"20-162         ",20-162 - MONOCOMANDO COCINA ADRA,0,0,10/01/2026 10:36:53
14209992,10/01/2026 07:30:48,10/01/2026 07:36:53,gkiriczuk,6409,00:05:25,00:06:05,325,365,Fuera de Tiempo,3,47,0,00:42:51,2571,Excedido,"20-146N        ",20-146N - MONOCOMANDO DE COCINA BLACK LINEA MOVE,0,0,10/01/2026 10:36:53
14209992,10/01/2026 07:30:48,10/01/2026 07:36:53,gkiriczuk,6409,00:05:25,00:06:05,325,365,Fuera de Tiempo,1,47,0,00:42:51,2571,Excedido,"17040G         ",17040G - PORTA ROLLO LINEA FABRIC GOLD,0,0,10/01/2026 10:36:53
14209992,10/01/2026 07:30:48,10/01/2026 07:36:53,gkiriczuk,6409,00:05:25,00:06:05,325,365,Fuera de Tiempo,1,47,0,00:42:51,2571,Excedido,"22004          ","SET DE 4 PIEZAS LINEA 22000                                           ",0,0,10/01/2026 10:36:53
14209992,10/01/2026 07:30:48,10/01/2026 07:36:53,gkiriczuk,6409,00:05:25,00:06:05,325,365,Fuera de Tiempo,2,47,0,00:42:51,2571,Excedido,"20010GR        ",20010GR - TOALLERO BARRAL GRAFITO LINEA PULSE  ,0,0,10/01/2026 10:36:53
14209992,10/01/2026 07:30:48,10/01/2026 07:36:53,gkiriczuk,6409,00:05:25,00:06:05,325,365,Fuera de Tiempo,2,47,0,00:42:51,2571,Excedido,"20-134         ",20-134 - MONOCOMANDO COCINA BETIS,0,0,10/01/2026 10:36:53
14209992,10/01/2026 07:30:48,10/01/2026 07:36:53,gkiriczuk,6409,00:05:25,00:06:05,325,365,Fuera de Tiempo,1,47,0,00:42:51,2571,Excedido,"17030G         ",17030G - PERCHA LINEA FABRIC GOLD,0,0,10/01/2026 10:36:53
14210060,10/01/2026 07:37:25,10/01/2026 07:37:40,gkiriczuk,6409,00:02:07,00:00:15,127,15,En Tiempo,1,5,0,00:00:32,32,Logico,"D439           ",D439 - KIT DE DUCHA MANUAL,0,0,10/01/2026 10:37:40
14210060,10/01/2026 07:37:25,10/01/2026 07:37:40,gkiriczuk,6409,00:02:07,00:00:15,127,15,En Tiempo,1,5,0,00:00:32,32,Logico,"60-203N        ","LAVATORIO MONOCOMANDO BAJO ADRA BLACK                                 ",0,0,10/01/2026 10:37:40
14210060,10/01/2026 07:37:25,10/01/2026 07:37:40,gkiriczuk,6409,00:02:07,00:00:15,127,15,En Tiempo,1,5,0,00:00:32,32,Logico,"61-203N        ","LAVATORIO MONOCOMANDO ALTO ADRA BLACK                                 ",0,0,10/01/2026 10:37:40
14210060,10/01/2026 07:37:25,10/01/2026 07:37:40,gkiriczuk,6409,00:02:07,00:00:15,127,15,En Tiempo,1,5,0,00:00:32,32,Logico,"80-200N        ",80-200N - DUCHA EMB. MONOC. 3 FUNCIONES BLACK FABRIC,0,0,10/01/2026 10:37:40
14210060,10/01/2026 07:37:25,10/01/2026 07:37:40,gkiriczuk,6409,00:02:07,00:00:15,127,15,En Tiempo,1,5,0,00:00:32,32,Logico,"85-168N        ",85-168N - DUCHA MONOC C/TRANSF Y DUCHADOR BLACK WAVE,0,0,10/01/2026 10:37:40
14210091,10/01/2026 07:39:58,10/01/2026 07:40:31,nievasm,7310,00:01:42,00:00:33,102,33,En Tiempo,1,3,0,00:04:44,284,Logico,"20-147         ",20-147 - MONOCOMANDO DE COCINA SWIFT,0,0,10/01/2026 10:40:31
14210091,10/01/2026 07:39:58,10/01/2026 07:40:31,nievasm,7310,00:01:42,00:00:33,102,33,En Tiempo,2,3,0,00:04:44,284,Logico,"20-134         ",20-134 - MONOCOMANDO COCINA BETIS,0,0,10/01/2026 10:40:31
14210091,10/01/2026 07:39:58,10/01/2026 07:40:31,nievasm,7310,00:01:42,00:00:33,102,33,En Tiempo,2,3,0,00:04:44,284,Logico,"54-203         ","COCINA PARED EXT C.CERAM ADRA MONOCOMANDO                             ",0,0,10/01/2026 10:40:31
14210109,10/01/2026 07:41:08,10/01/2026 07:45:08,nievasm,7310,00:02:43,00:04:00,163,240,Fuera de Tiempo,1,6,0,00:00:37,37,Logico,"13006          ","SET DE 6 PIEZAS LINEA 13000                                           ",0,0,10/01/2026 10:43:27
14210109,10/01/2026 07:41:08,10/01/2026 07:45:08,nievasm,7310,00:02:43,00:04:00,163,240,Fuera de Tiempo,2,6,0,00:00:37,37,Logico,"17040G         ",17040G - PORTA ROLLO LINEA FABRIC GOLD,0,0,10/01/2026 10:43:27
14210109,10/01/2026 07:41:08,10/01/2026 07:45:08,nievasm,7310,00:02:43,00:04:00,163,240,Fuera de Tiempo,5,6,0,00:00:37,37,Logico,"17030G         ",17030G - PERCHA LINEA FABRIC GOLD,0,0,10/01/2026 10:43:27
14210109,10/01/2026 07:41:08,10/01/2026 07:45:08,nievasm,7310,00:02:43,00:04:00,163,240,Fuera de Tiempo,1,6,0,00:00:37,37,Logico,"20-172         ",20-172 - COCINA MESADA MONOC. COLORS NEGRO,0,0,10/01/2026 10:45:08
14210109,10/01/2026 07:41:08,10/01/2026 07:45:08,nievasm,7310,00:02:43,00:04:00,163,240,Fuera de Tiempo,1,6,0,00:00:37,37,Logico,"20-205         ",20-205 - MONOCOMANDO DE COCINA STEEL,0,0,10/01/2026 10:45:08
14210109,10/01/2026 07:41:08,10/01/2026 07:45:08,nievasm,7310,00:02:43,00:04:00,163,240,Fuera de Tiempo,1,6,0,00:00:37,37,Logico,"20-146         ",20-146 - MONOCOMANDO DE COCINA CR LINEA MOVE,0,0,10/01/2026 10:45:08
14210109,10/01/2026 07:41:08,10/01/2026 07:45:08,nievasm,7310,00:02:43,00:04:00,163,240,Fuera de Tiempo,1,6,0,00:00:37,37,Logico,"17030G         ",17030G - PERCHA LINEA FABRIC GOLD,0,0,10/01/2026 10:45:08
14210130,10/01/2026 07:42:45,10/01/2026 07:43:30,mhernandez,7152,00:01:29,00:00:45,89,45,En Tiempo,2,2,0,00:03:57,237,Logico,"70-153         ",70-153 - BIDE CR C.CERAM CASTILLA,0,0,10/01/2026 10:43:30
14210130,10/01/2026 07:42:45,10/01/2026 07:43:30,mhernandez,7152,00:01:29,00:00:45,89,45,En Tiempo,2,2,0,00:03:57,237,Logico,"60-153         ",60-153 - LAVATORIO CR C.CERAMICO CASTILLA,0,0,10/01/2026 10:43:30
14210143,10/01/2026 07:43:36,10/01/2026 07:44:10,mhernandez,7152,00:01:46,00:00:34,106,34,En Tiempo,1,4,0,00:00:06,6,Logico,"80-199N        ",80-199N - DUCHA EMB. C/TRANSF. BLACK C.CERAM LIVE,0,0,10/01/2026 10:44:10
14210143,10/01/2026 07:43:36,10/01/2026 07:44:10,mhernandez,7152,00:01:46,00:00:34,106,34,En Tiempo,1,4,0,00:00:06,6,Logico,"60-199N        ",60-199N - LAVATORIO BLACK C.CERAM LIVE,0,0,10/01/2026 10:44:10
14210143,10/01/2026 07:43:36,10/01/2026 07:44:10,mhernandez,7152,00:01:46,00:00:34,106,34,En Tiempo,1,4,0,00:00:06,6,Logico,"80-100G        ",80-100G - DUCHA EMB. C/TRANSF. GOLD C.CERAM FABRIC,0,0,10/01/2026 10:44:10
14210143,10/01/2026 07:43:36,10/01/2026 07:44:10,mhernandez,7152,00:01:46,00:00:34,106,34,En Tiempo,1,4,0,00:00:06,6,Logico,"80-200G        ",80-200G - DUCHA EMB. MONOC. 3 FUNCIONES GOLD FABRIC,0,0,10/01/2026 10:44:10
14210155,10/01/2026 07:44:17,10/01/2026 07:45:19,mhernandez,7152,00:02:03,00:01:02,123,62,En Tiempo,3,4,0,00:00:07,7,Logico,"62-153         ",62-153 - LAVATORIO PARED EMB. C.CERAM CASTILLA,0,0,10/01/2026 10:44:57
14210155,10/01/2026 07:44:17,10/01/2026 07:45:19,mhernandez,7152,00:02:03,00:01:02,123,62,En Tiempo,3,4,0,00:00:07,7,Logico,"70-153         ",70-153 - BIDE CR C.CERAM CASTILLA,0,0,10/01/2026 10:44:57
14210155,10/01/2026 07:44:17,10/01/2026 07:45:19,mhernandez,7152,00:02:03,00:01:02,123,62,En Tiempo,2,4,0,00:00:07,7,Logico,"62-175G        ",62-175G - LAVATORIO DE PARED GOLD C.CERAM PULSE,0,0,10/01/2026 10:44:57
14210155,10/01/2026 07:44:17,10/01/2026 07:45:19,mhernandez,7152,00:02:03,00:01:02,123,62,En Tiempo,3,4,0,00:00:07,7,Logico,"80-153         ",80-153 - DUCHA EMB. C/TRANSF. CR C.CERAM CASTILLA,0,0,10/01/2026 10:45:19
14210175,10/01/2026 07:45:35,10/01/2026 07:46:51,mhernandez,7152,00:02:43,00:01:16,163,76,En Tiempo,2,6,0,00:00:16,16,Logico,"60-162         ",60-162 - LAVATORIO CR C.CERAM LINEA ADRA,0,0,10/01/2026 10:46:39
14210175,10/01/2026 07:45:35,10/01/2026 07:46:51,mhernandez,7152,00:02:43,00:01:16,163,76,En Tiempo,2,6,0,00:00:16,16,Logico,"62-100N        ",62-100N - LAVATORIO DE PARED BLACK C.CERAM FABRIC,0,0,10/01/2026 10:46:39
14210175,10/01/2026 07:45:35,10/01/2026 07:46:51,mhernandez,7152,00:02:43,00:01:16,163,76,En Tiempo,2,6,0,00:00:16,16,Logico,"70-121         ",70-121 - BIDE C.CERAM CR MARBELLA,0,0,10/01/2026 10:46:39
14210175,10/01/2026 07:45:35,10/01/2026 07:46:51,mhernandez,7152,00:02:43,00:01:16,163,76,En Tiempo,2,6,0,00:00:16,16,Logico,"60-121         ",60-121 - LAVATORIO C.CERAM CR MARBELLA,0,0,10/01/2026 10:46:39
14210175,10/01/2026 07:45:35,10/01/2026 07:46:51,mhernandez,7152,00:02:43,00:01:16,163,76,En Tiempo,2,6,0,00:00:16,16,Logico,"80-166         ","DUCHA EMB. C/TRANSF. CR C.CERAM ADRA PLUS                             ",0,0,10/01/2026 10:46:51
14210175,10/01/2026 07:45:35,10/01/2026 07:46:51,mhernandez,7152,00:02:43,00:01:16,163,76,En Tiempo,1,6,0,00:00:16,16,Logico,"61-203N        ","LAVATORIO MONOCOMANDO ALTO ADRA BLACK                                 ",0,0,10/01/2026 10:46:51
14210234,10/01/2026 07:49:12,10/01/2026 07:50:07,mhernandez,7152,00:02:43,00:00:55,163,55,En Tiempo,2,6,0,00:02:21,141,Logico,"60-162         ",60-162 - LAVATORIO CR C.CERAM LINEA ADRA,0,0,10/01/2026 10:49:49
14210234,10/01/2026 07:49:12,10/01/2026 07:50:07,mhernandez,7152,00:02:43,00:00:55,163,55,En Tiempo,2,6,0,00:02:21,141,Logico,"70-190         ",70-190 - BIDE C.CERAM BLACK VELVET,0,0,10/01/2026 10:49:49
14210234,10/01/2026 07:49:12,10/01/2026 07:50:07,mhernandez,7152,00:02:43,00:00:55,163,55,En Tiempo,2,6,0,00:02:21,141,Logico,"62-100N        ",62-100N - LAVATORIO DE PARED BLACK C.CERAM FABRIC,0,0,10/01/2026 10:49:49
14210234,10/01/2026 07:49:12,10/01/2026 07:50:07,mhernandez,7152,00:02:43,00:00:55,163,55,En Tiempo,1,6,0,00:02:21,141,Logico,"61-203N        ","LAVATORIO MONOCOMANDO ALTO ADRA BLACK                                 ",0,0,10/01/2026 10:49:55
14210234,10/01/2026 07:49:12,10/01/2026 07:50:07,mhernandez,7152,00:02:43,00:00:55,163,55,En Tiempo,1,6,0,00:02:21,141,Logico,"85-190         ",85-190 - DUCHA EMB C/TRANSF Y DUCHADOR CR C.CERAM BLACK VELVET,0,0,10/01/2026 10:49:55
14210234,10/01/2026 07:49:12,10/01/2026 07:50:07,mhernandez,7152,00:02:43,00:00:55,163,55,En Tiempo,1,6,0,00:02:21,141,Logico,"85-190         ",85-190 - DUCHA EMB C/TRANSF Y DUCHADOR CR C.CERAM BLACK VELVET,0,0,10/01/2026 10:50:07
14210234,10/01/2026 07:49:12,10/01/2026 07:50:07,mhernandez,7152,00:02:43,00:00:55,163,55,En Tiempo,2,6,0,00:02:21,141,Logico,"51-190         ",51-190 - MESADA BIMANDO C.CERAM BLACK VELVET,0,0,10/01/2026 10:50:07
14210273,10/01/2026 07:50:34,10/01/2026 08:03:43,nievasm,7310,00:05:04,00:13:09,304,789,Fuera de Tiempo,5,14,0,00:05:26,326,Logico,"83-133         ",83-133 - DUCHA EXT. C/TRANSF. MONOCOMANDO LUGO,0,0,10/01/2026 10:50:44
14210273,10/01/2026 07:50:34,10/01/2026 08:03:43,nievasm,7310,00:05:04,00:13:09,304,789,Fuera de Tiempo,3,14,0,00:05:26,326,Logico,"16006BL        ",16006BL - SET 6 PIEZAS ACCESORIOS LINEA 16000 BLACK,0,0,10/01/2026 10:51:46
14210273,10/01/2026 07:50:34,10/01/2026 08:03:43,nievasm,7310,00:05:04,00:13:09,304,789,Fuera de Tiempo,2,14,0,00:05:26,326,Logico,"17040G         ",17040G - PORTA ROLLO LINEA FABRIC GOLD,0,0,10/01/2026 10:51:46
14210273,10/01/2026 07:50:34,10/01/2026 08:03:43,nievasm,7310,00:05:04,00:13:09,304,789,Fuera de Tiempo,1,14,0,00:05:26,326,Logico,"61-176N        ",61-176N - LAVATORIO MONOC ALTO BLACK RIO,0,0,10/01/2026 10:53:04
14210273,10/01/2026 07:50:34,10/01/2026 08:03:43,nievasm,7310,00:05:04,00:13:09,304,789,Fuera de Tiempo,3,14,0,00:05:26,326,Logico,"60-176         ","LAVATORIO MONOCOMANDO BAJO CR RIO                                     ",0,0,10/01/2026 10:53:04
14210273,10/01/2026 07:50:34,10/01/2026 08:03:43,nievasm,7310,00:05:04,00:13:09,304,789,Fuera de Tiempo,2,14,0,00:05:26,326,Logico,"20-172         ",20-172 - COCINA MESADA MONOC. COLORS NEGRO,0,0,10/01/2026 10:53:04
14210273,10/01/2026 07:50:34,10/01/2026 08:03:43,nievasm,7310,00:05:04,00:13:09,304,789,Fuera de Tiempo,2,14,0,00:05:26,326,Logico,"17030G         ",17030G - PERCHA LINEA FABRIC GOLD,0,0,10/01/2026 10:53:04
14210273,10/01/2026 07:50:34,10/01/2026 08:03:43,nievasm,7310,00:05:04,00:13:09,304,789,Fuera de Tiempo,1,14,0,00:05:26,326,Logico,"12004N         ","SET DE 4 PIEZAS LINEA 12000 BLACK                                     ",0,0,10/01/2026 10:53:04
14210273,10/01/2026 07:50:34,10/01/2026 08:03:43,nievasm,7310,00:05:04,00:13:09,304,789,Fuera de Tiempo,4,14,0,00:05:26,326,Logico,"12004N         ","SET DE 4 PIEZAS LINEA 12000 BLACK                                     ",0,0,10/01/2026 10:53:24
14210273,10/01/2026 07:50:34,10/01/2026 08:03:43,nievasm,7310,00:05:04,00:13:09,304,789,Fuera de Tiempo,3,14,0,00:05:26,326,Logico,"20-134         ",20-134 - MONOCOMANDO COCINA BETIS,0,0,10/01/2026 10:53:24
14210273,10/01/2026 07:50:34,10/01/2026 08:03:43,nievasm,7310,00:05:04,00:13:09,304,789,Fuera de Tiempo,2,14,0,00:05:26,326,Logico,"A813           ",A813 - DUCHA C/BRAZO Y CAMPANA CR 3 FUNCIONES,0,0,10/01/2026 11:00:29
14210273,10/01/2026 07:50:34,10/01/2026 08:03:43,nievasm,7310,00:05:04,00:13:09,304,789,Fuera de Tiempo,1,14,0,00:05:26,326,Logico,"70-200N        ",70-200N - BIDE MONOCOMANDO BLACK FABRIC,0,0,10/01/2026 11:00:29
14210273,10/01/2026 07:50:34,10/01/2026 08:03:43,nievasm,7310,00:05:04,00:13:09,304,789,Fuera de Tiempo,2,14,0,00:05:26,326,Logico,"60-180         ",60-180 - LAVATORIO MONOCOMANDO BAJO VERA,0,0,10/01/2026 11:00:29
14210273,10/01/2026 07:50:34,10/01/2026 08:03:43,nievasm,7310,00:05:04,00:13:09,304,789,Fuera de Tiempo,2,14,0,00:05:26,326,Logico,"61-200N        ",61-200N - LAVATORIO MONOC ALTO FABRIC BLACK,0,0,10/01/2026 11:03:43
14210273,10/01/2026 07:50:34,10/01/2026 08:03:43,nievasm,7310,00:05:04,00:13:09,304,789,Fuera de Tiempo,2,14,0,00:05:26,326,Logico,"20-190         ",20-190 - COCINA MESADA MONOC BLACK VELVET,0,0,10/01/2026 11:03:43
14210284,10/01/2026 07:50:57,10/01/2026 07:52:52,mhernandez,7152,00:03:37,00:01:55,217,115,En Tiempo,2,11,0,00:00:50,50,Logico,"80-199N        ",80-199N - DUCHA EMB. C/TRANSF. BLACK C.CERAM LIVE,0,0,10/01/2026 10:51:25
14210284,10/01/2026 07:50:57,10/01/2026 07:52:52,mhernandez,7152,00:03:37,00:01:55,217,115,En Tiempo,1,11,0,00:00:50,50,Logico,"80-191         ",80-191 - DUCHA EMB. C/TRANSF. C.CERAM PRADO,0,0,10/01/2026 10:51:25
14210284,10/01/2026 07:50:57,10/01/2026 07:52:52,mhernandez,7152,00:03:37,00:01:55,217,115,En Tiempo,1,11,0,00:00:50,50,Logico,"51-122         ",51-122 - MESADA BIMANDO CR C.CERAM VALENCIA,0,0,10/01/2026 10:51:32
14210284,10/01/2026 07:50:57,10/01/2026 07:52:52,mhernandez,7152,00:03:37,00:01:55,217,115,En Tiempo,1,11,0,00:00:50,50,Logico,"80-100G        ",80-100G - DUCHA EMB. C/TRANSF. GOLD C.CERAM FABRIC,0,0,10/01/2026 10:51:32
14210284,10/01/2026 07:50:57,10/01/2026 07:52:52,mhernandez,7152,00:03:37,00:01:55,217,115,En Tiempo,1,11,0,00:00:50,50,Logico,"80-200N        ",80-200N - DUCHA EMB. MONOC. 3 FUNCIONES BLACK FABRIC,0,0,10/01/2026 10:51:32
14210284,10/01/2026 07:50:57,10/01/2026 07:52:52,mhernandez,7152,00:03:37,00:01:55,217,115,En Tiempo,1,11,0,00:00:50,50,Logico,"70-199N        ",70-199N - BIDE BLACK C.CERAM LIVE,0,0,10/01/2026 10:52:44
14210284,10/01/2026 07:50:57,10/01/2026 07:52:52,mhernandez,7152,00:03:37,00:01:55,217,115,En Tiempo,1,11,0,00:00:50,50,Logico,"62-100C        ",62-100C - LAVATORIO DE PARED CR C.CERAM FABRIC,0,0,10/01/2026 10:52:44
14210284,10/01/2026 07:50:57,10/01/2026 07:52:52,mhernandez,7152,00:03:37,00:01:55,217,115,En Tiempo,1,11,0,00:00:50,50,Logico,"62-100N        ",62-100N - LAVATORIO DE PARED BLACK C.CERAM FABRIC,0,0,10/01/2026 10:52:44
14210284,10/01/2026 07:50:57,10/01/2026 07:52:52,mhernandez,7152,00:03:37,00:01:55,217,115,En Tiempo,1,11,0,00:00:50,50,Logico,"70-191         ",70-191 - BIDE C.CERAM LINEA PRADO,0,0,10/01/2026 10:52:44
14210284,10/01/2026 07:50:57,10/01/2026 07:52:52,mhernandez,7152,00:03:37,00:01:55,217,115,En Tiempo,1,11,0,00:00:50,50,Logico,"60-199N        ",60-199N - LAVATORIO BLACK C.CERAM LIVE,0,0,10/01/2026 10:52:52
14210284,10/01/2026 07:50:57,10/01/2026 07:52:52,mhernandez,7152,00:03:37,00:01:55,217,115,En Tiempo,1,11,0,00:00:50,50,Logico,"60-191         ",60-191 - LAVATORIO C.CERAM LINEA PRADO,0,0,10/01/2026 10:52:52
14210331,10/01/2026 07:53:21,10/01/2026 07:53:30,mhernandez,7152,00:01:29,00:00:09,89,9,En Tiempo,2,2,0,00:00:29,29,Logico,"70-163         ",70-163 - BIDE CR C.CERAM SENA,0,0,10/01/2026 10:53:30
14210331,10/01/2026 07:53:21,10/01/2026 07:53:30,mhernandez,7152,00:01:29,00:00:09,89,9,En Tiempo,2,2,0,00:00:29,29,Logico,"80-163         ",80-163 - DUCHA EMB. C/TRANSF. CR C.CERAM SENA,0,0,10/01/2026 10:53:30
14210343,10/01/2026 07:54:06,10/01/2026 07:54:24,mhernandez,7152,00:01:21,00:00:18,81,18,En Tiempo,2,1,0,00:00:36,36,Logico,"80-200N        ",80-200N - DUCHA EMB. MONOC. 3 FUNCIONES BLACK FABRIC,0,0,10/01/2026 10:54:24
14210376,10/01/2026 07:55:53,10/01/2026 07:57:44,mhernandez,7152,00:03:05,00:01:51,185,111,En Tiempo,2,7,0,00:01:29,89,Logico,"80-201NI       ",80-201NI - DUCHA EMB C/TRANSF C.CERAM BEAT NICKEL,0,0,10/01/2026 10:56:31
14210376,10/01/2026 07:55:53,10/01/2026 07:57:44,mhernandez,7152,00:03:05,00:01:51,185,111,En Tiempo,1,7,0,00:01:29,89,Logico,"80-200G        ",80-200G - DUCHA EMB. MONOC. 3 FUNCIONES GOLD FABRIC,0,0,10/01/2026 10:56:31
14210376,10/01/2026 07:55:53,10/01/2026 07:57:44,mhernandez,7152,00:03:05,00:01:51,185,111,En Tiempo,2,7,0,00:01:29,89,Logico,"60-201NI       ",60-201NI - LAVATORIO C.CERAM BEAT NICKEL,0,0,10/01/2026 10:57:15
14210376,10/01/2026 07:55:53,10/01/2026 07:57:44,mhernandez,7152,00:03:05,00:01:51,185,111,En Tiempo,2,7,0,00:01:29,89,Logico,"70-201NI       ",70-201NI - BIDE CR C.CERAM BEAT NICKEL,0,0,10/01/2026 10:57:44
14210376,10/01/2026 07:55:53,10/01/2026 07:57:44,mhernandez,7152,00:03:05,00:01:51,185,111,En Tiempo,1,7,0,00:01:29,89,Logico,"60-203         ",60-203 - LAVATORIO MONOCOMANDO BAJO ADRA,0,0,10/01/2026 10:57:44
14210376,10/01/2026 07:55:53,10/01/2026 07:57:44,mhernandez,7152,00:03:05,00:01:51,185,111,En Tiempo,3,7,0,00:01:29,89,Logico,"62-100G        ",62-100G - LAVATORIO DE PARED GOLD C.CERAM FABRIC,0,0,10/01/2026 10:57:44
14210376,10/01/2026 07:55:53,10/01/2026 07:57:44,mhernandez,7152,00:03:05,00:01:51,185,111,En Tiempo,2,7,0,00:01:29,89,Logico,"A1540          ","CUERPO VALVULA DE DESAGOTE P/INODORO TECNO 02-010/011                 ",0,0,10/01/2026 10:57:44
14210517,10/01/2026 08:02:21,10/01/2026 08:17:23,gkiriczuk,6409,00:01:58,00:15:02,118,902,Fuera de Tiempo,40,2,0,00:24:41,1481,Excedido,"RA1149         ",RA1149 - SUJECION ACCESORIOS LINEA 3000,0,0,10/01/2026 11:17:23
14210517,10/01/2026 08:02:21,10/01/2026 08:17:23,gkiriczuk,6409,00:01:58,00:15:02,118,902,Fuera de Tiempo,10,2,0,00:24:41,1481,Excedido,"RA1158         ",RA1158 - BUJE AIREADOR COMPLETO MONOC SANTANDER-MALLORCA M20x1,0,0,10/01/2026 11:17:23
14210520,10/01/2026 08:02:31,10/01/2026 08:08:45,mhernandez,7152,00:01:21,00:06:14,81,374,Fuera de Tiempo,1,1,0,00:04:47,287,Logico,"BCH09          ",BCH09 - BACHA DE APOYAR RECTANGULAR 610x410x115,0,0,10/01/2026 11:02:37
14210520,10/01/2026 08:02:31,10/01/2026 08:08:45,mhernandez,7152,00:01:21,00:06:14,81,374,Fuera de Tiempo,1,1,0,00:04:47,287,Logico,"BCH09          ",BCH09 - BACHA DE APOYAR RECTANGULAR 610x410x115,0,0,10/01/2026 11:02:59
14210520,10/01/2026 08:02:31,10/01/2026 08:08:45,mhernandez,7152,00:01:21,00:06:14,81,374,Fuera de Tiempo,1,1,0,00:04:47,287,Logico,"BCH09          ",BCH09 - BACHA DE APOYAR RECTANGULAR 610x410x115,0,0,10/01/2026 11:08:45
14210528,10/01/2026 08:02:57,10/01/2026 08:54:51,nievasm,7310,00:01:42,00:51:54,102,3114,Fuera de Tiempo,10,1,0,23:59:14,-46,Logico,"3005           ",3005 - SET DE 5 PIEZAS LINEA 3000,0,0,10/01/2026 11:54:27
14210528,10/01/2026 08:02:57,10/01/2026 08:54:51,nievasm,7310,00:01:42,00:51:54,102,3114,Fuera de Tiempo,10,1,0,23:59:14,-46,Logico,"3005           ",3005 - SET DE 5 PIEZAS LINEA 3000,0,0,10/01/2026 11:54:51
14210543,10/01/2026 08:04:02,10/01/2026 08:13:33,nievasm,7310,00:01:41,00:09:31,101,571,Fuera de Tiempo,15,1,0,23:09:11,-3049,Logico,"LG01C60        ",LG01C60 - LAVATORIO MONOC CR LUCERNA,0,0,10/01/2026 11:13:33
14210657,10/01/2026 08:12:38,10/01/2026 08:13:43,mhernandez,7152,00:01:51,00:01:05,111,65,En Tiempo,1,2,0,00:03:53,233,Logico,"BCH18          ",BCH18 - BACHA DE APOYAR SIMIL MARMOL 460x320x140,0,0,10/01/2026 11:12:42
14210657,10/01/2026 08:12:38,10/01/2026 08:13:43,mhernandez,7152,00:01:51,00:01:05,111,65,En Tiempo,1,2,0,00:03:53,233,Logico,"BCH18          ",BCH18 - BACHA DE APOYAR SIMIL MARMOL 460x320x140,0,0,10/01/2026 11:12:49
14210657,10/01/2026 08:12:38,10/01/2026 08:13:43,mhernandez,7152,00:01:51,00:01:05,111,65,En Tiempo,1,2,0,00:03:53,233,Logico,"BCH18          ",BCH18 - BACHA DE APOYAR SIMIL MARMOL 460x320x140,0,0,10/01/2026 11:12:56
14210657,10/01/2026 08:12:38,10/01/2026 08:13:43,mhernandez,7152,00:01:51,00:01:05,111,65,En Tiempo,1,2,0,00:03:53,233,Logico,"BCH18          ",BCH18 - BACHA DE APOYAR SIMIL MARMOL 460x320x140,0,0,10/01/2026 11:13:01
14210657,10/01/2026 08:12:38,10/01/2026 08:13:43,mhernandez,7152,00:01:51,00:01:05,111,65,En Tiempo,1,2,0,00:03:53,233,Logico,"BCH18          ",BCH18 - BACHA DE APOYAR SIMIL MARMOL 460x320x140,0,0,10/01/2026 11:13:07
14210657,10/01/2026 08:12:38,10/01/2026 08:13:43,mhernandez,7152,00:01:51,00:01:05,111,65,En Tiempo,1,2,0,00:03:53,233,Logico,"BAI01NI        ",BAI01NI - BACHA EMB COCINA C/ACCESORIOS 750x450x220 NICKEL BRUSHED,0,0,10/01/2026 11:13:16
14210657,10/01/2026 08:12:38,10/01/2026 08:13:43,mhernandez,7152,00:01:51,00:01:05,111,65,En Tiempo,1,2,0,00:03:53,233,Logico,"BAI01NI        ",BAI01NI - BACHA EMB COCINA C/ACCESORIOS 750x450x220 NICKEL BRUSHED,0,0,10/01/2026 11:13:23
14210657,10/01/2026 08:12:38,10/01/2026 08:13:43,mhernandez,7152,00:01:51,00:01:05,111,65,En Tiempo,1,2,0,00:03:53,233,Logico,"BAI01NI        ",BAI01NI - BACHA EMB COCINA C/ACCESORIOS 750x450x220 NICKEL BRUSHED,0,0,10/01/2026 11:13:31
14210657,10/01/2026 08:12:38,10/01/2026 08:13:43,mhernandez,7152,00:01:51,00:01:05,111,65,En Tiempo,1,2,0,00:03:53,233,Logico,"BAI01NI        ",BAI01NI - BACHA EMB COCINA C/ACCESORIOS 750x450x220 NICKEL BRUSHED,0,0,10/01/2026 11:13:37
14210657,10/01/2026 08:12:38,10/01/2026 08:13:43,mhernandez,7152,00:01:51,00:01:05,111,65,En Tiempo,1,2,0,00:03:53,233,Logico,"BAI01NI        ",BAI01NI - BACHA EMB COCINA C/ACCESORIOS 750x450x220 NICKEL BRUSHED,0,0,10/01/2026 11:13:43
14210730,10/01/2026 08:15:54,10/01/2026 08:22:00,nievasm,7310,00:04:01,00:06:06,241,366,Fuera de Tiempo,2,11,0,23:21:03,-2337,Logico,"80-203         ",80-203 - DUCHA EMB C/TRANSF. MONOCOMANDO ADRA,0,0,10/01/2026 11:16:58
14210730,10/01/2026 08:15:54,10/01/2026 08:22:00,nievasm,7310,00:04:01,00:06:06,241,366,Fuera de Tiempo,4,11,0,23:21:03,-2337,Logico,"83-133         ",83-133 - DUCHA EXT. C/TRANSF. MONOCOMANDO LUGO,0,0,10/01/2026 11:16:58
14210730,10/01/2026 08:15:54,10/01/2026 08:22:00,nievasm,7310,00:04:01,00:06:06,241,366,Fuera de Tiempo,5,11,0,23:21:03,-2337,Logico,"12004N         ","SET DE 4 PIEZAS LINEA 12000 BLACK                                     ",0,0,10/01/2026 11:19:43
14210730,10/01/2026 08:15:54,10/01/2026 08:22:00,nievasm,7310,00:04:01,00:06:06,241,366,Fuera de Tiempo,1,11,0,23:21:03,-2337,Logico,"83-133         ",83-133 - DUCHA EXT. C/TRANSF. MONOCOMANDO LUGO,0,0,10/01/2026 11:19:43
14210730,10/01/2026 08:15:54,10/01/2026 08:22:00,nievasm,7310,00:04:01,00:06:06,241,366,Fuera de Tiempo,2,11,0,23:21:03,-2337,Logico,"17040G         ",17040G - PORTA ROLLO LINEA FABRIC GOLD,0,0,10/01/2026 11:19:43
14210730,10/01/2026 08:15:54,10/01/2026 08:22:00,nievasm,7310,00:04:01,00:06:06,241,366,Fuera de Tiempo,1,11,0,23:21:03,-2337,Logico,"22-178         ",22-178 - MONOCOMANDO DE COCINA P/AGUA FILTRADA VITA,0,0,10/01/2026 11:19:43
14210730,10/01/2026 08:15:54,10/01/2026 08:22:00,nievasm,7310,00:04:01,00:06:06,241,366,Fuera de Tiempo,2,11,0,23:21:03,-2337,Logico,"61-176         ",61-176 - LAVATORIO MONOC ALTO CR RIO,0,0,10/01/2026 11:21:01
14210730,10/01/2026 08:15:54,10/01/2026 08:22:00,nievasm,7310,00:04:01,00:06:06,241,366,Fuera de Tiempo,1,11,0,23:21:03,-2337,Logico,"22-178N        ",22-178N - MONOCOMANDO DE COCINA P/AGUA FILTRADA VITA BLACK,0,0,10/01/2026 11:21:01
14210730,10/01/2026 08:15:54,10/01/2026 08:22:00,nievasm,7310,00:04:01,00:06:06,241,366,Fuera de Tiempo,2,11,0,23:21:03,-2337,Logico,"60-152         ",60-152 - LAVATORIO CR MONOCOMANDO BAJO SORIA,0,0,10/01/2026 11:21:01
14210730,10/01/2026 08:15:54,10/01/2026 08:22:00,nievasm,7310,00:04:01,00:06:06,241,366,Fuera de Tiempo,2,11,0,23:21:03,-2337,Logico,"60-176         ","LAVATORIO MONOCOMANDO BAJO CR RIO                                     ",0,0,10/01/2026 11:21:01
14210730,10/01/2026 08:15:54,10/01/2026 08:22:00,nievasm,7310,00:04:01,00:06:06,241,366,Fuera de Tiempo,2,11,0,23:21:03,-2337,Logico,"61-200N        ",61-200N - LAVATORIO MONOC ALTO FABRIC BLACK,0,0,10/01/2026 11:22:00
14210730,10/01/2026 08:15:54,10/01/2026 08:22:00,nievasm,7310,00:04:01,00:06:06,241,366,Fuera de Tiempo,1,11,0,23:21:03,-2337,Logico,"60-176         ","LAVATORIO MONOCOMANDO BAJO CR RIO                                     ",0,0,10/01/2026 11:22:00
14210730,10/01/2026 08:15:54,10/01/2026 08:22:00,nievasm,7310,00:04:01,00:06:06,241,366,Fuera de Tiempo,2,11,0,23:21:03,-2337,Logico,"20-205         ",20-205 - MONOCOMANDO DE COCINA STEEL,0,0,10/01/2026 11:22:00
14211053,10/01/2026 08:29:48,10/01/2026 08:30:21,gkiriczuk,6409,00:01:29,00:00:33,89,33,En Tiempo,2,2,0,00:12:25,745,Excedido,"INO101P-1      ","INODORO BLANCO C/ASIENTO LINEA ACQUA PLUS                             ",0,0,10/01/2026 11:30:21
14211053,10/01/2026 08:29:48,10/01/2026 08:30:21,gkiriczuk,6409,00:01:29,00:00:33,89,33,En Tiempo,2,2,0,00:12:25,745,Excedido,"INO101P-2      ","DEPOSITO C/DESCARGA DUAL BLANCO LINEA ACQUA PLUS                      ",0,0,10/01/2026 11:30:21
14211567,10/01/2026 08:52:22,10/01/2026 08:56:11,mhernandez,7152,00:02:26,00:03:49,146,229,Fuera de Tiempo,2,5,0,00:38:39,2319,Excedido,"60-162         ",60-162 - LAVATORIO CR C.CERAM LINEA ADRA,0,0,10/01/2026 11:54:40
14211567,10/01/2026 08:52:22,10/01/2026 08:56:11,mhernandez,7152,00:02:26,00:03:49,146,229,Fuera de Tiempo,4,5,0,00:38:39,2319,Excedido,"919/M          ",919/M - JGO.MDA.P.CANO CROMO LAZA,0,0,10/01/2026 11:54:40
14211567,10/01/2026 08:52:22,10/01/2026 08:56:11,mhernandez,7152,00:02:26,00:03:49,146,229,Fuera de Tiempo,2,5,0,00:38:39,2319,Excedido,"80-001N        ","80-001N - DUCHA EMB. C/TRANSF. ""CROMO Y""",0,0,10/01/2026 11:54:40
14211567,10/01/2026 08:52:22,10/01/2026 08:56:11,mhernandez,7152,00:02:26,00:03:49,146,229,Fuera de Tiempo,2,5,0,00:38:39,2319,Excedido,"429            ","DUCHA EMB.C/TRANSF. ""LAZA""                                            ",0,0,10/01/2026 11:54:40
14211567,10/01/2026 08:52:22,10/01/2026 08:56:11,mhernandez,7152,00:02:26,00:03:49,146,229,Fuera de Tiempo,6,5,0,00:38:39,2319,Excedido,"209            ","LAVATORIO LAZA                                                        ",0,0,10/01/2026 11:56:11
14211576,10/01/2026 08:52:52,10/01/2026 09:05:45,nievasm,7310,00:03:49,00:12:53,229,773,Fuera de Tiempo,5,10,0,23:58:01,-119,Logico,"20-205         ",20-205 - MONOCOMANDO DE COCINA STEEL,0,0,10/01/2026 11:53:48
14211576,10/01/2026 08:52:52,10/01/2026 09:05:45,nievasm,7310,00:03:49,00:12:53,229,773,Fuera de Tiempo,2,10,0,23:58:01,-119,Logico,"70-203N        ","BIDE MONOCOMANDO ADRA BLACK                                           ",0,0,10/01/2026 11:57:44
14211576,10/01/2026 08:52:52,10/01/2026 09:05:45,nievasm,7310,00:03:49,00:12:53,229,773,Fuera de Tiempo,3,10,0,23:58:01,-119,Logico,"61-205         ",61-205 - LAVATORIO MONOC ALTO STEEL,0,0,10/01/2026 11:57:44
14211576,10/01/2026 08:52:52,10/01/2026 09:05:45,nievasm,7310,00:03:49,00:12:53,229,773,Fuera de Tiempo,2,10,0,23:58:01,-119,Logico,"61-200G        ",61-200G - LAVATORIO MONOC ALTO GOLD FABRIC,0,0,10/01/2026 11:57:44
14211576,10/01/2026 08:52:52,10/01/2026 09:05:45,nievasm,7310,00:03:49,00:12:53,229,773,Fuera de Tiempo,1,10,0,23:58:01,-119,Logico,"61-176N        ",61-176N - LAVATORIO MONOC ALTO BLACK RIO,0,0,10/01/2026 11:57:44
14211576,10/01/2026 08:52:52,10/01/2026 09:05:45,nievasm,7310,00:03:49,00:12:53,229,773,Fuera de Tiempo,10,10,0,23:58:01,-119,Logico,"13010          ","TOALLERO BARRAL LINEA 13000                                           ",0,0,10/01/2026 11:59:02
14211576,10/01/2026 08:52:52,10/01/2026 09:05:45,nievasm,7310,00:03:49,00:12:53,229,773,Fuera de Tiempo,5,10,0,23:58:01,-119,Logico,"11040          ","PORTA ROLLO LINEA 11000                                               ",0,0,10/01/2026 12:05:45
14211576,10/01/2026 08:52:52,10/01/2026 09:05:45,nievasm,7310,00:03:49,00:12:53,229,773,Fuera de Tiempo,3,10,0,23:58:01,-119,Logico,"11030          ","PERCHA LINEA 11000                                                    ",0,0,10/01/2026 12:05:45
14211576,10/01/2026 08:52:52,10/01/2026 09:05:45,nievasm,7310,00:03:49,00:12:53,229,773,Fuera de Tiempo,3,10,0,23:58:01,-119,Logico,"17040G         ",17040G - PORTA ROLLO LINEA FABRIC GOLD,0,0,10/01/2026 12:05:45
14211576,10/01/2026 08:52:52,10/01/2026 09:05:45,nievasm,7310,00:03:49,00:12:53,229,773,Fuera de Tiempo,8,10,0,23:58:01,-119,Logico,"17030G         ",17030G - PERCHA LINEA FABRIC GOLD,0,0,10/01/2026 12:05:45
14211649,10/01/2026 08:56:16,10/01/2026 08:56:35,mhernandez,7152,00:01:29,00:00:19,89,19,En Tiempo,1,2,0,00:00:05,5,Logico,"61-203         ",61-203 - LAVATORIO MONOCOMANDO ALTO ADRA,0,0,10/01/2026 11:56:35
14211649,10/01/2026 08:56:16,10/01/2026 08:56:35,mhernandez,7152,00:01:29,00:00:19,89,19,En Tiempo,1,2,0,00:00:05,5,Logico,"60-203         ",60-203 - LAVATORIO MONOCOMANDO BAJO ADRA,0,0,10/01/2026 11:56:35
14211661,10/01/2026 08:56:44,10/01/2026 08:56:54,mhernandez,7152,00:01:29,00:00:10,89,10,En Tiempo,2,2,0,00:00:09,9,Logico,"70-057         ",70-057 - BIDE C.STD VERIN PLUS,0,0,10/01/2026 11:56:54
14211661,10/01/2026 08:56:44,10/01/2026 08:56:54,mhernandez,7152,00:01:29,00:00:10,89,10,En Tiempo,2,2,0,00:00:09,9,Logico,"70-131         ",70-131 - BIDE C.CERAM CR MALLORCA,0,0,10/01/2026 11:56:54
14211703,10/01/2026 08:58:31,10/01/2026 09:08:30,mhernandez,7152,00:04:34,00:09:59,274,599,Fuera de Tiempo,1,23,0,00:01:37,97,Logico,"80-057         ",80-057 - DUCHA EMB. C/TRANSF. C.STD VERIN PLUS,0,0,10/01/2026 12:00:11
14211703,10/01/2026 08:58:31,10/01/2026 09:08:30,mhernandez,7152,00:04:34,00:09:59,274,599,Fuera de Tiempo,2,23,0,00:01:37,97,Logico,"60-057         ",60-057 - LAVATORIO C.STD VERIN PLUS,0,0,10/01/2026 12:00:11
14211703,10/01/2026 08:58:31,10/01/2026 09:08:30,mhernandez,7152,00:04:34,00:09:59,274,599,Fuera de Tiempo,2,23,0,00:01:37,97,Logico,"70-162         ",70-162 - BIDE CR C.CERAM LINEA ADRA,0,0,10/01/2026 12:00:11
14211703,10/01/2026 08:58:31,10/01/2026 09:08:30,mhernandez,7152,00:04:34,00:09:59,274,599,Fuera de Tiempo,2,23,0,00:01:37,97,Logico,"203            ","203 - LAVATORIO CROMO ""DIQUE""",0,0,10/01/2026 12:00:11
14211703,10/01/2026 08:58:31,10/01/2026 09:08:30,mhernandez,7152,00:04:34,00:09:59,274,599,Fuera de Tiempo,2,23,0,00:01:37,97,Logico,"919/M          ",919/M - JGO.MDA.P.CANO CROMO LAZA,0,0,10/01/2026 12:00:11
14211703,10/01/2026 08:58:31,10/01/2026 09:08:30,mhernandez,7152,00:04:34,00:09:59,274,599,Fuera de Tiempo,1,23,0,00:01:37,97,Logico,"463            ","463 - DUCHA EMB. S/TRANSF.CR ""DIQUE""",0,0,10/01/2026 12:00:11
14211703,10/01/2026 08:58:31,10/01/2026 09:08:30,mhernandez,7152,00:04:34,00:09:59,274,599,Fuera de Tiempo,2,23,0,00:01:37,97,Logico,"60-058         ",60-058 - LAVATORIO CR C.STD MALBA,0,0,10/01/2026 12:02:20
14211703,10/01/2026 08:58:31,10/01/2026 09:08:30,mhernandez,7152,00:04:34,00:09:59,274,599,Fuera de Tiempo,2,23,0,00:01:37,97,Logico,"80-058         ",80-058 - DUCHA EMB. C/TRANSF. CR C.STD MALBA,0,0,10/01/2026 12:02:20
14211703,10/01/2026 08:58:31,10/01/2026 09:08:30,mhernandez,7152,00:04:34,00:09:59,274,599,Fuera de Tiempo,1,23,0,00:01:37,97,Logico,"70-058         ",70-058 - BIDE CR C.STD MALBA,0,0,10/01/2026 12:02:20
14211703,10/01/2026 08:58:31,10/01/2026 09:08:30,mhernandez,7152,00:04:34,00:09:59,274,599,Fuera de Tiempo,1,23,0,00:01:37,97,Logico,"303            ","303 - BIDET CROMO ""DIQUE""",0,0,10/01/2026 12:02:20
14211703,10/01/2026 08:58:31,10/01/2026 09:08:30,mhernandez,7152,00:04:34,00:09:59,274,599,Fuera de Tiempo,2,23,0,00:01:37,97,Logico,"414/CR         ",414/CR - DUCHA EXT.C/TRANSF.CR/CR ARES,0,0,10/01/2026 12:02:20
14211703,10/01/2026 08:58:31,10/01/2026 09:08:30,mhernandez,7152,00:04:34,00:09:59,274,599,Fuera de Tiempo,1,23,0,00:01:37,97,Logico,"814/CR         ",814/CR - MESADA P.FUNDIDO CR/CR ARES,0,0,10/01/2026 12:02:20
14211703,10/01/2026 08:58:31,10/01/2026 09:08:30,mhernandez,7152,00:04:34,00:09:59,274,599,Fuera de Tiempo,1,23,0,00:01:37,97,Logico,"80-162         ",80-162 - DUCHA EMB. C/TRANSF. CR C.CERAM ADRA,0,0,10/01/2026 12:02:20
14211703,10/01/2026 08:58:31,10/01/2026 09:08:30,mhernandez,7152,00:04:34,00:09:59,274,599,Fuera de Tiempo,2,23,0,00:01:37,97,Logico,"409            ","DUCHA EXT.C/TRANSF. ""LAZA""                                            ",0,0,10/01/2026 12:04:40
14211703,10/01/2026 08:58:31,10/01/2026 09:08:30,mhernandez,7152,00:04:34,00:09:59,274,599,Fuera de Tiempo,3,23,0,00:01:37,97,Logico,"60-045         ",60-045 - LAVATORIO CR/CR C.STD CRUZ,0,0,10/01/2026 12:04:40
14211703,10/01/2026 08:58:31,10/01/2026 09:08:30,mhernandez,7152,00:04:34,00:09:59,274,599,Fuera de Tiempo,2,23,0,00:01:37,97,Logico,"939            ",939 - JGO.COCINA C/EXTENSIBLE CR LAZA,0,0,10/01/2026 12:04:40
14211703,10/01/2026 08:58:31,10/01/2026 09:08:30,mhernandez,7152,00:04:34,00:09:59,274,599,Fuera de Tiempo,3,23,0,00:01:37,97,Logico,"209            ","LAVATORIO LAZA                                                        ",0,0,10/01/2026 12:04:40
14211703,10/01/2026 08:58:31,10/01/2026 09:08:30,mhernandez,7152,00:04:34,00:09:59,274,599,Fuera de Tiempo,1,23,0,00:01:37,97,Logico,"80-162         ",80-162 - DUCHA EMB. C/TRANSF. CR C.CERAM ADRA,0,0,10/01/2026 12:05:42
14211703,10/01/2026 08:58:31,10/01/2026 09:08:30,mhernandez,7152,00:04:34,00:09:59,274,599,Fuera de Tiempo,3,23,0,00:01:37,97,Logico,"60-162         ",60-162 - LAVATORIO CR C.CERAM LINEA ADRA,0,0,10/01/2026 12:05:42
14211703,10/01/2026 08:58:31,10/01/2026 09:08:30,mhernandez,7152,00:04:34,00:09:59,274,599,Fuera de Tiempo,2,23,0,00:01:37,97,Logico,"60-002         ",60-002 - LAVATORIO RENACER,0,0,10/01/2026 12:05:42
14211703,10/01/2026 08:58:31,10/01/2026 09:08:30,mhernandez,7152,00:04:34,00:09:59,274,599,Fuera de Tiempo,2,23,0,00:01:37,97,Logico,"403            ",403 - DUCHA EXT. C/TRANSF.CR DIQUE,0,0,10/01/2026 12:05:42
14211703,10/01/2026 08:58:31,10/01/2026 09:08:30,mhernandez,7152,00:04:34,00:09:59,274,599,Fuera de Tiempo,1,23,0,00:01:37,97,Logico,"80-166         ","DUCHA EMB. C/TRANSF. CR C.CERAM ADRA PLUS                             ",0,0,10/01/2026 12:06:54
14211703,10/01/2026 08:58:31,10/01/2026 09:08:30,mhernandez,7152,00:04:34,00:09:59,274,599,Fuera de Tiempo,2,23,0,00:01:37,97,Logico,"61-203         ",61-203 - LAVATORIO MONOCOMANDO ALTO ADRA,0,0,10/01/2026 12:06:54
14211703,10/01/2026 08:58:31,10/01/2026 09:08:30,mhernandez,7152,00:04:34,00:09:59,274,599,Fuera de Tiempo,1,23,0,00:01:37,97,Logico,"51-131         ",51-131 - MESADA BIMANDO CR C.CERAM MALLORCA,0,0,10/01/2026 12:08:30
14211983,10/01/2026 09:08:56,10/01/2026 09:20:48,mhernandez,7152,00:03:34,00:11:52,214,712,Fuera de Tiempo,5,8,0,00:00:26,26,Logico,"910/M          ","910/M - JGO.MDA.P.CANO CROMO ""DIQUE""",0,0,10/01/2026 12:09:56
14211983,10/01/2026 09:08:56,10/01/2026 09:20:48,mhernandez,7152,00:03:34,00:11:52,214,712,Fuera de Tiempo,5,8,0,00:00:26,26,Logico,"934/CR         ",934/CR - J.PARED C/EXT CRUZ CR/CR ARES,0,0,10/01/2026 12:09:56
14211983,10/01/2026 09:08:56,10/01/2026 09:20:48,mhernandez,7152,00:03:34,00:11:52,214,712,Fuera de Tiempo,5,8,0,00:00:26,26,Logico,"814/CR         ",814/CR - MESADA P.FUNDIDO CR/CR ARES,0,0,10/01/2026 12:11:40
14211983,10/01/2026 09:08:56,10/01/2026 09:20:48,mhernandez,7152,00:03:34,00:11:52,214,712,Fuera de Tiempo,3,8,0,00:00:26,26,Logico,"60-045         ",60-045 - LAVATORIO CR/CR C.STD CRUZ,0,0,10/01/2026 12:11:40
14211983,10/01/2026 09:08:56,10/01/2026 09:20:48,mhernandez,7152,00:03:34,00:11:52,214,712,Fuera de Tiempo,2,8,0,00:00:26,26,Logico,"70-153         ",70-153 - BIDE CR C.CERAM CASTILLA,0,0,10/01/2026 12:11:40
14211983,10/01/2026 09:08:56,10/01/2026 09:20:48,mhernandez,7152,00:03:34,00:11:52,214,712,Fuera de Tiempo,5,8,0,00:00:26,26,Logico,"51-057         ",51-057 - COCINA MESADA CR C.STD VERIN PLUS,0,0,10/01/2026 12:12:22
14211983,10/01/2026 09:08:56,10/01/2026 09:20:48,mhernandez,7152,00:03:34,00:11:52,214,712,Fuera de Tiempo,1,8,0,00:00:26,26,Logico,"80-153         ",80-153 - DUCHA EMB. C/TRANSF. CR C.CERAM CASTILLA,0,0,10/01/2026 12:12:22
14211983,10/01/2026 09:08:56,10/01/2026 09:20:48,mhernandez,7152,00:03:34,00:11:52,214,712,Fuera de Tiempo,4,8,0,00:00:26,26,Logico,"60-153         ",60-153 - LAVATORIO CR C.CERAMICO CASTILLA,0,0,10/01/2026 12:12:59
14211983,10/01/2026 09:08:56,10/01/2026 09:20:48,mhernandez,7152,00:03:34,00:11:52,214,712,Fuera de Tiempo,3,8,0,00:00:26,26,Logico,"80-153         ",80-153 - DUCHA EMB. C/TRANSF. CR C.CERAM CASTILLA,0,0,10/01/2026 12:20:48
14212125,10/01/2026 09:13:40,10/01/2026 09:14:18,nievasm,7310,00:01:29,00:00:38,89,38,En Tiempo,3,2,0,00:07:55,475,Excedido,"17010N         ",17010N - TOALLERO BARRAL LINEA FABRIC BLACK,0,0,10/01/2026 12:14:18
14212125,10/01/2026 09:13:40,10/01/2026 09:14:18,nievasm,7310,00:01:29,00:00:38,89,38,En Tiempo,1,2,0,00:07:55,475,Excedido,"18030          ",18030 - PERCHA NIQUEL LINEA BEAT,0,0,10/01/2026 12:14:18
14212208,10/01/2026 09:17:06,10/01/2026 09:28:55,nievasm,7310,00:03:50,00:11:49,230,709,Fuera de Tiempo,1,18,0,00:02:48,168,Logico,"20-140         ",20-140 - MONOCOMANDO DE COCINA LINEA CUINA,0,0,10/01/2026 12:26:09
14212208,10/01/2026 09:17:06,10/01/2026 09:28:55,nievasm,7310,00:03:50,00:11:49,230,709,Fuera de Tiempo,1,18,0,00:02:48,168,Logico,"60-205         ",60-205 - LAVATORIO MONOC BAJO STEEL,0,0,10/01/2026 12:26:09
14212208,10/01/2026 09:17:06,10/01/2026 09:28:55,nievasm,7310,00:03:50,00:11:49,230,709,Fuera de Tiempo,1,18,0,00:02:48,168,Logico,"20-172         ",20-172 - COCINA MESADA MONOC. COLORS NEGRO,0,0,10/01/2026 12:26:09
14212208,10/01/2026 09:17:06,10/01/2026 09:28:55,nievasm,7310,00:03:50,00:11:49,230,709,Fuera de Tiempo,1,18,0,00:02:48,168,Logico,"8050           ",8050 - JABONERA LINEA 8000,0,0,10/01/2026 12:26:09
14212208,10/01/2026 09:17:06,10/01/2026 09:28:55,nievasm,7310,00:03:50,00:11:49,230,709,Fuera de Tiempo,1,18,0,00:02:48,168,Logico,"8030           ",8030 - PERCHA LINEA 8000,0,0,10/01/2026 12:26:09
14212208,10/01/2026 09:17:06,10/01/2026 09:28:55,nievasm,7310,00:03:50,00:11:49,230,709,Fuera de Tiempo,1,18,0,00:02:48,168,Logico,"3020           ",3020 - TOALLERO DE ARO LINEA 3000,0,0,10/01/2026 12:26:09
14212208,10/01/2026 09:17:06,10/01/2026 09:28:55,nievasm,7310,00:03:50,00:11:49,230,709,Fuera de Tiempo,4,18,0,00:02:48,168,Logico,"3030           ",3030 - PERCHA LINEA 3000,0,0,10/01/2026 12:26:09
14212208,10/01/2026 09:17:06,10/01/2026 09:28:55,nievasm,7310,00:03:50,00:11:49,230,709,Fuera de Tiempo,1,18,0,00:02:48,168,Logico,"AB-001         ",AB-001 - AGARRADERA ACERO INOX CROMADO 30 CM SAFE,0,0,10/01/2026 12:26:09
14212208,10/01/2026 09:17:06,10/01/2026 09:28:55,nievasm,7310,00:03:50,00:11:49,230,709,Fuera de Tiempo,1,18,0,00:02:48,168,Logico,"3005           ",3005 - SET DE 5 PIEZAS LINEA 3000,0,0,10/01/2026 12:26:48
14212208,10/01/2026 09:17:06,10/01/2026 09:28:55,nievasm,7310,00:03:50,00:11:49,230,709,Fuera de Tiempo,3,18,0,00:02:48,168,Logico,"8006           ",8006 - SET DE 6 PIEZAS LINEA 8000,0,0,10/01/2026 12:26:48
14212208,10/01/2026 09:17:06,10/01/2026 09:28:55,nievasm,7310,00:03:50,00:11:49,230,709,Fuera de Tiempo,1,18,0,00:02:48,168,Logico,"20-146N        ",20-146N - MONOCOMANDO DE COCINA BLACK LINEA MOVE,0,0,10/01/2026 12:27:46
14212208,10/01/2026 09:17:06,10/01/2026 09:28:55,nievasm,7310,00:03:50,00:11:49,230,709,Fuera de Tiempo,1,18,0,00:02:48,168,Logico,"20-147         ",20-147 - MONOCOMANDO DE COCINA SWIFT,0,0,10/01/2026 12:27:46
14212208,10/01/2026 09:17:06,10/01/2026 09:28:55,nievasm,7310,00:03:50,00:11:49,230,709,Fuera de Tiempo,1,18,0,00:02:48,168,Logico,"61-180         ",61-180 - LAVATORIO MONOCOMANDO ALTO VERA,0,0,10/01/2026 12:27:46
14212208,10/01/2026 09:17:06,10/01/2026 09:28:55,nievasm,7310,00:03:50,00:11:49,230,709,Fuera de Tiempo,1,18,0,00:02:48,168,Logico,"83-133         ",83-133 - DUCHA EXT. C/TRANSF. MONOCOMANDO LUGO,0,0,10/01/2026 12:28:55
14212208,10/01/2026 09:17:06,10/01/2026 09:28:55,nievasm,7310,00:03:50,00:11:49,230,709,Fuera de Tiempo,2,18,0,00:02:48,168,Logico,"60-133         ",60-133 - LAVATORIO MONOCOMANDO LUGO,0,0,10/01/2026 12:28:55
14212208,10/01/2026 09:17:06,10/01/2026 09:28:55,nievasm,7310,00:03:50,00:11:49,230,709,Fuera de Tiempo,1,18,0,00:02:48,168,Logico,"05-010         ","LAVATORIO BAJO TEMPORIZADO TECNO                                      ",0,0,10/01/2026 12:28:55
14212208,10/01/2026 09:17:06,10/01/2026 09:28:55,nievasm,7310,00:03:50,00:11:49,230,709,Fuera de Tiempo,2,18,0,00:02:48,168,Logico,"70-133         ",70-133 - BIDE MONOCOMANDO LUGO,0,0,10/01/2026 12:28:55
14212208,10/01/2026 09:17:06,10/01/2026 09:28:55,nievasm,7310,00:03:50,00:11:49,230,709,Fuera de Tiempo,1,18,0,00:02:48,168,Logico,"70-205         ",70-205 - BIDE MONOCOMANDO STEEL,0,0,10/01/2026 12:28:55
14212216,10/01/2026 09:17:33,10/01/2026 09:18:09,gsoderquvist,6415,00:01:51,00:00:36,111,36,En Tiempo,8,2,0,,,Excedido,"BCH02          ",BCH02 - BACHA DE APOYAR CIRCULAR 1 AG. 415x145,0,0,10/01/2026 12:18:09
14212216,10/01/2026 09:17:33,10/01/2026 09:18:09,gsoderquvist,6415,00:01:51,00:00:36,111,36,En Tiempo,4,2,0,,,Excedido,"BCH01          ",BCH01 - BACHA DE APOYAR CIRCULAR 320x145,0,0,10/01/2026 12:18:09
14212265,10/01/2026 09:19:44,10/01/2026 09:19:57,gsoderquvist,6415,00:01:29,00:00:13,89,13,En Tiempo,2,2,0,00:01:35,95,Logico,"BCH07          ",BCH07 - BACHA DE APOYAR OVALADA 400x330x150,0,0,10/01/2026 12:19:57
14212265,10/01/2026 09:19:44,10/01/2026 09:19:57,gsoderquvist,6415,00:01:29,00:00:13,89,13,En Tiempo,1,2,0,00:01:35,95,Logico,"BCH05          ",BCH05 - BACHA DE APOYAR CUADRADA 370x370x130,0,0,10/01/2026 12:19:57
14212283,10/01/2026 09:20:15,10/01/2026 09:20:24,gsoderquvist,6415,00:01:21,00:00:09,81,9,En Tiempo,2,1,0,00:00:18,18,Logico,"BCH01          ",BCH01 - BACHA DE APOYAR CIRCULAR 320x145,0,0,10/01/2026 12:20:24
14212293,10/01/2026 09:20:40,10/01/2026 09:20:47,gsoderquvist,6415,00:01:21,00:00:07,81,7,En Tiempo,1,1,0,00:00:16,16,Logico,"BAI01N         ",BAI01N - BACHA EMB COCINA C/ACCESORIOS 750x450x220 BLACK GUN BRUSHED,0,0,10/01/2026 12:20:47
14212304,10/01/2026 09:20:56,10/01/2026 09:21:14,gsoderquvist,6415,00:01:42,00:00:18,102,18,En Tiempo,1,3,0,00:00:09,9,Logico,"BAI01N         ",BAI01N - BACHA EMB COCINA C/ACCESORIOS 750x450x220 BLACK GUN BRUSHED,0,0,10/01/2026 12:21:14
14212304,10/01/2026 09:20:56,10/01/2026 09:21:14,gsoderquvist,6415,00:01:42,00:00:18,102,18,En Tiempo,2,3,0,00:00:09,9,Logico,"BCH12          ",BCH12 - BACHA DE APOYAR BLANCA 460x320x140,0,0,10/01/2026 12:21:14
14212304,10/01/2026 09:20:56,10/01/2026 09:21:14,gsoderquvist,6415,00:01:42,00:00:18,102,18,En Tiempo,2,3,0,00:00:09,9,Logico,"BCH10          ",BCH10 - BACHA DE APOYAR NEGRO MATE 460x320x140,0,0,10/01/2026 12:21:14
14212335,10/01/2026 09:22:34,10/01/2026 09:23:06,mhernandez,7152,00:01:42,00:00:32,102,32,En Tiempo,2,3,0,00:01:46,106,Logico,"51-107         ",51-107 - JGO. MESADA CR C.CERAM BEDIA,0,0,10/01/2026 12:23:06
14212335,10/01/2026 09:22:34,10/01/2026 09:23:06,mhernandez,7152,00:01:42,00:00:32,102,32,En Tiempo,1,3,0,00:01:46,106,Logico,"51-190         ",51-190 - MESADA BIMANDO C.CERAM BLACK VELVET,0,0,10/01/2026 12:23:06
14212335,10/01/2026 09:22:34,10/01/2026 09:23:06,mhernandez,7152,00:01:42,00:00:32,102,32,En Tiempo,2,3,0,00:01:46,106,Logico,"62-100N        ",62-100N - LAVATORIO DE PARED BLACK C.CERAM FABRIC,0,0,10/01/2026 12:23:06
14212375,10/01/2026 09:24:22,10/01/2026 09:24:32,mhernandez,7152,00:01:21,00:00:10,81,10,En Tiempo,1,1,0,00:01:16,76,Logico,"80-201NI       ",80-201NI - DUCHA EMB C/TRANSF C.CERAM BEAT NICKEL,0,0,10/01/2026 12:24:32
14212394,10/01/2026 09:25:14,10/01/2026 09:25:28,mhernandez,7152,00:01:21,00:00:14,81,14,En Tiempo,2,1,0,00:00:42,42,Logico,"18030          ",18030 - PERCHA NIQUEL LINEA BEAT,0,0,10/01/2026 12:25:28
14212417,10/01/2026 09:26:13,10/01/2026 09:26:21,mhernandez,7152,00:01:21,00:00:08,81,8,En Tiempo,1,1,0,00:00:45,45,Logico,"85-183         ","DUCHA EMB C/TRANSF Y DUCHADOR MONOC MAT                               ",0,0,10/01/2026 12:26:21
14212456,10/01/2026 09:27:51,10/01/2026 09:28:11,mhernandez,7152,00:01:21,00:00:20,81,20,En Tiempo,3,1,0,00:01:30,90,Logico,"RA1025         ",RA1025 - VALVULA COMPLETA DE TEMPORIZADOR 03-010,0,0,10/01/2026 12:28:11
14212476,10/01/2026 09:28:54,10/01/2026 09:29:25,mhernandez,7152,00:01:41,00:00:31,101,31,En Tiempo,9,1,0,00:00:43,43,Logico,"1340           ","QUEINOX MACHO MOVIL MH 1/2"" x 40                                      ",0,0,10/01/2026 12:29:25
14212485,10/01/2026 09:29:16,10/01/2026 09:29:43,nievasm,7310,00:02:44,00:00:27,164,27,En Tiempo,1,6,0,00:00:21,21,Logico,"20-122         ","MONOCOMANDO COCINA CR C/PICO EXTRAIBLE VALENCIA                       ",0,0,10/01/2026 12:29:31
14212485,10/01/2026 09:29:16,10/01/2026 09:29:43,nievasm,7310,00:02:44,00:00:27,164,27,En Tiempo,1,6,0,00:00:21,21,Logico,"61-200N        ",61-200N - LAVATORIO MONOC ALTO FABRIC BLACK,0,0,10/01/2026 12:29:31
14212485,10/01/2026 09:29:16,10/01/2026 09:29:43,nievasm,7310,00:02:44,00:00:27,164,27,En Tiempo,1,6,0,00:00:21,21,Logico,"70-200N        ",70-200N - BIDE MONOCOMANDO BLACK FABRIC,0,0,10/01/2026 12:29:31
14212485,10/01/2026 09:29:16,10/01/2026 09:29:43,nievasm,7310,00:02:44,00:00:27,164,27,En Tiempo,1,6,0,00:00:21,21,Logico,"70-200C        ",70-200C - BIDE MONOCOMANDO CR FABRIC,0,0,10/01/2026 12:29:31
14212485,10/01/2026 09:29:16,10/01/2026 09:29:43,nievasm,7310,00:02:44,00:00:27,164,27,En Tiempo,1,6,0,00:00:21,21,Logico,"61-200C        ",61-200C - LAVATORIO MONOC ALTO CR FABRIC,0,0,10/01/2026 12:29:31
14212485,10/01/2026 09:29:16,10/01/2026 09:29:43,nievasm,7310,00:02:44,00:00:27,164,27,En Tiempo,10,6,0,00:00:21,21,Logico,"12006          ","SET DE 6 PIEZAS LINEA 12000                                           ",0,0,10/01/2026 12:29:43
14212514,10/01/2026 09:30:26,10/01/2026 09:30:35,mhernandez,7152,00:01:21,00:00:09,81,9,En Tiempo,1,1,0,00:01:01,61,Logico,"84-203         ","DUCHA EXT C/COLUMNA Y TRANSF CR ADRA                                  ",0,0,10/01/2026 12:30:35
14212537,10/01/2026 09:31:16,10/01/2026 09:31:20,mhernandez,7152,00:01:21,00:00:04,81,4,En Tiempo,2,1,0,00:00:41,41,Logico,"60-175G        ",60-175G - LAVATORIO GOLD C.CERAM PULSE,0,0,10/01/2026 12:31:20
14212553,10/01/2026 09:32:04,10/01/2026 09:32:09,nievasm,7310,00:01:21,00:00:05,81,5,En Tiempo,1,1,0,00:02:21,141,Logico,"20-205         ",20-205 - MONOCOMANDO DE COCINA STEEL,0,0,10/01/2026 12:32:09
14212559,10/01/2026 09:32:11,10/01/2026 09:32:17,nievasm,7310,00:01:21,00:00:06,81,6,En Tiempo,1,1,0,00:00:02,2,Logico,"20-147         ",20-147 - MONOCOMANDO DE COCINA SWIFT,0,0,10/01/2026 12:32:17
14212570,10/01/2026 09:32:28,10/01/2026 09:32:35,nievasm,7310,00:01:21,00:00:07,81,7,En Tiempo,1,1,0,00:00:11,11,Logico,"20-122         ","MONOCOMANDO COCINA CR C/PICO EXTRAIBLE VALENCIA                       ",0,0,10/01/2026 12:32:35
14212575,10/01/2026 09:32:38,10/01/2026 09:32:47,nievasm,7310,00:01:21,00:00:09,81,9,En Tiempo,2,1,0,00:00:03,3,Logico,"60-200N        ",60-200N - LAVATORIO MONOC BAJO BLACK FABRIC,0,0,10/01/2026 12:32:47
14212625,10/01/2026 09:34:38,10/01/2026 09:35:37,mhernandez,7152,00:01:29,00:00:59,89,59,En Tiempo,1,2,0,00:03:18,198,Logico,"61-203         ",61-203 - LAVATORIO MONOCOMANDO ALTO ADRA,0,0,10/01/2026 12:35:37
14212625,10/01/2026 09:34:38,10/01/2026 09:35:37,mhernandez,7152,00:01:29,00:00:59,89,59,En Tiempo,3,2,0,00:03:18,198,Logico,"80-153         ",80-153 - DUCHA EMB. C/TRANSF. CR C.CERAM CASTILLA,0,0,10/01/2026 12:35:37
14212646,10/01/2026 09:35:29,10/01/2026 09:35:40,nievasm,7310,00:01:21,00:00:11,81,11,En Tiempo,1,1,0,00:02:42,162,Logico,"17010N         ",17010N - TOALLERO BARRAL LINEA FABRIC BLACK,0,0,10/01/2026 12:35:40
14212654,10/01/2026 09:35:44,10/01/2026 09:36:17,mhernandez,7152,00:01:46,00:00:33,106,33,En Tiempo,1,4,0,00:00:07,7,Logico,"70-199N        ",70-199N - BIDE BLACK C.CERAM LIVE,0,0,10/01/2026 12:36:17
14212654,10/01/2026 09:35:44,10/01/2026 09:36:17,mhernandez,7152,00:01:46,00:00:33,106,33,En Tiempo,1,4,0,00:00:07,7,Logico,"80-199N        ",80-199N - DUCHA EMB. C/TRANSF. BLACK C.CERAM LIVE,0,0,10/01/2026 12:36:17
14212654,10/01/2026 09:35:44,10/01/2026 09:36:17,mhernandez,7152,00:01:46,00:00:33,106,33,En Tiempo,1,4,0,00:00:07,7,Logico,"62-199N        ",62-199N - LAVATORIO DE PARED BLACK C.CERAM LIVE,0,0,10/01/2026 12:36:17
14212654,10/01/2026 09:35:44,10/01/2026 09:36:17,mhernandez,7152,00:01:46,00:00:33,106,33,En Tiempo,1,4,0,00:00:07,7,Logico,"80-200G        ",80-200G - DUCHA EMB. MONOC. 3 FUNCIONES GOLD FABRIC,0,0,10/01/2026 12:36:17
14212661,10/01/2026 09:35:53,10/01/2026 09:36:13,nievasm,7310,00:01:46,00:00:20,106,20,En Tiempo,1,4,0,00:00:13,13,Logico,"20050DG        ",20050DG - JABONERA DARK GOLD LINEA PULSE,0,0,10/01/2026 12:36:13
14212661,10/01/2026 09:35:53,10/01/2026 09:36:13,nievasm,7310,00:01:46,00:00:20,106,20,En Tiempo,1,4,0,00:00:13,13,Logico,"20030DG        ",20030DG - PERCHA DARK GOLD LINEA PULSE,0,0,10/01/2026 12:36:13
14212661,10/01/2026 09:35:53,10/01/2026 09:36:13,nievasm,7310,00:01:46,00:00:20,106,20,En Tiempo,1,4,0,00:00:13,13,Logico,"20020DG        ",20020DG - TOALLERO DE ARO DARK GOLD LINEA PULSE,0,0,10/01/2026 12:36:13
14212661,10/01/2026 09:35:53,10/01/2026 09:36:13,nievasm,7310,00:01:46,00:00:20,106,20,En Tiempo,1,4,0,00:00:13,13,Logico,"20060DG        ",20060DG - PORTA VASO Y CEPILLO DARK GOLD LINEA PULSE,0,0,10/01/2026 12:36:13
14212690,10/01/2026 09:36:49,10/01/2026 09:36:59,mhernandez,7152,00:01:41,00:00:10,101,10,En Tiempo,8,1,0,00:00:32,32,Logico,"80-162         ",80-162 - DUCHA EMB. C/TRANSF. CR C.CERAM ADRA,0,0,10/01/2026 12:36:59
14212699,10/01/2026 09:37:09,10/01/2026 09:39:21,nievasm,7310,00:01:50,00:02:12,110,132,Fuera de Tiempo,3,2,0,00:00:56,56,Logico,"RA771C         ",RA771C - CAMPANA C/BUJE LINEAS STD CROMO,0,0,10/01/2026 12:39:21
14212699,10/01/2026 09:37:09,10/01/2026 09:39:21,nievasm,7310,00:01:50,00:02:12,110,132,Fuera de Tiempo,3,2,0,00:00:56,56,Logico,"RA5041         ",RA5041 - VOLANTE RENACER COMPLETO,0,0,10/01/2026 12:39:21
14212721,10/01/2026 09:37:44,10/01/2026 09:38:31,mhernandez,7152,00:02:02,00:00:47,122,47,En Tiempo,2,3,0,00:00:45,45,Logico,"910/M          ","910/M - JGO.MDA.P.CANO CROMO ""DIQUE""",0,0,10/01/2026 12:38:31
14212721,10/01/2026 09:37:44,10/01/2026 09:38:31,mhernandez,7152,00:02:02,00:00:47,122,47,En Tiempo,3,3,0,00:00:45,45,Logico,"80-045         ",80-045 - DUCHA EMB.C/TRANSF CR  C.STD CRUZ,0,0,10/01/2026 12:38:31
14212721,10/01/2026 09:37:44,10/01/2026 09:38:31,mhernandez,7152,00:02:02,00:00:47,122,47,En Tiempo,4,3,0,00:00:45,45,Logico,"51-057         ",51-057 - COCINA MESADA CR C.STD VERIN PLUS,0,0,10/01/2026 12:38:31
14212748,10/01/2026 09:38:34,10/01/2026 09:39:09,mhernandez,7152,00:02:01,00:00:35,121,35,En Tiempo,3,4,0,00:00:03,3,Logico,"60-162         ",60-162 - LAVATORIO CR C.CERAM LINEA ADRA,0,0,10/01/2026 12:39:09
14212748,10/01/2026 09:38:34,10/01/2026 09:39:09,mhernandez,7152,00:02:01,00:00:35,121,35,En Tiempo,1,4,0,00:00:03,3,Logico,"70-162         ",70-162 - BIDE CR C.CERAM LINEA ADRA,0,0,10/01/2026 12:39:09
14212748,10/01/2026 09:38:34,10/01/2026 09:39:09,mhernandez,7152,00:02:01,00:00:35,121,35,En Tiempo,2,4,0,00:00:03,3,Logico,"80-162         ",80-162 - DUCHA EMB. C/TRANSF. CR C.CERAM ADRA,0,0,10/01/2026 12:39:09
14212748,10/01/2026 09:38:34,10/01/2026 09:39:09,mhernandez,7152,00:02:01,00:00:35,121,35,En Tiempo,3,4,0,00:00:03,3,Logico,"70-057         ",70-057 - BIDE C.STD VERIN PLUS,0,0,10/01/2026 12:39:09
14212772,10/01/2026 09:39:17,10/01/2026 09:39:53,mhernandez,7152,00:01:50,00:00:36,110,36,En Tiempo,4,2,0,00:00:08,8,Logico,"80-045         ",80-045 - DUCHA EMB.C/TRANSF CR  C.STD CRUZ,0,0,10/01/2026 12:39:53
14212772,10/01/2026 09:39:17,10/01/2026 09:39:53,mhernandez,7152,00:01:50,00:00:36,110,36,En Tiempo,2,2,0,00:00:08,8,Logico,"80-168         ",80-168 - DUCHA EMB C/TRANSF MONOC CR WAVE,0,0,10/01/2026 12:39:53
14212788,10/01/2026 09:39:55,10/01/2026 09:41:49,mhernandez,7152,00:03:28,00:01:54,208,114,En Tiempo,2,10,0,00:00:02,2,Logico,"80-138         ",80-138 - DUCHA EMB. C/TRANSF. CR C.CERAM VALENCIA PLUS,0,0,10/01/2026 12:40:37
14212788,10/01/2026 09:39:55,10/01/2026 09:41:49,mhernandez,7152,00:03:28,00:01:54,208,114,En Tiempo,2,10,0,00:00:02,2,Logico,"80-166         ","DUCHA EMB. C/TRANSF. CR C.CERAM ADRA PLUS                             ",0,0,10/01/2026 12:40:37
14212788,10/01/2026 09:39:55,10/01/2026 09:41:49,mhernandez,7152,00:03:28,00:01:54,208,114,En Tiempo,2,10,0,00:00:02,2,Logico,"60-162         ",60-162 - LAVATORIO CR C.CERAM LINEA ADRA,0,0,10/01/2026 12:41:21
14212788,10/01/2026 09:39:55,10/01/2026 09:41:49,mhernandez,7152,00:03:28,00:01:54,208,114,En Tiempo,2,10,0,00:00:02,2,Logico,"70-162         ",70-162 - BIDE CR C.CERAM LINEA ADRA,0,0,10/01/2026 12:41:21
14212788,10/01/2026 09:39:55,10/01/2026 09:41:49,mhernandez,7152,00:03:28,00:01:54,208,114,En Tiempo,2,10,0,00:00:02,2,Logico,"70-057         ",70-057 - BIDE C.STD VERIN PLUS,0,0,10/01/2026 12:41:21
14212788,10/01/2026 09:39:55,10/01/2026 09:41:49,mhernandez,7152,00:03:28,00:01:54,208,114,En Tiempo,1,10,0,00:00:02,2,Logico,"80-057         ",80-057 - DUCHA EMB. C/TRANSF. C.STD VERIN PLUS,0,0,10/01/2026 12:41:21
14212788,10/01/2026 09:39:55,10/01/2026 09:41:49,mhernandez,7152,00:03:28,00:01:54,208,114,En Tiempo,3,10,0,00:00:02,2,Logico,"60-057         ",60-057 - LAVATORIO C.STD VERIN PLUS,0,0,10/01/2026 12:41:21
14212788,10/01/2026 09:39:55,10/01/2026 09:41:49,mhernandez,7152,00:03:28,00:01:54,208,114,En Tiempo,1,10,0,00:00:02,2,Logico,"80-166         ","DUCHA EMB. C/TRANSF. CR C.CERAM ADRA PLUS                             ",0,0,10/01/2026 12:41:49
14212788,10/01/2026 09:39:55,10/01/2026 09:41:49,mhernandez,7152,00:03:28,00:01:54,208,114,En Tiempo,1,10,0,00:00:02,2,Logico,"60-057         ",60-057 - LAVATORIO C.STD VERIN PLUS,0,0,10/01/2026 12:41:49
14212788,10/01/2026 09:39:55,10/01/2026 09:41:49,mhernandez,7152,00:03:28,00:01:54,208,114,En Tiempo,1,10,0,00:00:02,2,Logico,"60-203         ",60-203 - LAVATORIO MONOCOMANDO BAJO ADRA,0,0,10/01/2026 12:41:49
14212788,10/01/2026 09:39:55,10/01/2026 09:41:49,mhernandez,7152,00:03:28,00:01:54,208,114,En Tiempo,1,10,0,00:00:02,2,Logico,"214/CR         ",214/CR - LAVATORIO CR/CR ARES,0,0,10/01/2026 12:41:49
14212788,10/01/2026 09:39:55,10/01/2026 09:41:49,mhernandez,7152,00:03:28,00:01:54,208,114,En Tiempo,1,10,0,00:00:02,2,Logico,"434/CR         ",434/CR - DUCHA EMB.C/TRANSF CR ARES,0,0,10/01/2026 12:41:49
14212795,10/01/2026 09:40:01,10/01/2026 09:42:47,nievasm,7310,00:01:52,00:02:46,112,166,Fuera de Tiempo,12,2,0,00:00:40,40,Logico,"RA002          ",RA002 - CABEZAL DERECHO CIERRE CERAMICO (FRIA),0,0,10/01/2026 12:42:47
14212795,10/01/2026 09:40:01,10/01/2026 09:42:47,nievasm,7310,00:01:52,00:02:46,112,166,Fuera de Tiempo,12,2,0,00:00:40,40,Logico,"RA003          ",RA003 - CABEZAL IZQUIERDO CIERRE CERAMICO (CALIENTE),0,0,10/01/2026 12:42:47
14212909,10/01/2026 09:44:10,10/01/2026 09:48:42,nievasm,7310,00:03:49,00:04:32,229,272,Fuera de Tiempo,3,10,0,00:01:23,83,Logico,"20-162         ",20-162 - MONOCOMANDO COCINA ADRA,0,0,10/01/2026 12:45:04
14212909,10/01/2026 09:44:10,10/01/2026 09:48:42,nievasm,7310,00:03:49,00:04:32,229,272,Fuera de Tiempo,3,10,0,00:01:23,83,Logico,"70-203         ",70-203 - BIDE MONOCOMANDO ADRA,0,0,10/01/2026 12:45:04
14212909,10/01/2026 09:44:10,10/01/2026 09:48:42,nievasm,7310,00:03:49,00:04:32,229,272,Fuera de Tiempo,2,10,0,00:01:23,83,Logico,"63-192         ",63-192 - LAVATORIO PARED EMBUTIR MONOCOMANDO SORIA BLACK,0,0,10/01/2026 12:45:52
14212909,10/01/2026 09:44:10,10/01/2026 09:48:42,nievasm,7310,00:03:49,00:04:32,229,272,Fuera de Tiempo,2,10,0,00:01:23,83,Logico,"11006          ","SET DE 6 PIEZAS LINEA 11000                                           ",0,0,10/01/2026 12:45:52
14212909,10/01/2026 09:44:10,10/01/2026 09:48:42,nievasm,7310,00:03:49,00:04:32,229,272,Fuera de Tiempo,1,10,0,00:01:23,83,Logico,"80-152         ",80-152 - DUCHA EMB. CR C/TRANSF. MONOCOMANDO SORIA,0,0,10/01/2026 12:46:06
14212909,10/01/2026 09:44:10,10/01/2026 09:48:42,nievasm,7310,00:03:49,00:04:32,229,272,Fuera de Tiempo,3,10,0,00:01:23,83,Logico,"80-192         ",80-192 - DUCHA EMB. C/TRANSF. SORIA BLACK,0,0,10/01/2026 12:46:06
14212909,10/01/2026 09:44:10,10/01/2026 09:48:42,nievasm,7310,00:03:49,00:04:32,229,272,Fuera de Tiempo,1,10,0,00:01:23,83,Logico,"80-203         ",80-203 - DUCHA EMB C/TRANSF. MONOCOMANDO ADRA,0,0,10/01/2026 12:46:40
14212909,10/01/2026 09:44:10,10/01/2026 09:48:42,nievasm,7310,00:03:49,00:04:32,229,272,Fuera de Tiempo,2,10,0,00:01:23,83,Logico,"54-203         ","COCINA PARED EXT C.CERAM ADRA MONOCOMANDO                             ",0,0,10/01/2026 12:46:40
14212909,10/01/2026 09:44:10,10/01/2026 09:48:42,nievasm,7310,00:03:49,00:04:32,229,272,Fuera de Tiempo,20,10,0,00:01:23,83,Logico,"1340           ","QUEINOX MACHO MOVIL MH 1/2"" x 40                                      ",0,0,10/01/2026 12:48:42
14212909,10/01/2026 09:44:10,10/01/2026 09:48:42,nievasm,7310,00:03:49,00:04:32,229,272,Fuera de Tiempo,2,10,0,00:01:23,83,Logico,"11030          ","PERCHA LINEA 11000                                                    ",0,0,10/01/2026 12:48:42
14212950,10/01/2026 09:45:37,10/01/2026 09:47:06,mhernandez,7152,00:03:18,00:01:29,198,89,En Tiempo,3,8,0,00:03:48,228,Logico,"60-203         ",60-203 - LAVATORIO MONOCOMANDO BAJO ADRA,0,0,10/01/2026 12:46:32
14212950,10/01/2026 09:45:37,10/01/2026 09:47:06,mhernandez,7152,00:03:18,00:01:29,198,89,En Tiempo,2,8,0,00:03:48,228,Logico,"60-045         ",60-045 - LAVATORIO CR/CR C.STD CRUZ,0,0,10/01/2026 12:46:32
14212950,10/01/2026 09:45:37,10/01/2026 09:47:06,mhernandez,7152,00:03:18,00:01:29,198,89,En Tiempo,2,8,0,00:03:48,228,Logico,"70-045         ",70-045 - BIDE CROMO C.STD CRUZ,0,0,10/01/2026 12:46:32
14212950,10/01/2026 09:45:37,10/01/2026 09:47:06,mhernandez,7152,00:03:18,00:01:29,198,89,En Tiempo,1,8,0,00:03:48,228,Logico,"80-045         ",80-045 - DUCHA EMB.C/TRANSF CR  C.STD CRUZ,0,0,10/01/2026 12:46:32
14212950,10/01/2026 09:45:37,10/01/2026 09:47:06,mhernandez,7152,00:03:18,00:01:29,198,89,En Tiempo,1,8,0,00:03:48,228,Logico,"70-135         ",70-135 - BIDE C.CERAM SANTANDER,0,0,10/01/2026 12:46:32
14212950,10/01/2026 09:45:37,10/01/2026 09:47:06,mhernandez,7152,00:03:18,00:01:29,198,89,En Tiempo,1,8,0,00:03:48,228,Logico,"61-203         ",61-203 - LAVATORIO MONOCOMANDO ALTO ADRA,0,0,10/01/2026 12:46:56
14212950,10/01/2026 09:45:37,10/01/2026 09:47:06,mhernandez,7152,00:03:18,00:01:29,198,89,En Tiempo,3,8,0,00:03:48,228,Logico,"60-135         ",60-135 - LAVATORIO C.CERAM SANTANDER,0,0,10/01/2026 12:46:56
14212950,10/01/2026 09:45:37,10/01/2026 09:47:06,mhernandez,7152,00:03:18,00:01:29,198,89,En Tiempo,3,8,0,00:03:48,228,Logico,"80-135         ",80-135 - DUCHA EMB. C/TRANSF. C.CERAM SANTANDER,0,0,10/01/2026 12:47:06
14213036,10/01/2026 09:49:03,10/01/2026 09:52:37,mhernandez,7152,00:03:15,00:03:34,195,214,Fuera de Tiempo,2,7,0,00:01:57,117,Logico,"70-153         ",70-153 - BIDE CR C.CERAM CASTILLA,0,0,10/01/2026 12:50:39
14213036,10/01/2026 09:49:03,10/01/2026 09:52:37,mhernandez,7152,00:03:15,00:03:34,195,214,Fuera de Tiempo,5,7,0,00:01:57,117,Logico,"60-045         ",60-045 - LAVATORIO CR/CR C.STD CRUZ,0,0,10/01/2026 12:50:39
14213036,10/01/2026 09:49:03,10/01/2026 09:52:37,mhernandez,7152,00:03:15,00:03:34,195,214,Fuera de Tiempo,2,7,0,00:01:57,117,Logico,"62-122         ",62-122 - LAVATORIO PARED C.CERAM CR VALENCIA,0,0,10/01/2026 12:50:39
14213036,10/01/2026 09:49:03,10/01/2026 09:52:37,mhernandez,7152,00:03:15,00:03:34,195,214,Fuera de Tiempo,1,7,0,00:01:57,117,Logico,"60-122         ",60-122 - LAVATORIO C.CERAM CR VALENCIA,0,0,10/01/2026 12:50:39
14213036,10/01/2026 09:49:03,10/01/2026 09:52:37,mhernandez,7152,00:03:15,00:03:34,195,214,Fuera de Tiempo,2,7,0,00:01:57,117,Logico,"60-122         ",60-122 - LAVATORIO C.CERAM CR VALENCIA,0,0,10/01/2026 12:51:49
14213036,10/01/2026 09:49:03,10/01/2026 09:52:37,mhernandez,7152,00:03:15,00:03:34,195,214,Fuera de Tiempo,5,7,0,00:01:57,117,Logico,"70-045         ",70-045 - BIDE CROMO C.STD CRUZ,0,0,10/01/2026 12:51:49
14213036,10/01/2026 09:49:03,10/01/2026 09:52:37,mhernandez,7152,00:03:15,00:03:34,195,214,Fuera de Tiempo,4,7,0,00:01:57,117,Logico,"80-138         ",80-138 - DUCHA EMB. C/TRANSF. CR C.CERAM VALENCIA PLUS,0,0,10/01/2026 12:52:26
14213036,10/01/2026 09:49:03,10/01/2026 09:52:37,mhernandez,7152,00:03:15,00:03:34,195,214,Fuera de Tiempo,3,7,0,00:01:57,117,Logico,"80-166         ","DUCHA EMB. C/TRANSF. CR C.CERAM ADRA PLUS                             ",0,0,10/01/2026 12:52:37
14213036,10/01/2026 09:49:03,10/01/2026 09:52:37,mhernandez,7152,00:03:15,00:03:34,195,214,Fuera de Tiempo,1,7,0,00:01:57,117,Logico,"80-138         ",80-138 - DUCHA EMB. C/TRANSF. CR C.CERAM VALENCIA PLUS,0,0,10/01/2026 12:52:37
14213055,10/01/2026 09:49:33,10/01/2026 10:16:03,nievasm,7310,00:04:18,00:26:30,258,1590,Fuera de Tiempo,3,12,0,00:00:51,51,Logico,"22-178         ",22-178 - MONOCOMANDO DE COCINA P/AGUA FILTRADA VITA,0,0,10/01/2026 12:49:56
14213055,10/01/2026 09:49:33,10/01/2026 10:16:03,nievasm,7310,00:04:18,00:26:30,258,1590,Fuera de Tiempo,2,12,0,00:00:51,51,Logico,"22-178N        ",22-178N - MONOCOMANDO DE COCINA P/AGUA FILTRADA VITA BLACK,0,0,10/01/2026 12:49:56
14213055,10/01/2026 09:49:33,10/01/2026 10:16:03,nievasm,7310,00:04:18,00:26:30,258,1590,Fuera de Tiempo,1,12,0,00:00:51,51,Logico,"61-192         ",61-192 - LAVATORIO ALTO SORIA BLACK,0,0,10/01/2026 12:52:03
14213055,10/01/2026 09:49:33,10/01/2026 10:16:03,nievasm,7310,00:04:18,00:26:30,258,1590,Fuera de Tiempo,2,12,0,00:00:51,51,Logico,"60-200G        ",60-200G - LAVATORIO MONOC BAJO GOLD FABRIC,0,0,10/01/2026 12:52:03
14213055,10/01/2026 09:49:33,10/01/2026 10:16:03,nievasm,7310,00:04:18,00:26:30,258,1590,Fuera de Tiempo,1,12,0,00:00:51,51,Logico,"61-200N        ",61-200N - LAVATORIO MONOC ALTO FABRIC BLACK,0,0,10/01/2026 12:52:03
14213055,10/01/2026 09:49:33,10/01/2026 10:16:03,nievasm,7310,00:04:18,00:26:30,258,1590,Fuera de Tiempo,2,12,0,00:00:51,51,Logico,"20-172         ",20-172 - COCINA MESADA MONOC. COLORS NEGRO,0,0,10/01/2026 12:52:03
14213055,10/01/2026 09:49:33,10/01/2026 10:16:03,nievasm,7310,00:04:18,00:26:30,258,1590,Fuera de Tiempo,4,12,0,00:00:51,51,Logico,"17030G         ",17030G - PERCHA LINEA FABRIC GOLD,0,0,10/01/2026 12:55:09
14213055,10/01/2026 09:49:33,10/01/2026 10:16:03,nievasm,7310,00:04:18,00:26:30,258,1590,Fuera de Tiempo,1,12,0,00:00:51,51,Logico,"70-192         ",70-192 - BIDE SORIA BLACK,0,0,10/01/2026 12:55:09
14213055,10/01/2026 09:49:33,10/01/2026 10:16:03,nievasm,7310,00:04:18,00:26:30,258,1590,Fuera de Tiempo,1,12,0,00:00:51,51,Logico,"70-200N        ",70-200N - BIDE MONOCOMANDO BLACK FABRIC,0,0,10/01/2026 12:55:09
14213055,10/01/2026 09:49:33,10/01/2026 10:16:03,nievasm,7310,00:04:18,00:26:30,258,1590,Fuera de Tiempo,2,12,0,00:00:51,51,Logico,"16010BL        ",16010BL - TOALLERO BARRAL LINEA 16000 BLACK,0,0,10/01/2026 12:55:09
14213055,10/01/2026 09:49:33,10/01/2026 10:16:03,nievasm,7310,00:04:18,00:26:30,258,1590,Fuera de Tiempo,6,12,0,00:00:51,51,Logico,"20-150         ",20-150 - MONOCOMANDO MESADA COCINA TOLEDO,0,0,10/01/2026 13:15:35
14213055,10/01/2026 09:49:33,10/01/2026 10:16:03,nievasm,7310,00:04:18,00:26:30,258,1590,Fuera de Tiempo,5,12,0,00:00:51,51,Logico,"20-140         ",20-140 - MONOCOMANDO DE COCINA LINEA CUINA,0,0,10/01/2026 13:16:03
14213113,10/01/2026 09:51:36,10/01/2026 09:51:44,gsoderquvist,6415,00:01:29,00:00:08,89,8,En Tiempo,2,2,0,00:30:22,1822,Excedido,"BAI01NI        ",BAI01NI - BACHA EMB COCINA C/ACCESORIOS 750x450x220 NICKEL BRUSHED,0,0,10/01/2026 12:51:44
14213113,10/01/2026 09:51:36,10/01/2026 09:51:44,gsoderquvist,6415,00:01:29,00:00:08,89,8,En Tiempo,1,2,0,00:30:22,1822,Excedido,"BCH12          ",BCH12 - BACHA DE APOYAR BLANCA 460x320x140,0,0,10/01/2026 12:51:44
14213145,10/01/2026 09:52:28,10/01/2026 09:56:05,gsoderquvist,6415,00:01:50,00:03:37,110,217,Fuera de Tiempo,1,2,0,00:00:44,44,Logico,"70-100G        ",70-100G - BIDE GOLD C.CERAM FABRIC,0,0,10/01/2026 12:56:05
14213145,10/01/2026 09:52:28,10/01/2026 09:56:05,gsoderquvist,6415,00:01:50,00:03:37,110,217,Fuera de Tiempo,5,2,0,00:00:44,44,Logico,"A1540          ","CUERPO VALVULA DE DESAGOTE P/INODORO TECNO 02-010/011                 ",0,0,10/01/2026 12:56:05
14213247,10/01/2026 09:55:25,10/01/2026 10:02:27,mhernandez,7152,00:04:18,00:07:02,258,422,Fuera de Tiempo,2,12,0,00:02:48,168,Logico,"80-190P        ",80-190P - DUCHA EMB. C/TRANSF. C.CERAM BLACK VELVET PLUS,0,0,10/01/2026 12:56:53
14213247,10/01/2026 09:55:25,10/01/2026 10:02:27,mhernandez,7152,00:04:18,00:07:02,258,422,Fuera de Tiempo,1,12,0,00:02:48,168,Logico,"80-200G        ",80-200G - DUCHA EMB. MONOC. 3 FUNCIONES GOLD FABRIC,0,0,10/01/2026 12:56:53
14213247,10/01/2026 09:55:25,10/01/2026 10:02:27,mhernandez,7152,00:04:18,00:07:02,258,422,Fuera de Tiempo,3,12,0,00:02:48,168,Logico,"80-190P        ",80-190P - DUCHA EMB. C/TRANSF. C.CERAM BLACK VELVET PLUS,0,0,10/01/2026 12:57:56
14213247,10/01/2026 09:55:25,10/01/2026 10:02:27,mhernandez,7152,00:04:18,00:07:02,258,422,Fuera de Tiempo,1,12,0,00:02:48,168,Logico,"80-191         ",80-191 - DUCHA EMB. C/TRANSF. C.CERAM PRADO,0,0,10/01/2026 12:58:39
14213247,10/01/2026 09:55:25,10/01/2026 10:02:27,mhernandez,7152,00:04:18,00:07:02,258,422,Fuera de Tiempo,1,12,0,00:02:48,168,Logico,"80-200G        ",80-200G - DUCHA EMB. MONOC. 3 FUNCIONES GOLD FABRIC,0,0,10/01/2026 12:58:39
14213247,10/01/2026 09:55:25,10/01/2026 10:02:27,mhernandez,7152,00:04:18,00:07:02,258,422,Fuera de Tiempo,1,12,0,00:02:48,168,Logico,"60-131         ",60-131 - LAVATORIO C.CERAM CR MALLORCA,0,0,10/01/2026 12:58:39
14213247,10/01/2026 09:55:25,10/01/2026 10:02:27,mhernandez,7152,00:04:18,00:07:02,258,422,Fuera de Tiempo,2,12,0,00:02:48,168,Logico,"80-138         ",80-138 - DUCHA EMB. C/TRANSF. CR C.CERAM VALENCIA PLUS,0,0,10/01/2026 12:59:21
14213247,10/01/2026 09:55:25,10/01/2026 10:02:27,mhernandez,7152,00:04:18,00:07:02,258,422,Fuera de Tiempo,1,12,0,00:02:48,168,Logico,"60-191         ",60-191 - LAVATORIO C.CERAM LINEA PRADO,0,0,10/01/2026 12:59:21
14213247,10/01/2026 09:55:25,10/01/2026 10:02:27,mhernandez,7152,00:04:18,00:07:02,258,422,Fuera de Tiempo,1,12,0,00:02:48,168,Logico,"60-131         ",60-131 - LAVATORIO C.CERAM CR MALLORCA,0,0,10/01/2026 12:59:21
14213247,10/01/2026 09:55:25,10/01/2026 10:02:27,mhernandez,7152,00:04:18,00:07:02,258,422,Fuera de Tiempo,4,12,0,00:02:48,168,Logico,"80-131         ",80-131 - DUCHA EMB. C/TRANSF. CR C.CERAM MALLORCA,0,0,10/01/2026 12:59:30
14213247,10/01/2026 09:55:25,10/01/2026 10:02:27,mhernandez,7152,00:04:18,00:07:02,258,422,Fuera de Tiempo,2,12,0,00:02:48,168,Logico,"70-190         ",70-190 - BIDE C.CERAM BLACK VELVET,0,0,10/01/2026 13:02:09
14213247,10/01/2026 09:55:25,10/01/2026 10:02:27,mhernandez,7152,00:04:18,00:07:02,258,422,Fuera de Tiempo,2,12,0,00:02:48,168,Logico,"70-131         ",70-131 - BIDE C.CERAM CR MALLORCA,0,0,10/01/2026 13:02:09
14213247,10/01/2026 09:55:25,10/01/2026 10:02:27,mhernandez,7152,00:04:18,00:07:02,258,422,Fuera de Tiempo,1,12,0,00:02:48,168,Logico,"70-191         ",70-191 - BIDE C.CERAM LINEA PRADO,0,0,10/01/2026 13:02:09
14213247,10/01/2026 09:55:25,10/01/2026 10:02:27,mhernandez,7152,00:04:18,00:07:02,258,422,Fuera de Tiempo,3,12,0,00:02:48,168,Logico,"60-122         ",60-122 - LAVATORIO C.CERAM CR VALENCIA,0,0,10/01/2026 13:02:09
14213247,10/01/2026 09:55:25,10/01/2026 10:02:27,mhernandez,7152,00:04:18,00:07:02,258,422,Fuera de Tiempo,2,12,0,00:02:48,168,Logico,"70-122         ",70-122 - BIDE C.CERAM CR VALENCIA,0,0,10/01/2026 13:02:09
14213247,10/01/2026 09:55:25,10/01/2026 10:02:27,mhernandez,7152,00:04:18,00:07:02,258,422,Fuera de Tiempo,2,12,0,00:02:48,168,Logico,"70-122         ",70-122 - BIDE C.CERAM CR VALENCIA,0,0,10/01/2026 13:02:27
14213247,10/01/2026 09:55:25,10/01/2026 10:02:27,mhernandez,7152,00:04:18,00:07:02,258,422,Fuera de Tiempo,3,12,0,00:02:48,168,Logico,"60-122         ",60-122 - LAVATORIO C.CERAM CR VALENCIA,0,0,10/01/2026 13:02:27
14213488,10/01/2026 10:03:20,10/01/2026 10:04:34,nievasm,7310,00:02:02,00:01:14,122,74,En Tiempo,4,3,0,23:47:17,-763,Logico,"60-205         ",60-205 - LAVATORIO MONOC BAJO STEEL,0,0,10/01/2026 13:03:59
14213488,10/01/2026 10:03:20,10/01/2026 10:04:34,nievasm,7310,00:02:02,00:01:14,122,74,En Tiempo,2,3,0,23:47:17,-763,Logico,"60-133         ",60-133 - LAVATORIO MONOCOMANDO LUGO,0,0,10/01/2026 13:03:59
14213488,10/01/2026 10:03:20,10/01/2026 10:04:34,nievasm,7310,00:02:02,00:01:14,122,74,En Tiempo,4,3,0,23:47:17,-763,Logico,"61-205         ",61-205 - LAVATORIO MONOC ALTO STEEL,0,0,10/01/2026 13:04:34
14213488,10/01/2026 10:03:20,10/01/2026 10:04:34,nievasm,7310,00:02:02,00:01:14,122,74,En Tiempo,2,3,0,23:47:17,-763,Logico,"60-133         ",60-133 - LAVATORIO MONOCOMANDO LUGO,0,0,10/01/2026 13:04:34
14213571,10/01/2026 10:06:02,10/01/2026 10:07:19,gsoderquvist,6415,00:02:04,00:01:17,124,77,En Tiempo,1,4,0,00:09:57,597,Excedido,"61-200G        ",61-200G - LAVATORIO MONOC ALTO GOLD FABRIC,0,0,10/01/2026 13:07:19
14213571,10/01/2026 10:06:02,10/01/2026 10:07:19,gsoderquvist,6415,00:02:04,00:01:17,124,77,En Tiempo,10,4,0,00:09:57,597,Excedido,"17030C         ",17030C - PERCHA LINEA FABRIC CROMO,0,0,10/01/2026 13:07:19
14213571,10/01/2026 10:06:02,10/01/2026 10:07:19,gsoderquvist,6415,00:02:04,00:01:17,124,77,En Tiempo,1,4,0,00:09:57,597,Excedido,"17010C         ",17010C - TOALLERO BARRAL LINEA FABRIC CROMO,0,0,10/01/2026 13:07:19
14213571,10/01/2026 10:06:02,10/01/2026 10:07:19,gsoderquvist,6415,00:02:04,00:01:17,124,77,En Tiempo,4,4,0,00:09:57,597,Excedido,"17040C         ",17040C - PORTA ROLLO LINEA FABRIC CROMO,0,0,10/01/2026 13:07:19
14213573,10/01/2026 10:06:08,10/01/2026 10:06:36,mhernandez,7152,00:01:21,00:00:28,81,28,En Tiempo,3,1,0,00:03:41,221,Logico,"61-203N        ","LAVATORIO MONOCOMANDO ALTO ADRA BLACK                                 ",0,0,10/01/2026 13:06:36
14213587,10/01/2026 10:06:42,10/01/2026 10:08:04,mhernandez,7152,00:01:41,00:01:22,101,82,En Tiempo,4,1,0,00:00:06,6,Logico,"60-162         ",60-162 - LAVATORIO CR C.CERAM LINEA ADRA,0,0,10/01/2026 13:07:11
14213587,10/01/2026 10:06:42,10/01/2026 10:08:04,mhernandez,7152,00:01:41,00:01:22,101,82,En Tiempo,10,1,0,00:00:06,6,Logico,"60-162         ",60-162 - LAVATORIO CR C.CERAM LINEA ADRA,0,0,10/01/2026 13:08:04
14213599,10/01/2026 10:06:58,10/01/2026 10:14:02,nievasm,7310,00:02:57,00:07:04,177,424,Fuera de Tiempo,5,6,0,23:50:55,-545,Logico,"12006N         ","SET DE 6 PIEZAS LINEA 12000 BLACK                                     ",0,0,10/01/2026 13:07:13
14213599,10/01/2026 10:06:58,10/01/2026 10:14:02,nievasm,7310,00:02:57,00:07:04,177,424,Fuera de Tiempo,5,6,0,23:50:55,-545,Logico,"12006          ","SET DE 6 PIEZAS LINEA 12000                                           ",0,0,10/01/2026 13:07:13
14213599,10/01/2026 10:06:58,10/01/2026 10:14:02,nievasm,7310,00:02:57,00:07:04,177,424,Fuera de Tiempo,3,6,0,23:50:55,-545,Logico,"80-192         ",80-192 - DUCHA EMB. C/TRANSF. SORIA BLACK,0,0,10/01/2026 13:09:11
14213599,10/01/2026 10:06:58,10/01/2026 10:14:02,nievasm,7310,00:02:57,00:07:04,177,424,Fuera de Tiempo,5,6,0,23:50:55,-545,Logico,"16006BL        ",16006BL - SET 6 PIEZAS ACCESORIOS LINEA 16000 BLACK,0,0,10/01/2026 13:11:04
14213599,10/01/2026 10:06:58,10/01/2026 10:14:02,nievasm,7310,00:02:57,00:07:04,177,424,Fuera de Tiempo,3,6,0,23:50:55,-545,Logico,"61-192         ",61-192 - LAVATORIO ALTO SORIA BLACK,0,0,10/01/2026 13:14:02
14213599,10/01/2026 10:06:58,10/01/2026 10:14:02,nievasm,7310,00:02:57,00:07:04,177,424,Fuera de Tiempo,5,6,0,23:50:55,-545,Logico,"70-192         ",70-192 - BIDE SORIA BLACK,0,0,10/01/2026 13:14:02
14213628,10/01/2026 10:08:09,10/01/2026 10:08:14,mhernandez,7152,00:01:21,00:00:05,81,5,En Tiempo,2,1,0,00:00:05,5,Logico,"60-162         ",60-162 - LAVATORIO CR C.CERAM LINEA ADRA,0,0,10/01/2026 13:08:14
14213657,10/01/2026 10:09:19,10/01/2026 10:10:05,mhernandez,7152,00:01:21,00:00:46,81,46,En Tiempo,4,1,0,00:01:05,65,Logico,"80-152         ",80-152 - DUCHA EMB. CR C/TRANSF. MONOCOMANDO SORIA,0,0,10/01/2026 13:10:05
14213702,10/01/2026 10:10:25,10/01/2026 10:10:55,mhernandez,7152,00:01:29,00:00:30,89,30,En Tiempo,2,2,0,00:00:20,20,Logico,"70-201NI       ",70-201NI - BIDE CR C.CERAM BEAT NICKEL,0,0,10/01/2026 13:10:55
14213702,10/01/2026 10:10:25,10/01/2026 10:10:55,mhernandez,7152,00:01:29,00:00:30,89,30,En Tiempo,2,2,0,00:00:20,20,Logico,"60-201NI       ",60-201NI - LAVATORIO C.CERAM BEAT NICKEL,0,0,10/01/2026 13:10:55
14213719,10/01/2026 10:11:01,10/01/2026 10:11:49,mhernandez,7152,00:01:21,00:00:48,81,48,En Tiempo,4,1,0,00:00:06,6,Logico,"81-166         ",81-166 - DUCHA EMB. S/TRANSF. CR C.CERAM ADRA PLUS,0,0,10/01/2026 13:11:49
14213742,10/01/2026 10:11:59,10/01/2026 10:16:46,mhernandez,7152,00:02:40,00:04:47,160,287,Fuera de Tiempo,1,6,0,00:00:10,10,Logico,"80-201NI       ",80-201NI - DUCHA EMB C/TRANSF C.CERAM BEAT NICKEL,0,0,10/01/2026 13:12:31
14213742,10/01/2026 10:11:59,10/01/2026 10:16:46,mhernandez,7152,00:02:40,00:04:47,160,287,Fuera de Tiempo,1,6,0,00:00:10,10,Logico,"80-200N        ",80-200N - DUCHA EMB. MONOC. 3 FUNCIONES BLACK FABRIC,0,0,10/01/2026 13:12:31
14213742,10/01/2026 10:11:59,10/01/2026 10:16:46,mhernandez,7152,00:02:40,00:04:47,160,287,Fuera de Tiempo,1,6,0,00:00:10,10,Logico,"80-200C        ",80-200C - DUCHA EMB. MONOC. 3 FUNCIONES CR FABRIC,0,0,10/01/2026 13:12:31
14213742,10/01/2026 10:11:59,10/01/2026 10:16:46,mhernandez,7152,00:02:40,00:04:47,160,287,Fuera de Tiempo,1,6,0,00:00:10,10,Logico,"70-100G        ",70-100G - BIDE GOLD C.CERAM FABRIC,0,0,10/01/2026 13:16:46
14213742,10/01/2026 10:11:59,10/01/2026 10:16:46,mhernandez,7152,00:02:40,00:04:47,160,287,Fuera de Tiempo,1,6,0,00:00:10,10,Logico,"70-100N        ",70-100N - BIDE BLACK C.CERAM FABRIC,0,0,10/01/2026 13:16:46
14213742,10/01/2026 10:11:59,10/01/2026 10:16:46,mhernandez,7152,00:02:40,00:04:47,160,287,Fuera de Tiempo,2,6,0,00:00:10,10,Logico,"80-100N        ",80-100N - DUCHA EMB. C/TRANSF. BLACK C.CERAM FABRIC,0,0,10/01/2026 13:16:46
14213742,10/01/2026 10:11:59,10/01/2026 10:16:46,mhernandez,7152,00:02:40,00:04:47,160,287,Fuera de Tiempo,1,6,0,00:00:10,10,Logico,"80-200C        ",80-200C - DUCHA EMB. MONOC. 3 FUNCIONES CR FABRIC,0,0,10/01/2026 13:16:46
14213809,10/01/2026 10:14:21,10/01/2026 10:22:12,nievasm,7310,00:03:05,00:07:51,185,471,Fuera de Tiempo,3,7,0,23:58:18,-102,Logico,"16030BL        ",16030BL - PERCHA LINEA 16000 BLACK,0,0,10/01/2026 13:22:01
14213809,10/01/2026 10:14:21,10/01/2026 10:22:12,nievasm,7310,00:03:05,00:07:51,185,471,Fuera de Tiempo,3,7,0,23:58:18,-102,Logico,"16040BL        ",16040BL - PORTA ROLLO ACCESORIOS LINEA 16000 BLACK,0,0,10/01/2026 13:22:01
14213809,10/01/2026 10:14:21,10/01/2026 10:22:12,nievasm,7310,00:03:05,00:07:51,185,471,Fuera de Tiempo,1,7,0,23:58:18,-102,Logico,"20-122N        ",20-122N - MONOCOMANDO COCINA C/PICO EXTRAIBLE VALENCIA BLACK,0,0,10/01/2026 13:22:12
14213809,10/01/2026 10:14:21,10/01/2026 10:22:12,nievasm,7310,00:03:05,00:07:51,185,471,Fuera de Tiempo,1,7,0,23:58:18,-102,Logico,"20-100G        ",20-100G - MONOCOMANDO DE COCINA FABRIC GOLD,0,0,10/01/2026 13:22:12
14213809,10/01/2026 10:14:21,10/01/2026 10:22:12,nievasm,7310,00:03:05,00:07:51,185,471,Fuera de Tiempo,1,7,0,23:58:18,-102,Logico,"20-190         ",20-190 - COCINA MESADA MONOC BLACK VELVET,0,0,10/01/2026 13:22:12
14213809,10/01/2026 10:14:21,10/01/2026 10:22:12,nievasm,7310,00:03:05,00:07:51,185,471,Fuera de Tiempo,1,7,0,23:58:18,-102,Logico,"20-174         ",20-174 - COCINA MESADA MONOC. COLORS BLACK,0,0,10/01/2026 13:22:12
14213809,10/01/2026 10:14:21,10/01/2026 10:22:12,nievasm,7310,00:03:05,00:07:51,185,471,Fuera de Tiempo,1,7,0,23:58:18,-102,Logico,"52-121N        ",52-121N - GRIFERIA REBATIBLE LLENADO DE OLLAS MARBELLA BLACK,0,0,10/01/2026 13:22:12
14213942,10/01/2026 10:19:17,10/01/2026 10:20:00,mhernandez,7152,00:02:17,00:00:43,137,43,En Tiempo,1,5,0,00:02:31,151,Logico,"30-132         ",30-132 - COCINA MESADA MONOC. C/DUCHADOR EXTENSIBLE VIGO,0,0,10/01/2026 13:19:46
14213942,10/01/2026 10:19:17,10/01/2026 10:20:00,mhernandez,7152,00:02:17,00:00:43,137,43,En Tiempo,1,5,0,00:02:31,151,Logico,"20-168         ",20-168 - MONOCOMANDO COCINA CR WAVE,0,0,10/01/2026 13:19:46
14213942,10/01/2026 10:19:17,10/01/2026 10:20:00,mhernandez,7152,00:02:17,00:00:43,137,43,En Tiempo,1,5,0,00:02:31,151,Logico,"20-182         ",20-182 - MONOCOMANDO DE COCINA MULTIFUNCION CR ZENITH,0,0,10/01/2026 13:19:46
14213942,10/01/2026 10:19:17,10/01/2026 10:20:00,mhernandez,7152,00:02:17,00:00:43,137,43,En Tiempo,2,5,0,00:02:31,151,Logico,"20-121         ",20-121 - COCINA MSDA MONOC.P. REDONDO MARBELLA,0,0,10/01/2026 13:19:46
14213942,10/01/2026 10:19:17,10/01/2026 10:20:00,mhernandez,7152,00:02:17,00:00:43,137,43,En Tiempo,1,5,0,00:02:31,151,Logico,"22-178         ",22-178 - MONOCOMANDO DE COCINA P/AGUA FILTRADA VITA,0,0,10/01/2026 13:20:00
14213967,10/01/2026 10:19:54,10/01/2026 10:20:14,gsoderquvist,6415,00:02:00,00:00:20,120,20,En Tiempo,3,3,0,00:12:35,755,Excedido,"BCH12          ",BCH12 - BACHA DE APOYAR BLANCA 460x320x140,0,0,10/01/2026 13:20:14
14213967,10/01/2026 10:19:54,10/01/2026 10:20:14,gsoderquvist,6415,00:02:00,00:00:20,120,20,En Tiempo,2,3,0,00:12:35,755,Excedido,"BCH05          ",BCH05 - BACHA DE APOYAR CUADRADA 370x370x130,0,0,10/01/2026 13:20:14
14213967,10/01/2026 10:19:54,10/01/2026 10:20:14,gsoderquvist,6415,00:02:00,00:00:20,120,20,En Tiempo,2,3,0,00:12:35,755,Excedido,"BAI01NI        ",BAI01NI - BACHA EMB COCINA C/ACCESORIOS 750x450x220 NICKEL BRUSHED,0,0,10/01/2026 13:20:14
14214083,10/01/2026 10:22:44,10/01/2026 10:25:38,mhernandez,7152,00:02:01,00:02:54,121,174,Fuera de Tiempo,2,4,0,00:02:44,164,Logico,"70-168         ",70-168 - BIDE MONOC CR WAVE,0,0,10/01/2026 13:22:57
14214083,10/01/2026 10:22:44,10/01/2026 10:25:38,mhernandez,7152,00:02:01,00:02:54,121,174,Fuera de Tiempo,2,4,0,00:02:44,164,Logico,"61-168         ",61-168 - LAVATORIO MONOC ALTO CR WAVE,0,0,10/01/2026 13:22:57
14214083,10/01/2026 10:22:44,10/01/2026 10:25:38,mhernandez,7152,00:02:01,00:02:54,121,174,Fuera de Tiempo,2,4,0,00:02:44,164,Logico,"60-168         ",60-168 - LAVATORIO MONOC BAJO CR WAVE,0,0,10/01/2026 13:25:38
14214083,10/01/2026 10:22:44,10/01/2026 10:25:38,mhernandez,7152,00:02:01,00:02:54,121,174,Fuera de Tiempo,2,4,0,00:02:44,164,Logico,"20-102         ","20-102 - MONOCOMANDO MESADA CROMO ""RENACER""",0,0,10/01/2026 13:25:38
14214159,10/01/2026 10:25:08,10/01/2026 10:27:07,gsoderquvist,6415,00:01:21,00:01:59,81,119,Fuera de Tiempo,4,1,0,00:04:54,294,Logico,"BCH20          ","BACHA BAJO MESADA BLANCA 500x400x185                                  ",0,0,10/01/2026 13:27:07
14214168,10/01/2026 10:25:16,10/01/2026 10:27:19,nievasm,7310,00:02:17,00:02:03,137,123,En Tiempo,1,5,0,00:03:04,184,Logico,"11040          ","PORTA ROLLO LINEA 11000                                               ",0,0,10/01/2026 13:25:59
14214168,10/01/2026 10:25:16,10/01/2026 10:27:19,nievasm,7310,00:02:17,00:02:03,137,123,En Tiempo,3,5,0,00:03:04,184,Logico,"11030          ","PERCHA LINEA 11000                                                    ",0,0,10/01/2026 13:25:59
14214168,10/01/2026 10:25:16,10/01/2026 10:27:19,nievasm,7310,00:02:17,00:02:03,137,123,En Tiempo,1,5,0,00:03:04,184,Logico,"11050          ","JABONERA LINEA 11000                                                  ",0,0,10/01/2026 13:25:59
14214168,10/01/2026 10:25:16,10/01/2026 10:27:19,nievasm,7310,00:02:17,00:02:03,137,123,En Tiempo,1,5,0,00:03:04,184,Logico,"20-140N        ",20-140N - MONOCOMANDO DE COCINA LINEA CUINA BLACK,0,0,10/01/2026 13:27:19
14214168,10/01/2026 10:25:16,10/01/2026 10:27:19,nievasm,7310,00:02:17,00:02:03,137,123,En Tiempo,1,5,0,00:03:04,184,Logico,"20-202NI       ",20-202NI - MONOCOMANDO COCINA NICKEL HOOP,0,0,10/01/2026 13:27:19
14214249,10/01/2026 10:27:11,10/01/2026 10:27:15,gsoderquvist,6415,00:01:21,00:00:04,81,4,En Tiempo,1,1,0,00:00:04,4,Logico,"BCH20          ","BACHA BAJO MESADA BLANCA 500x400x185                                  ",0,0,10/01/2026 13:27:15
14214280,10/01/2026 10:27:56,10/01/2026 10:32:04,mhernandez,7152,00:03:18,00:04:08,198,248,Fuera de Tiempo,1,10,0,00:02:18,138,Logico,"20-184         ","MONOCOMANDO DE COCINA CR SUV                                          ",0,0,10/01/2026 13:28:18
14214280,10/01/2026 10:27:56,10/01/2026 10:32:04,mhernandez,7152,00:03:18,00:04:08,198,248,Fuera de Tiempo,1,10,0,00:02:18,138,Logico,"20-122         ","MONOCOMANDO COCINA CR C/PICO EXTRAIBLE VALENCIA                       ",0,0,10/01/2026 13:28:18
14214280,10/01/2026 10:27:56,10/01/2026 10:32:04,mhernandez,7152,00:03:18,00:04:08,198,248,Fuera de Tiempo,1,10,0,00:02:18,138,Logico,"20-162         ",20-162 - MONOCOMANDO COCINA ADRA,0,0,10/01/2026 13:28:18
14214280,10/01/2026 10:27:56,10/01/2026 10:32:04,mhernandez,7152,00:03:18,00:04:08,198,248,Fuera de Tiempo,1,10,0,00:02:18,138,Logico,"20-122S        ","MONOCOMANDO COCINA INOX C/PICO EXTRAIBLE VALENCIA                     ",0,0,10/01/2026 13:28:18
14214280,10/01/2026 10:27:56,10/01/2026 10:32:04,mhernandez,7152,00:03:18,00:04:08,198,248,Fuera de Tiempo,1,10,0,00:02:18,138,Logico,"20-122N        ",20-122N - MONOCOMANDO COCINA C/PICO EXTRAIBLE VALENCIA BLACK,0,0,10/01/2026 13:28:18
14214280,10/01/2026 10:27:56,10/01/2026 10:32:04,mhernandez,7152,00:03:18,00:04:08,198,248,Fuera de Tiempo,1,10,0,00:02:18,138,Logico,"20-205         ",20-205 - MONOCOMANDO DE COCINA STEEL,0,0,10/01/2026 13:29:10
14214280,10/01/2026 10:27:56,10/01/2026 10:32:04,mhernandez,7152,00:03:18,00:04:08,198,248,Fuera de Tiempo,2,10,0,00:02:18,138,Logico,"20-146         ",20-146 - MONOCOMANDO DE COCINA CR LINEA MOVE,0,0,10/01/2026 13:29:10
14214280,10/01/2026 10:27:56,10/01/2026 10:32:04,mhernandez,7152,00:03:18,00:04:08,198,248,Fuera de Tiempo,1,10,0,00:02:18,138,Logico,"20-146N        ",20-146N - MONOCOMANDO DE COCINA BLACK LINEA MOVE,0,0,10/01/2026 13:29:10
14214280,10/01/2026 10:27:56,10/01/2026 10:32:04,mhernandez,7152,00:03:18,00:04:08,198,248,Fuera de Tiempo,1,10,0,00:02:18,138,Logico,"22-178         ",22-178 - MONOCOMANDO DE COCINA P/AGUA FILTRADA VITA,0,0,10/01/2026 13:29:10
14214280,10/01/2026 10:27:56,10/01/2026 10:32:04,mhernandez,7152,00:03:18,00:04:08,198,248,Fuera de Tiempo,1,10,0,00:02:18,138,Logico,"RA1598         ",RA1598 - FILTRO DE AGUA P/MONOCOMANDO VITA,0,0,10/01/2026 13:32:04
14214336,10/01/2026 10:29:25,10/01/2026 10:32:04,nievasm,7310,00:01:29,00:02:39,89,159,Fuera de Tiempo,2,2,0,00:02:06,126,Logico,"61-180         ",61-180 - LAVATORIO MONOCOMANDO ALTO VERA,0,0,10/01/2026 13:31:53
14214336,10/01/2026 10:29:25,10/01/2026 10:32:04,nievasm,7310,00:01:29,00:02:39,89,159,Fuera de Tiempo,1,2,0,00:02:06,126,Logico,"RA1235         ",RA1235 - PICO DUCHA/ LAV DE PARED LIVE CR,0,0,10/01/2026 13:32:04
14214445,10/01/2026 10:32:31,10/01/2026 10:40:01,mhernandez,7152,00:03:40,00:07:30,220,450,Fuera de Tiempo,1,10,0,00:00:27,27,Logico,"70-193         ",70-193 - BIDE MONOCOMANDO MORA,0,0,10/01/2026 13:34:46
14214445,10/01/2026 10:32:31,10/01/2026 10:40:01,mhernandez,7152,00:03:40,00:07:30,220,450,Fuera de Tiempo,2,10,0,00:00:27,27,Logico,"20-162         ",20-162 - MONOCOMANDO COCINA ADRA,0,0,10/01/2026 13:34:46
14214445,10/01/2026 10:32:31,10/01/2026 10:40:01,mhernandez,7152,00:03:40,00:07:30,220,450,Fuera de Tiempo,2,10,0,00:00:27,27,Logico,"11006          ","SET DE 6 PIEZAS LINEA 11000                                           ",0,0,10/01/2026 13:34:46
14214445,10/01/2026 10:32:31,10/01/2026 10:40:01,mhernandez,7152,00:03:40,00:07:30,220,450,Fuera de Tiempo,1,10,0,00:00:27,27,Logico,"60-193         ",60-193 - LAVATORIO MONOCOMANDO BAJO MORA,0,0,10/01/2026 13:34:46
14214445,10/01/2026 10:32:31,10/01/2026 10:40:01,mhernandez,7152,00:03:40,00:07:30,220,450,Fuera de Tiempo,3,10,0,00:00:27,27,Logico,"54-203         ","COCINA PARED EXT C.CERAM ADRA MONOCOMANDO                             ",0,0,10/01/2026 13:34:46
14214445,10/01/2026 10:32:31,10/01/2026 10:40:01,mhernandez,7152,00:03:40,00:07:30,220,450,Fuera de Tiempo,1,10,0,00:00:27,27,Logico,"20-140         ",20-140 - MONOCOMANDO DE COCINA LINEA CUINA,0,0,10/01/2026 13:35:06
14214445,10/01/2026 10:32:31,10/01/2026 10:40:01,mhernandez,7152,00:03:40,00:07:30,220,450,Fuera de Tiempo,1,10,0,00:00:27,27,Logico,"61-180         ",61-180 - LAVATORIO MONOCOMANDO ALTO VERA,0,0,10/01/2026 13:35:06
14214445,10/01/2026 10:32:31,10/01/2026 10:40:01,mhernandez,7152,00:03:40,00:07:30,220,450,Fuera de Tiempo,8,10,0,00:00:27,27,Logico,"11030          ","PERCHA LINEA 11000                                                    ",0,0,10/01/2026 13:40:01
14214445,10/01/2026 10:32:31,10/01/2026 10:40:01,mhernandez,7152,00:03:40,00:07:30,220,450,Fuera de Tiempo,6,10,0,00:00:27,27,Logico,"RA771C         ",RA771C - CAMPANA C/BUJE LINEAS STD CROMO,0,0,10/01/2026 13:40:01
14214445,10/01/2026 10:32:31,10/01/2026 10:40:01,mhernandez,7152,00:03:40,00:07:30,220,450,Fuera de Tiempo,6,10,0,00:00:27,27,Logico,"RA714          ",RA714 - VOLANTE LAZA CROMO COMPLETO,0,0,10/01/2026 13:40:01
14214479,10/01/2026 10:33:33,10/01/2026 10:33:41,nievasm,7310,00:01:21,00:00:08,81,8,En Tiempo,2,1,0,00:01:29,89,Logico,"60-176         ","LAVATORIO MONOCOMANDO BAJO CR RIO                                     ",0,0,10/01/2026 13:33:41
14214582,10/01/2026 10:36:34,10/01/2026 10:36:48,nievasm,7310,00:01:21,00:00:14,81,14,En Tiempo,1,1,0,00:02:53,173,Logico,"11006          ","SET DE 6 PIEZAS LINEA 11000                                           ",0,0,10/01/2026 13:36:48
14214613,10/01/2026 10:37:16,10/01/2026 10:39:21,nievasm,7310,00:01:51,00:02:05,111,125,Fuera de Tiempo,5,2,0,00:00:28,28,Logico,"8060           ",8060 - PORTA CEPILLO LINEA 8000,0,0,10/01/2026 13:39:21
14214613,10/01/2026 10:37:16,10/01/2026 10:39:21,nievasm,7310,00:01:51,00:02:05,111,125,Fuera de Tiempo,5,2,0,00:00:28,28,Logico,"8030           ",8030 - PERCHA LINEA 8000,0,0,10/01/2026 13:39:21
14214746,10/01/2026 10:40:53,10/01/2026 10:43:00,nievasm,7310,00:01:21,00:02:07,81,127,Fuera de Tiempo,1,1,0,00:01:32,92,Logico,"84-190         ",84-190 - DUCHA EXTERIOR CON COLUMNA BLACK VELVET,0,0,10/01/2026 13:43:00
14214781,10/01/2026 10:42:13,10/01/2026 10:42:23,gsoderquvist,6415,00:01:21,00:00:10,81,10,En Tiempo,2,1,0,00:14:58,898,Excedido,"10040CR        ","PORTA ROLLO LINEA 10000 MINIMALISTA                                   ",0,0,10/01/2026 13:42:23
14214799,10/01/2026 10:43:05,10/01/2026 10:46:18,nievasm,7310,00:02:17,00:03:13,137,193,Fuera de Tiempo,1,5,0,00:00:05,5,Logico,"20-150         ",20-150 - MONOCOMANDO MESADA COCINA TOLEDO,0,0,10/01/2026 13:46:02
14214799,10/01/2026 10:43:05,10/01/2026 10:46:18,nievasm,7310,00:02:17,00:03:13,137,193,Fuera de Tiempo,1,5,0,00:00:05,5,Logico,"20-121         ",20-121 - COCINA MSDA MONOC.P. REDONDO MARBELLA,0,0,10/01/2026 13:46:02
14214799,10/01/2026 10:43:05,10/01/2026 10:46:18,nievasm,7310,00:02:17,00:03:13,137,193,Fuera de Tiempo,1,5,0,00:00:05,5,Logico,"20-184         ","MONOCOMANDO DE COCINA CR SUV                                          ",0,0,10/01/2026 13:46:02
14214799,10/01/2026 10:43:05,10/01/2026 10:46:18,nievasm,7310,00:02:17,00:03:13,137,193,Fuera de Tiempo,3,5,0,00:00:05,5,Logico,"20-134         ",20-134 - MONOCOMANDO COCINA BETIS,0,0,10/01/2026 13:46:18
14214799,10/01/2026 10:43:05,10/01/2026 10:46:18,nievasm,7310,00:02:17,00:03:13,137,193,Fuera de Tiempo,1,5,0,00:00:05,5,Logico,"83-133         ",83-133 - DUCHA EXT. C/TRANSF. MONOCOMANDO LUGO,0,0,10/01/2026 13:46:18
14214809,10/01/2026 10:43:20,10/01/2026 10:43:27,gsoderquvist,6415,00:01:38,00:00:07,98,7,En Tiempo,1,3,0,00:00:57,57,Logico,"70-100N        ",70-100N - BIDE BLACK C.CERAM FABRIC,0,0,10/01/2026 13:43:27
14214809,10/01/2026 10:43:20,10/01/2026 10:43:27,gsoderquvist,6415,00:01:38,00:00:07,98,7,En Tiempo,1,3,0,00:00:57,57,Logico,"60-100N        ",60-100N - LAVATORIO BLACK C.CERAM FABRIC,0,0,10/01/2026 13:43:27
14214809,10/01/2026 10:43:20,10/01/2026 10:43:27,gsoderquvist,6415,00:01:38,00:00:07,98,7,En Tiempo,1,3,0,00:00:57,57,Logico,"80-168N        ",80-168N - DUCHA EMB C/TRANSF MONOC BLACK WAVE,0,0,10/01/2026 13:43:27
14214942,10/01/2026 10:47:25,10/01/2026 10:50:57,mhernandez,7152,00:02:22,00:03:32,142,212,Fuera de Tiempo,4,5,0,00:07:24,444,Excedido,"61-203         ",61-203 - LAVATORIO MONOCOMANDO ALTO ADRA,0,0,10/01/2026 13:49:19
14214942,10/01/2026 10:47:25,10/01/2026 10:50:57,mhernandez,7152,00:02:22,00:03:32,142,212,Fuera de Tiempo,1,5,0,00:07:24,444,Excedido,"61-203         ",61-203 - LAVATORIO MONOCOMANDO ALTO ADRA,0,0,10/01/2026 13:49:48
14214942,10/01/2026 10:47:25,10/01/2026 10:50:57,mhernandez,7152,00:02:22,00:03:32,142,212,Fuera de Tiempo,2,5,0,00:07:24,444,Excedido,"60-100G        ",60-100G - LAVATORIO GOLD C.CERAM FABRIC,0,0,10/01/2026 13:49:48
14214942,10/01/2026 10:47:25,10/01/2026 10:50:57,mhernandez,7152,00:02:22,00:03:32,142,212,Fuera de Tiempo,1,5,0,00:07:24,444,Excedido,"60-190         ",60-190 - LAVATORIO C.CERAM BLACK VELVET,0,0,10/01/2026 13:49:48
14214942,10/01/2026 10:47:25,10/01/2026 10:50:57,mhernandez,7152,00:02:22,00:03:32,142,212,Fuera de Tiempo,2,5,0,00:07:24,444,Excedido,"60-190         ",60-190 - LAVATORIO C.CERAM BLACK VELVET,0,0,10/01/2026 13:49:56
14214942,10/01/2026 10:47:25,10/01/2026 10:50:57,mhernandez,7152,00:02:22,00:03:32,142,212,Fuera de Tiempo,2,5,0,00:07:24,444,Excedido,"51-190         ",51-190 - MESADA BIMANDO C.CERAM BLACK VELVET,0,0,10/01/2026 13:50:47
14214942,10/01/2026 10:47:25,10/01/2026 10:50:57,mhernandez,7152,00:02:22,00:03:32,142,212,Fuera de Tiempo,3,5,0,00:07:24,444,Excedido,"85-190         ",85-190 - DUCHA EMB C/TRANSF Y DUCHADOR CR C.CERAM BLACK VELVET,0,0,10/01/2026 13:50:57
14214978,10/01/2026 10:48:32,10/01/2026 10:51:27,nievasm,7310,00:02:07,00:02:55,127,175,Fuera de Tiempo,1,5,0,00:02:14,134,Logico,"63-192         ",63-192 - LAVATORIO PARED EMBUTIR MONOCOMANDO SORIA BLACK,0,0,10/01/2026 13:51:27
14214978,10/01/2026 10:48:32,10/01/2026 10:51:27,nievasm,7310,00:02:07,00:02:55,127,175,Fuera de Tiempo,1,5,0,00:02:14,134,Logico,"70-192         ",70-192 - BIDE SORIA BLACK,0,0,10/01/2026 13:51:27
14214978,10/01/2026 10:48:32,10/01/2026 10:51:27,nievasm,7310,00:02:07,00:02:55,127,175,Fuera de Tiempo,1,5,0,00:02:14,134,Logico,"80-192         ",80-192 - DUCHA EMB. C/TRANSF. SORIA BLACK,0,0,10/01/2026 13:51:27
14214978,10/01/2026 10:48:32,10/01/2026 10:51:27,nievasm,7310,00:02:07,00:02:55,127,175,Fuera de Tiempo,1,5,0,00:02:14,134,Logico,"60-200G        ",60-200G - LAVATORIO MONOC BAJO GOLD FABRIC,0,0,10/01/2026 13:51:27
14214978,10/01/2026 10:48:32,10/01/2026 10:51:27,nievasm,7310,00:02:07,00:02:55,127,175,Fuera de Tiempo,1,5,0,00:02:14,134,Logico,"70-200G        ",70-200G - BIDE MONOCOMANDO GOLD FABRIC,0,0,10/01/2026 13:51:27
14215057,10/01/2026 10:50:42,10/01/2026 10:54:59,gsoderquvist,6415,00:02:29,00:04:17,149,257,Fuera de Tiempo,1,5,0,00:07:15,435,Excedido,"AB-002         ",AB-002 - AGARRADERA ACERO INOX CROMADO 40 CM SAFE,0,0,10/01/2026 13:52:08
14215057,10/01/2026 10:50:42,10/01/2026 10:54:59,gsoderquvist,6415,00:02:29,00:04:17,149,257,Fuera de Tiempo,1,5,0,00:07:15,435,Excedido,"60-168N        ",60-168N - LAVATORIO MONOC BAJO BLACK WAVE,0,0,10/01/2026 13:52:08
14215057,10/01/2026 10:50:42,10/01/2026 10:54:59,gsoderquvist,6415,00:02:29,00:04:17,149,257,Fuera de Tiempo,2,5,0,00:07:15,435,Excedido,"61-168N        ",61-168N - LAVATORIO MONOC ALTO BLACK WAVE,0,0,10/01/2026 13:52:08
14215057,10/01/2026 10:50:42,10/01/2026 10:54:59,gsoderquvist,6415,00:02:29,00:04:17,149,257,Fuera de Tiempo,1,5,0,00:07:15,435,Excedido,"70-168N        ",70-168N - BIDE MONOC BLACK WAVE,0,0,10/01/2026 13:52:08
14215057,10/01/2026 10:50:42,10/01/2026 10:54:59,gsoderquvist,6415,00:02:29,00:04:17,149,257,Fuera de Tiempo,6,5,0,00:07:15,435,Excedido,"20-121         ",20-121 - COCINA MSDA MONOC.P. REDONDO MARBELLA,0,0,10/01/2026 13:54:43
14215057,10/01/2026 10:50:42,10/01/2026 10:54:59,gsoderquvist,6415,00:02:29,00:04:17,149,257,Fuera de Tiempo,6,5,0,00:07:15,435,Excedido,"20-121         ",20-121 - COCINA MSDA MONOC.P. REDONDO MARBELLA,0,0,10/01/2026 13:54:51
14215057,10/01/2026 10:50:42,10/01/2026 10:54:59,gsoderquvist,6415,00:02:29,00:04:17,149,257,Fuera de Tiempo,5,5,0,00:07:15,435,Excedido,"20-121         ",20-121 - COCINA MSDA MONOC.P. REDONDO MARBELLA,0,0,10/01/2026 13:54:59
14215102,10/01/2026 10:52:05,10/01/2026 10:59:59,nievasm,7310,00:03:09,00:07:54,189,474,Fuera de Tiempo,4,7,0,00:00:38,38,Logico,"60-133         ",60-133 - LAVATORIO MONOCOMANDO LUGO,0,0,10/01/2026 13:53:29
14215102,10/01/2026 10:52:05,10/01/2026 10:59:59,nievasm,7310,00:03:09,00:07:54,189,474,Fuera de Tiempo,4,7,0,00:00:38,38,Logico,"83-203         ",83-203 - DUCHA EXT C/TRANSF. MONOCOMANDO ADRA,0,0,10/01/2026 13:53:58
14215102,10/01/2026 10:52:05,10/01/2026 10:59:59,nievasm,7310,00:03:09,00:07:54,189,474,Fuera de Tiempo,2,7,0,00:00:38,38,Logico,"19010          ",19010 - TOALLERO BARRAL LINEA 19000,0,0,10/01/2026 13:59:59
14215102,10/01/2026 10:52:05,10/01/2026 10:59:59,nievasm,7310,00:03:09,00:07:54,189,474,Fuera de Tiempo,2,7,0,00:00:38,38,Logico,"A996           ",A996 - DUCHA 8' CUADRADA CR C/BRAZO Y CAMPANA,0,0,10/01/2026 13:59:59
14215102,10/01/2026 10:52:05,10/01/2026 10:59:59,nievasm,7310,00:03:09,00:07:54,189,474,Fuera de Tiempo,2,7,0,00:00:38,38,Logico,"16010BL        ",16010BL - TOALLERO BARRAL LINEA 16000 BLACK,0,0,10/01/2026 13:59:59
14215102,10/01/2026 10:52:05,10/01/2026 10:59:59,nievasm,7310,00:03:09,00:07:54,189,474,Fuera de Tiempo,2,7,0,00:00:38,38,Logico,"3010           ",3010 - TOALLERO BARRAL LINEA 3000,0,0,10/01/2026 13:59:59
14215102,10/01/2026 10:52:05,10/01/2026 10:59:59,nievasm,7310,00:03:09,00:07:54,189,474,Fuera de Tiempo,2,7,0,00:00:38,38,Logico,"20-205         ",20-205 - MONOCOMANDO DE COCINA STEEL,0,0,10/01/2026 13:59:59
14215143,10/01/2026 10:53:11,10/01/2026 10:55:54,mhernandez,7152,00:03:05,00:02:43,185,163,En Tiempo,1,7,0,00:02:14,134,Logico,"60-190         ",60-190 - LAVATORIO C.CERAM BLACK VELVET,0,0,10/01/2026 13:53:48
14215143,10/01/2026 10:53:11,10/01/2026 10:55:54,mhernandez,7152,00:03:05,00:02:43,185,163,En Tiempo,3,7,0,00:02:14,134,Logico,"60-100N        ",60-100N - LAVATORIO BLACK C.CERAM FABRIC,0,0,10/01/2026 13:53:48
14215143,10/01/2026 10:53:11,10/01/2026 10:55:54,mhernandez,7152,00:03:05,00:02:43,185,163,En Tiempo,1,7,0,00:02:14,134,Logico,"70-201NI       ",70-201NI - BIDE CR C.CERAM BEAT NICKEL,0,0,10/01/2026 13:54:34
14215143,10/01/2026 10:53:11,10/01/2026 10:55:54,mhernandez,7152,00:03:05,00:02:43,185,163,En Tiempo,1,7,0,00:02:14,134,Logico,"80-390         ",80-390 - DUCHA DE EMB 3 FUNCIONES BLACK VELVET,0,0,10/01/2026 13:54:34
14215143,10/01/2026 10:53:11,10/01/2026 10:55:54,mhernandez,7152,00:03:05,00:02:43,185,163,En Tiempo,4,7,0,00:02:14,134,Logico,"70-100N        ",70-100N - BIDE BLACK C.CERAM FABRIC,0,0,10/01/2026 13:54:34
14215143,10/01/2026 10:53:11,10/01/2026 10:55:54,mhernandez,7152,00:03:05,00:02:43,185,163,En Tiempo,1,7,0,00:02:14,134,Logico,"80-353NI       ",80-353NI - DUCHA DE EMB 3 FUNCIONES BEAT NICKEL,0,0,10/01/2026 13:55:54
14215143,10/01/2026 10:53:11,10/01/2026 10:55:54,mhernandez,7152,00:03:05,00:02:43,185,163,En Tiempo,3,7,0,00:02:14,134,Logico,"80-200N        ",80-200N - DUCHA EMB. MONOC. 3 FUNCIONES BLACK FABRIC,0,0,10/01/2026 13:55:54
14215281,10/01/2026 10:57:42,10/01/2026 11:02:05,mhernandez,7152,00:02:06,00:04:23,126,263,Fuera de Tiempo,1,4,0,00:01:48,108,Logico,"80-200G        ",80-200G - DUCHA EMB. MONOC. 3 FUNCIONES GOLD FABRIC,0,0,10/01/2026 13:58:10
14215281,10/01/2026 10:57:42,10/01/2026 11:02:05,mhernandez,7152,00:02:06,00:04:23,126,263,Fuera de Tiempo,2,4,0,00:01:48,108,Logico,"80-166         ","DUCHA EMB. C/TRANSF. CR C.CERAM ADRA PLUS                             ",0,0,10/01/2026 13:58:10
14215281,10/01/2026 10:57:42,10/01/2026 11:02:05,mhernandez,7152,00:02:06,00:04:23,126,263,Fuera de Tiempo,10,4,0,00:01:48,108,Logico,"60-162         ",60-162 - LAVATORIO CR C.CERAM LINEA ADRA,0,0,10/01/2026 13:59:30
14215281,10/01/2026 10:57:42,10/01/2026 11:02:05,mhernandez,7152,00:02:06,00:04:23,126,263,Fuera de Tiempo,5,4,0,00:01:48,108,Logico,"60-162         ",60-162 - LAVATORIO CR C.CERAM LINEA ADRA,0,0,10/01/2026 14:00:51
14215281,10/01/2026 10:57:42,10/01/2026 11:02:05,mhernandez,7152,00:02:06,00:04:23,126,263,Fuera de Tiempo,5,4,0,00:01:48,108,Logico,"70-162         ",70-162 - BIDE CR C.CERAM LINEA ADRA,0,0,10/01/2026 14:00:51
14215281,10/01/2026 10:57:42,10/01/2026 11:02:05,mhernandez,7152,00:02:06,00:04:23,126,263,Fuera de Tiempo,5,4,0,00:01:48,108,Logico,"70-162         ",70-162 - BIDE CR C.CERAM LINEA ADRA,0,0,10/01/2026 14:01:36
14215281,10/01/2026 10:57:42,10/01/2026 11:02:05,mhernandez,7152,00:02:06,00:04:23,126,263,Fuera de Tiempo,4,4,0,00:01:48,108,Logico,"80-166         ","DUCHA EMB. C/TRANSF. CR C.CERAM ADRA PLUS                             ",0,0,10/01/2026 14:01:57
14215281,10/01/2026 10:57:42,10/01/2026 11:02:05,mhernandez,7152,00:02:06,00:04:23,126,263,Fuera de Tiempo,4,4,0,00:01:48,108,Logico,"80-166         ","DUCHA EMB. C/TRANSF. CR C.CERAM ADRA PLUS                             ",0,0,10/01/2026 14:02:05
14215476,10/01/2026 11:03:43,10/01/2026 11:12:42,nievasm,7310,00:02:04,00:08:59,124,539,Fuera de Tiempo,5,4,0,00:03:44,224,Logico,"3006           ",3006 - SET DE 6 PIEZAS LINEA 3000,0,0,10/01/2026 14:09:15
14215476,10/01/2026 11:03:43,10/01/2026 11:12:42,nievasm,7310,00:02:04,00:08:59,124,539,Fuera de Tiempo,6,4,0,00:03:44,224,Logico,"02-010         ","VALVULA P/INODORO TEMPORIZADA TECNO                                   ",0,0,10/01/2026 14:10:18
14215476,10/01/2026 11:03:43,10/01/2026 11:12:42,nievasm,7310,00:02:04,00:08:59,124,539,Fuera de Tiempo,5,4,0,00:03:44,224,Logico,"70-133         ",70-133 - BIDE MONOCOMANDO LUGO,0,0,10/01/2026 14:11:19
14215476,10/01/2026 11:03:43,10/01/2026 11:12:42,nievasm,7310,00:02:04,00:08:59,124,539,Fuera de Tiempo,5,4,0,00:03:44,224,Logico,"20-134         ",20-134 - MONOCOMANDO COCINA BETIS,0,0,10/01/2026 14:12:42
14215567,10/01/2026 11:07:08,10/01/2026 11:09:05,mhernandez,7152,00:03:14,00:01:57,194,117,En Tiempo,2,8,0,00:05:03,303,Logico,"80-200C        ",80-200C - DUCHA EMB. MONOC. 3 FUNCIONES CR FABRIC,0,0,10/01/2026 14:07:40
14215567,10/01/2026 11:07:08,10/01/2026 11:09:05,mhernandez,7152,00:03:14,00:01:57,194,117,En Tiempo,1,8,0,00:05:03,303,Logico,"80-200G        ",80-200G - DUCHA EMB. MONOC. 3 FUNCIONES GOLD FABRIC,0,0,10/01/2026 14:07:40
14215567,10/01/2026 11:07:08,10/01/2026 11:09:05,mhernandez,7152,00:03:14,00:01:57,194,117,En Tiempo,2,8,0,00:05:03,303,Logico,"80-168         ",80-168 - DUCHA EMB C/TRANSF MONOC CR WAVE,0,0,10/01/2026 14:08:03
14215567,10/01/2026 11:07:08,10/01/2026 11:09:05,mhernandez,7152,00:03:14,00:01:57,194,117,En Tiempo,1,8,0,00:05:03,303,Logico,"80-200G        ",80-200G - DUCHA EMB. MONOC. 3 FUNCIONES GOLD FABRIC,0,0,10/01/2026 14:08:03
14215567,10/01/2026 11:07:08,10/01/2026 11:09:05,mhernandez,7152,00:03:14,00:01:57,194,117,En Tiempo,1,8,0,00:05:03,303,Logico,"60-100N        ",60-100N - LAVATORIO BLACK C.CERAM FABRIC,0,0,10/01/2026 14:08:31
14215567,10/01/2026 11:07:08,10/01/2026 11:09:05,mhernandez,7152,00:03:14,00:01:57,194,117,En Tiempo,1,8,0,00:05:03,303,Logico,"60-175GR       ",60-175GR - LAVATORIO PULSE GRAFITO C.CERAM,0,0,10/01/2026 14:08:31
14215567,10/01/2026 11:07:08,10/01/2026 11:09:05,mhernandez,7152,00:03:14,00:01:57,194,117,En Tiempo,1,8,0,00:05:03,303,Logico,"70-100N        ",70-100N - BIDE BLACK C.CERAM FABRIC,0,0,10/01/2026 14:09:05
14215567,10/01/2026 11:07:08,10/01/2026 11:09:05,mhernandez,7152,00:03:14,00:01:57,194,117,En Tiempo,3,8,0,00:05:03,303,Logico,"62-100G        ",62-100G - LAVATORIO DE PARED GOLD C.CERAM FABRIC,0,0,10/01/2026 14:09:05
14215567,10/01/2026 11:07:08,10/01/2026 11:09:05,mhernandez,7152,00:03:14,00:01:57,194,117,En Tiempo,2,8,0,00:05:03,303,Logico,"62-100N        ",62-100N - LAVATORIO DE PARED BLACK C.CERAM FABRIC,0,0,10/01/2026 14:09:05
14215659,10/01/2026 11:09:21,10/01/2026 11:10:58,mhernandez,7152,00:02:02,00:01:37,122,97,En Tiempo,3,3,0,00:00:16,16,Logico,"80-200G        ",80-200G - DUCHA EMB. MONOC. 3 FUNCIONES GOLD FABRIC,0,0,10/01/2026 14:09:44
14215659,10/01/2026 11:09:21,10/01/2026 11:10:58,mhernandez,7152,00:02:02,00:01:37,122,97,En Tiempo,2,3,0,00:00:16,16,Logico,"80-200G        ",80-200G - DUCHA EMB. MONOC. 3 FUNCIONES GOLD FABRIC,0,0,10/01/2026 14:10:00
14215659,10/01/2026 11:09:21,10/01/2026 11:10:58,mhernandez,7152,00:02:02,00:01:37,122,97,En Tiempo,1,3,0,00:00:16,16,Logico,"80-200N        ",80-200N - DUCHA EMB. MONOC. 3 FUNCIONES BLACK FABRIC,0,0,10/01/2026 14:10:00
14215659,10/01/2026 11:09:21,10/01/2026 11:10:58,mhernandez,7152,00:02:02,00:01:37,122,97,En Tiempo,3,3,0,00:00:16,16,Logico,"80-200N        ",80-200N - DUCHA EMB. MONOC. 3 FUNCIONES BLACK FABRIC,0,0,10/01/2026 14:10:38
14215659,10/01/2026 11:09:21,10/01/2026 11:10:58,mhernandez,7152,00:02:02,00:01:37,122,97,En Tiempo,2,3,0,00:00:16,16,Logico,"80-200C        ",80-200C - DUCHA EMB. MONOC. 3 FUNCIONES CR FABRIC,0,0,10/01/2026 14:10:58
14215659,10/01/2026 11:09:21,10/01/2026 11:10:58,mhernandez,7152,00:02:02,00:01:37,122,97,En Tiempo,1,3,0,00:00:16,16,Logico,"80-200N        ",80-200N - DUCHA EMB. MONOC. 3 FUNCIONES BLACK FABRIC,0,0,10/01/2026 14:10:58
14215799,10/01/2026 11:12:50,10/01/2026 11:15:37,mhernandez,7152,00:03:05,00:02:47,185,167,En Tiempo,2,7,0,00:01:52,112,Logico,"60-175G        ",60-175G - LAVATORIO GOLD C.CERAM PULSE,0,0,10/01/2026 14:13:40
14215799,10/01/2026 11:12:50,10/01/2026 11:15:37,mhernandez,7152,00:03:05,00:02:47,185,167,En Tiempo,2,7,0,00:01:52,112,Logico,"70-100C        ",70-100C - BIDE CR C.CERAM FABRIC,0,0,10/01/2026 14:14:35
14215799,10/01/2026 11:12:50,10/01/2026 11:15:37,mhernandez,7152,00:03:05,00:02:47,185,167,En Tiempo,2,7,0,00:01:52,112,Logico,"62-175G        ",62-175G - LAVATORIO DE PARED GOLD C.CERAM PULSE,0,0,10/01/2026 14:14:35
14215799,10/01/2026 11:12:50,10/01/2026 11:15:37,mhernandez,7152,00:03:05,00:02:47,185,167,En Tiempo,2,7,0,00:01:52,112,Logico,"70-175DG       ",70-175DG - BIDE PULSE DARK GOLD C.CERAM,0,0,10/01/2026 14:14:35
14215799,10/01/2026 11:12:50,10/01/2026 11:15:37,mhernandez,7152,00:03:05,00:02:47,185,167,En Tiempo,3,7,0,00:01:52,112,Logico,"A1539G         ","TAPA Y TECLA PARA VALVULA DE DESCARGA CUADRADA MINIMALISTA GOLD       ",0,0,10/01/2026 14:14:35
14215799,10/01/2026 11:12:50,10/01/2026 11:15:37,mhernandez,7152,00:03:05,00:02:47,185,167,En Tiempo,2,7,0,00:01:52,112,Logico,"80-175DG       ",80-175DG - DUCHA EMB C/TRANSF. PULSE DARK GOLD C.CERAM,0,0,10/01/2026 14:15:37
14215799,10/01/2026 11:12:50,10/01/2026 11:15:37,mhernandez,7152,00:03:05,00:02:47,185,167,En Tiempo,2,7,0,00:01:52,112,Logico,"80-175G        ",80-175G - DUCHA EMB C/TRANSF. GOLD C.CERAM PULSE,0,0,10/01/2026 14:15:37
14215813,10/01/2026 11:13:06,10/01/2026 11:17:20,nievasm,7310,00:02:02,00:04:14,122,254,Fuera de Tiempo,5,3,0,00:00:24,24,Logico,"20-134         ",20-134 - MONOCOMANDO COCINA BETIS,0,0,10/01/2026 14:16:17
14215813,10/01/2026 11:13:06,10/01/2026 11:17:20,nievasm,7310,00:02:02,00:04:14,122,254,Fuera de Tiempo,1,3,0,00:00:24,24,Logico,"RA875          ",RA875 - 10 TUBOS CONEXION P/ BIDET,0,0,10/01/2026 14:17:20
14215813,10/01/2026 11:13:06,10/01/2026 11:17:20,nievasm,7310,00:02:02,00:04:14,122,254,Fuera de Tiempo,5,3,0,00:00:24,24,Logico,"54-203         ","COCINA PARED EXT C.CERAM ADRA MONOCOMANDO                             ",0,0,10/01/2026 14:17:20
14215825,10/01/2026 11:13:15,10/01/2026 11:17:54,nievasm,7310,00:03:14,00:04:39,194,279,Fuera de Tiempo,1,7,0,23:55:55,-245,Logico,"61-180         ",61-180 - LAVATORIO MONOCOMANDO ALTO VERA,0,0,10/01/2026 14:13:40
14215825,10/01/2026 11:13:15,10/01/2026 11:17:54,nievasm,7310,00:03:14,00:04:39,194,279,Fuera de Tiempo,5,7,0,23:55:55,-245,Logico,"05-010         ","LAVATORIO BAJO TEMPORIZADO TECNO                                      ",0,0,10/01/2026 14:13:40
14215825,10/01/2026 11:13:15,10/01/2026 11:17:54,nievasm,7310,00:03:14,00:04:39,194,279,Fuera de Tiempo,5,7,0,23:55:55,-245,Logico,"20-134         ",20-134 - MONOCOMANDO COCINA BETIS,0,0,10/01/2026 14:15:11
14215825,10/01/2026 11:13:15,10/01/2026 11:17:54,nievasm,7310,00:03:14,00:04:39,194,279,Fuera de Tiempo,5,7,0,23:55:55,-245,Logico,"03-010         ","LAVATORIO ALTO TEMPORIZADO TECNO                                      ",0,0,10/01/2026 14:17:55
14215825,10/01/2026 11:13:15,10/01/2026 11:17:54,nievasm,7310,00:03:14,00:04:39,194,279,Fuera de Tiempo,1,7,0,23:55:55,-245,Logico,"20-121         ",20-121 - COCINA MSDA MONOC.P. REDONDO MARBELLA,0,0,10/01/2026 14:17:55
14215825,10/01/2026 11:13:15,10/01/2026 11:17:54,nievasm,7310,00:03:14,00:04:39,194,279,Fuera de Tiempo,1,7,0,23:55:55,-245,Logico,"20-146         ",20-146 - MONOCOMANDO DE COCINA CR LINEA MOVE,0,0,10/01/2026 14:17:55
14215825,10/01/2026 11:13:15,10/01/2026 11:17:54,nievasm,7310,00:03:14,00:04:39,194,279,Fuera de Tiempo,1,7,0,23:55:55,-245,Logico,"80-180         ",80-180 - DUCHA EMB. C/TRANSF. MONOCOMANDO VERA,0,0,10/01/2026 14:17:55
14216016,10/01/2026 11:18:16,10/01/2026 11:27:32,gsoderquvist,6415,00:02:29,00:09:16,149,556,Fuera de Tiempo,6,5,0,00:23:17,1397,Excedido,"20030DG        ",20030DG - PERCHA DARK GOLD LINEA PULSE,0,0,10/01/2026 14:22:44
14216016,10/01/2026 11:18:16,10/01/2026 11:27:32,gsoderquvist,6415,00:02:29,00:09:16,149,556,Fuera de Tiempo,3,5,0,00:23:17,1397,Excedido,"16006BL        ",16006BL - SET 6 PIEZAS ACCESORIOS LINEA 16000 BLACK,0,0,10/01/2026 14:22:44
14216016,10/01/2026 11:18:16,10/01/2026 11:27:32,gsoderquvist,6415,00:02:29,00:09:16,149,556,Fuera de Tiempo,3,5,0,00:23:17,1397,Excedido,"20010DG        ",20010DG - TOALLERO BARRAL DARK GOLD LINEA PULSE,0,0,10/01/2026 14:22:44
14216016,10/01/2026 11:18:16,10/01/2026 11:27:32,gsoderquvist,6415,00:02:29,00:09:16,149,556,Fuera de Tiempo,5,5,0,00:23:17,1397,Excedido,"63-176N        ","LAVATORIO PARED EMB MONOC BLACK RIO                                   ",0,0,10/01/2026 14:24:06
14216016,10/01/2026 11:18:16,10/01/2026 11:27:32,gsoderquvist,6415,00:02:29,00:09:16,149,556,Fuera de Tiempo,6,5,0,00:23:17,1397,Excedido,"20040DG        ",20040DG - PORTA ROLLO DARK GOLD LINEA PULSE,0,0,10/01/2026 14:27:32
14216318,10/01/2026 11:27:15,10/01/2026 11:44:13,nievasm,7310,00:02:02,00:16:58,122,1018,Fuera de Tiempo,2,3,0,00:09:20,560,Excedido,"10010CR        ","TOALLERO BARRAL LINEA 10000 MINIMALISTA                               ",0,0,10/01/2026 14:40:57
14216318,10/01/2026 11:27:15,10/01/2026 11:44:13,nievasm,7310,00:02:02,00:16:58,122,1018,Fuera de Tiempo,6,3,0,00:09:20,560,Excedido,"10030CR        ","PERCHA LINEA 10000 MINIMALISTA                                        ",0,0,10/01/2026 14:40:57
14216318,10/01/2026 11:27:15,10/01/2026 11:44:13,nievasm,7310,00:02:02,00:16:58,122,1018,Fuera de Tiempo,5,3,0,00:09:20,560,Excedido,"60-200C        ",60-200C - LAVATORIO MONOC BAJO CR FABRIC,0,0,10/01/2026 14:44:13
14216585,10/01/2026 11:34:07,10/01/2026 11:34:18,gsoderquvist,6415,00:01:41,00:00:11,101,11,En Tiempo,10,1,0,00:06:35,395,Excedido,"20-134         ",20-134 - MONOCOMANDO COCINA BETIS,0,0,10/01/2026 14:34:18
14217096,10/01/2026 11:48:01,10/01/2026 11:51:36,nievasm,7310,00:02:00,00:03:35,120,215,Fuera de Tiempo,2,4,0,00:03:48,228,Logico,"17010N         ",17010N - TOALLERO BARRAL LINEA FABRIC BLACK,0,0,10/01/2026 14:48:27
14217096,10/01/2026 11:48:01,10/01/2026 11:51:36,nievasm,7310,00:02:00,00:03:35,120,215,Fuera de Tiempo,3,4,0,00:03:48,228,Logico,"17040N         ",17040N - PORTA ROLLO LINEA FABRIC BLACK,0,0,10/01/2026 14:48:27
14217096,10/01/2026 11:48:01,10/01/2026 11:51:36,nievasm,7310,00:02:00,00:03:35,120,215,Fuera de Tiempo,1,4,0,00:03:48,228,Logico,"AB-002         ",AB-002 - AGARRADERA ACERO INOX CROMADO 40 CM SAFE,0,0,10/01/2026 14:51:36
14217096,10/01/2026 11:48:01,10/01/2026 11:51:36,nievasm,7310,00:02:00,00:03:35,120,215,Fuera de Tiempo,1,4,0,00:03:48,228,Logico,"A1452NI        ",A1452NI - CAÑO DE DUCHA RECTO 150 MM NICKEL C/BLISTER,0,0,10/01/2026 14:51:36
14217298,10/01/2026 11:53:37,10/01/2026 12:02:10,nievasm,7310,00:03:17,00:08:33,197,513,Fuera de Tiempo,1,9,0,00:02:01,121,Logico,"17020G         ",17020G - TOALLERO DE ARO LINEA FABRIC GOLD,0,0,10/01/2026 14:54:27
14217298,10/01/2026 11:53:37,10/01/2026 12:02:10,nievasm,7310,00:03:17,00:08:33,197,513,Fuera de Tiempo,3,9,0,00:02:01,121,Logico,"17040G         ",17040G - PORTA ROLLO LINEA FABRIC GOLD,0,0,10/01/2026 14:54:27
14217298,10/01/2026 11:53:37,10/01/2026 12:02:10,nievasm,7310,00:03:17,00:08:33,197,513,Fuera de Tiempo,4,9,0,00:02:01,121,Logico,"16030          ",16030 - PERCHA LINEA 16000,0,0,10/01/2026 14:55:30
14217298,10/01/2026 11:53:37,10/01/2026 12:02:10,nievasm,7310,00:03:17,00:08:33,197,513,Fuera de Tiempo,1,9,0,00:02:01,121,Logico,"16040          ",16040 - PORTA ROLLO ACCESORIOS LINEA 16000,0,0,10/01/2026 14:55:30
14217298,10/01/2026 11:53:37,10/01/2026 12:02:10,nievasm,7310,00:03:17,00:08:33,197,513,Fuera de Tiempo,4,9,0,00:02:01,121,Logico,"17030G         ",17030G - PERCHA LINEA FABRIC GOLD,0,0,10/01/2026 14:55:30
14217298,10/01/2026 11:53:37,10/01/2026 12:02:10,nievasm,7310,00:03:17,00:08:33,197,513,Fuera de Tiempo,2,9,0,00:02:01,121,Logico,"20-205         ",20-205 - MONOCOMANDO DE COCINA STEEL,0,0,10/01/2026 15:01:44
14217298,10/01/2026 11:53:37,10/01/2026 12:02:10,nievasm,7310,00:03:17,00:08:33,197,513,Fuera de Tiempo,2,9,0,00:02:01,121,Logico,"70-152         ",70-152 - BIDE MONOCOMANDO CR C/TRANSFERENCIA SORIA,0,0,10/01/2026 15:01:44
14217298,10/01/2026 11:53:37,10/01/2026 12:02:10,nievasm,7310,00:03:17,00:08:33,197,513,Fuera de Tiempo,1,9,0,00:02:01,121,Logico,"22-178         ",22-178 - MONOCOMANDO DE COCINA P/AGUA FILTRADA VITA,0,0,10/01/2026 15:01:44
14217298,10/01/2026 11:53:37,10/01/2026 12:02:10,nievasm,7310,00:03:17,00:08:33,197,513,Fuera de Tiempo,1,9,0,00:02:01,121,Logico,"17040G         ",17040G - PORTA ROLLO LINEA FABRIC GOLD,0,0,10/01/2026 15:01:44
14217298,10/01/2026 11:53:37,10/01/2026 12:02:10,nievasm,7310,00:03:17,00:08:33,197,513,Fuera de Tiempo,1,9,0,00:02:01,121,Logico,"17010G         ",17010G - TOALLERO BARRAL LINEA FABRIC GOLD,0,0,10/01/2026 15:02:10
14217437,10/01/2026 11:57:45,10/01/2026 11:57:54,gsoderquvist,6415,00:01:38,00:00:09,98,9,En Tiempo,1,3,0,00:23:27,1407,Excedido,"85-168         ",85-168 - DUCHA MONOC C/TRANSF Y DUCHADOR CR WAVE,0,0,10/01/2026 14:57:54
14217437,10/01/2026 11:57:45,10/01/2026 11:57:54,gsoderquvist,6415,00:01:38,00:00:09,98,9,En Tiempo,1,3,0,00:23:27,1407,Excedido,"61-203N        ","LAVATORIO MONOCOMANDO ALTO ADRA BLACK                                 ",0,0,10/01/2026 14:57:54
14217437,10/01/2026 11:57:45,10/01/2026 11:57:54,gsoderquvist,6415,00:01:38,00:00:09,98,9,En Tiempo,1,3,0,00:23:27,1407,Excedido,"60-203N        ","LAVATORIO MONOCOMANDO BAJO ADRA BLACK                                 ",0,0,10/01/2026 14:57:54
14217568,10/01/2026 12:01:39,10/01/2026 12:01:47,mhernandez,7152,00:01:38,00:00:08,98,8,En Tiempo,2,3,0,00:46:02,2762,Excedido,"70-199         ",70-199 - BIDE CR C.CERAM LIVE,0,0,10/01/2026 15:01:47
14217568,10/01/2026 12:01:39,10/01/2026 12:01:47,mhernandez,7152,00:01:38,00:00:08,98,8,En Tiempo,1,3,0,00:46:02,2762,Excedido,"60-162N        ",60-162N - LAVATORIO BLACK C.CERAM LINEA ADRA,0,0,10/01/2026 15:01:47
14217568,10/01/2026 12:01:39,10/01/2026 12:01:47,mhernandez,7152,00:01:38,00:00:08,98,8,En Tiempo,1,3,0,00:46:02,2762,Excedido,"70-162N        ",70-162N - BIDE BLACK C.CERAM LINEA ADRA,0,0,10/01/2026 15:01:47
14217591,10/01/2026 12:02:19,10/01/2026 12:02:41,mhernandez,7152,00:01:41,00:00:22,101,22,En Tiempo,8,1,0,00:00:32,32,Logico,"910/M          ","910/M - JGO.MDA.P.CANO CROMO ""DIQUE""",0,0,10/01/2026 15:02:41
14217628,10/01/2026 12:03:17,10/01/2026 12:03:34,mhernandez,7152,00:01:24,00:00:17,84,17,En Tiempo,5,1,0,00:00:36,36,Logico,"62-100N        ",62-100N - LAVATORIO DE PARED BLACK C.CERAM FABRIC,0,0,10/01/2026 15:03:34
14217644,10/01/2026 12:03:59,10/01/2026 12:04:21,mhernandez,7152,00:01:38,00:00:22,98,22,En Tiempo,1,3,0,00:00:25,25,Logico,"62-162N        ",62-162N - LAVATORIO DE PARED BLACK C.CERAM ADRA,0,0,10/01/2026 15:04:21
14217644,10/01/2026 12:03:59,10/01/2026 12:04:21,mhernandez,7152,00:01:38,00:00:22,98,22,En Tiempo,1,3,0,00:00:25,25,Logico,"62-175GR       ",62-175GR - LAVATORIO DE PARED PULSE GRAFITO C.CERAM,0,0,10/01/2026 15:04:21
14217644,10/01/2026 12:03:59,10/01/2026 12:04:21,mhernandez,7152,00:01:38,00:00:22,98,22,En Tiempo,1,3,0,00:00:25,25,Logico,"80-175GR       ",80-175GR - DUCHA EMB C/TRANSF. PULSE GRAFITO C.CERAM,0,0,10/01/2026 15:04:21
14217712,10/01/2026 12:06:51,10/01/2026 12:07:17,mhernandez,7152,00:01:29,00:00:26,89,26,En Tiempo,3,2,0,00:02:30,150,Logico,"80-200G        ",80-200G - DUCHA EMB. MONOC. 3 FUNCIONES GOLD FABRIC,0,0,10/01/2026 15:07:17
14217712,10/01/2026 12:06:51,10/01/2026 12:07:17,mhernandez,7152,00:01:29,00:00:26,89,26,En Tiempo,1,2,0,00:02:30,150,Logico,"85-168N        ",85-168N - DUCHA MONOC C/TRANSF Y DUCHADOR BLACK WAVE,0,0,10/01/2026 15:07:17
14217990,10/01/2026 12:17:32,10/01/2026 12:25:41,mhernandez,7152,00:02:31,00:08:09,151,489,Fuera de Tiempo,10,4,0,00:10:15,615,Excedido,"60-198         ",60-198 - LAVATORIO CR C.CERAM PURA,0,0,10/01/2026 15:17:47
14217990,10/01/2026 12:17:32,10/01/2026 12:25:41,mhernandez,7152,00:02:31,00:08:09,151,489,Fuera de Tiempo,10,4,0,00:10:15,615,Excedido,"60-198         ",60-198 - LAVATORIO CR C.CERAM PURA,0,0,10/01/2026 15:18:42
14217990,10/01/2026 12:17:32,10/01/2026 12:25:41,mhernandez,7152,00:02:31,00:08:09,151,489,Fuera de Tiempo,10,4,0,00:10:15,615,Excedido,"60-198         ",60-198 - LAVATORIO CR C.CERAM PURA,0,0,10/01/2026 15:19:19
14217990,10/01/2026 12:17:32,10/01/2026 12:25:41,mhernandez,7152,00:02:31,00:08:09,151,489,Fuera de Tiempo,10,4,0,00:10:15,615,Excedido,"60-198         ",60-198 - LAVATORIO CR C.CERAM PURA,0,0,10/01/2026 15:19:35
14217990,10/01/2026 12:17:32,10/01/2026 12:25:41,mhernandez,7152,00:02:31,00:08:09,151,489,Fuera de Tiempo,10,4,0,00:10:15,615,Excedido,"60-198         ",60-198 - LAVATORIO CR C.CERAM PURA,0,0,10/01/2026 15:20:18
14217990,10/01/2026 12:17:32,10/01/2026 12:25:41,mhernandez,7152,00:02:31,00:08:09,151,489,Fuera de Tiempo,10,4,0,00:10:15,615,Excedido,"60-198         ",60-198 - LAVATORIO CR C.CERAM PURA,0,0,10/01/2026 15:21:37
14217990,10/01/2026 12:17:32,10/01/2026 12:25:41,mhernandez,7152,00:02:31,00:08:09,151,489,Fuera de Tiempo,10,4,0,00:10:15,615,Excedido,"60-198         ",60-198 - LAVATORIO CR C.CERAM PURA,0,0,10/01/2026 15:22:18
14217990,10/01/2026 12:17:32,10/01/2026 12:25:41,mhernandez,7152,00:02:31,00:08:09,151,489,Fuera de Tiempo,10,4,0,00:10:15,615,Excedido,"60-198         ",60-198 - LAVATORIO CR C.CERAM PURA,0,0,10/01/2026 15:23:05
14217990,10/01/2026 12:17:32,10/01/2026 12:25:41,mhernandez,7152,00:02:31,00:08:09,151,489,Fuera de Tiempo,10,4,0,00:10:15,615,Excedido,"60-198         ",60-198 - LAVATORIO CR C.CERAM PURA,0,0,10/01/2026 15:23:51
14217990,10/01/2026 12:17:32,10/01/2026 12:25:41,mhernandez,7152,00:02:31,00:08:09,151,489,Fuera de Tiempo,10,4,0,00:10:15,615,Excedido,"60-198         ",60-198 - LAVATORIO CR C.CERAM PURA,0,0,10/01/2026 15:24:38
14217990,10/01/2026 12:17:32,10/01/2026 12:25:41,mhernandez,7152,00:02:31,00:08:09,151,489,Fuera de Tiempo,8,4,0,00:10:15,615,Excedido,"70-196         ",70-196 - BIDE CR C.CERAM LOOP,0,0,10/01/2026 15:25:28
14217990,10/01/2026 12:17:32,10/01/2026 12:25:41,mhernandez,7152,00:02:31,00:08:09,151,489,Fuera de Tiempo,2,4,0,00:10:15,615,Excedido,"60-196         ",60-196 - LAVATORIO CR C.CERAM LOOP,0,0,10/01/2026 15:25:28
14217990,10/01/2026 12:17:32,10/01/2026 12:25:41,mhernandez,7152,00:02:31,00:08:09,151,489,Fuera de Tiempo,1,4,0,00:10:15,615,Excedido,"60-196         ",60-196 - LAVATORIO CR C.CERAM LOOP,0,0,10/01/2026 15:25:41
14217990,10/01/2026 12:17:32,10/01/2026 12:25:41,mhernandez,7152,00:02:31,00:08:09,151,489,Fuera de Tiempo,5,4,0,00:10:15,615,Excedido,"62-196         ",62-196 - LAVATORIO DE PARED CR C.CERAM LOOP,0,0,10/01/2026 15:25:41
14218243,10/01/2026 12:28:02,10/01/2026 12:39:45,mhernandez,7152,00:02:16,00:11:43,136,703,Fuera de Tiempo,4,2,0,00:02:21,141,Logico,"80-198         ",80-198 - DUCHA EMB. C/TRANSF. CR C.CERAM PURA,0,0,10/01/2026 15:28:36
14218243,10/01/2026 12:28:02,10/01/2026 12:39:45,mhernandez,7152,00:02:16,00:11:43,136,703,Fuera de Tiempo,4,2,0,00:02:21,141,Logico,"80-198         ",80-198 - DUCHA EMB. C/TRANSF. CR C.CERAM PURA,0,0,10/01/2026 15:29:08
14218243,10/01/2026 12:28:02,10/01/2026 12:39:45,mhernandez,7152,00:02:16,00:11:43,136,703,Fuera de Tiempo,4,2,0,00:02:21,141,Logico,"80-198         ",80-198 - DUCHA EMB. C/TRANSF. CR C.CERAM PURA,0,0,10/01/2026 15:29:54
14218243,10/01/2026 12:28:02,10/01/2026 12:39:45,mhernandez,7152,00:02:16,00:11:43,136,703,Fuera de Tiempo,4,2,0,00:02:21,141,Logico,"80-198         ",80-198 - DUCHA EMB. C/TRANSF. CR C.CERAM PURA,0,0,10/01/2026 15:31:56
14218243,10/01/2026 12:28:02,10/01/2026 12:39:45,mhernandez,7152,00:02:16,00:11:43,136,703,Fuera de Tiempo,4,2,0,00:02:21,141,Logico,"80-198         ",80-198 - DUCHA EMB. C/TRANSF. CR C.CERAM PURA,0,0,10/01/2026 15:32:24
14218243,10/01/2026 12:28:02,10/01/2026 12:39:45,mhernandez,7152,00:02:16,00:11:43,136,703,Fuera de Tiempo,4,2,0,00:02:21,141,Logico,"80-198         ",80-198 - DUCHA EMB. C/TRANSF. CR C.CERAM PURA,0,0,10/01/2026 15:32:53
14218243,10/01/2026 12:28:02,10/01/2026 12:39:45,mhernandez,7152,00:02:16,00:11:43,136,703,Fuera de Tiempo,4,2,0,00:02:21,141,Logico,"80-198         ",80-198 - DUCHA EMB. C/TRANSF. CR C.CERAM PURA,0,0,10/01/2026 15:33:59
14218243,10/01/2026 12:28:02,10/01/2026 12:39:45,mhernandez,7152,00:02:16,00:11:43,136,703,Fuera de Tiempo,3,2,0,00:02:21,141,Logico,"80-198         ",80-198 - DUCHA EMB. C/TRANSF. CR C.CERAM PURA,0,0,10/01/2026 15:34:42
14218243,10/01/2026 12:28:02,10/01/2026 12:39:45,mhernandez,7152,00:02:16,00:11:43,136,703,Fuera de Tiempo,10,2,0,00:02:21,141,Logico,"70-198         ",70-198 - BIDE CR C.CERAM PURA,0,0,10/01/2026 15:35:23
14218243,10/01/2026 12:28:02,10/01/2026 12:39:45,mhernandez,7152,00:02:16,00:11:43,136,703,Fuera de Tiempo,10,2,0,00:02:21,141,Logico,"70-198         ",70-198 - BIDE CR C.CERAM PURA,0,0,10/01/2026 15:35:59
14218243,10/01/2026 12:28:02,10/01/2026 12:39:45,mhernandez,7152,00:02:16,00:11:43,136,703,Fuera de Tiempo,10,2,0,00:02:21,141,Logico,"70-198         ",70-198 - BIDE CR C.CERAM PURA,0,0,10/01/2026 15:36:36
14218243,10/01/2026 12:28:02,10/01/2026 12:39:45,mhernandez,7152,00:02:16,00:11:43,136,703,Fuera de Tiempo,10,2,0,00:02:21,141,Logico,"70-198         ",70-198 - BIDE CR C.CERAM PURA,0,0,10/01/2026 15:37:10
14218243,10/01/2026 12:28:02,10/01/2026 12:39:45,mhernandez,7152,00:02:16,00:11:43,136,703,Fuera de Tiempo,10,2,0,00:02:21,141,Logico,"70-198         ",70-198 - BIDE CR C.CERAM PURA,0,0,10/01/2026 15:37:49
14218243,10/01/2026 12:28:02,10/01/2026 12:39:45,mhernandez,7152,00:02:16,00:11:43,136,703,Fuera de Tiempo,10,2,0,00:02:21,141,Logico,"70-198         ",70-198 - BIDE CR C.CERAM PURA,0,0,10/01/2026 15:38:33
14218243,10/01/2026 12:28:02,10/01/2026 12:39:45,mhernandez,7152,00:02:16,00:11:43,136,703,Fuera de Tiempo,10,2,0,00:02:21,141,Logico,"70-198         ",70-198 - BIDE CR C.CERAM PURA,0,0,10/01/2026 15:39:10
14218243,10/01/2026 12:28:02,10/01/2026 12:39:45,mhernandez,7152,00:02:16,00:11:43,136,703,Fuera de Tiempo,10,2,0,00:02:21,141,Logico,"70-198         ",70-198 - BIDE CR C.CERAM PURA,0,0,10/01/2026 15:39:45
14218468,10/01/2026 12:36:48,10/01/2026 12:37:30,rodriguezt,6419,00:04:45,00:00:42,285,42,En Tiempo,1,24,0,,,Excedido,"60-181G        ","LAVATORIO MONOC BAJO GOLD ESENCIA                                     ",0,0,10/01/2026 15:37:30
14218468,10/01/2026 12:36:48,10/01/2026 12:37:30,rodriguezt,6419,00:04:45,00:00:42,285,42,En Tiempo,1,24,0,,,Excedido,"61-181G        ","LAVATORIO MONOC ALTO GOLD ESENCIA                                     ",0,0,10/01/2026 15:37:30
14218468,10/01/2026 12:36:48,10/01/2026 12:37:30,rodriguezt,6419,00:04:45,00:00:42,285,42,En Tiempo,1,24,0,,,Excedido,"62-181G        ","LAVATORIO PARED EMB MONOC GOLD ESENCIA                                ",0,0,10/01/2026 15:37:30
14218468,10/01/2026 12:36:48,10/01/2026 12:37:30,rodriguezt,6419,00:04:45,00:00:42,285,42,En Tiempo,1,24,0,,,Excedido,"20-168         ",20-168 - MONOCOMANDO COCINA CR WAVE,0,0,10/01/2026 15:37:30
14218468,10/01/2026 12:36:48,10/01/2026 12:37:30,rodriguezt,6419,00:04:45,00:00:42,285,42,En Tiempo,2,24,0,,,Excedido,"61-168         ",61-168 - LAVATORIO MONOC ALTO CR WAVE,0,0,10/01/2026 15:37:30
14218468,10/01/2026 12:36:48,10/01/2026 12:37:30,rodriguezt,6419,00:04:45,00:00:42,285,42,En Tiempo,1,24,0,,,Excedido,"63-168         ",63-168 - LAVATORIO PARED EMB MONOC CR WAVE,0,0,10/01/2026 15:37:30
14218468,10/01/2026 12:36:48,10/01/2026 12:37:30,rodriguezt,6419,00:04:45,00:00:42,285,42,En Tiempo,2,24,0,,,Excedido,"60-168         ",60-168 - LAVATORIO MONOC BAJO CR WAVE,0,0,10/01/2026 15:37:30
14218468,10/01/2026 12:36:48,10/01/2026 12:37:30,rodriguezt,6419,00:04:45,00:00:42,285,42,En Tiempo,1,24,0,,,Excedido,"80-193         ",80-193 - DUCHA EMB. C/TRANSF. MONOCOMANDO MORA,0,0,10/01/2026 15:37:30
14218468,10/01/2026 12:36:48,10/01/2026 12:37:30,rodriguezt,6419,00:04:45,00:00:42,285,42,En Tiempo,1,24,0,,,Excedido,"20-184         ","MONOCOMANDO DE COCINA CR SUV                                          ",0,0,10/01/2026 15:37:30
14218468,10/01/2026 12:36:48,10/01/2026 12:37:30,rodriguezt,6419,00:04:45,00:00:42,285,42,En Tiempo,1,24,0,,,Excedido,"84-203ST       ","DUCHA EXT C/COLUMNA CR ADRA                                           ",0,0,10/01/2026 15:37:30
14218468,10/01/2026 12:36:48,10/01/2026 12:37:30,rodriguezt,6419,00:04:45,00:00:42,285,42,En Tiempo,1,24,0,,,Excedido,"84-203         ","DUCHA EXT C/COLUMNA Y TRANSF CR ADRA                                  ",0,0,10/01/2026 15:37:30
14218468,10/01/2026 12:36:48,10/01/2026 12:37:30,rodriguezt,6419,00:04:45,00:00:42,285,42,En Tiempo,1,24,0,,,Excedido,"83-203N        ",83-203N - DUCHA EXT C/TRANSF. MONOCOMANDO ADRA BLACK,0,0,10/01/2026 15:37:30
14218468,10/01/2026 12:36:48,10/01/2026 12:37:30,rodriguezt,6419,00:04:45,00:00:42,285,42,En Tiempo,1,24,0,,,Excedido,"80-181G        ","DUCHA EMB. C/TRANSF. MONOC GOLD ESENCIA                               ",0,0,10/01/2026 15:37:30
14218468,10/01/2026 12:36:48,10/01/2026 12:37:30,rodriguezt,6419,00:04:45,00:00:42,285,42,En Tiempo,3,24,0,,,Excedido,"60-176         ","LAVATORIO MONOCOMANDO BAJO CR RIO                                     ",0,0,10/01/2026 15:37:30
14218468,10/01/2026 12:36:48,10/01/2026 12:37:30,rodriguezt,6419,00:04:45,00:00:42,285,42,En Tiempo,1,24,0,,,Excedido,"80-176         ",80-176 - DUCHA EMB C/TRANSF MONOC CR RIO,0,0,10/01/2026 15:37:30
14218468,10/01/2026 12:36:48,10/01/2026 12:37:30,rodriguezt,6419,00:04:45,00:00:42,285,42,En Tiempo,1,24,0,,,Excedido,"61-176         ",61-176 - LAVATORIO MONOC ALTO CR RIO,0,0,10/01/2026 15:37:30
14218468,10/01/2026 12:36:48,10/01/2026 12:37:30,rodriguezt,6419,00:04:45,00:00:42,285,42,En Tiempo,1,24,0,,,Excedido,"20-147         ",20-147 - MONOCOMANDO DE COCINA SWIFT,0,0,10/01/2026 15:37:30
14218468,10/01/2026 12:36:48,10/01/2026 12:37:30,rodriguezt,6419,00:04:45,00:00:42,285,42,En Tiempo,2,24,0,,,Excedido,"20-205         ",20-205 - MONOCOMANDO DE COCINA STEEL,0,0,10/01/2026 15:37:30
14218468,10/01/2026 12:36:48,10/01/2026 12:37:30,rodriguezt,6419,00:04:45,00:00:42,285,42,En Tiempo,1,24,0,,,Excedido,"61-183         ","LAVATORIO MONOCOMANDO ALTO MAT                                        ",0,0,10/01/2026 15:37:30
14218468,10/01/2026 12:36:48,10/01/2026 12:37:30,rodriguezt,6419,00:04:45,00:00:42,285,42,En Tiempo,1,24,0,,,Excedido,"20-160         ",20-160 - MONOCOMANDO MESADA COCINA DIQUE,0,0,10/01/2026 15:37:30
14218468,10/01/2026 12:36:48,10/01/2026 12:37:30,rodriguezt,6419,00:04:45,00:00:42,285,42,En Tiempo,1,24,0,,,Excedido,"20-183         ","MONOCOMANDO DE COCINA MAT                                             ",0,0,10/01/2026 15:37:30
14218468,10/01/2026 12:36:48,10/01/2026 12:37:30,rodriguezt,6419,00:04:45,00:00:42,285,42,En Tiempo,1,24,0,,,Excedido,"60-183         ","LAVATORIO MONOCOMANDO BAJO MAT                                        ",0,0,10/01/2026 15:37:30
14218468,10/01/2026 12:36:48,10/01/2026 12:37:30,rodriguezt,6419,00:04:45,00:00:42,285,42,En Tiempo,1,24,0,,,Excedido,"85-181G        ","DUCHA EMB. C/TRANSF. Y DUCHADOR MONOC GOLD ESENCIA                    ",0,0,10/01/2026 15:37:30
14218468,10/01/2026 12:36:48,10/01/2026 12:37:30,rodriguezt,6419,00:04:45,00:00:42,285,42,En Tiempo,1,24,0,,,Excedido,"60-381G        ","LAVATORIO MONOC GOLD ESENCIA                                          ",0,0,10/01/2026 15:37:30
14218588,10/01/2026 12:42:34,10/01/2026 12:43:09,mhernandez,7152,00:01:38,00:00:35,98,35,En Tiempo,1,3,0,00:02:49,169,Logico,"80-166N        ",80-166N - DUCHA EMB. C/TRANSF. BLACK C.CERAM ADRA PLUS,0,0,10/01/2026 15:43:10
14218588,10/01/2026 12:42:34,10/01/2026 12:43:09,mhernandez,7152,00:01:38,00:00:35,98,35,En Tiempo,1,3,0,00:02:49,169,Logico,"70-191         ",70-191 - BIDE C.CERAM LINEA PRADO,0,0,10/01/2026 15:43:10
14218588,10/01/2026 12:42:34,10/01/2026 12:43:09,mhernandez,7152,00:01:38,00:00:35,98,35,En Tiempo,1,3,0,00:02:49,169,Logico,"80-200G        ",80-200G - DUCHA EMB. MONOC. 3 FUNCIONES GOLD FABRIC,0,0,10/01/2026 15:43:10
14218685,10/01/2026 12:46:59,10/01/2026 12:47:05,gsoderquvist,6415,00:01:21,00:00:06,81,6,En Tiempo,1,1,0,00:49:05,2945,Excedido,"20-100N        ",20-100N - MONOCOMANDO DE COCINA FABRIC BLACK,0,0,10/01/2026 15:47:05
14218697,10/01/2026 12:47:29,10/01/2026 12:47:54,gsoderquvist,6415,00:02:00,00:00:25,120,25,En Tiempo,5,3,0,00:00:24,24,Logico,"30-132         ",30-132 - COCINA MESADA MONOC. C/DUCHADOR EXTENSIBLE VIGO,0,0,10/01/2026 15:47:41
14218697,10/01/2026 12:47:29,10/01/2026 12:47:54,gsoderquvist,6415,00:02:00,00:00:25,120,25,En Tiempo,1,3,0,00:00:24,24,Logico,"17040C         ",17040C - PORTA ROLLO LINEA FABRIC CROMO,0,0,10/01/2026 15:47:54
14218697,10/01/2026 12:47:29,10/01/2026 12:47:54,gsoderquvist,6415,00:02:00,00:00:25,120,25,En Tiempo,1,3,0,00:00:24,24,Logico,"54-203         ","COCINA PARED EXT C.CERAM ADRA MONOCOMANDO                             ",0,0,10/01/2026 15:47:54
14218703,10/01/2026 12:47:39,10/01/2026 12:47:46,nievasm,7310,00:01:21,00:00:07,81,7,En Tiempo,1,1,0,00:45:29,2729,Excedido,"80-122         ",80-122 - DUCHA EMB.C/TRANSF. C.CERAM CR VALENCIA,0,0,10/01/2026 15:47:46
14218712,10/01/2026 12:47:50,10/01/2026 12:47:57,nievasm,7310,00:01:21,00:00:07,81,7,En Tiempo,1,1,0,00:00:04,4,Logico,"17040C         ",17040C - PORTA ROLLO LINEA FABRIC CROMO,0,0,10/01/2026 15:47:57
14218713,10/01/2026 12:47:59,10/01/2026 12:48:06,mhernandez,7152,00:01:21,00:00:07,81,7,En Tiempo,1,1,0,00:04:49,289,Logico,"INO104N-1      ","INODORO BLACK C/ASIENTO LINEA STONE                                   ",0,0,10/01/2026 15:48:06
14218790,10/01/2026 12:50:59,10/01/2026 13:00:24,nievasm,7310,00:04:34,00:09:25,274,565,Fuera de Tiempo,2,22,0,00:03:02,182,Logico,"20-122         ","MONOCOMANDO COCINA CR C/PICO EXTRAIBLE VALENCIA                       ",0,0,10/01/2026 15:51:18
14218790,10/01/2026 12:50:59,10/01/2026 13:00:24,nievasm,7310,00:04:34,00:09:25,274,565,Fuera de Tiempo,2,22,0,00:03:02,182,Logico,"61-200G        ",61-200G - LAVATORIO MONOC ALTO GOLD FABRIC,0,0,10/01/2026 15:51:18
14218790,10/01/2026 12:50:59,10/01/2026 13:00:24,nievasm,7310,00:04:34,00:09:25,274,565,Fuera de Tiempo,2,22,0,00:03:02,182,Logico,"63-168N        ","LAVATORIO PARED EMB MONOC BLACK WAVE                                  ",0,0,10/01/2026 15:51:58
14218790,10/01/2026 12:50:59,10/01/2026 13:00:24,nievasm,7310,00:04:34,00:09:25,274,565,Fuera de Tiempo,2,22,0,00:03:02,182,Logico,"80-180         ",80-180 - DUCHA EMB. C/TRANSF. MONOCOMANDO VERA,0,0,10/01/2026 15:51:58
14218790,10/01/2026 12:50:59,10/01/2026 13:00:24,nievasm,7310,00:04:34,00:09:25,274,565,Fuera de Tiempo,2,22,0,00:03:02,182,Logico,"60-168         ",60-168 - LAVATORIO MONOC BAJO CR WAVE,0,0,10/01/2026 15:52:43
14218790,10/01/2026 12:50:59,10/01/2026 13:00:24,nievasm,7310,00:04:34,00:09:25,274,565,Fuera de Tiempo,2,22,0,00:03:02,182,Logico,"70-183         ","BIDE MONOCOMANDO C/TRANSF MAT                                         ",0,0,10/01/2026 15:52:43
14218790,10/01/2026 12:50:59,10/01/2026 13:00:24,nievasm,7310,00:04:34,00:09:25,274,565,Fuera de Tiempo,2,22,0,00:03:02,182,Logico,"63-168         ",63-168 - LAVATORIO PARED EMB MONOC CR WAVE,0,0,10/01/2026 15:52:55
14218790,10/01/2026 12:50:59,10/01/2026 13:00:24,nievasm,7310,00:04:34,00:09:25,274,565,Fuera de Tiempo,1,22,0,00:03:02,182,Logico,"21100          ",21100 - ESTANTE ORGANIZADOR RECTANGULAR 25x12x7,0,0,10/01/2026 15:52:55
14218790,10/01/2026 12:50:59,10/01/2026 13:00:24,nievasm,7310,00:04:34,00:09:25,274,565,Fuera de Tiempo,3,22,0,00:03:02,182,Logico,"20-168         ",20-168 - MONOCOMANDO COCINA CR WAVE,0,0,10/01/2026 15:53:05
14218790,10/01/2026 12:50:59,10/01/2026 13:00:24,nievasm,7310,00:04:34,00:09:25,274,565,Fuera de Tiempo,1,22,0,00:03:02,182,Logico,"70-200N        ",70-200N - BIDE MONOCOMANDO BLACK FABRIC,0,0,10/01/2026 15:53:05
14218790,10/01/2026 12:50:59,10/01/2026 13:00:24,nievasm,7310,00:04:34,00:09:25,274,565,Fuera de Tiempo,1,22,0,00:03:02,182,Logico,"20040DG        ",20040DG - PORTA ROLLO DARK GOLD LINEA PULSE,0,0,10/01/2026 15:55:28
14218790,10/01/2026 12:50:59,10/01/2026 13:00:24,nievasm,7310,00:04:34,00:09:25,274,565,Fuera de Tiempo,1,22,0,00:03:02,182,Logico,"20050DG        ",20050DG - JABONERA DARK GOLD LINEA PULSE,0,0,10/01/2026 15:55:28
14218790,10/01/2026 12:50:59,10/01/2026 13:00:24,nievasm,7310,00:04:34,00:09:25,274,565,Fuera de Tiempo,1,22,0,00:03:02,182,Logico,"20040G         ",20040G - PORTA ROLLO GOLD LINEA PULSE,0,0,10/01/2026 15:55:28
14218790,10/01/2026 12:50:59,10/01/2026 13:00:24,nievasm,7310,00:04:34,00:09:25,274,565,Fuera de Tiempo,1,22,0,00:03:02,182,Logico,"17040C         ",17040C - PORTA ROLLO LINEA FABRIC CROMO,0,0,10/01/2026 15:55:28
14218790,10/01/2026 12:50:59,10/01/2026 13:00:24,nievasm,7310,00:04:34,00:09:25,274,565,Fuera de Tiempo,1,22,0,00:03:02,182,Logico,"17020N         ",17020N - TOALLERO DE ARO LINEA FABRIC BLACK,0,0,10/01/2026 15:55:28
14218790,10/01/2026 12:50:59,10/01/2026 13:00:24,nievasm,7310,00:04:34,00:09:25,274,565,Fuera de Tiempo,2,22,0,00:03:02,182,Logico,"17050C         ",17050C - JABONERA  LINEA FABRIC CROMO,0,0,10/01/2026 15:56:33
14218790,10/01/2026 12:50:59,10/01/2026 13:00:24,nievasm,7310,00:04:34,00:09:25,274,565,Fuera de Tiempo,1,22,0,00:03:02,182,Logico,"17020C         ",17020C - TOALLERO DE ARO LINEA FABRIC CROMO,0,0,10/01/2026 15:56:33
14218790,10/01/2026 12:50:59,10/01/2026 13:00:24,nievasm,7310,00:04:34,00:09:25,274,565,Fuera de Tiempo,6,22,0,00:03:02,182,Logico,"17030C         ",17030C - PERCHA LINEA FABRIC CROMO,0,0,10/01/2026 15:56:33
14218790,10/01/2026 12:50:59,10/01/2026 13:00:24,nievasm,7310,00:04:34,00:09:25,274,565,Fuera de Tiempo,1,22,0,00:03:02,182,Logico,"20060DG        ",20060DG - PORTA VASO Y CEPILLO DARK GOLD LINEA PULSE,0,0,10/01/2026 15:56:33
14218790,10/01/2026 12:50:59,10/01/2026 13:00:24,nievasm,7310,00:04:34,00:09:25,274,565,Fuera de Tiempo,2,22,0,00:03:02,182,Logico,"61-205         ",61-205 - LAVATORIO MONOC ALTO STEEL,0,0,10/01/2026 15:58:20
14218790,10/01/2026 12:50:59,10/01/2026 13:00:24,nievasm,7310,00:04:34,00:09:25,274,565,Fuera de Tiempo,1,22,0,00:03:02,182,Logico,"63-176         ","LAVATORIO PARED EMB MONOC CR RIO                                      ",0,0,10/01/2026 15:58:20
14218790,10/01/2026 12:50:59,10/01/2026 13:00:24,nievasm,7310,00:04:34,00:09:25,274,565,Fuera de Tiempo,6,22,0,00:03:02,182,Logico,"63-176         ","LAVATORIO PARED EMB MONOC CR RIO                                      ",0,0,10/01/2026 15:59:58
14218790,10/01/2026 12:50:59,10/01/2026 13:00:24,nievasm,7310,00:04:34,00:09:25,274,565,Fuera de Tiempo,2,22,0,00:03:02,182,Logico,"A1452N         ",A1452N - CAÑO DE DUCHA RECTO 150 MM BLACK C/BLISTER,0,0,10/01/2026 16:00:24
14218847,10/01/2026 12:52:54,10/01/2026 13:06:06,gsoderquvist,6415,00:02:02,00:13:12,122,792,Fuera de Tiempo,9,3,0,00:05:00,300,Logico,"20030GR        ",20030GR - PERCHA GRAFITO LINEA PULSE  ,0,0,10/01/2026 15:53:05
14218847,10/01/2026 12:52:54,10/01/2026 13:06:06,gsoderquvist,6415,00:02:02,00:13:12,122,792,Fuera de Tiempo,5,3,0,00:05:00,300,Logico,"63-183         ","LAVATORIO PARED EMB MONOCOMANDO MAT                                   ",0,0,10/01/2026 16:05:55
14218847,10/01/2026 12:52:54,10/01/2026 13:06:06,gsoderquvist,6415,00:02:02,00:13:12,122,792,Fuera de Tiempo,3,3,0,00:05:00,300,Logico,"60-183         ","LAVATORIO MONOCOMANDO BAJO MAT                                        ",0,0,10/01/2026 16:06:06
14218870,10/01/2026 12:53:27,10/01/2026 12:54:07,mhernandez,7152,00:02:00,00:00:40,120,40,En Tiempo,1,4,0,00:05:21,321,Logico,"60-181G        ","LAVATORIO MONOC BAJO GOLD ESENCIA                                     ",0,0,10/01/2026 15:54:07
14218870,10/01/2026 12:53:27,10/01/2026 12:54:07,mhernandez,7152,00:02:00,00:00:40,120,40,En Tiempo,2,4,0,00:05:21,321,Logico,"60-181         ","LAVATORIO MONOC BAJO SS ESENCIA                                       ",0,0,10/01/2026 15:54:07
14218870,10/01/2026 12:53:27,10/01/2026 12:54:07,mhernandez,7152,00:02:00,00:00:40,120,40,En Tiempo,2,4,0,00:05:21,321,Logico,"62-181         ","LAVATORIO PARED EMB MONOC SS ESENCIA                                  ",0,0,10/01/2026 15:54:07
14218870,10/01/2026 12:53:27,10/01/2026 12:54:07,mhernandez,7152,00:02:00,00:00:40,120,40,En Tiempo,1,4,0,00:05:21,321,Logico,"62-181G        ","LAVATORIO PARED EMB MONOC GOLD ESENCIA                                ",0,0,10/01/2026 15:54:07
14218975,10/01/2026 12:57:27,10/01/2026 12:58:47,mhernandez,7152,00:02:00,00:01:20,120,80,En Tiempo,3,4,0,00:03:20,200,Logico,"16030          ",16030 - PERCHA LINEA 16000,0,0,10/01/2026 15:58:47
14218975,10/01/2026 12:57:27,10/01/2026 12:58:47,mhernandez,7152,00:02:00,00:01:20,120,80,En Tiempo,1,4,0,00:03:20,200,Logico,"16040          ",16040 - PORTA ROLLO ACCESORIOS LINEA 16000,0,0,10/01/2026 15:58:47
14218975,10/01/2026 12:57:27,10/01/2026 12:58:47,mhernandez,7152,00:02:00,00:01:20,120,80,En Tiempo,2,4,0,00:03:20,200,Logico,"18030          ",18030 - PERCHA NIQUEL LINEA BEAT,0,0,10/01/2026 15:58:47
14218975,10/01/2026 12:57:27,10/01/2026 12:58:47,mhernandez,7152,00:02:00,00:01:20,120,80,En Tiempo,1,4,0,00:03:20,200,Logico,"18040          ",18040 - PORTA ROLLO NIQUEL LINEA BEAT,0,0,10/01/2026 15:58:47
14219026,10/01/2026 12:59:08,10/01/2026 12:59:15,mhernandez,7152,00:01:21,00:00:07,81,7,En Tiempo,1,1,0,00:00:21,21,Logico,"INO104NV-2     ","DEPOSITO C/DESCARGA DUAL BLACK LINEA STONE L-2024                     ",0,0,10/01/2026 15:59:15
14219084,10/01/2026 13:01:38,10/01/2026 13:03:07,mhernandez,7152,00:03:08,00:01:29,188,89,En Tiempo,1,9,0,00:02:23,143,Logico,"70-205         ",70-205 - BIDE MONOCOMANDO STEEL,0,0,10/01/2026 16:02:01
14219084,10/01/2026 13:01:38,10/01/2026 13:03:07,mhernandez,7152,00:03:08,00:01:29,188,89,En Tiempo,3,9,0,00:02:23,143,Logico,"61-176N        ",61-176N - LAVATORIO MONOC ALTO BLACK RIO,0,0,10/01/2026 16:02:01
14219084,10/01/2026 13:01:38,10/01/2026 13:03:07,mhernandez,7152,00:03:08,00:01:29,188,89,En Tiempo,2,9,0,00:02:23,143,Logico,"80-176N        ",80-176N - DUCHA EMB C/TRANSF MONOC BLACK RIO,0,0,10/01/2026 16:02:01
14219084,10/01/2026 13:01:38,10/01/2026 13:03:07,mhernandez,7152,00:03:08,00:01:29,188,89,En Tiempo,1,9,0,00:02:23,143,Logico,"63-180         ",63-180 - LAVATORIO MONOC. DE PARED VERA,0,0,10/01/2026 16:02:01
14219084,10/01/2026 13:01:38,10/01/2026 13:03:07,mhernandez,7152,00:03:08,00:01:29,188,89,En Tiempo,1,9,0,00:02:23,143,Logico,"30-132         ",30-132 - COCINA MESADA MONOC. C/DUCHADOR EXTENSIBLE VIGO,0,0,10/01/2026 16:02:52
14219084,10/01/2026 13:01:38,10/01/2026 13:03:07,mhernandez,7152,00:03:08,00:01:29,188,89,En Tiempo,1,9,0,00:02:23,143,Logico,"20-162N        ","MONOCOMANDO COCINA BLACK ADRA                                         ",0,0,10/01/2026 16:02:52
14219084,10/01/2026 13:01:38,10/01/2026 13:03:07,mhernandez,7152,00:03:08,00:01:29,188,89,En Tiempo,1,9,0,00:02:23,143,Logico,"17020C         ",17020C - TOALLERO DE ARO LINEA FABRIC CROMO,0,0,10/01/2026 16:02:52
14219084,10/01/2026 13:01:38,10/01/2026 13:03:07,mhernandez,7152,00:03:08,00:01:29,188,89,En Tiempo,1,9,0,00:02:23,143,Logico,"17010C         ",17010C - TOALLERO BARRAL LINEA FABRIC CROMO,0,0,10/01/2026 16:02:52
14219084,10/01/2026 13:01:38,10/01/2026 13:03:07,mhernandez,7152,00:03:08,00:01:29,188,89,En Tiempo,1,9,0,00:02:23,143,Logico,"22-178         ",22-178 - MONOCOMANDO DE COCINA P/AGUA FILTRADA VITA,0,0,10/01/2026 16:03:07
14219163,10/01/2026 13:04:27,10/01/2026 13:05:43,nievasm,7310,00:02:40,00:01:16,160,76,En Tiempo,1,6,0,00:04:03,243,Logico,"84-203         ","DUCHA EXT C/COLUMNA Y TRANSF CR ADRA                                  ",0,0,10/01/2026 16:05:08
14219163,10/01/2026 13:04:27,10/01/2026 13:05:43,nievasm,7310,00:02:40,00:01:16,160,76,En Tiempo,2,6,0,00:04:03,243,Logico,"17010G         ",17010G - TOALLERO BARRAL LINEA FABRIC GOLD,0,0,10/01/2026 16:05:08
14219163,10/01/2026 13:04:27,10/01/2026 13:05:43,nievasm,7310,00:02:40,00:01:16,160,76,En Tiempo,2,6,0,00:04:03,243,Logico,"20-100G        ",20-100G - MONOCOMANDO DE COCINA FABRIC GOLD,0,0,10/01/2026 16:05:08
14219163,10/01/2026 13:04:27,10/01/2026 13:05:43,nievasm,7310,00:02:40,00:01:16,160,76,En Tiempo,2,6,0,00:04:03,243,Logico,"61-200G        ",61-200G - LAVATORIO MONOC ALTO GOLD FABRIC,0,0,10/01/2026 16:05:43
14219163,10/01/2026 13:04:27,10/01/2026 13:05:43,nievasm,7310,00:02:40,00:01:16,160,76,En Tiempo,1,6,0,00:04:03,243,Logico,"70-200G        ",70-200G - BIDE MONOCOMANDO GOLD FABRIC,0,0,10/01/2026 16:05:43
14219163,10/01/2026 13:04:27,10/01/2026 13:05:43,nievasm,7310,00:02:40,00:01:16,160,76,En Tiempo,2,6,0,00:04:03,243,Logico,"17030G         ",17030G - PERCHA LINEA FABRIC GOLD,0,0,10/01/2026 16:05:43
14219233,10/01/2026 13:06:43,10/01/2026 13:10:09,nievasm,7310,00:01:51,00:03:26,111,206,Fuera de Tiempo,8,2,0,00:01:00,60,Logico,"22-178         ",22-178 - MONOCOMANDO DE COCINA P/AGUA FILTRADA VITA,0,0,10/01/2026 16:08:36
14219233,10/01/2026 13:06:43,10/01/2026 13:10:09,nievasm,7310,00:01:51,00:03:26,111,206,Fuera de Tiempo,1,2,0,00:01:00,60,Logico,"22-178         ",22-178 - MONOCOMANDO DE COCINA P/AGUA FILTRADA VITA,0,0,10/01/2026 16:09:11
14219233,10/01/2026 13:06:43,10/01/2026 13:10:09,nievasm,7310,00:01:51,00:03:26,111,206,Fuera de Tiempo,1,2,0,00:01:00,60,Logico,"85-183         ","DUCHA EMB C/TRANSF Y DUCHADOR MONOC MAT                               ",0,0,10/01/2026 16:09:11
14219233,10/01/2026 13:06:43,10/01/2026 13:10:09,nievasm,7310,00:01:51,00:03:26,111,206,Fuera de Tiempo,3,2,0,00:01:00,60,Logico,"85-183         ","DUCHA EMB C/TRANSF Y DUCHADOR MONOC MAT                               ",0,0,10/01/2026 16:10:09
14219296,10/01/2026 13:09:29,10/01/2026 13:16:52,gsoderquvist,6415,00:02:44,00:07:23,164,443,Fuera de Tiempo,1,6,0,00:03:23,203,Logico,"16030BL        ",16030BL - PERCHA LINEA 16000 BLACK,0,0,10/01/2026 16:09:38
14219296,10/01/2026 13:09:29,10/01/2026 13:16:52,gsoderquvist,6415,00:02:44,00:07:23,164,443,Fuera de Tiempo,10,6,0,00:03:23,203,Logico,"17030N         ",17030N - PERCHA LINEA FABRIC BLACK,0,0,10/01/2026 16:09:38
14219296,10/01/2026 13:09:29,10/01/2026 13:16:52,gsoderquvist,6415,00:02:44,00:07:23,164,443,Fuera de Tiempo,1,6,0,00:03:23,203,Logico,"80-192         ",80-192 - DUCHA EMB. C/TRANSF. SORIA BLACK,0,0,10/01/2026 16:16:52
14219296,10/01/2026 13:09:29,10/01/2026 13:16:52,gsoderquvist,6415,00:02:44,00:07:23,164,443,Fuera de Tiempo,1,6,0,00:03:23,203,Logico,"61-192         ",61-192 - LAVATORIO ALTO SORIA BLACK,0,0,10/01/2026 16:16:52
14219296,10/01/2026 13:09:29,10/01/2026 13:16:52,gsoderquvist,6415,00:02:44,00:07:23,164,443,Fuera de Tiempo,1,6,0,00:03:23,203,Logico,"20-146N        ",20-146N - MONOCOMANDO DE COCINA BLACK LINEA MOVE,0,0,10/01/2026 16:16:52
14219296,10/01/2026 13:09:29,10/01/2026 13:16:52,gsoderquvist,6415,00:02:44,00:07:23,164,443,Fuera de Tiempo,1,6,0,00:03:23,203,Logico,"17040N         ",17040N - PORTA ROLLO LINEA FABRIC BLACK,0,0,10/01/2026 16:16:52
14219330,10/01/2026 13:10:31,10/01/2026 13:13:27,mhernandez,7152,00:04:56,00:02:56,296,176,En Tiempo,2,15,0,00:07:24,444,Excedido,"85-168         ",85-168 - DUCHA MONOC C/TRANSF Y DUCHADOR CR WAVE,0,0,10/01/2026 16:11:08
14219330,10/01/2026 13:10:31,10/01/2026 13:13:27,mhernandez,7152,00:04:56,00:02:56,296,176,En Tiempo,1,15,0,00:07:24,444,Excedido,"80-200G        ",80-200G - DUCHA EMB. MONOC. 3 FUNCIONES GOLD FABRIC,0,0,10/01/2026 16:11:08
14219330,10/01/2026 13:10:31,10/01/2026 13:13:27,mhernandez,7152,00:04:56,00:02:56,296,176,En Tiempo,3,15,0,00:07:24,444,Excedido,"85-168N        ",85-168N - DUCHA MONOC C/TRANSF Y DUCHADOR BLACK WAVE,0,0,10/01/2026 16:11:36
14219330,10/01/2026 13:10:31,10/01/2026 13:13:27,mhernandez,7152,00:04:56,00:02:56,296,176,En Tiempo,3,15,0,00:07:24,444,Excedido,"80-166N        ",80-166N - DUCHA EMB. C/TRANSF. BLACK C.CERAM ADRA PLUS,0,0,10/01/2026 16:12:04
14219330,10/01/2026 13:10:31,10/01/2026 13:13:27,mhernandez,7152,00:04:56,00:02:56,296,176,En Tiempo,1,15,0,00:07:24,444,Excedido,"60-153         ",60-153 - LAVATORIO CR C.CERAMICO CASTILLA,0,0,10/01/2026 16:12:04
14219330,10/01/2026 13:10:31,10/01/2026 13:13:27,mhernandez,7152,00:04:56,00:02:56,296,176,En Tiempo,2,15,0,00:07:24,444,Excedido,"60-201NI       ",60-201NI - LAVATORIO C.CERAM BEAT NICKEL,0,0,10/01/2026 16:13:03
14219330,10/01/2026 13:10:31,10/01/2026 13:13:27,mhernandez,7152,00:04:56,00:02:56,296,176,En Tiempo,2,15,0,00:07:24,444,Excedido,"61-203         ",61-203 - LAVATORIO MONOCOMANDO ALTO ADRA,0,0,10/01/2026 16:13:03
14219330,10/01/2026 13:10:31,10/01/2026 13:13:27,mhernandez,7152,00:04:56,00:02:56,296,176,En Tiempo,1,15,0,00:07:24,444,Excedido,"60-100N        ",60-100N - LAVATORIO BLACK C.CERAM FABRIC,0,0,10/01/2026 16:13:03
14219330,10/01/2026 13:10:31,10/01/2026 13:13:27,mhernandez,7152,00:04:56,00:02:56,296,176,En Tiempo,1,15,0,00:07:24,444,Excedido,"70-201NI       ",70-201NI - BIDE CR C.CERAM BEAT NICKEL,0,0,10/01/2026 16:13:27
14219330,10/01/2026 13:10:31,10/01/2026 13:13:27,mhernandez,7152,00:04:56,00:02:56,296,176,En Tiempo,1,15,0,00:07:24,444,Excedido,"62-162N        ",62-162N - LAVATORIO DE PARED BLACK C.CERAM ADRA,0,0,10/01/2026 16:13:27
14219330,10/01/2026 13:10:31,10/01/2026 13:13:27,mhernandez,7152,00:04:56,00:02:56,296,176,En Tiempo,2,15,0,00:07:24,444,Excedido,"60-203         ",60-203 - LAVATORIO MONOCOMANDO BAJO ADRA,0,0,10/01/2026 16:13:27
14219330,10/01/2026 13:10:31,10/01/2026 13:13:27,mhernandez,7152,00:04:56,00:02:56,296,176,En Tiempo,1,15,0,00:07:24,444,Excedido,"70-162N        ",70-162N - BIDE BLACK C.CERAM LINEA ADRA,0,0,10/01/2026 16:13:27
14219330,10/01/2026 13:10:31,10/01/2026 13:13:27,mhernandez,7152,00:04:56,00:02:56,296,176,En Tiempo,1,15,0,00:07:24,444,Excedido,"70-153         ",70-153 - BIDE CR C.CERAM CASTILLA,0,0,10/01/2026 16:13:27
14219330,10/01/2026 13:10:31,10/01/2026 13:13:27,mhernandez,7152,00:04:56,00:02:56,296,176,En Tiempo,2,15,0,00:07:24,444,Excedido,"70-100N        ",70-100N - BIDE BLACK C.CERAM FABRIC,0,0,10/01/2026 16:13:27
14219330,10/01/2026 13:10:31,10/01/2026 13:13:27,mhernandez,7152,00:04:56,00:02:56,296,176,En Tiempo,2,15,0,00:07:24,444,Excedido,"62-100G        ",62-100G - LAVATORIO DE PARED GOLD C.CERAM FABRIC,0,0,10/01/2026 16:13:27
14219338,10/01/2026 13:10:41,10/01/2026 13:20:08,nievasm,7310,00:04:01,00:09:27,241,567,Fuera de Tiempo,1,11,0,00:00:32,32,Logico,"70-200G        ",70-200G - BIDE MONOCOMANDO GOLD FABRIC,0,0,10/01/2026 16:11:47
14219338,10/01/2026 13:10:41,10/01/2026 13:20:08,nievasm,7310,00:04:01,00:09:27,241,567,Fuera de Tiempo,5,11,0,00:00:32,32,Logico,"20-160         ",20-160 - MONOCOMANDO MESADA COCINA DIQUE,0,0,10/01/2026 16:11:47
14219338,10/01/2026 13:10:41,10/01/2026 13:20:08,nievasm,7310,00:04:01,00:09:27,241,567,Fuera de Tiempo,6,11,0,00:00:32,32,Logico,"18030          ",18030 - PERCHA NIQUEL LINEA BEAT,0,0,10/01/2026 16:12:09
14219338,10/01/2026 13:10:41,10/01/2026 13:20:08,nievasm,7310,00:04:01,00:09:27,241,567,Fuera de Tiempo,3,11,0,00:00:32,32,Logico,"18040          ",18040 - PORTA ROLLO NIQUEL LINEA BEAT,0,0,10/01/2026 16:12:09
14219338,10/01/2026 13:10:41,10/01/2026 13:20:08,nievasm,7310,00:04:01,00:09:27,241,567,Fuera de Tiempo,1,11,0,00:00:32,32,Logico,"60-200G        ",60-200G - LAVATORIO MONOC BAJO GOLD FABRIC,0,0,10/01/2026 16:18:13
14219338,10/01/2026 13:10:41,10/01/2026 13:20:08,nievasm,7310,00:04:01,00:09:27,241,567,Fuera de Tiempo,1,11,0,00:00:32,32,Logico,"70-183         ","BIDE MONOCOMANDO C/TRANSF MAT                                         ",0,0,10/01/2026 16:18:13
14219338,10/01/2026 13:10:41,10/01/2026 13:20:08,nievasm,7310,00:04:01,00:09:27,241,567,Fuera de Tiempo,3,11,0,00:00:32,32,Logico,"60-183         ","LAVATORIO MONOCOMANDO BAJO MAT                                        ",0,0,10/01/2026 16:18:13
14219338,10/01/2026 13:10:41,10/01/2026 13:20:08,nievasm,7310,00:04:01,00:09:27,241,567,Fuera de Tiempo,5,11,0,00:00:32,32,Logico,"20-162         ",20-162 - MONOCOMANDO COCINA ADRA,0,0,10/01/2026 16:18:39
14219338,10/01/2026 13:10:41,10/01/2026 13:20:08,nievasm,7310,00:04:01,00:09:27,241,567,Fuera de Tiempo,2,11,0,00:00:32,32,Logico,"85-183         ","DUCHA EMB C/TRANSF Y DUCHADOR MONOC MAT                               ",0,0,10/01/2026 16:18:51
14219338,10/01/2026 13:10:41,10/01/2026 13:20:08,nievasm,7310,00:04:01,00:09:27,241,567,Fuera de Tiempo,1,11,0,00:00:32,32,Logico,"22-178         ",22-178 - MONOCOMANDO DE COCINA P/AGUA FILTRADA VITA,0,0,10/01/2026 16:18:51
14219338,10/01/2026 13:10:41,10/01/2026 13:20:08,nievasm,7310,00:04:01,00:09:27,241,567,Fuera de Tiempo,5,11,0,00:00:32,32,Logico,"20-202N        ",20-202N - MONOCOMANDO COCINA BLACK HOOP,0,0,10/01/2026 16:20:08
14219529,10/01/2026 13:17:29,10/01/2026 13:24:34,gsoderquvist,6415,00:02:00,00:07:05,120,425,Fuera de Tiempo,1,4,0,00:00:37,37,Logico,"60-200C        ",60-200C - LAVATORIO MONOC BAJO CR FABRIC,0,0,10/01/2026 16:24:34
14219529,10/01/2026 13:17:29,10/01/2026 13:24:34,gsoderquvist,6415,00:02:00,00:07:05,120,425,Fuera de Tiempo,2,4,0,00:00:37,37,Logico,"70-200C        ",70-200C - BIDE MONOCOMANDO CR FABRIC,0,0,10/01/2026 16:24:34
14219529,10/01/2026 13:17:29,10/01/2026 13:24:34,gsoderquvist,6415,00:02:00,00:07:05,120,425,Fuera de Tiempo,2,4,0,00:00:37,37,Logico,"20020GR        ",20020GR - TOALLERO DE ARO GRAFITO LINEA PULSE,0,0,10/01/2026 16:24:34
14219529,10/01/2026 13:17:29,10/01/2026 13:24:34,gsoderquvist,6415,00:02:00,00:07:05,120,425,Fuera de Tiempo,2,4,0,00:00:37,37,Logico,"17020C         ",17020C - TOALLERO DE ARO LINEA FABRIC CROMO,0,0,10/01/2026 16:24:34
14219708,10/01/2026 13:23:49,10/01/2026 13:35:46,nievasm,7310,00:03:40,00:11:57,220,717,Fuera de Tiempo,2,10,0,00:03:41,221,Logico,"84-203         ","DUCHA EXT C/COLUMNA Y TRANSF CR ADRA                                  ",0,0,10/01/2026 16:26:28
14219708,10/01/2026 13:23:49,10/01/2026 13:35:46,nievasm,7310,00:03:40,00:11:57,220,717,Fuera de Tiempo,1,10,0,00:03:41,221,Logico,"20010GR        ",20010GR - TOALLERO BARRAL GRAFITO LINEA PULSE  ,0,0,10/01/2026 16:29:28
14219708,10/01/2026 13:23:49,10/01/2026 13:35:46,nievasm,7310,00:03:40,00:11:57,220,717,Fuera de Tiempo,3,10,0,00:03:41,221,Logico,"20030GR        ",20030GR - PERCHA GRAFITO LINEA PULSE  ,0,0,10/01/2026 16:29:28
14219708,10/01/2026 13:23:49,10/01/2026 13:35:46,nievasm,7310,00:03:40,00:11:57,220,717,Fuera de Tiempo,1,10,0,00:03:41,221,Logico,"20040GR        ",20040GR - PORTA ROLLO GRAFITO LINEA PULSE,0,0,10/01/2026 16:29:28
14219708,10/01/2026 13:23:49,10/01/2026 13:35:46,nievasm,7310,00:03:40,00:11:57,220,717,Fuera de Tiempo,2,10,0,00:03:41,221,Logico,"61-168N        ",61-168N - LAVATORIO MONOC ALTO BLACK WAVE,0,0,10/01/2026 16:31:53
14219708,10/01/2026 13:23:49,10/01/2026 13:35:46,nievasm,7310,00:03:40,00:11:57,220,717,Fuera de Tiempo,2,10,0,00:03:41,221,Logico,"70-205         ",70-205 - BIDE MONOCOMANDO STEEL,0,0,10/01/2026 16:31:53
14219708,10/01/2026 13:23:49,10/01/2026 13:35:46,nievasm,7310,00:03:40,00:11:57,220,717,Fuera de Tiempo,3,10,0,00:03:41,221,Logico,"60-168         ",60-168 - LAVATORIO MONOC BAJO CR WAVE,0,0,10/01/2026 16:33:14
14219708,10/01/2026 13:23:49,10/01/2026 13:35:46,nievasm,7310,00:03:40,00:11:57,220,717,Fuera de Tiempo,3,10,0,00:03:41,221,Logico,"70-168N        ",70-168N - BIDE MONOC BLACK WAVE,0,0,10/01/2026 16:33:14
14219708,10/01/2026 13:23:49,10/01/2026 13:35:46,nievasm,7310,00:03:40,00:11:57,220,717,Fuera de Tiempo,1,10,0,00:03:41,221,Logico,"70-168N        ",70-168N - BIDE MONOC BLACK WAVE,0,0,10/01/2026 16:33:49
14219708,10/01/2026 13:23:49,10/01/2026 13:35:46,nievasm,7310,00:03:40,00:11:57,220,717,Fuera de Tiempo,3,10,0,00:03:41,221,Logico,"60-205         ",60-205 - LAVATORIO MONOC BAJO STEEL,0,0,10/01/2026 16:33:49
14219708,10/01/2026 13:23:49,10/01/2026 13:35:46,nievasm,7310,00:03:40,00:11:57,220,717,Fuera de Tiempo,6,10,0,00:03:41,221,Logico,"RA1598         ",RA1598 - FILTRO DE AGUA P/MONOCOMANDO VITA,0,0,10/01/2026 16:35:46
14219799,10/01/2026 13:26:23,10/01/2026 13:31:34,mhernandez,7152,00:03:40,00:05:11,220,311,Fuera de Tiempo,2,10,0,00:12:56,776,Excedido,"85-168         ",85-168 - DUCHA MONOC C/TRANSF Y DUCHADOR CR WAVE,0,0,10/01/2026 16:27:15
14219799,10/01/2026 13:26:23,10/01/2026 13:31:34,mhernandez,7152,00:03:40,00:05:11,220,311,Fuera de Tiempo,1,10,0,00:12:56,776,Excedido,"80-190P        ",80-190P - DUCHA EMB. C/TRANSF. C.CERAM BLACK VELVET PLUS,0,0,10/01/2026 16:27:15
14219799,10/01/2026 13:26:23,10/01/2026 13:31:34,mhernandez,7152,00:03:40,00:05:11,220,311,Fuera de Tiempo,3,10,0,00:12:56,776,Excedido,"80-353NI       ",80-353NI - DUCHA DE EMB 3 FUNCIONES BEAT NICKEL,0,0,10/01/2026 16:27:40
14219799,10/01/2026 13:26:23,10/01/2026 13:31:34,mhernandez,7152,00:03:40,00:05:11,220,311,Fuera de Tiempo,2,10,0,00:12:56,776,Excedido,"80-201NI       ",80-201NI - DUCHA EMB C/TRANSF C.CERAM BEAT NICKEL,0,0,10/01/2026 16:28:08
14219799,10/01/2026 13:26:23,10/01/2026 13:31:34,mhernandez,7152,00:03:40,00:05:11,220,311,Fuera de Tiempo,1,10,0,00:12:56,776,Excedido,"80-168N        ",80-168N - DUCHA EMB C/TRANSF MONOC BLACK WAVE,0,0,10/01/2026 16:28:08
14219799,10/01/2026 13:26:23,10/01/2026 13:31:34,mhernandez,7152,00:03:40,00:05:11,220,311,Fuera de Tiempo,1,10,0,00:12:56,776,Excedido,"80-190P        ",80-190P - DUCHA EMB. C/TRANSF. C.CERAM BLACK VELVET PLUS,0,0,10/01/2026 16:29:09
14219799,10/01/2026 13:26:23,10/01/2026 13:31:34,mhernandez,7152,00:03:40,00:05:11,220,311,Fuera de Tiempo,2,10,0,00:12:56,776,Excedido,"80-168N        ",80-168N - DUCHA EMB C/TRANSF MONOC BLACK WAVE,0,0,10/01/2026 16:29:09
14219799,10/01/2026 13:26:23,10/01/2026 13:31:34,mhernandez,7152,00:03:40,00:05:11,220,311,Fuera de Tiempo,2,10,0,00:12:56,776,Excedido,"81-201NI       ",81-201NI - DUCHA EMB S/TRANSF C.CERAM NICKEL BEAT,0,0,10/01/2026 16:29:40
14219799,10/01/2026 13:26:23,10/01/2026 13:31:34,mhernandez,7152,00:03:40,00:05:11,220,311,Fuera de Tiempo,1,10,0,00:12:56,776,Excedido,"80-168N        ",80-168N - DUCHA EMB C/TRANSF MONOC BLACK WAVE,0,0,10/01/2026 16:29:40
14219799,10/01/2026 13:26:23,10/01/2026 13:31:34,mhernandez,7152,00:03:40,00:05:11,220,311,Fuera de Tiempo,2,10,0,00:12:56,776,Excedido,"80-168N        ",80-168N - DUCHA EMB C/TRANSF MONOC BLACK WAVE,0,0,10/01/2026 16:30:04
14219799,10/01/2026 13:26:23,10/01/2026 13:31:34,mhernandez,7152,00:03:40,00:05:11,220,311,Fuera de Tiempo,3,10,0,00:12:56,776,Excedido,"70-190         ",70-190 - BIDE C.CERAM BLACK VELVET,0,0,10/01/2026 16:30:51
14219799,10/01/2026 13:26:23,10/01/2026 13:31:34,mhernandez,7152,00:03:40,00:05:11,220,311,Fuera de Tiempo,4,10,0,00:12:56,776,Excedido,"70-201NI       ",70-201NI - BIDE CR C.CERAM BEAT NICKEL,0,0,10/01/2026 16:30:51
14219799,10/01/2026 13:26:23,10/01/2026 13:31:34,mhernandez,7152,00:03:40,00:05:11,220,311,Fuera de Tiempo,2,10,0,00:12:56,776,Excedido,"60-190         ",60-190 - LAVATORIO C.CERAM BLACK VELVET,0,0,10/01/2026 16:31:34
14219799,10/01/2026 13:26:23,10/01/2026 13:31:34,mhernandez,7152,00:03:40,00:05:11,220,311,Fuera de Tiempo,2,10,0,00:12:56,776,Excedido,"60-201NI       ",60-201NI - LAVATORIO C.CERAM BEAT NICKEL,0,0,10/01/2026 16:31:34
14219966,10/01/2026 13:31:47,10/01/2026 13:34:12,mhernandez,7152,00:02:07,00:02:25,127,145,Fuera de Tiempo,1,5,0,00:00:13,13,Logico,"60-162         ",60-162 - LAVATORIO CR C.CERAM LINEA ADRA,0,0,10/01/2026 16:34:12
14219966,10/01/2026 13:31:47,10/01/2026 13:34:12,mhernandez,7152,00:02:07,00:02:25,127,145,Fuera de Tiempo,1,5,0,00:00:13,13,Logico,"80-162         ",80-162 - DUCHA EMB. C/TRANSF. CR C.CERAM ADRA,0,0,10/01/2026 16:34:12
14219966,10/01/2026 13:31:47,10/01/2026 13:34:12,mhernandez,7152,00:02:07,00:02:25,127,145,Fuera de Tiempo,1,5,0,00:00:13,13,Logico,"80-136         ",80-136 - DUCHA EMB. C/TRANSF. CR C.C. MARBELLA PLUS,0,0,10/01/2026 16:34:12
14219966,10/01/2026 13:31:47,10/01/2026 13:34:12,mhernandez,7152,00:02:07,00:02:25,127,145,Fuera de Tiempo,1,5,0,00:00:13,13,Logico,"81-100N        ","DUCHA EMB. S/TRANSF. BLACK C.CERAM FABRIC                             ",0,0,10/01/2026 16:34:12
14219966,10/01/2026 13:31:47,10/01/2026 13:34:12,mhernandez,7152,00:02:07,00:02:25,127,145,Fuera de Tiempo,1,5,0,00:00:13,13,Logico,"70-121         ",70-121 - BIDE C.CERAM CR MARBELLA,0,0,10/01/2026 16:34:12
14219985,10/01/2026 13:32:26,10/01/2026 13:41:22,gsoderquvist,6415,00:01:51,00:08:56,111,536,Fuera de Tiempo,8,2,0,00:07:52,472,Excedido,"INO104-2       ","DEPOSITO C/DESCARGA DUAL BLANCO LINEA STONE                           ",0,0,10/01/2026 16:41:22
14219985,10/01/2026 13:32:26,10/01/2026 13:41:22,gsoderquvist,6415,00:01:51,00:08:56,111,536,Fuera de Tiempo,8,2,0,00:07:52,472,Excedido,"INO104-1       ","INODORO BLANCO C/ASIENTO LINEA STONE                                  ",0,0,10/01/2026 16:41:22
14219989,10/01/2026 13:32:33,10/01/2026 13:32:50,gsoderquvist,6415,00:01:42,00:00:17,102,17,En Tiempo,1,3,0,23:51:11,-529,Logico,"INO103-1       ","INODORO BLANCO C/ASIENTO LINEA URBAN                                  ",0,0,10/01/2026 16:32:50
14219989,10/01/2026 13:32:33,10/01/2026 13:32:50,gsoderquvist,6415,00:01:42,00:00:17,102,17,En Tiempo,1,3,0,23:51:11,-529,Logico,"INO103-2       ","DEPOSITO C/DESCARGA DUAL BLANCO LINEA URBAN                           ",0,0,10/01/2026 16:32:50
14219989,10/01/2026 13:32:33,10/01/2026 13:32:50,gsoderquvist,6415,00:01:42,00:00:17,102,17,En Tiempo,3,3,0,23:51:11,-529,Logico,"BCH12          ",BCH12 - BACHA DE APOYAR BLANCA 460x320x140,0,0,10/01/2026 16:32:50
14220043,10/01/2026 13:34:52,10/01/2026 13:40:08,mhernandez,7152,00:03:38,00:05:16,218,316,Fuera de Tiempo,2,11,0,00:00:40,40,Logico,"80-100NI       ",80-100NI - DUCHA EMB. C/TRANSF. NICKEL C.CERAM FABRIC,0,0,10/01/2026 16:35:30
14220043,10/01/2026 13:34:52,10/01/2026 13:40:08,mhernandez,7152,00:03:38,00:05:16,218,316,Fuera de Tiempo,1,11,0,00:00:40,40,Logico,"80-200C        ",80-200C - DUCHA EMB. MONOC. 3 FUNCIONES CR FABRIC,0,0,10/01/2026 16:35:30
14220043,10/01/2026 13:34:52,10/01/2026 13:40:08,mhernandez,7152,00:03:38,00:05:16,218,316,Fuera de Tiempo,1,11,0,00:00:40,40,Logico,"70-162         ",70-162 - BIDE CR C.CERAM LINEA ADRA,0,0,10/01/2026 16:39:59
14220043,10/01/2026 13:34:52,10/01/2026 13:40:08,mhernandez,7152,00:03:38,00:05:16,218,316,Fuera de Tiempo,1,11,0,00:00:40,40,Logico,"60-002         ",60-002 - LAVATORIO RENACER,0,0,10/01/2026 16:39:59
14220043,10/01/2026 13:34:52,10/01/2026 13:40:08,mhernandez,7152,00:03:38,00:05:16,218,316,Fuera de Tiempo,1,11,0,00:00:40,40,Logico,"62-100NI       ",62-100NI - LAVATORIO DE PARED NICKEL C.CERAM FABRIC,0,0,10/01/2026 16:39:59
14220043,10/01/2026 13:34:52,10/01/2026 13:40:08,mhernandez,7152,00:03:38,00:05:16,218,316,Fuera de Tiempo,1,11,0,00:00:40,40,Logico,"62-100C        ",62-100C - LAVATORIO DE PARED CR C.CERAM FABRIC,0,0,10/01/2026 16:39:59
14220043,10/01/2026 13:34:52,10/01/2026 13:40:08,mhernandez,7152,00:03:38,00:05:16,218,316,Fuera de Tiempo,1,11,0,00:00:40,40,Logico,"70-121         ",70-121 - BIDE C.CERAM CR MARBELLA,0,0,10/01/2026 16:39:59
14220043,10/01/2026 13:34:52,10/01/2026 13:40:08,mhernandez,7152,00:03:38,00:05:16,218,316,Fuera de Tiempo,1,11,0,00:00:40,40,Logico,"A1539NI        ","TAPA Y TECLA PARA VALVULA DE DESCARGA CUADRADA MINIMALISTA NICKEL     ",0,0,10/01/2026 16:39:59
14220043,10/01/2026 13:34:52,10/01/2026 13:40:08,mhernandez,7152,00:03:38,00:05:16,218,316,Fuera de Tiempo,2,11,0,00:00:40,40,Logico,"A1540          ","CUERPO VALVULA DE DESAGOTE P/INODORO TECNO 02-010/011                 ",0,0,10/01/2026 16:39:59
14220043,10/01/2026 13:34:52,10/01/2026 13:40:08,mhernandez,7152,00:03:38,00:05:16,218,316,Fuera de Tiempo,1,11,0,00:00:40,40,Logico,"60-100NI       ",60-100NI - LAVATORIO NICKEL C.CERAM FABRIC,0,0,10/01/2026 16:40:08
14220043,10/01/2026 13:34:52,10/01/2026 13:40:08,mhernandez,7152,00:03:38,00:05:16,218,316,Fuera de Tiempo,2,11,0,00:00:40,40,Logico,"61-203N        ","LAVATORIO MONOCOMANDO ALTO ADRA BLACK                                 ",0,0,10/01/2026 16:40:08
14220141,10/01/2026 13:37:30,10/01/2026 14:08:38,nievasm,7310,00:04:46,00:31:08,286,1868,Fuera de Tiempo,1,38,0,00:01:44,104,Logico,"70-200C        ",70-200C - BIDE MONOCOMANDO CR FABRIC,0,0,10/01/2026 16:38:54
14220141,10/01/2026 13:37:30,10/01/2026 14:08:38,nievasm,7310,00:04:46,00:31:08,286,1868,Fuera de Tiempo,1,38,0,00:01:44,104,Logico,"20-205         ",20-205 - MONOCOMANDO DE COCINA STEEL,0,0,10/01/2026 16:38:54
14220141,10/01/2026 13:37:30,10/01/2026 14:08:38,nievasm,7310,00:04:46,00:31:08,286,1868,Fuera de Tiempo,1,38,0,00:01:44,104,Logico,"20-135         ",20-135 - MONOCOMANDO COCINA SANTANDER,0,0,10/01/2026 16:38:54
14220141,10/01/2026 13:37:30,10/01/2026 14:08:38,nievasm,7310,00:04:46,00:31:08,286,1868,Fuera de Tiempo,1,38,0,00:01:44,104,Logico,"60-176         ","LAVATORIO MONOCOMANDO BAJO CR RIO                                     ",0,0,10/01/2026 16:38:54
14220141,10/01/2026 13:37:30,10/01/2026 14:08:38,nievasm,7310,00:04:46,00:31:08,286,1868,Fuera de Tiempo,2,38,0,00:01:44,104,Logico,"85-183         ","DUCHA EMB C/TRANSF Y DUCHADOR MONOC MAT                               ",0,0,10/01/2026 16:38:54
14220141,10/01/2026 13:37:30,10/01/2026 14:08:38,nievasm,7310,00:04:46,00:31:08,286,1868,Fuera de Tiempo,1,38,0,00:01:44,104,Logico,"54-130         ",54-130 - MONOCOMANDO COCINA PARED EXT BILBAO,0,0,10/01/2026 16:41:34
14220141,10/01/2026 13:37:30,10/01/2026 14:08:38,nievasm,7310,00:04:46,00:31:08,286,1868,Fuera de Tiempo,1,38,0,00:01:44,104,Logico,"20-202N        ",20-202N - MONOCOMANDO COCINA BLACK HOOP,0,0,10/01/2026 16:41:34
14220141,10/01/2026 13:37:30,10/01/2026 14:08:38,nievasm,7310,00:04:46,00:31:08,286,1868,Fuera de Tiempo,1,38,0,00:01:44,104,Logico,"84-190         ",84-190 - DUCHA EXTERIOR CON COLUMNA BLACK VELVET,0,0,10/01/2026 16:41:34
14220141,10/01/2026 13:37:30,10/01/2026 14:08:38,nievasm,7310,00:04:46,00:31:08,286,1868,Fuera de Tiempo,1,38,0,00:01:44,104,Logico,"16006          ",16006 - SET 6 PIEZAS ACCESORIOS LINEA 16000,0,0,10/01/2026 16:41:34
14220141,10/01/2026 13:37:30,10/01/2026 14:08:38,nievasm,7310,00:04:46,00:31:08,286,1868,Fuera de Tiempo,2,38,0,00:01:44,104,Logico,"22-178         ",22-178 - MONOCOMANDO DE COCINA P/AGUA FILTRADA VITA,0,0,10/01/2026 16:45:36
14220141,10/01/2026 13:37:30,10/01/2026 14:08:38,nievasm,7310,00:04:46,00:31:08,286,1868,Fuera de Tiempo,2,38,0,00:01:44,104,Logico,"70-183         ","BIDE MONOCOMANDO C/TRANSF MAT                                         ",0,0,10/01/2026 16:45:36
14220141,10/01/2026 13:37:30,10/01/2026 14:08:38,nievasm,7310,00:04:46,00:31:08,286,1868,Fuera de Tiempo,2,38,0,00:01:44,104,Logico,"21200N         ",21200N - ESQUINERO ORGANIZADOR BLACK 19x19x7,0,0,10/01/2026 16:45:36
14220141,10/01/2026 13:37:30,10/01/2026 14:08:38,nievasm,7310,00:04:46,00:31:08,286,1868,Fuera de Tiempo,1,38,0,00:01:44,104,Logico,"17010G         ",17010G - TOALLERO BARRAL LINEA FABRIC GOLD,0,0,10/01/2026 16:47:15
14220141,10/01/2026 13:37:30,10/01/2026 14:08:38,nievasm,7310,00:04:46,00:31:08,286,1868,Fuera de Tiempo,1,38,0,00:01:44,104,Logico,"22004          ","SET DE 4 PIEZAS LINEA 22000                                           ",0,0,10/01/2026 16:47:15
14220141,10/01/2026 13:37:30,10/01/2026 14:08:38,nievasm,7310,00:04:46,00:31:08,286,1868,Fuera de Tiempo,1,38,0,00:01:44,104,Logico,"22004N         ","SET DE 4 PIEZAS LINEA 22000 BLACK                                     ",0,0,10/01/2026 16:47:15
14220141,10/01/2026 13:37:30,10/01/2026 14:08:38,nievasm,7310,00:04:46,00:31:08,286,1868,Fuera de Tiempo,1,38,0,00:01:44,104,Logico,"17010N         ",17010N - TOALLERO BARRAL LINEA FABRIC BLACK,0,0,10/01/2026 16:47:15
14220141,10/01/2026 13:37:30,10/01/2026 14:08:38,nievasm,7310,00:04:46,00:31:08,286,1868,Fuera de Tiempo,3,38,0,00:01:44,104,Logico,"17040G         ",17040G - PORTA ROLLO LINEA FABRIC GOLD,0,0,10/01/2026 16:48:13
14220141,10/01/2026 13:37:30,10/01/2026 14:08:38,nievasm,7310,00:04:46,00:31:08,286,1868,Fuera de Tiempo,1,38,0,00:01:44,104,Logico,"17020N         ",17020N - TOALLERO DE ARO LINEA FABRIC BLACK,0,0,10/01/2026 16:48:13
14220141,10/01/2026 13:37:30,10/01/2026 14:08:38,nievasm,7310,00:04:46,00:31:08,286,1868,Fuera de Tiempo,4,38,0,00:01:44,104,Logico,"17040N         ",17040N - PORTA ROLLO LINEA FABRIC BLACK,0,0,10/01/2026 16:48:13
14220141,10/01/2026 13:37:30,10/01/2026 14:08:38,nievasm,7310,00:04:46,00:31:08,286,1868,Fuera de Tiempo,1,38,0,00:01:44,104,Logico,"AB-001         ",AB-001 - AGARRADERA ACERO INOX CROMADO 30 CM SAFE,0,0,10/01/2026 16:51:24
14220141,10/01/2026 13:37:30,10/01/2026 14:08:38,nievasm,7310,00:04:46,00:31:08,286,1868,Fuera de Tiempo,2,38,0,00:01:44,104,Logico,"16010          ",16010 - TOALLERO BARRAL LINEA 16000,0,0,10/01/2026 16:51:24
14220141,10/01/2026 13:37:30,10/01/2026 14:08:38,nievasm,7310,00:04:46,00:31:08,286,1868,Fuera de Tiempo,1,38,0,00:01:44,104,Logico,"17030C         ",17030C - PERCHA LINEA FABRIC CROMO,0,0,10/01/2026 16:51:24
14220141,10/01/2026 13:37:30,10/01/2026 14:08:38,nievasm,7310,00:04:46,00:31:08,286,1868,Fuera de Tiempo,4,38,0,00:01:44,104,Logico,"17030N         ",17030N - PERCHA LINEA FABRIC BLACK,0,0,10/01/2026 16:51:24
14220141,10/01/2026 13:37:30,10/01/2026 14:08:38,nievasm,7310,00:04:46,00:31:08,286,1868,Fuera de Tiempo,1,38,0,00:01:44,104,Logico,"RA1396NI       ",RA1396NI - SUJECCION Y CONEXION DUCHADOR Ø32 NICKEL,0,0,10/01/2026 16:51:24
14220141,10/01/2026 13:37:30,10/01/2026 14:08:38,nievasm,7310,00:04:46,00:31:08,286,1868,Fuera de Tiempo,1,38,0,00:01:44,104,Logico,"RA1256NI       ","RA1256NI - FLEXIBLE 1,5 m P/DUCHA DE MANO NICKEL BRUSHED",0,0,10/01/2026 16:51:24
14220141,10/01/2026 13:37:30,10/01/2026 14:08:38,nievasm,7310,00:04:46,00:31:08,286,1868,Fuera de Tiempo,2,38,0,00:01:44,104,Logico,"16030BL        ",16030BL - PERCHA LINEA 16000 BLACK,0,0,10/01/2026 16:59:17
14220141,10/01/2026 13:37:30,10/01/2026 14:08:38,nievasm,7310,00:04:46,00:31:08,286,1868,Fuera de Tiempo,1,38,0,00:01:44,104,Logico,"16040BL        ",16040BL - PORTA ROLLO ACCESORIOS LINEA 16000 BLACK,0,0,10/01/2026 16:59:17
14220141,10/01/2026 13:37:30,10/01/2026 14:08:38,nievasm,7310,00:04:46,00:31:08,286,1868,Fuera de Tiempo,5,38,0,00:01:44,104,Logico,"16030          ",16030 - PERCHA LINEA 16000,0,0,10/01/2026 16:59:17
14220141,10/01/2026 13:37:30,10/01/2026 14:08:38,nievasm,7310,00:04:46,00:31:08,286,1868,Fuera de Tiempo,3,38,0,00:01:44,104,Logico,"16040          ",16040 - PORTA ROLLO ACCESORIOS LINEA 16000,0,0,10/01/2026 16:59:17
14220141,10/01/2026 13:37:30,10/01/2026 14:08:38,nievasm,7310,00:04:46,00:31:08,286,1868,Fuera de Tiempo,1,38,0,00:01:44,104,Logico,"11020          ","TOALLERO DE ARO LINEA 11000                                           ",0,0,10/01/2026 16:59:17
14220141,10/01/2026 13:37:30,10/01/2026 14:08:38,nievasm,7310,00:04:46,00:31:08,286,1868,Fuera de Tiempo,1,38,0,00:01:44,104,Logico,"11030          ","PERCHA LINEA 11000                                                    ",0,0,10/01/2026 16:59:17
14220141,10/01/2026 13:37:30,10/01/2026 14:08:38,nievasm,7310,00:04:46,00:31:08,286,1868,Fuera de Tiempo,2,38,0,00:01:44,104,Logico,"03-010         ","LAVATORIO ALTO TEMPORIZADO TECNO                                      ",0,0,10/01/2026 16:59:17
14220141,10/01/2026 13:37:30,10/01/2026 14:08:38,nievasm,7310,00:04:46,00:31:08,286,1868,Fuera de Tiempo,1,38,0,00:01:44,104,Logico,"60-200N        ",60-200N - LAVATORIO MONOC BAJO BLACK FABRIC,0,0,10/01/2026 16:59:17
14220141,10/01/2026 13:37:30,10/01/2026 14:08:38,nievasm,7310,00:04:46,00:31:08,286,1868,Fuera de Tiempo,1,38,0,00:01:44,104,Logico,"RA1255NI       ",RA1255NI - DUCHA DE MANO CILINDRICA NICKEL,0,0,10/01/2026 16:59:17
14220141,10/01/2026 13:37:30,10/01/2026 14:08:38,nievasm,7310,00:04:46,00:31:08,286,1868,Fuera de Tiempo,1,38,0,00:01:44,104,Logico,"21200N         ",21200N - ESQUINERO ORGANIZADOR BLACK 19x19x7,0,0,10/01/2026 17:01:52
14220141,10/01/2026 13:37:30,10/01/2026 14:08:38,nievasm,7310,00:04:46,00:31:08,286,1868,Fuera de Tiempo,1,38,0,00:01:44,104,Logico,"60-205         ",60-205 - LAVATORIO MONOC BAJO STEEL,0,0,10/01/2026 17:01:52
14220141,10/01/2026 13:37:30,10/01/2026 14:08:38,nievasm,7310,00:04:46,00:31:08,286,1868,Fuera de Tiempo,1,38,0,00:01:44,104,Logico,"70-205         ",70-205 - BIDE MONOCOMANDO STEEL,0,0,10/01/2026 17:01:52
14220141,10/01/2026 13:37:30,10/01/2026 14:08:38,nievasm,7310,00:04:46,00:31:08,286,1868,Fuera de Tiempo,2,38,0,00:01:44,104,Logico,"02-010         ","VALVULA P/INODORO TEMPORIZADA TECNO                                   ",0,0,10/01/2026 17:08:38
14220141,10/01/2026 13:37:30,10/01/2026 14:08:38,nievasm,7310,00:04:46,00:31:08,286,1868,Fuera de Tiempo,1,38,0,00:01:44,104,Logico,"80-205         ",80-205 - DUCHA EMB. C/TRANSF. MONOC STEEL,0,0,10/01/2026 17:08:38
14220370,10/01/2026 13:43:53,10/01/2026 14:04:36,mhernandez,7152,00:05:42,00:20:43,342,1243,Fuera de Tiempo,1,25,0,00:03:45,225,Logico,"20-140         ",20-140 - MONOCOMANDO DE COCINA LINEA CUINA,0,0,10/01/2026 16:45:49
14220370,10/01/2026 13:43:53,10/01/2026 14:04:36,mhernandez,7152,00:05:42,00:20:43,342,1243,Fuera de Tiempo,2,25,0,00:03:45,225,Logico,"30-132         ",30-132 - COCINA MESADA MONOC. C/DUCHADOR EXTENSIBLE VIGO,0,0,10/01/2026 16:45:49
14220370,10/01/2026 13:43:53,10/01/2026 14:04:36,mhernandez,7152,00:05:42,00:20:43,342,1243,Fuera de Tiempo,5,25,0,00:03:45,225,Logico,"18030          ",18030 - PERCHA NIQUEL LINEA BEAT,0,0,10/01/2026 16:45:49
14220370,10/01/2026 13:43:53,10/01/2026 14:04:36,mhernandez,7152,00:05:42,00:20:43,342,1243,Fuera de Tiempo,1,25,0,00:03:45,225,Logico,"20-201NI       ",20-201NI - COCINA MONOCOMANDO JOYSTICK BEAT NICKEL,0,0,10/01/2026 16:48:40
14220370,10/01/2026 13:43:53,10/01/2026 14:04:36,mhernandez,7152,00:05:42,00:20:43,342,1243,Fuera de Tiempo,1,25,0,00:03:45,225,Logico,"20-168N        ",20-168N - MONOCOMANDO COCINA BLACK WAVE,0,0,10/01/2026 16:48:40
14220370,10/01/2026 13:43:53,10/01/2026 14:04:36,mhernandez,7152,00:05:42,00:20:43,342,1243,Fuera de Tiempo,2,25,0,00:03:45,225,Logico,"20-146         ",20-146 - MONOCOMANDO DE COCINA CR LINEA MOVE,0,0,10/01/2026 16:48:40
14220370,10/01/2026 13:43:53,10/01/2026 14:04:36,mhernandez,7152,00:05:42,00:20:43,342,1243,Fuera de Tiempo,1,25,0,00:03:45,225,Logico,"70-168         ",70-168 - BIDE MONOC CR WAVE,0,0,10/01/2026 16:48:40
14220370,10/01/2026 13:43:53,10/01/2026 14:04:36,mhernandez,7152,00:05:42,00:20:43,342,1243,Fuera de Tiempo,1,25,0,00:03:45,225,Logico,"20-122         ","MONOCOMANDO COCINA CR C/PICO EXTRAIBLE VALENCIA                       ",0,0,10/01/2026 16:51:04
14220370,10/01/2026 13:43:53,10/01/2026 14:04:36,mhernandez,7152,00:05:42,00:20:43,342,1243,Fuera de Tiempo,3,25,0,00:03:45,225,Logico,"60-168         ",60-168 - LAVATORIO MONOC BAJO CR WAVE,0,0,10/01/2026 16:51:04
14220370,10/01/2026 13:43:53,10/01/2026 14:04:36,mhernandez,7152,00:05:42,00:20:43,342,1243,Fuera de Tiempo,4,25,0,00:03:45,225,Logico,"60-180         ",60-180 - LAVATORIO MONOCOMANDO BAJO VERA,0,0,10/01/2026 16:51:04
14220370,10/01/2026 13:43:53,10/01/2026 14:04:36,mhernandez,7152,00:05:42,00:20:43,342,1243,Fuera de Tiempo,2,25,0,00:03:45,225,Logico,"20-162         ",20-162 - MONOCOMANDO COCINA ADRA,0,0,10/01/2026 16:59:10
14220370,10/01/2026 13:43:53,10/01/2026 14:04:36,mhernandez,7152,00:05:42,00:20:43,342,1243,Fuera de Tiempo,1,25,0,00:03:45,225,Logico,"20-146         ",20-146 - MONOCOMANDO DE COCINA CR LINEA MOVE,0,0,10/01/2026 16:59:10
14220370,10/01/2026 13:43:53,10/01/2026 14:04:36,mhernandez,7152,00:05:42,00:20:43,342,1243,Fuera de Tiempo,4,25,0,00:03:45,225,Logico,"18040          ",18040 - PORTA ROLLO NIQUEL LINEA BEAT,0,0,10/01/2026 16:59:10
14220370,10/01/2026 13:43:53,10/01/2026 14:04:36,mhernandez,7152,00:05:42,00:20:43,342,1243,Fuera de Tiempo,1,25,0,00:03:45,225,Logico,"60-200G        ",60-200G - LAVATORIO MONOC BAJO GOLD FABRIC,0,0,10/01/2026 16:59:10
14220370,10/01/2026 13:43:53,10/01/2026 14:04:36,mhernandez,7152,00:05:42,00:20:43,342,1243,Fuera de Tiempo,1,25,0,00:03:45,225,Logico,"70-200G        ",70-200G - BIDE MONOCOMANDO GOLD FABRIC,0,0,10/01/2026 16:59:10
14220370,10/01/2026 13:43:53,10/01/2026 14:04:36,mhernandez,7152,00:05:42,00:20:43,342,1243,Fuera de Tiempo,1,25,0,00:03:45,225,Logico,"20-162N        ","MONOCOMANDO COCINA BLACK ADRA                                         ",0,0,10/01/2026 16:59:10
14220370,10/01/2026 13:43:53,10/01/2026 14:04:36,mhernandez,7152,00:05:42,00:20:43,342,1243,Fuera de Tiempo,1,25,0,00:03:45,225,Logico,"70-168         ",70-168 - BIDE MONOC CR WAVE,0,0,10/01/2026 16:59:10
14220370,10/01/2026 13:43:53,10/01/2026 14:04:36,mhernandez,7152,00:05:42,00:20:43,342,1243,Fuera de Tiempo,1,25,0,00:03:45,225,Logico,"60-168N        ",60-168N - LAVATORIO MONOC BAJO BLACK WAVE,0,0,10/01/2026 16:59:10
14220370,10/01/2026 13:43:53,10/01/2026 14:04:36,mhernandez,7152,00:05:42,00:20:43,342,1243,Fuera de Tiempo,1,25,0,00:03:45,225,Logico,"70-203         ",70-203 - BIDE MONOCOMANDO ADRA,0,0,10/01/2026 17:00:02
14220370,10/01/2026 13:43:53,10/01/2026 14:04:36,mhernandez,7152,00:05:42,00:20:43,342,1243,Fuera de Tiempo,1,25,0,00:03:45,225,Logico,"60-152         ",60-152 - LAVATORIO CR MONOCOMANDO BAJO SORIA,0,0,10/01/2026 17:00:02
14220370,10/01/2026 13:43:53,10/01/2026 14:04:36,mhernandez,7152,00:05:42,00:20:43,342,1243,Fuera de Tiempo,1,25,0,00:03:45,225,Logico,"63-180         ",63-180 - LAVATORIO MONOC. DE PARED VERA,0,0,10/01/2026 17:00:02
14220370,10/01/2026 13:43:53,10/01/2026 14:04:36,mhernandez,7152,00:05:42,00:20:43,342,1243,Fuera de Tiempo,1,25,0,00:03:45,225,Logico,"70-180         ",70-180 - BIDE MONOCOMANDO C/TRANSF. VERA,0,0,10/01/2026 17:00:02
14220370,10/01/2026 13:43:53,10/01/2026 14:04:36,mhernandez,7152,00:05:42,00:20:43,342,1243,Fuera de Tiempo,3,25,0,00:03:45,225,Logico,"60-180         ",60-180 - LAVATORIO MONOCOMANDO BAJO VERA,0,0,10/01/2026 17:00:02
14220370,10/01/2026 13:43:53,10/01/2026 14:04:36,mhernandez,7152,00:05:42,00:20:43,342,1243,Fuera de Tiempo,12,25,0,00:03:45,225,Logico,"18030          ",18030 - PERCHA NIQUEL LINEA BEAT,0,0,10/01/2026 17:00:26
14220370,10/01/2026 13:43:53,10/01/2026 14:04:36,mhernandez,7152,00:05:42,00:20:43,342,1243,Fuera de Tiempo,1,25,0,00:03:45,225,Logico,"80-203P        ",80-203P - DUCHA EMB C/TRANSF. MONOCOMANDO ADRA PLUS,0,0,10/01/2026 17:01:00
14220370,10/01/2026 13:43:53,10/01/2026 14:04:36,mhernandez,7152,00:05:42,00:20:43,342,1243,Fuera de Tiempo,2,25,0,00:03:45,225,Logico,"19050          ",19050 - JABONERA LINEA 19000,0,0,10/01/2026 17:04:36
14220370,10/01/2026 13:43:53,10/01/2026 14:04:36,mhernandez,7152,00:05:42,00:20:43,342,1243,Fuera de Tiempo,3,25,0,00:03:45,225,Logico,"19020          ",19020 - TOALLERO DE ARO LINEA 19000,0,0,10/01/2026 17:04:36
14220370,10/01/2026 13:43:53,10/01/2026 14:04:36,mhernandez,7152,00:05:42,00:20:43,342,1243,Fuera de Tiempo,3,25,0,00:03:45,225,Logico,"19030          ",19030 - PERCHA LINEA 19000,0,0,10/01/2026 17:04:36
14220370,10/01/2026 13:43:53,10/01/2026 14:04:36,mhernandez,7152,00:05:42,00:20:43,342,1243,Fuera de Tiempo,1,25,0,00:03:45,225,Logico,"19010          ",19010 - TOALLERO BARRAL LINEA 19000,0,0,10/01/2026 17:04:36
14220717,10/01/2026 13:54:11,10/01/2026 14:02:07,gsoderquvist,6415,00:03:24,00:07:56,204,476,Fuera de Tiempo,6,8,0,00:12:49,769,Excedido,"INO104-2       ","DEPOSITO C/DESCARGA DUAL BLANCO LINEA STONE                           ",0,0,10/01/2026 16:55:52
14220717,10/01/2026 13:54:11,10/01/2026 14:02:07,gsoderquvist,6415,00:03:24,00:07:56,204,476,Fuera de Tiempo,1,8,0,00:12:49,769,Excedido,"BID104-3       ","BIDE 3 AGUJEROS BLANCO LINEA STONE                                    ",0,0,10/01/2026 16:55:52
14220717,10/01/2026 13:54:11,10/01/2026 14:02:07,gsoderquvist,6415,00:03:24,00:07:56,204,476,Fuera de Tiempo,6,8,0,00:12:49,769,Excedido,"INO104-1       ","INODORO BLANCO C/ASIENTO LINEA STONE                                  ",0,0,10/01/2026 16:55:52
14220717,10/01/2026 13:54:11,10/01/2026 14:02:07,gsoderquvist,6415,00:03:24,00:07:56,204,476,Fuera de Tiempo,3,8,0,00:12:49,769,Excedido,"BAI01NI        ",BAI01NI - BACHA EMB COCINA C/ACCESORIOS 750x450x220 NICKEL BRUSHED,0,0,10/01/2026 17:02:07
14220717,10/01/2026 13:54:11,10/01/2026 14:02:07,gsoderquvist,6415,00:03:24,00:07:56,204,476,Fuera de Tiempo,2,8,0,00:12:49,769,Excedido,"BAI01N         ",BAI01N - BACHA EMB COCINA C/ACCESORIOS 750x450x220 BLACK GUN BRUSHED,0,0,10/01/2026 17:02:07
14220717,10/01/2026 13:54:11,10/01/2026 14:02:07,gsoderquvist,6415,00:03:24,00:07:56,204,476,Fuera de Tiempo,4,8,0,00:12:49,769,Excedido,"BCH11BM        ",BCH11BM - BACHA DE APOYAR REDONDA BLANCO MATE 400x400x125,0,0,10/01/2026 17:02:07
14220717,10/01/2026 13:54:11,10/01/2026 14:02:07,gsoderquvist,6415,00:03:24,00:07:56,204,476,Fuera de Tiempo,1,8,0,00:12:49,769,Excedido,"BCH18          ",BCH18 - BACHA DE APOYAR SIMIL MARMOL 460x320x140,0,0,10/01/2026 17:02:07
14220717,10/01/2026 13:54:11,10/01/2026 14:02:07,gsoderquvist,6415,00:03:24,00:07:56,204,476,Fuera de Tiempo,2,8,0,00:12:49,769,Excedido,"BCH07          ",BCH07 - BACHA DE APOYAR OVALADA 400x330x150,0,0,10/01/2026 17:02:07
14221058,10/01/2026 14:04:15,10/01/2026 14:04:20,gkiriczuk,6409,00:01:21,00:00:05,81,5,En Tiempo,1,1,0,05:33:54,20034,Excedido,"61-180         ",61-180 - LAVATORIO MONOCOMANDO ALTO VERA,0,0,10/01/2026 17:04:20
14221077,10/01/2026 14:04:46,10/01/2026 14:04:52,mhernandez,7152,00:01:21,00:00:06,81,6,En Tiempo,1,1,0,00:00:10,10,Logico,"A1539          ","TAPA Y TECLA PARA VALVULA DE DESCARGA CUADRADA MINIMALISTA CR         ",0,0,10/01/2026 17:04:52
14221287,10/01/2026 14:10:42,10/01/2026 14:17:25,mhernandez,7152,00:04:47,00:06:43,287,403,Fuera de Tiempo,3,13,0,00:05:50,350,Excedido,"80-166         ","DUCHA EMB. C/TRANSF. CR C.CERAM ADRA PLUS                             ",0,0,10/01/2026 17:11:15
14221287,10/01/2026 14:10:42,10/01/2026 14:17:25,mhernandez,7152,00:04:47,00:06:43,287,403,Fuera de Tiempo,1,13,0,00:05:50,350,Excedido,"80-166N        ",80-166N - DUCHA EMB. C/TRANSF. BLACK C.CERAM ADRA PLUS,0,0,10/01/2026 17:11:15
14221287,10/01/2026 14:10:42,10/01/2026 14:17:25,mhernandez,7152,00:04:47,00:06:43,287,403,Fuera de Tiempo,7,13,0,00:05:50,350,Excedido,"51-010         ",51-010 - COCINA MESADA BL/CR LORCA,0,0,10/01/2026 17:13:39
14221287,10/01/2026 14:10:42,10/01/2026 14:17:25,mhernandez,7152,00:04:47,00:06:43,287,403,Fuera de Tiempo,3,13,0,00:05:50,350,Excedido,"70-121         ",70-121 - BIDE C.CERAM CR MARBELLA,0,0,10/01/2026 17:13:39
14221287,10/01/2026 14:10:42,10/01/2026 14:17:25,mhernandez,7152,00:04:47,00:06:43,287,403,Fuera de Tiempo,6,13,0,00:05:50,350,Excedido,"70-010         ",70-010 - BIDE BL/CR LORCA,0,0,10/01/2026 17:15:03
14221287,10/01/2026 14:10:42,10/01/2026 14:17:25,mhernandez,7152,00:04:47,00:06:43,287,403,Fuera de Tiempo,4,13,0,00:05:50,350,Excedido,"60-121         ",60-121 - LAVATORIO C.CERAM CR MARBELLA,0,0,10/01/2026 17:15:03
14221287,10/01/2026 14:10:42,10/01/2026 14:17:25,mhernandez,7152,00:04:47,00:06:43,287,403,Fuera de Tiempo,1,13,0,00:05:50,350,Excedido,"60-162N        ",60-162N - LAVATORIO BLACK C.CERAM LINEA ADRA,0,0,10/01/2026 17:16:19
14221287,10/01/2026 14:10:42,10/01/2026 14:17:25,mhernandez,7152,00:04:47,00:06:43,287,403,Fuera de Tiempo,2,13,0,00:05:50,350,Excedido,"70-162N        ",70-162N - BIDE BLACK C.CERAM LINEA ADRA,0,0,10/01/2026 17:16:19
14221287,10/01/2026 14:10:42,10/01/2026 14:17:25,mhernandez,7152,00:04:47,00:06:43,287,403,Fuera de Tiempo,1,13,0,00:05:50,350,Excedido,"70-190         ",70-190 - BIDE C.CERAM BLACK VELVET,0,0,10/01/2026 17:16:19
14221287,10/01/2026 14:10:42,10/01/2026 14:17:25,mhernandez,7152,00:04:47,00:06:43,287,403,Fuera de Tiempo,2,13,0,00:05:50,350,Excedido,"83-010         ",83-010 - DUCHA EXT. C/TRANSF. BL/CR LORCA,0,0,10/01/2026 17:16:19
14221287,10/01/2026 14:10:42,10/01/2026 14:17:25,mhernandez,7152,00:04:47,00:06:43,287,403,Fuera de Tiempo,4,13,0,00:05:50,350,Excedido,"60-010         ",60-010 - LAVATORIO BL/CR LORCA,0,0,10/01/2026 17:16:19
14221287,10/01/2026 14:10:42,10/01/2026 14:17:25,mhernandez,7152,00:04:47,00:06:43,287,403,Fuera de Tiempo,3,13,0,00:05:50,350,Excedido,"60-010         ",60-010 - LAVATORIO BL/CR LORCA,0,0,10/01/2026 17:17:25
14221287,10/01/2026 14:10:42,10/01/2026 14:17:25,mhernandez,7152,00:04:47,00:06:43,287,403,Fuera de Tiempo,4,13,0,00:05:50,350,Excedido,"32-010         ",32-010 - CANILLA DE PARED P.BAJO BL/CR LORCA,0,0,10/01/2026 17:17:25
14221287,10/01/2026 14:10:42,10/01/2026 14:17:25,mhernandez,7152,00:04:47,00:06:43,287,403,Fuera de Tiempo,2,13,0,00:05:50,350,Excedido,"33-010         ",33-010 - CANILLA MESADA BL/CR LORCA,0,0,10/01/2026 17:17:25
14221413,10/01/2026 14:14:19,10/01/2026 14:14:24,nievasm,7310,00:01:21,00:00:05,81,5,En Tiempo,1,1,0,00:05:41,341,Excedido,"BCH13          ",BCH13 - BACHA DE APOYAR BLANCA RECTANGULAR 465x260x125,0,0,10/01/2026 17:14:24
14221418,10/01/2026 14:14:27,10/01/2026 14:14:31,nievasm,7310,00:01:21,00:00:04,81,4,En Tiempo,1,1,0,00:00:03,3,Logico,"85-183         ","DUCHA EMB C/TRANSF Y DUCHADOR MONOC MAT                               ",0,0,10/01/2026 17:14:31
14221422,10/01/2026 14:14:34,10/01/2026 14:17:23,nievasm,7310,00:03:01,00:02:49,181,169,En Tiempo,1,7,0,00:00:03,3,Logico,"22-178         ",22-178 - MONOCOMANDO DE COCINA P/AGUA FILTRADA VITA,0,0,10/01/2026 17:14:59
14221422,10/01/2026 14:14:34,10/01/2026 14:17:23,nievasm,7310,00:03:01,00:02:49,181,169,En Tiempo,1,7,0,00:00:03,3,Logico,"80-183         ","DUCHA EMB C/TRANSF MONOCOMANDO MAT                                    ",0,0,10/01/2026 17:14:59
14221422,10/01/2026 14:14:34,10/01/2026 14:17:23,nievasm,7310,00:03:01,00:02:49,181,169,En Tiempo,1,7,0,00:00:03,3,Logico,"20-202NI       ",20-202NI - MONOCOMANDO COCINA NICKEL HOOP,0,0,10/01/2026 17:14:59
14221422,10/01/2026 14:14:34,10/01/2026 14:17:23,nievasm,7310,00:03:01,00:02:49,181,169,En Tiempo,1,7,0,00:00:03,3,Logico,"80-180         ",80-180 - DUCHA EMB. C/TRANSF. MONOCOMANDO VERA,0,0,10/01/2026 17:15:10
14221422,10/01/2026 14:14:34,10/01/2026 14:17:23,nievasm,7310,00:03:01,00:02:49,181,169,En Tiempo,1,7,0,00:00:03,3,Logico,"54-203         ","COCINA PARED EXT C.CERAM ADRA MONOCOMANDO                             ",0,0,10/01/2026 17:15:10
14221422,10/01/2026 14:14:34,10/01/2026 14:17:23,nievasm,7310,00:03:01,00:02:49,181,169,En Tiempo,1,7,0,00:00:03,3,Logico,"61-183         ","LAVATORIO MONOCOMANDO ALTO MAT                                        ",0,0,10/01/2026 17:15:10
14221422,10/01/2026 14:14:34,10/01/2026 14:17:23,nievasm,7310,00:03:01,00:02:49,181,169,En Tiempo,2,7,0,00:00:03,3,Logico,"84-203         ","DUCHA EXT C/COLUMNA Y TRANSF CR ADRA                                  ",0,0,10/01/2026 17:17:23
14221561,10/01/2026 14:17:59,10/01/2026 14:22:34,mhernandez,7152,00:02:57,00:04:35,177,275,Fuera de Tiempo,3,6,0,00:00:34,34,Logico,"80-196         ",80-196 - DUCHA EMB. C/TRANSF. CR C.CERAM LOOP,0,0,10/01/2026 17:18:45
14221561,10/01/2026 14:17:59,10/01/2026 14:22:34,mhernandez,7152,00:02:57,00:04:35,177,275,Fuera de Tiempo,4,6,0,00:00:34,34,Logico,"80-166         ","DUCHA EMB. C/TRANSF. CR C.CERAM ADRA PLUS                             ",0,0,10/01/2026 17:19:35
14221561,10/01/2026 14:17:59,10/01/2026 14:22:34,mhernandez,7152,00:02:57,00:04:35,177,275,Fuera de Tiempo,1,6,0,00:00:34,34,Logico,"80-166         ","DUCHA EMB. C/TRANSF. CR C.CERAM ADRA PLUS                             ",0,0,10/01/2026 17:20:17
14221561,10/01/2026 14:17:59,10/01/2026 14:22:34,mhernandez,7152,00:02:57,00:04:35,177,275,Fuera de Tiempo,1,6,0,00:00:34,34,Logico,"60-190         ",60-190 - LAVATORIO C.CERAM BLACK VELVET,0,0,10/01/2026 17:20:17
14221561,10/01/2026 14:17:59,10/01/2026 14:22:34,mhernandez,7152,00:02:57,00:04:35,177,275,Fuera de Tiempo,10,6,0,00:00:34,34,Logico,"60-162         ",60-162 - LAVATORIO CR C.CERAM LINEA ADRA,0,0,10/01/2026 17:21:11
14221561,10/01/2026 14:17:59,10/01/2026 14:22:34,mhernandez,7152,00:02:57,00:04:35,177,275,Fuera de Tiempo,7,6,0,00:00:34,34,Logico,"70-162         ",70-162 - BIDE CR C.CERAM LINEA ADRA,0,0,10/01/2026 17:22:34
14221561,10/01/2026 14:17:59,10/01/2026 14:22:34,mhernandez,7152,00:02:57,00:04:35,177,275,Fuera de Tiempo,3,6,0,00:00:34,34,Logico,"60-061         ",60-061 - LAVATORIO CR C.STD PUEBLA,0,0,10/01/2026 17:22:34
14221594,10/01/2026 14:18:54,10/01/2026 14:19:01,nievasm,7310,00:01:29,00:00:07,89,7,En Tiempo,3,2,0,00:01:31,91,Logico,"12006          ","SET DE 6 PIEZAS LINEA 12000                                           ",0,0,10/01/2026 17:19:01
14221594,10/01/2026 14:18:54,10/01/2026 14:19:01,nievasm,7310,00:01:29,00:00:07,89,7,En Tiempo,1,2,0,00:01:31,91,Logico,"60-180         ",60-180 - LAVATORIO MONOCOMANDO BAJO VERA,0,0,10/01/2026 17:19:01
14221605,10/01/2026 14:19:04,10/01/2026 14:19:11,nievasm,7310,00:01:21,00:00:07,81,7,En Tiempo,4,1,0,00:00:03,3,Logico,"12006          ","SET DE 6 PIEZAS LINEA 12000                                           ",0,0,10/01/2026 17:19:11
14221611,10/01/2026 14:19:16,10/01/2026 14:19:27,nievasm,7310,00:01:21,00:00:11,81,11,En Tiempo,1,1,0,00:00:05,5,Logico,"20-201NI       ",20-201NI - COCINA MONOCOMANDO JOYSTICK BEAT NICKEL,0,0,10/01/2026 17:19:27
14221687,10/01/2026 14:21:24,10/01/2026 14:21:59,nievasm,7310,00:02:07,00:00:35,127,35,En Tiempo,1,5,0,00:01:57,117,Logico,"20-146N        ",20-146N - MONOCOMANDO DE COCINA BLACK LINEA MOVE,0,0,10/01/2026 17:21:59
14221687,10/01/2026 14:21:24,10/01/2026 14:21:59,nievasm,7310,00:02:07,00:00:35,127,35,En Tiempo,1,5,0,00:01:57,117,Logico,"61-176         ",61-176 - LAVATORIO MONOC ALTO CR RIO,0,0,10/01/2026 17:21:59
14221687,10/01/2026 14:21:24,10/01/2026 14:21:59,nievasm,7310,00:02:07,00:00:35,127,35,En Tiempo,1,5,0,00:01:57,117,Logico,"60-176         ","LAVATORIO MONOCOMANDO BAJO CR RIO                                     ",0,0,10/01/2026 17:21:59
14221687,10/01/2026 14:21:24,10/01/2026 14:21:59,nievasm,7310,00:02:07,00:00:35,127,35,En Tiempo,1,5,0,00:01:57,117,Logico,"61-176N        ",61-176N - LAVATORIO MONOC ALTO BLACK RIO,0,0,10/01/2026 17:21:59
14221687,10/01/2026 14:21:24,10/01/2026 14:21:59,nievasm,7310,00:02:07,00:00:35,127,35,En Tiempo,1,5,0,00:01:57,117,Logico,"60-176N        ","LAVATORIO MONOCOMANDO BAJO BLACK RIO                                  ",0,0,10/01/2026 17:21:59
14221732,10/01/2026 14:22:32,10/01/2026 14:22:44,nievasm,7310,00:01:29,00:00:12,89,12,En Tiempo,1,2,0,00:00:33,33,Logico,"21100N         ",21100N - ESTANTE ORGANIZADOR RECTANGULAR BLACK 25x12x7,0,0,10/01/2026 17:22:44
14221732,10/01/2026 14:22:32,10/01/2026 14:22:44,nievasm,7310,00:01:29,00:00:12,89,12,En Tiempo,1,2,0,00:00:33,33,Logico,"21200N         ",21200N - ESQUINERO ORGANIZADOR BLACK 19x19x7,0,0,10/01/2026 17:22:44
14221765,10/01/2026 14:23:36,10/01/2026 14:23:43,nievasm,7310,00:01:21,00:00:07,81,7,En Tiempo,1,1,0,00:00:52,52,Logico,"20-146N        ",20-146N - MONOCOMANDO DE COCINA BLACK LINEA MOVE,0,0,10/01/2026 17:23:43
14221821,10/01/2026 14:25:23,10/01/2026 14:27:30,mhernandez,7152,00:01:41,00:02:07,101,127,Fuera de Tiempo,4,1,0,00:02:49,169,Logico,"61-203N        ","LAVATORIO MONOCOMANDO ALTO ADRA BLACK                                 ",0,0,10/01/2026 17:26:35
14221821,10/01/2026 14:25:23,10/01/2026 14:27:30,mhernandez,7152,00:01:41,00:02:07,101,127,Fuera de Tiempo,4,1,0,00:02:49,169,Logico,"61-203N        ","LAVATORIO MONOCOMANDO ALTO ADRA BLACK                                 ",0,0,10/01/2026 17:27:12
14221821,10/01/2026 14:25:23,10/01/2026 14:27:30,mhernandez,7152,00:01:41,00:02:07,101,127,Fuera de Tiempo,2,1,0,00:02:49,169,Logico,"61-203N        ","LAVATORIO MONOCOMANDO ALTO ADRA BLACK                                 ",0,0,10/01/2026 17:27:30
14221851,10/01/2026 14:26:13,10/01/2026 14:26:28,nievasm,7310,00:01:42,00:00:15,102,15,En Tiempo,1,3,0,00:02:30,150,Logico,"54-203         ","COCINA PARED EXT C.CERAM ADRA MONOCOMANDO                             ",0,0,10/01/2026 17:26:28
14221851,10/01/2026 14:26:13,10/01/2026 14:26:28,nievasm,7310,00:01:42,00:00:15,102,15,En Tiempo,2,3,0,00:02:30,150,Logico,"20-146         ",20-146 - MONOCOMANDO DE COCINA CR LINEA MOVE,0,0,10/01/2026 17:26:28
14221851,10/01/2026 14:26:13,10/01/2026 14:26:28,nievasm,7310,00:01:42,00:00:15,102,15,En Tiempo,2,3,0,00:02:30,150,Logico,"20-147         ",20-147 - MONOCOMANDO DE COCINA SWIFT,0,0,10/01/2026 17:26:28
14221863,10/01/2026 14:26:31,10/01/2026 14:26:35,nievasm,7310,00:01:21,00:00:04,81,4,En Tiempo,1,1,0,00:00:03,3,Logico,"83-133         ",83-133 - DUCHA EXT. C/TRANSF. MONOCOMANDO LUGO,0,0,10/01/2026 17:26:35
14221869,10/01/2026 14:26:38,10/01/2026 14:26:46,nievasm,7310,00:01:21,00:00:08,81,8,En Tiempo,1,1,0,00:00:03,3,Logico,"20-182         ",20-182 - MONOCOMANDO DE COCINA MULTIFUNCION CR ZENITH,0,0,10/01/2026 17:26:46
14221912,10/01/2026 14:27:59,10/01/2026 14:28:36,mhernandez,7152,00:02:00,00:00:37,120,37,En Tiempo,1,4,0,00:00:29,29,Logico,"60-162         ",60-162 - LAVATORIO CR C.CERAM LINEA ADRA,0,0,10/01/2026 17:28:36
14221912,10/01/2026 14:27:59,10/01/2026 14:28:36,mhernandez,7152,00:02:00,00:00:37,120,37,En Tiempo,2,4,0,00:00:29,29,Logico,"60-058         ",60-058 - LAVATORIO CR C.STD MALBA,0,0,10/01/2026 17:28:36
14221912,10/01/2026 14:27:59,10/01/2026 14:28:36,mhernandez,7152,00:02:00,00:00:37,120,37,En Tiempo,2,4,0,00:00:29,29,Logico,"70-058         ",70-058 - BIDE CR C.STD MALBA,0,0,10/01/2026 17:28:36
14221912,10/01/2026 14:27:59,10/01/2026 14:28:36,mhernandez,7152,00:02:00,00:00:37,120,37,En Tiempo,2,4,0,00:00:29,29,Logico,"80-058         ",80-058 - DUCHA EMB. C/TRANSF. CR C.STD MALBA,0,0,10/01/2026 17:28:36
14221957,10/01/2026 14:29:29,10/01/2026 14:29:42,mhernandez,7152,00:01:21,00:00:13,81,13,En Tiempo,2,1,0,00:00:53,53,Logico,"62-100G        ",62-100G - LAVATORIO DE PARED GOLD C.CERAM FABRIC,0,0,10/01/2026 17:29:42
14221966,10/01/2026 14:30:02,10/01/2026 14:30:36,mhernandez,7152,00:01:29,00:00:34,89,34,En Tiempo,2,2,0,00:00:20,20,Logico,"70-162         ",70-162 - BIDE CR C.CERAM LINEA ADRA,0,0,10/01/2026 17:30:36
14221966,10/01/2026 14:30:02,10/01/2026 14:30:36,mhernandez,7152,00:01:29,00:00:34,89,34,En Tiempo,2,2,0,00:00:20,20,Logico,"62-162         ",62-162 - LAVATORIO DE PARED CR C.CERAM ADRA,0,0,10/01/2026 17:30:36
14221986,10/01/2026 14:30:44,10/01/2026 14:30:58,mhernandez,7152,00:01:21,00:00:14,81,14,En Tiempo,1,1,0,00:00:08,8,Logico,"70-201NI       ",70-201NI - BIDE CR C.CERAM BEAT NICKEL,0,0,10/01/2026 17:30:58
14222006,10/01/2026 14:31:13,10/01/2026 14:34:47,mhernandez,7152,00:03:48,00:03:34,228,214,En Tiempo,1,11,0,00:00:15,15,Logico,"60-162         ",60-162 - LAVATORIO CR C.CERAM LINEA ADRA,0,0,10/01/2026 17:32:37
14222006,10/01/2026 14:31:13,10/01/2026 14:34:47,mhernandez,7152,00:03:48,00:03:34,228,214,En Tiempo,2,11,0,00:00:15,15,Logico,"80-057         ",80-057 - DUCHA EMB. C/TRANSF. C.STD VERIN PLUS,0,0,10/01/2026 17:32:37
14222006,10/01/2026 14:31:13,10/01/2026 14:34:47,mhernandez,7152,00:03:48,00:03:34,228,214,En Tiempo,2,11,0,00:00:15,15,Logico,"60-057         ",60-057 - LAVATORIO C.STD VERIN PLUS,0,0,10/01/2026 17:32:37
14222006,10/01/2026 14:31:13,10/01/2026 14:34:47,mhernandez,7152,00:03:48,00:03:34,228,214,En Tiempo,3,11,0,00:00:15,15,Logico,"934/CR         ",934/CR - J.PARED C/EXT CRUZ CR/CR ARES,0,0,10/01/2026 17:32:37
14222006,10/01/2026 14:31:13,10/01/2026 14:34:47,mhernandez,7152,00:03:48,00:03:34,228,214,En Tiempo,2,11,0,00:00:15,15,Logico,"214/CR         ",214/CR - LAVATORIO CR/CR ARES,0,0,10/01/2026 17:32:37
14222006,10/01/2026 14:31:13,10/01/2026 14:34:47,mhernandez,7152,00:03:48,00:03:34,228,214,En Tiempo,2,11,0,00:00:15,15,Logico,"60-058         ",60-058 - LAVATORIO CR C.STD MALBA,0,0,10/01/2026 17:34:47
14222006,10/01/2026 14:31:13,10/01/2026 14:34:47,mhernandez,7152,00:03:48,00:03:34,228,214,En Tiempo,2,11,0,00:00:15,15,Logico,"70-058         ",70-058 - BIDE CR C.STD MALBA,0,0,10/01/2026 17:34:47
14222006,10/01/2026 14:31:13,10/01/2026 14:34:47,mhernandez,7152,00:03:48,00:03:34,228,214,En Tiempo,1,11,0,00:00:15,15,Logico,"80-058         ",80-058 - DUCHA EMB. C/TRANSF. CR C.STD MALBA,0,0,10/01/2026 17:34:47
14222006,10/01/2026 14:31:13,10/01/2026 14:34:47,mhernandez,7152,00:03:48,00:03:34,228,214,En Tiempo,3,11,0,00:00:15,15,Logico,"55-002         ",55-002 - COCINA P/PARED EMB P.ALTO RENACER,0,0,10/01/2026 17:34:47
14222006,10/01/2026 14:31:13,10/01/2026 14:34:47,mhernandez,7152,00:03:48,00:03:34,228,214,En Tiempo,3,11,0,00:00:15,15,Logico,"944/CR         ",944/CR - JGO COC.PARED EMB.CRUZ CR/CR ARES,0,0,10/01/2026 17:34:47
14222006,10/01/2026 14:31:13,10/01/2026 14:34:47,mhernandez,7152,00:03:48,00:03:34,228,214,En Tiempo,1,11,0,00:00:15,15,Logico,"314/CR         ",314/CR - BIDE CROMO ARES,0,0,10/01/2026 17:34:47
14222015,10/01/2026 14:31:37,10/01/2026 14:54:03,nievasm,7310,00:05:45,00:22:26,345,1346,Fuera de Tiempo,5,15,0,00:04:51,291,Logico,"20-147         ",20-147 - MONOCOMANDO DE COCINA SWIFT,0,0,10/01/2026 17:31:47
14222015,10/01/2026 14:31:37,10/01/2026 14:54:03,nievasm,7310,00:05:45,00:22:26,345,1346,Fuera de Tiempo,3,15,0,00:04:51,291,Logico,"3040           ",3040 - PORTA ROLLO LINEA 3000,0,0,10/01/2026 17:34:12
14222015,10/01/2026 14:31:37,10/01/2026 14:54:03,nievasm,7310,00:05:45,00:22:26,345,1346,Fuera de Tiempo,5,15,0,00:04:51,291,Logico,"20-160         ",20-160 - MONOCOMANDO MESADA COCINA DIQUE,0,0,10/01/2026 17:34:12
14222015,10/01/2026 14:31:37,10/01/2026 14:54:03,nievasm,7310,00:05:45,00:22:26,345,1346,Fuera de Tiempo,15,15,0,00:04:51,291,Logico,"RA001          ",RA001 - CABEZAL STD NO ASCENDENTE,0,0,10/01/2026 17:34:12
14222015,10/01/2026 14:31:37,10/01/2026 14:54:03,nievasm,7310,00:05:45,00:22:26,345,1346,Fuera de Tiempo,10,15,0,00:04:51,291,Logico,"RA003          ",RA003 - CABEZAL IZQUIERDO CIERRE CERAMICO (CALIENTE),0,0,10/01/2026 17:34:12
14222015,10/01/2026 14:31:37,10/01/2026 14:54:03,nievasm,7310,00:05:45,00:22:26,345,1346,Fuera de Tiempo,5,15,0,00:04:51,291,Logico,"20-146         ",20-146 - MONOCOMANDO DE COCINA CR LINEA MOVE,0,0,10/01/2026 17:38:13
14222015,10/01/2026 14:31:37,10/01/2026 14:54:03,nievasm,7310,00:05:45,00:22:26,345,1346,Fuera de Tiempo,2,15,0,00:04:51,291,Logico,"60-130         ",60-130 - LAVATORIO MONOCOMANDO BAJO BILBAO,0,0,10/01/2026 17:40:16
14222015,10/01/2026 14:31:37,10/01/2026 14:54:03,nievasm,7310,00:05:45,00:22:26,345,1346,Fuera de Tiempo,2,15,0,00:04:51,291,Logico,"12006          ","SET DE 6 PIEZAS LINEA 12000                                           ",0,0,10/01/2026 17:40:16
14222015,10/01/2026 14:31:37,10/01/2026 14:54:03,nievasm,7310,00:05:45,00:22:26,345,1346,Fuera de Tiempo,2,15,0,00:04:51,291,Logico,"83-133         ",83-133 - DUCHA EXT. C/TRANSF. MONOCOMANDO LUGO,0,0,10/01/2026 17:40:16
14222015,10/01/2026 14:31:37,10/01/2026 14:54:03,nievasm,7310,00:05:45,00:22:26,345,1346,Fuera de Tiempo,3,15,0,00:04:51,291,Logico,"3010           ",3010 - TOALLERO BARRAL LINEA 3000,0,0,10/01/2026 17:49:39
14222015,10/01/2026 14:31:37,10/01/2026 14:54:03,nievasm,7310,00:05:45,00:22:26,345,1346,Fuera de Tiempo,1,15,0,00:04:51,291,Logico,"21-160         ","MONOCOMANDO DUO COCINA CROMO DIQUE                                    ",0,0,10/01/2026 17:49:39
14222015,10/01/2026 14:31:37,10/01/2026 14:54:03,nievasm,7310,00:05:45,00:22:26,345,1346,Fuera de Tiempo,5,15,0,00:04:51,291,Logico,"A813           ",A813 - DUCHA C/BRAZO Y CAMPANA CR 3 FUNCIONES,0,0,10/01/2026 17:53:14
14222015,10/01/2026 14:31:37,10/01/2026 14:54:03,nievasm,7310,00:05:45,00:22:26,345,1346,Fuera de Tiempo,3,15,0,00:04:51,291,Logico,"A1448C         ","A1448C - CAÑO CURVO METALICO C/FLOR DE DUCHA 4"" ABS CR C/BLISTER",0,0,10/01/2026 17:53:14
14222015,10/01/2026 14:31:37,10/01/2026 14:54:03,nievasm,7310,00:05:45,00:22:26,345,1346,Fuera de Tiempo,5,15,0,00:04:51,291,Logico,"A814           ",A814 - DUCHA C/BRAZO Y CAMPANA CR,0,0,10/01/2026 17:53:54
14222015,10/01/2026 14:31:37,10/01/2026 14:54:03,nievasm,7310,00:05:45,00:22:26,345,1346,Fuera de Tiempo,5,15,0,00:04:51,291,Logico,"20-102         ","20-102 - MONOCOMANDO MESADA CROMO ""RENACER""",0,0,10/01/2026 17:54:03
14222156,10/01/2026 14:35:00,10/01/2026 14:36:31,mhernandez,7152,00:02:38,00:01:31,158,91,En Tiempo,1,6,0,00:00:13,13,Logico,"51-058         ",51-058 - COCINA MESADA CR C.STD MALBA,0,0,10/01/2026 17:36:14
14222156,10/01/2026 14:35:00,10/01/2026 14:36:31,mhernandez,7152,00:02:38,00:01:31,158,91,En Tiempo,1,6,0,00:00:13,13,Logico,"910/M          ","910/M - JGO.MDA.P.CANO CROMO ""DIQUE""",0,0,10/01/2026 17:36:14
14222156,10/01/2026 14:35:00,10/01/2026 14:36:31,mhernandez,7152,00:02:38,00:01:31,158,91,En Tiempo,1,6,0,00:00:13,13,Logico,"70-162N        ",70-162N - BIDE BLACK C.CERAM LINEA ADRA,0,0,10/01/2026 17:36:14
14222156,10/01/2026 14:35:00,10/01/2026 14:36:31,mhernandez,7152,00:02:38,00:01:31,158,91,En Tiempo,1,6,0,00:00:13,13,Logico,"60-162N        ",60-162N - LAVATORIO BLACK C.CERAM LINEA ADRA,0,0,10/01/2026 17:36:14
14222156,10/01/2026 14:35:00,10/01/2026 14:36:31,mhernandez,7152,00:02:38,00:01:31,158,91,En Tiempo,1,6,0,00:00:13,13,Logico,"70-209         ",70-209 - BIDE CR C.CERAM CADIZ,0,0,10/01/2026 17:36:14
14222156,10/01/2026 14:35:00,10/01/2026 14:36:31,mhernandez,7152,00:02:38,00:01:31,158,91,En Tiempo,1,6,0,00:00:13,13,Logico,"80-166N        ",80-166N - DUCHA EMB. C/TRANSF. BLACK C.CERAM ADRA PLUS,0,0,10/01/2026 17:36:31
14222255,10/01/2026 14:37:56,10/01/2026 14:38:44,mhernandez,7152,00:02:04,00:00:48,124,48,En Tiempo,4,4,0,00:01:25,85,Logico,"80-209         ","DUCHA EMB C/TRANSF CR C.CERAM CADIZ                                   ",0,0,10/01/2026 17:38:22
14222255,10/01/2026 14:37:56,10/01/2026 14:38:44,mhernandez,7152,00:02:04,00:00:48,124,48,En Tiempo,6,4,0,00:01:25,85,Logico,"51-058         ",51-058 - COCINA MESADA CR C.STD MALBA,0,0,10/01/2026 17:38:44
14222255,10/01/2026 14:37:56,10/01/2026 14:38:44,mhernandez,7152,00:02:04,00:00:48,124,48,En Tiempo,3,4,0,00:01:25,85,Logico,"933            ",933 - JGO PARED C/EXT CR DIQUE,0,0,10/01/2026 17:38:44
14222255,10/01/2026 14:37:56,10/01/2026 14:38:44,mhernandez,7152,00:02:04,00:00:48,124,48,En Tiempo,2,4,0,00:01:25,85,Logico,"70-209         ",70-209 - BIDE CR C.CERAM CADIZ,0,0,10/01/2026 17:38:44
14222285,10/01/2026 14:39:12,10/01/2026 14:41:10,mhernandez,7152,00:02:22,00:01:58,142,118,En Tiempo,1,5,0,00:00:28,28,Logico,"85-201NI       ",85-201NI - DUCHA EMB C/TRANSF Y DUCHADOR C.CERAM BEAT NICKEL,0,0,10/01/2026 17:39:30
14222285,10/01/2026 14:39:12,10/01/2026 14:41:10,mhernandez,7152,00:02:22,00:01:58,142,118,En Tiempo,1,5,0,00:00:28,28,Logico,"80-100NI       ",80-100NI - DUCHA EMB. C/TRANSF. NICKEL C.CERAM FABRIC,0,0,10/01/2026 17:39:30
14222285,10/01/2026 14:39:12,10/01/2026 14:41:10,mhernandez,7152,00:02:22,00:01:58,142,118,En Tiempo,1,5,0,00:00:28,28,Logico,"81-100NI       ",81-100NI - DUCHA EMB. S/TRANSF. NICKEL C.CERAM FABRIC,0,0,10/01/2026 17:39:30
14222285,10/01/2026 14:39:12,10/01/2026 14:41:10,mhernandez,7152,00:02:22,00:01:58,142,118,En Tiempo,2,5,0,00:00:28,28,Logico,"81-100NI       ",81-100NI - DUCHA EMB. S/TRANSF. NICKEL C.CERAM FABRIC,0,0,10/01/2026 17:39:41
14222285,10/01/2026 14:39:12,10/01/2026 14:41:10,mhernandez,7152,00:02:22,00:01:58,142,118,En Tiempo,4,5,0,00:00:28,28,Logico,"60-100NI       ",60-100NI - LAVATORIO NICKEL C.CERAM FABRIC,0,0,10/01/2026 17:40:42
14222285,10/01/2026 14:39:12,10/01/2026 14:41:10,mhernandez,7152,00:02:22,00:01:58,142,118,En Tiempo,3,5,0,00:00:28,28,Logico,"60-100NI       ",60-100NI - LAVATORIO NICKEL C.CERAM FABRIC,0,0,10/01/2026 17:41:10
14222285,10/01/2026 14:39:12,10/01/2026 14:41:10,mhernandez,7152,00:02:22,00:01:58,142,118,En Tiempo,3,5,0,00:00:28,28,Logico,"70-100NI       ",70-100NI - BIDE NICKEL C.CERAM FABRIC,0,0,10/01/2026 17:41:10
14223388,10/01/2026 15:07:28,10/01/2026 15:21:54,nievasm,7310,00:04:37,00:14:26,277,866,Fuera de Tiempo,2,21,0,00:13:25,805,Excedido,"20-122S        ","MONOCOMANDO COCINA INOX C/PICO EXTRAIBLE VALENCIA                     ",0,0,10/01/2026 18:07:59
14223388,10/01/2026 15:07:28,10/01/2026 15:21:54,nievasm,7310,00:04:37,00:14:26,277,866,Fuera de Tiempo,2,21,0,00:13:25,805,Excedido,"20-205         ",20-205 - MONOCOMANDO DE COCINA STEEL,0,0,10/01/2026 18:07:59
14223388,10/01/2026 15:07:28,10/01/2026 15:21:54,nievasm,7310,00:04:37,00:14:26,277,866,Fuera de Tiempo,2,21,0,00:13:25,805,Excedido,"20-122         ","MONOCOMANDO COCINA CR C/PICO EXTRAIBLE VALENCIA                       ",0,0,10/01/2026 18:07:59
14223388,10/01/2026 15:07:28,10/01/2026 15:21:54,nievasm,7310,00:04:37,00:14:26,277,866,Fuera de Tiempo,2,21,0,00:13:25,805,Excedido,"20-162         ",20-162 - MONOCOMANDO COCINA ADRA,0,0,10/01/2026 18:08:59
14223388,10/01/2026 15:07:28,10/01/2026 15:21:54,nievasm,7310,00:04:37,00:14:26,277,866,Fuera de Tiempo,3,21,0,00:13:25,805,Excedido,"22-178         ",22-178 - MONOCOMANDO DE COCINA P/AGUA FILTRADA VITA,0,0,10/01/2026 18:08:59
14223388,10/01/2026 15:07:28,10/01/2026 15:21:54,nievasm,7310,00:04:37,00:14:26,277,866,Fuera de Tiempo,2,21,0,00:13:25,805,Excedido,"61-205         ",61-205 - LAVATORIO MONOC ALTO STEEL,0,0,10/01/2026 18:08:59
14223388,10/01/2026 15:07:28,10/01/2026 15:21:54,nievasm,7310,00:04:37,00:14:26,277,866,Fuera de Tiempo,2,21,0,00:13:25,805,Excedido,"20-147         ",20-147 - MONOCOMANDO DE COCINA SWIFT,0,0,10/01/2026 18:09:53
14223388,10/01/2026 15:07:28,10/01/2026 15:21:54,nievasm,7310,00:04:37,00:14:26,277,866,Fuera de Tiempo,2,21,0,00:13:25,805,Excedido,"20-150         ",20-150 - MONOCOMANDO MESADA COCINA TOLEDO,0,0,10/01/2026 18:09:53
14223388,10/01/2026 15:07:28,10/01/2026 15:21:54,nievasm,7310,00:04:37,00:14:26,277,866,Fuera de Tiempo,2,21,0,00:13:25,805,Excedido,"20-140         ",20-140 - MONOCOMANDO DE COCINA LINEA CUINA,0,0,10/01/2026 18:10:13
14223388,10/01/2026 15:07:28,10/01/2026 15:21:54,nievasm,7310,00:04:37,00:14:26,277,866,Fuera de Tiempo,1,21,0,00:13:25,805,Excedido,"A1250          ",A1250 - COLUMNA DE DUCHA CROMO,0,0,10/01/2026 18:10:13
14223388,10/01/2026 15:07:28,10/01/2026 15:21:54,nievasm,7310,00:04:37,00:14:26,277,866,Fuera de Tiempo,2,21,0,00:13:25,805,Excedido,"12006N         ","SET DE 6 PIEZAS LINEA 12000 BLACK                                     ",0,0,10/01/2026 18:11:21
14223388,10/01/2026 15:07:28,10/01/2026 15:21:54,nievasm,7310,00:04:37,00:14:26,277,866,Fuera de Tiempo,2,21,0,00:13:25,805,Excedido,"60-133         ",60-133 - LAVATORIO MONOCOMANDO LUGO,0,0,10/01/2026 18:11:21
14223388,10/01/2026 15:07:28,10/01/2026 15:21:54,nievasm,7310,00:04:37,00:14:26,277,866,Fuera de Tiempo,4,21,0,00:13:25,805,Excedido,"01-010         ","VALVULA P/MINGITORIO TEMPORIZADA TECNO                                ",0,0,10/01/2026 18:11:21
14223388,10/01/2026 15:07:28,10/01/2026 15:21:54,nievasm,7310,00:04:37,00:14:26,277,866,Fuera de Tiempo,3,21,0,00:13:25,805,Excedido,"A1452C         ",A1452C - CAÑO DE DUCHA RECTO 150 MM CROMO C/BLISTER,0,0,10/01/2026 18:14:59
14223388,10/01/2026 15:07:28,10/01/2026 15:21:54,nievasm,7310,00:04:37,00:14:26,277,866,Fuera de Tiempo,5,21,0,00:13:25,805,Excedido,"3010           ",3010 - TOALLERO BARRAL LINEA 3000,0,0,10/01/2026 18:14:59
14223388,10/01/2026 15:07:28,10/01/2026 15:21:54,nievasm,7310,00:04:37,00:14:26,277,866,Fuera de Tiempo,2,21,0,00:13:25,805,Excedido,"A1452N         ",A1452N - CAÑO DE DUCHA RECTO 150 MM BLACK C/BLISTER,0,0,10/01/2026 18:14:59
14223388,10/01/2026 15:07:28,10/01/2026 15:21:54,nievasm,7310,00:04:37,00:14:26,277,866,Fuera de Tiempo,10,21,0,00:13:25,805,Excedido,"3006           ",3006 - SET DE 6 PIEZAS LINEA 3000,0,0,10/01/2026 18:21:54
14223388,10/01/2026 15:07:28,10/01/2026 15:21:54,nievasm,7310,00:04:37,00:14:26,277,866,Fuera de Tiempo,4,21,0,00:13:25,805,Excedido,"3040           ",3040 - PORTA ROLLO LINEA 3000,0,0,10/01/2026 18:21:54
14223388,10/01/2026 15:07:28,10/01/2026 15:21:54,nievasm,7310,00:04:37,00:14:26,277,866,Fuera de Tiempo,2,21,0,00:13:25,805,Excedido,"3050           ",3050 - JABONERA LINEA 3000,0,0,10/01/2026 18:21:54
14223388,10/01/2026 15:07:28,10/01/2026 15:21:54,nievasm,7310,00:04:37,00:14:26,277,866,Fuera de Tiempo,9,21,0,00:13:25,805,Excedido,"3030           ",3030 - PERCHA LINEA 3000,0,0,10/01/2026 18:21:54
14223388,10/01/2026 15:07:28,10/01/2026 15:21:54,nievasm,7310,00:04:37,00:14:26,277,866,Fuera de Tiempo,6,21,0,00:13:25,805,Excedido,"10040CR        ","PORTA ROLLO LINEA 10000 MINIMALISTA                                   ",0,0,10/01/2026 18:21:54
14223636,10/01/2026 15:13:34,10/01/2026 15:13:46,gsoderquvist,6415,00:01:21,00:00:12,81,12,En Tiempo,1,1,0,01:11:27,4287,Excedido,"51-131         ",51-131 - MESADA BIMANDO CR C.CERAM MALLORCA,0,0,10/01/2026 18:13:46
14223928,10/01/2026 15:22:38,10/01/2026 15:50:53,nievasm,7310,00:03:44,00:28:15,224,1695,Fuera de Tiempo,15,7,0,00:00:44,44,Logico,"13100G         ","QUEINOX GAS MH 1/2""x100 APROBADO POR IGA                              ",0,0,10/01/2026 18:22:57
14223928,10/01/2026 15:22:38,10/01/2026 15:50:53,nievasm,7310,00:03:44,00:28:15,224,1695,Fuera de Tiempo,15,7,0,00:00:44,44,Logico,"13120G         ","QUEINOX GAS MH 1/2""x120 APROBADO POR IGA                              ",0,0,10/01/2026 18:23:14
14223928,10/01/2026 15:22:38,10/01/2026 15:50:53,nievasm,7310,00:03:44,00:28:15,224,1695,Fuera de Tiempo,10,7,0,00:00:44,44,Logico,"13100G         ","QUEINOX GAS MH 1/2""x100 APROBADO POR IGA                              ",0,0,10/01/2026 18:26:02
14223928,10/01/2026 15:22:38,10/01/2026 15:50:53,nievasm,7310,00:03:44,00:28:15,224,1695,Fuera de Tiempo,20,7,0,00:00:44,44,Logico,"1370G          ","QUEINOX GAS MH 1/2""x70 APROBADO POR IGA                               ",0,0,10/01/2026 18:26:34
14223928,10/01/2026 15:22:38,10/01/2026 15:50:53,nievasm,7310,00:03:44,00:28:15,224,1695,Fuera de Tiempo,20,7,0,00:00:44,44,Logico,"1370G          ","QUEINOX GAS MH 1/2""x70 APROBADO POR IGA                               ",0,0,10/01/2026 18:28:15
14223928,10/01/2026 15:22:38,10/01/2026 15:50:53,nievasm,7310,00:03:44,00:28:15,224,1695,Fuera de Tiempo,10,7,0,00:00:44,44,Logico,"1370G          ","QUEINOX GAS MH 1/2""x70 APROBADO POR IGA                               ",0,0,10/01/2026 18:41:58
14223928,10/01/2026 15:22:38,10/01/2026 15:50:53,nievasm,7310,00:03:44,00:28:15,224,1695,Fuera de Tiempo,15,7,0,00:00:44,44,Logico,"1380G          ","QUEINOX GAS MH 1/2""x80 APROBADO POR IGA                               ",0,0,10/01/2026 18:43:40
14223928,10/01/2026 15:22:38,10/01/2026 15:50:53,nievasm,7310,00:03:44,00:28:15,224,1695,Fuera de Tiempo,20,7,0,00:00:44,44,Logico,"1380G          ","QUEINOX GAS MH 1/2""x80 APROBADO POR IGA                               ",0,0,10/01/2026 18:45:21
14223928,10/01/2026 15:22:38,10/01/2026 15:50:53,nievasm,7310,00:03:44,00:28:15,224,1695,Fuera de Tiempo,10,7,0,00:00:44,44,Logico,"1350G          ","QUEINOX GAS MH. 1/2""x50 APROBADO POR IGA                              ",0,0,10/01/2026 18:46:08
14223928,10/01/2026 15:22:38,10/01/2026 15:50:53,nievasm,7310,00:03:44,00:28:15,224,1695,Fuera de Tiempo,40,7,0,00:00:44,44,Logico,"1350G          ","QUEINOX GAS MH. 1/2""x50 APROBADO POR IGA                              ",0,0,10/01/2026 18:47:17
14223928,10/01/2026 15:22:38,10/01/2026 15:50:53,nievasm,7310,00:03:44,00:28:15,224,1695,Fuera de Tiempo,30,7,0,00:00:44,44,Logico,"1360G          ","QUEINOX GAS MH 1/2""x60 APROBADO POR IGA                               ",0,0,10/01/2026 18:47:37
14223928,10/01/2026 15:22:38,10/01/2026 15:50:53,nievasm,7310,00:03:44,00:28:15,224,1695,Fuera de Tiempo,30,7,0,00:00:44,44,Logico,"1360G          ","QUEINOX GAS MH 1/2""x60 APROBADO POR IGA                               ",0,0,10/01/2026 18:47:57
14223928,10/01/2026 15:22:38,10/01/2026 15:50:53,nievasm,7310,00:03:44,00:28:15,224,1695,Fuera de Tiempo,40,7,0,00:00:44,44,Logico,"1340G          ","QUEINOX GAS MH. 1/2""x40 APROBADO POR IGA                              ",0,0,10/01/2026 18:48:21
14223928,10/01/2026 15:22:38,10/01/2026 15:50:53,nievasm,7310,00:03:44,00:28:15,224,1695,Fuera de Tiempo,30,7,0,00:00:44,44,Logico,"1360G          ","QUEINOX GAS MH 1/2""x60 APROBADO POR IGA                               ",0,0,10/01/2026 18:48:50
14223928,10/01/2026 15:22:38,10/01/2026 15:50:53,nievasm,7310,00:03:44,00:28:15,224,1695,Fuera de Tiempo,10,7,0,00:00:44,44,Logico,"1360G          ","QUEINOX GAS MH 1/2""x60 APROBADO POR IGA                               ",0,0,10/01/2026 18:50:53
14223928,10/01/2026 15:22:38,10/01/2026 15:50:53,nievasm,7310,00:03:44,00:28:15,224,1695,Fuera de Tiempo,20,7,0,00:00:44,44,Logico,"1340G          ","QUEINOX GAS MH. 1/2""x40 APROBADO POR IGA                              ",0,0,10/01/2026 18:50:53
14223986,10/01/2026 15:24:22,10/01/2026 15:32:24,gsoderquvist,6415,00:05:15,00:08:02,315,482,Fuera de Tiempo,2,28,0,00:10:36,636,Excedido,"60-199         ",60-199 - LAVATORIO CR C.CERAM LIVE,0,0,10/01/2026 18:24:35
14223986,10/01/2026 15:24:22,10/01/2026 15:32:24,gsoderquvist,6415,00:05:15,00:08:02,315,482,Fuera de Tiempo,2,28,0,00:10:36,636,Excedido,"80-209         ","DUCHA EMB C/TRANSF CR C.CERAM CADIZ                                   ",0,0,10/01/2026 18:24:35
14223986,10/01/2026 15:24:22,10/01/2026 15:32:24,gsoderquvist,6415,00:05:15,00:08:02,315,482,Fuera de Tiempo,2,28,0,00:10:36,636,Excedido,"60-001N        ","60-001N - LAVATORIO ""CROMO Y""",0,0,10/01/2026 18:24:51
14223986,10/01/2026 15:24:22,10/01/2026 15:32:24,gsoderquvist,6415,00:05:15,00:08:02,315,482,Fuera de Tiempo,2,28,0,00:10:36,636,Excedido,"56-001N        ","56-001N - COCINA PARED EMBUTIR PICO BAJO ""CROMO Y""",0,0,10/01/2026 18:24:51
14223986,10/01/2026 15:24:22,10/01/2026 15:32:24,gsoderquvist,6415,00:05:15,00:08:02,315,482,Fuera de Tiempo,2,28,0,00:10:36,636,Excedido,"70-209         ",70-209 - BIDE CR C.CERAM CADIZ,0,0,10/01/2026 18:24:51
14223986,10/01/2026 15:24:22,10/01/2026 15:32:24,gsoderquvist,6415,00:05:15,00:08:02,315,482,Fuera de Tiempo,2,28,0,00:10:36,636,Excedido,"81-001N        ","81-001N - DUCHA EMB. S/TRANSF. ""CROMO Y""",0,0,10/01/2026 18:24:51
14223986,10/01/2026 15:24:22,10/01/2026 15:32:24,gsoderquvist,6415,00:05:15,00:08:02,315,482,Fuera de Tiempo,2,28,0,00:10:36,636,Excedido,"60-209         ",60-209 - LAVATORIO CR C.CERAM CADIZ,0,0,10/01/2026 18:24:51
14223986,10/01/2026 15:24:22,10/01/2026 15:32:24,gsoderquvist,6415,00:05:15,00:08:02,315,482,Fuera de Tiempo,2,28,0,00:10:36,636,Excedido,"80-010         ",80-010 - DUCHA EMB. C/TRANSF. BL/CR LORCA,0,0,10/01/2026 18:25:38
14223986,10/01/2026 15:24:22,10/01/2026 15:32:24,gsoderquvist,6415,00:05:15,00:08:02,315,482,Fuera de Tiempo,2,28,0,00:10:36,636,Excedido,"60-010         ",60-010 - LAVATORIO BL/CR LORCA,0,0,10/01/2026 18:25:38
14223986,10/01/2026 15:24:22,10/01/2026 15:32:24,gsoderquvist,6415,00:05:15,00:08:02,315,482,Fuera de Tiempo,1,28,0,00:10:36,636,Excedido,"51-002         ",51-002 - COCINA MESADA RENACER,0,0,10/01/2026 18:25:38
14223986,10/01/2026 15:24:22,10/01/2026 15:32:24,gsoderquvist,6415,00:05:15,00:08:02,315,482,Fuera de Tiempo,1,28,0,00:10:36,636,Excedido,"53-002         ",53-002 - COCINA PARED EXT. P.ALTO RENACER,0,0,10/01/2026 18:25:38
14223986,10/01/2026 15:24:22,10/01/2026 15:32:24,gsoderquvist,6415,00:05:15,00:08:02,315,482,Fuera de Tiempo,2,28,0,00:10:36,636,Excedido,"90-208         ","PACK GRIF LITE CR (LAV - BIDE - DUCHA C/T)                            ",0,0,10/01/2026 18:26:09
14223986,10/01/2026 15:24:22,10/01/2026 15:32:24,gsoderquvist,6415,00:05:15,00:08:02,315,482,Fuera de Tiempo,2,28,0,00:10:36,636,Excedido,"80-199         ",80-199 - DUCHA EMB. C/TRANSF. CR C.CERAM LIVE,0,0,10/01/2026 18:26:09
14223986,10/01/2026 15:24:22,10/01/2026 15:32:24,gsoderquvist,6415,00:05:15,00:08:02,315,482,Fuera de Tiempo,2,28,0,00:10:36,636,Excedido,"81-010         ",81-010 - DUCHA EMB. S/TRANSF. BL/CR LORCA,0,0,10/01/2026 18:26:42
14223986,10/01/2026 15:24:22,10/01/2026 15:32:24,gsoderquvist,6415,00:05:15,00:08:02,315,482,Fuera de Tiempo,1,28,0,00:10:36,636,Excedido,"53-002         ",53-002 - COCINA PARED EXT. P.ALTO RENACER,0,0,10/01/2026 18:26:42
14223986,10/01/2026 15:24:22,10/01/2026 15:32:24,gsoderquvist,6415,00:05:15,00:08:02,315,482,Fuera de Tiempo,1,28,0,00:10:36,636,Excedido,"51-002         ",51-002 - COCINA MESADA RENACER,0,0,10/01/2026 18:26:42
14223986,10/01/2026 15:24:22,10/01/2026 15:32:24,gsoderquvist,6415,00:05:15,00:08:02,315,482,Fuera de Tiempo,2,28,0,00:10:36,636,Excedido,"51-107         ",51-107 - JGO. MESADA CR C.CERAM BEDIA,0,0,10/01/2026 18:26:42
14223986,10/01/2026 15:24:22,10/01/2026 15:32:24,gsoderquvist,6415,00:05:15,00:08:02,315,482,Fuera de Tiempo,2,28,0,00:10:36,636,Excedido,"53-001N        ","53-001N - COCINA PARED EXTERIOR PICO ALTO ""CROMO Y""",0,0,10/01/2026 18:26:42
14223986,10/01/2026 15:24:22,10/01/2026 15:32:24,gsoderquvist,6415,00:05:15,00:08:02,315,482,Fuera de Tiempo,2,28,0,00:10:36,636,Excedido,"55-001N        ","55-001N - COCINA PARED EMBUTIR PICO ALTO ""CROMO Y""",0,0,10/01/2026 18:26:42
14223986,10/01/2026 15:24:22,10/01/2026 15:32:24,gsoderquvist,6415,00:05:15,00:08:02,315,482,Fuera de Tiempo,2,28,0,00:10:36,636,Excedido,"60-162         ",60-162 - LAVATORIO CR C.CERAM LINEA ADRA,0,0,10/01/2026 18:27:24
14223986,10/01/2026 15:24:22,10/01/2026 15:32:24,gsoderquvist,6415,00:05:15,00:08:02,315,482,Fuera de Tiempo,2,28,0,00:10:36,636,Excedido,"70-162         ",70-162 - BIDE CR C.CERAM LINEA ADRA,0,0,10/01/2026 18:27:24
14223986,10/01/2026 15:24:22,10/01/2026 15:32:24,gsoderquvist,6415,00:05:15,00:08:02,315,482,Fuera de Tiempo,2,28,0,00:10:36,636,Excedido,"80-162         ",80-162 - DUCHA EMB. C/TRANSF. CR C.CERAM ADRA,0,0,10/01/2026 18:27:24
14223986,10/01/2026 15:24:22,10/01/2026 15:32:24,gsoderquvist,6415,00:05:15,00:08:02,315,482,Fuera de Tiempo,2,28,0,00:10:36,636,Excedido,"70-010         ",70-010 - BIDE BL/CR LORCA,0,0,10/01/2026 18:27:24
14223986,10/01/2026 15:24:22,10/01/2026 15:32:24,gsoderquvist,6415,00:05:15,00:08:02,315,482,Fuera de Tiempo,2,28,0,00:10:36,636,Excedido,"70-199         ",70-199 - BIDE CR C.CERAM LIVE,0,0,10/01/2026 18:27:24
14223986,10/01/2026 15:24:22,10/01/2026 15:32:24,gsoderquvist,6415,00:05:15,00:08:02,315,482,Fuera de Tiempo,2,28,0,00:10:36,636,Excedido,"32-001N        ","32-001N - CANILLA DE PARED P.BAJO ""CROMO Y""",0,0,10/01/2026 18:32:24
14223986,10/01/2026 15:24:22,10/01/2026 15:32:24,gsoderquvist,6415,00:05:15,00:08:02,315,482,Fuera de Tiempo,2,28,0,00:10:36,636,Excedido,"31-001N        ","31-001N - CANILLA DE PARED P.ALTO ""CROMO Y""",0,0,10/01/2026 18:32:24
14223986,10/01/2026 15:24:22,10/01/2026 15:32:24,gsoderquvist,6415,00:05:15,00:08:02,315,482,Fuera de Tiempo,2,28,0,00:10:36,636,Excedido,"33-001N        ","33-001N - CANILLA MESADA ""CROMO Y""",0,0,10/01/2026 18:32:24
14223986,10/01/2026 15:24:22,10/01/2026 15:32:24,gsoderquvist,6415,00:05:15,00:08:02,315,482,Fuera de Tiempo,2,28,0,00:10:36,636,Excedido,"31-002         ","31-002 - CANILLA DE PARED PICO ALTO ""RENACER""",0,0,10/01/2026 18:32:24
14223986,10/01/2026 15:24:22,10/01/2026 15:32:24,gsoderquvist,6415,00:05:15,00:08:02,315,482,Fuera de Tiempo,2,28,0,00:10:36,636,Excedido,"33-002         ","33-002 - CANILLA MESADA ""RENACER""",0,0,10/01/2026 18:32:24
14223986,10/01/2026 15:24:22,10/01/2026 15:32:24,gsoderquvist,6415,00:05:15,00:08:02,315,482,Fuera de Tiempo,2,28,0,00:10:36,636,Excedido,"32-002         ","32-002 - CANILLA DE PARED PICO BAJO ""RENACER""",0,0,10/01/2026 18:32:24
14224295,10/01/2026 15:32:30,10/01/2026 15:44:41,gsoderquvist,6415,00:02:03,00:12:11,123,731,Fuera de Tiempo,4,3,0,00:00:06,6,Logico,"80-203N        ","DUCHA EMB C/TRANSF. MONOCOMANDO ADRA BLACK PLUS                       ",0,0,10/01/2026 18:32:40
14224295,10/01/2026 15:32:30,10/01/2026 15:44:41,gsoderquvist,6415,00:02:03,00:12:11,123,731,Fuera de Tiempo,6,3,0,00:00:06,6,Logico,"80-203N        ","DUCHA EMB C/TRANSF. MONOCOMANDO ADRA BLACK PLUS                       ",0,0,10/01/2026 18:44:24
14224295,10/01/2026 15:32:30,10/01/2026 15:44:41,gsoderquvist,6415,00:02:03,00:12:11,123,731,Fuera de Tiempo,5,3,0,00:00:06,6,Logico,"70-203N        ","BIDE MONOCOMANDO ADRA BLACK                                           ",0,0,10/01/2026 18:44:34
14224295,10/01/2026 15:32:30,10/01/2026 15:44:41,gsoderquvist,6415,00:02:03,00:12:11,123,731,Fuera de Tiempo,5,3,0,00:00:06,6,Logico,"20-146         ",20-146 - MONOCOMANDO DE COCINA CR LINEA MOVE,0,0,10/01/2026 18:44:41
14224647,10/01/2026 15:43:42,10/01/2026 15:43:52,gsoderquvist,6415,00:01:41,00:00:10,101,10,En Tiempo,10,1,0,23:59:01,-59,Logico,"16006          ",16006 - SET 6 PIEZAS ACCESORIOS LINEA 16000,0,0,10/01/2026 18:43:52
14225082,10/01/2026 15:57:02,10/01/2026 16:22:43,nievasm,7310,00:03:09,00:25:41,189,1541,Fuera de Tiempo,10,6,0,00:06:09,369,Excedido,"13100G         ","QUEINOX GAS MH 1/2""x100 APROBADO POR IGA                              ",0,0,10/01/2026 19:08:49
14225082,10/01/2026 15:57:02,10/01/2026 16:22:43,nievasm,7310,00:03:09,00:25:41,189,1541,Fuera de Tiempo,10,6,0,00:06:09,369,Excedido,"1350G          ","QUEINOX GAS MH. 1/2""x50 APROBADO POR IGA                              ",0,0,10/01/2026 19:11:02
14225082,10/01/2026 15:57:02,10/01/2026 16:22:43,nievasm,7310,00:03:09,00:25:41,189,1541,Fuera de Tiempo,10,6,0,00:06:09,369,Excedido,"1370G          ","QUEINOX GAS MH 1/2""x70 APROBADO POR IGA                               ",0,0,10/01/2026 19:11:02
14225082,10/01/2026 15:57:02,10/01/2026 16:22:43,nievasm,7310,00:03:09,00:25:41,189,1541,Fuera de Tiempo,10,6,0,00:06:09,369,Excedido,"1340G          ","QUEINOX GAS MH. 1/2""x40 APROBADO POR IGA                              ",0,0,10/01/2026 19:12:50
14225082,10/01/2026 15:57:02,10/01/2026 16:22:43,nievasm,7310,00:03:09,00:25:41,189,1541,Fuera de Tiempo,10,6,0,00:06:09,369,Excedido,"1360G          ","QUEINOX GAS MH 1/2""x60 APROBADO POR IGA                               ",0,0,10/01/2026 19:12:50
14225082,10/01/2026 15:57:02,10/01/2026 16:22:43,nievasm,7310,00:03:09,00:25:41,189,1541,Fuera de Tiempo,10,6,0,00:06:09,369,Excedido,"13120G         ","QUEINOX GAS MH 1/2""x120 APROBADO POR IGA                              ",0,0,10/01/2026 19:22:43
14225849,10/01/2026 16:26:15,10/01/2026 16:31:23,nievasm,7310,00:02:51,00:05:08,171,308,Fuera de Tiempo,3,6,0,00:03:32,212,Logico,"21100          ",21100 - ESTANTE ORGANIZADOR RECTANGULAR 25x12x7,0,0,10/01/2026 19:29:33
14225849,10/01/2026 16:26:15,10/01/2026 16:31:23,nievasm,7310,00:02:51,00:05:08,171,308,Fuera de Tiempo,3,6,0,00:03:32,212,Logico,"83-133         ",83-133 - DUCHA EXT. C/TRANSF. MONOCOMANDO LUGO,0,0,10/01/2026 19:29:33
14225849,10/01/2026 16:26:15,10/01/2026 16:31:23,nievasm,7310,00:02:51,00:05:08,171,308,Fuera de Tiempo,2,6,0,00:03:32,212,Logico,"21200          ",21200 - ESQUINERO ORGANIZADOR 19x19x7,0,0,10/01/2026 19:30:10
14225849,10/01/2026 16:26:15,10/01/2026 16:31:23,nievasm,7310,00:02:51,00:05:08,171,308,Fuera de Tiempo,2,6,0,00:03:32,212,Logico,"54-203         ","COCINA PARED EXT C.CERAM ADRA MONOCOMANDO                             ",0,0,10/01/2026 19:30:10
14225849,10/01/2026 16:26:15,10/01/2026 16:31:23,nievasm,7310,00:02:51,00:05:08,171,308,Fuera de Tiempo,1,6,0,00:03:32,212,Logico,"20-134         ",20-134 - MONOCOMANDO COCINA BETIS,0,0,10/01/2026 19:30:10
14225849,10/01/2026 16:26:15,10/01/2026 16:31:23,nievasm,7310,00:02:51,00:05:08,171,308,Fuera de Tiempo,6,6,0,00:03:32,212,Logico,"20-160         ",20-160 - MONOCOMANDO MESADA COCINA DIQUE,0,0,10/01/2026 19:31:08
14225849,10/01/2026 16:26:15,10/01/2026 16:31:23,nievasm,7310,00:02:51,00:05:08,171,308,Fuera de Tiempo,5,6,0,00:03:32,212,Logico,"20-134         ",20-134 - MONOCOMANDO COCINA BETIS,0,0,10/01/2026 19:31:23
14226058,10/01/2026 16:33:22,10/01/2026 16:47:06,mhernandez,7152,00:03:34,00:13:44,214,824,Fuera de Tiempo,10,8,0,01:52:12,6732,Excedido,"A814           ",A814 - DUCHA C/BRAZO Y CAMPANA CR,0,0,10/01/2026 19:37:42
14226058,10/01/2026 16:33:22,10/01/2026 16:47:06,mhernandez,7152,00:03:34,00:13:44,214,824,Fuera de Tiempo,10,8,0,01:52:12,6732,Excedido,"A813           ",A813 - DUCHA C/BRAZO Y CAMPANA CR 3 FUNCIONES,0,0,10/01/2026 19:40:18
14226058,10/01/2026 16:33:22,10/01/2026 16:47:06,mhernandez,7152,00:03:34,00:13:44,214,824,Fuera de Tiempo,4,8,0,01:52:12,6732,Excedido,"20-134         ",20-134 - MONOCOMANDO COCINA BETIS,0,0,10/01/2026 19:45:49
14226058,10/01/2026 16:33:22,10/01/2026 16:47:06,mhernandez,7152,00:03:34,00:13:44,214,824,Fuera de Tiempo,2,8,0,01:52:12,6732,Excedido,"20-172         ",20-172 - COCINA MESADA MONOC. COLORS NEGRO,0,0,10/01/2026 19:46:33
14226058,10/01/2026 16:33:22,10/01/2026 16:47:06,mhernandez,7152,00:03:34,00:13:44,214,824,Fuera de Tiempo,2,8,0,01:52:12,6732,Excedido,"20-173         ",20-173 - COCINA MESADA MONOC. COLORS ROJO,0,0,10/01/2026 19:46:33
14226058,10/01/2026 16:33:22,10/01/2026 16:47:06,mhernandez,7152,00:03:34,00:13:44,214,824,Fuera de Tiempo,2,8,0,01:52:12,6732,Excedido,"20-174         ",20-174 - COCINA MESADA MONOC. COLORS BLACK,0,0,10/01/2026 19:46:33
14226058,10/01/2026 16:33:22,10/01/2026 16:47:06,mhernandez,7152,00:03:34,00:13:44,214,824,Fuera de Tiempo,2,8,0,01:52:12,6732,Excedido,"20-160         ",20-160 - MONOCOMANDO MESADA COCINA DIQUE,0,0,10/01/2026 19:47:06
14226058,10/01/2026 16:33:22,10/01/2026 16:47:06,mhernandez,7152,00:03:34,00:13:44,214,824,Fuera de Tiempo,2,8,0,01:52:12,6732,Excedido,"20-102         ","20-102 - MONOCOMANDO MESADA CROMO ""RENACER""",0,0,10/01/2026 19:47:06
