ControlContenedorId,FechaInicio,FechaFin,Usuario,UsuarioId,TiempoEstimadoMinutos,TiempoRealMinutos,TiempoEstimadoSegundos,TiempoRealSegundos,CumplioTiempo,Unidades,Articulos,CantidadConversion,TiempoEntreTareasMinutos,TiempoEntreTareasSegundos,CumplioTiempoEntreTareas,CodigoArticulo,DescripcionArticulo,UnidadesDetalle,CantidadConversionDetalle,FechaHoraLog
13350341,08/03/2026 06:22:45,08/03/2026 06:29:24,rodriguezt,6419,00:01:27,00:06:39,87,399,Fuera de Tiempo,4,4,0,,,Excedido,"60-176         ","LAVATORIO MONOCOMANDO BAJO CR RIO                                     ",0,0,08/03/2026 09:29:24
13350341,08/03/2026 06:22:45,08/03/2026 06:29:24,rodriguezt,6419,00:01:27,00:06:39,87,399,Fuera de Tiempo,3,4,0,,,Excedido,"20-160         ",20-160 - MONOCOMANDO MESADA COCINA DIQUE,0,0,08/03/2026 09:29:24
13350341,08/03/2026 06:22:45,08/03/2026 06:29:24,rodriguezt,6419,00:01:27,00:06:39,87,399,Fuera de Tiempo,3,4,0,,,Excedido,"BAI01NI        ",BAI01NI - BACHA EMB COCINA C/ACCESORIOS 750x450x220 NICKEL BRUSHED,0,0,08/03/2026 09:29:24
13350341,08/03/2026 06:22:45,08/03/2026 06:29:24,rodriguezt,6419,00:01:27,00:06:39,87,399,Fuera de Tiempo,17,4,0,,,Excedido,"20-122N        ",20-122N - MONOCOMANDO COCINA C/PICO EXTRAIBLE VALENCIA BLACK,0,0,08/03/2026 09:29:24
13350390,08/03/2026 06:34:15,08/03/2026 07:21:35,gsoderquvist,6415,00:12:28,00:47:20,748,2840,Fuera de Tiempo,120,21,0,,,Excedido,"80-010         ",80-010 - DUCHA EMB. C/TRANSF. BL/CR LORCA,0,0,08/03/2026 09:56:46
13350390,08/03/2026 06:34:15,08/03/2026 07:21:35,gsoderquvist,6415,00:12:28,00:47:20,748,2840,Fuera de Tiempo,10,21,0,,,Excedido,"309            ","309 - BIDE CROMO ""LAZA""",0,0,08/03/2026 09:56:46
13350390,08/03/2026 06:34:15,08/03/2026 07:21:35,gsoderquvist,6415,00:12:28,00:47:20,748,2840,Fuera de Tiempo,20,21,0,,,Excedido,"209            ",209 - LAVATORIO CROMO LAZA,0,0,08/03/2026 09:56:46
13350390,08/03/2026 06:34:15,08/03/2026 07:21:35,gsoderquvist,6415,00:12:28,00:47:20,748,2840,Fuera de Tiempo,10,21,0,,,Excedido,"409            ","409 - DUCHA EXT.C/TRANSF.CR ""LAZA""",0,0,08/03/2026 09:56:46
13350390,08/03/2026 06:34:15,08/03/2026 07:21:35,gsoderquvist,6415,00:12:28,00:47:20,748,2840,Fuera de Tiempo,20,21,0,,,Excedido,"429            ","429 - DUCHA EMB.C/TRANSF.CR ""LAZA""",0,0,08/03/2026 09:56:46
13350390,08/03/2026 06:34:15,08/03/2026 07:21:35,gsoderquvist,6415,00:12:28,00:47:20,748,2840,Fuera de Tiempo,10,21,0,,,Excedido,"214/CR         ",214/CR - LAVATORIO CR/CR ARES,0,0,08/03/2026 09:56:46
13350390,08/03/2026 06:34:15,08/03/2026 07:21:35,gsoderquvist,6415,00:12:28,00:47:20,748,2840,Fuera de Tiempo,10,21,0,,,Excedido,"474/CR         ",474/CR - DUCHA EMB.S/TRANF.CRUZ CR/CR ARES,0,0,08/03/2026 09:56:46
13350390,08/03/2026 06:34:15,08/03/2026 07:21:35,gsoderquvist,6415,00:12:28,00:47:20,748,2840,Fuera de Tiempo,10,21,0,,,Excedido,"414/CR         ",414/CR - DUCHA EXT.C/TRANSF.CR/CR ARES,0,0,08/03/2026 09:56:46
13350390,08/03/2026 06:34:15,08/03/2026 07:21:35,gsoderquvist,6415,00:12:28,00:47:20,748,2840,Fuera de Tiempo,10,21,0,,,Excedido,"914/CR         ",914/CR - JGO.MDA.P.CAÑO CR ARES,0,0,08/03/2026 09:56:46
13350390,08/03/2026 06:34:15,08/03/2026 07:21:35,gsoderquvist,6415,00:12:28,00:47:20,748,2840,Fuera de Tiempo,10,21,0,,,Excedido,"53-002         ",53-002 - COCINA PARED EXT. P.ALTO RENACER,0,0,08/03/2026 09:56:46
13350390,08/03/2026 06:34:15,08/03/2026 07:21:35,gsoderquvist,6415,00:12:28,00:47:20,748,2840,Fuera de Tiempo,10,21,0,,,Excedido,"933            ",933 - JGO PARED C/EXT CR DIQUE,0,0,08/03/2026 09:56:46
13350390,08/03/2026 06:34:15,08/03/2026 07:21:35,gsoderquvist,6415,00:12:28,00:47:20,748,2840,Fuera de Tiempo,20,21,0,,,Excedido,"53-010         ",53-010 - COCINA PARED EXT. P.ALTO BL/CR LORCA,0,0,08/03/2026 09:56:46
13350390,08/03/2026 06:34:15,08/03/2026 07:21:35,gsoderquvist,6415,00:12:28,00:47:20,748,2840,Fuera de Tiempo,60,21,0,,,Excedido,"51-058         ",51-058 - COCINA MESADA CR C.STD MALBA,0,0,08/03/2026 09:56:46
13350390,08/03/2026 06:34:15,08/03/2026 07:21:35,gsoderquvist,6415,00:12:28,00:47:20,748,2840,Fuera de Tiempo,29,21,0,,,Excedido,"203            ","203 - LAVATORIO CROMO ""DIQUE""",0,0,08/03/2026 09:56:46
13350390,08/03/2026 06:34:15,08/03/2026 07:21:35,gsoderquvist,6415,00:12:28,00:47:20,748,2840,Fuera de Tiempo,6,21,0,,,Excedido,"55-010         ",55-010 - COCINA PARED EMB. P.ALTO BL/CR LORCA,0,0,08/03/2026 09:56:46
13350390,08/03/2026 06:34:15,08/03/2026 07:21:35,gsoderquvist,6415,00:12:28,00:47:20,748,2840,Fuera de Tiempo,40,21,0,,,Excedido,"60-010         ",60-010 - LAVATORIO BL/CR LORCA,0,0,08/03/2026 09:56:46
13350390,08/03/2026 06:34:15,08/03/2026 07:21:35,gsoderquvist,6415,00:12:28,00:47:20,748,2840,Fuera de Tiempo,5,21,0,,,Excedido,"81-010         ",81-010 - DUCHA EMB. S/TRANSF. BL/CR LORCA,0,0,08/03/2026 09:56:46
13350390,08/03/2026 06:34:15,08/03/2026 07:21:35,gsoderquvist,6415,00:12:28,00:47:20,748,2840,Fuera de Tiempo,10,21,0,,,Excedido,"939            ",939 - JGO.COCINA C/EXTENSIBLE CR LAZA,0,0,08/03/2026 10:21:35
13350390,08/03/2026 06:34:15,08/03/2026 07:21:35,gsoderquvist,6415,00:12:28,00:47:20,748,2840,Fuera de Tiempo,40,21,0,,,Excedido,"60-010         ",60-010 - LAVATORIO BL/CR LORCA,0,0,08/03/2026 10:21:35
13350390,08/03/2026 06:34:15,08/03/2026 07:21:35,gsoderquvist,6415,00:12:28,00:47:20,748,2840,Fuera de Tiempo,15,21,0,,,Excedido,"81-010         ",81-010 - DUCHA EMB. S/TRANSF. BL/CR LORCA,0,0,08/03/2026 10:21:35
13350390,08/03/2026 06:34:15,08/03/2026 07:21:35,gsoderquvist,6415,00:12:28,00:47:20,748,2840,Fuera de Tiempo,4,21,0,,,Excedido,"55-010         ",55-010 - COCINA PARED EMB. P.ALTO BL/CR LORCA,0,0,08/03/2026 10:21:35
13350390,08/03/2026 06:34:15,08/03/2026 07:21:35,gsoderquvist,6415,00:12:28,00:47:20,748,2840,Fuera de Tiempo,1,21,0,,,Excedido,"203            ","203 - LAVATORIO CROMO ""DIQUE""",0,0,08/03/2026 10:21:35
13350390,08/03/2026 06:34:15,08/03/2026 07:21:35,gsoderquvist,6415,00:12:28,00:47:20,748,2840,Fuera de Tiempo,60,21,0,,,Excedido,"80-058         ",80-058 - DUCHA EMB. C/TRANSF. CR C.STD MALBA,0,0,08/03/2026 10:21:35
13350390,08/03/2026 06:34:15,08/03/2026 07:21:35,gsoderquvist,6415,00:12:28,00:47:20,748,2840,Fuera de Tiempo,60,21,0,,,Excedido,"60-058         ",60-058 - LAVATORIO CR C.STD MALBA,0,0,08/03/2026 10:21:35
13350390,08/03/2026 06:34:15,08/03/2026 07:21:35,gsoderquvist,6415,00:12:28,00:47:20,748,2840,Fuera de Tiempo,40,21,0,,,Excedido,"423            ","423 - DUCHA EMB. C/TRANSF.CR ""DIQUE""",0,0,08/03/2026 10:21:35
13350463,08/03/2026 06:52:24,08/03/2026 06:52:31,rodriguezt,6419,00:00:47,00:00:07,47,7,En Tiempo,1,3,0,00:23:00,1380,Excedido,"70-190         ",70-190 - BIDE C.CERAM BLACK VELVET,0,0,08/03/2026 09:52:31
13350463,08/03/2026 06:52:24,08/03/2026 06:52:31,rodriguezt,6419,00:00:47,00:00:07,47,7,En Tiempo,1,3,0,00:23:00,1380,Excedido,"60-190         ",60-190 - LAVATORIO C.CERAM BLACK VELVET,0,0,08/03/2026 09:52:31
13350463,08/03/2026 06:52:24,08/03/2026 06:52:31,rodriguezt,6419,00:00:47,00:00:07,47,7,En Tiempo,1,3,0,00:23:00,1380,Excedido,"10005BL        ","SET DE 5 PIEZAS LINEA 10000 BLACK                                     ",0,0,08/03/2026 09:52:31
13350491,08/03/2026 06:57:59,08/03/2026 06:59:16,rodriguezt,6419,00:00:39,00:01:17,39,77,Fuera de Tiempo,1,1,0,00:05:28,328,Logico,"11010          ","TOALLERO BARRAL LINEA 11000                                           ",0,0,08/03/2026 09:59:16
13350628,08/03/2026 07:16:46,08/03/2026 07:17:47,gkiriczuk,6409,00:00:47,00:01:01,47,61,Fuera de Tiempo,1,3,0,,,Excedido,"INO100-6       ","CONJUNTO FIJACION LINEA URBAN STONE LOFT                              ",0,0,08/03/2026 10:17:47
13350628,08/03/2026 07:16:46,08/03/2026 07:17:47,gkiriczuk,6409,00:00:47,00:01:01,47,61,Fuera de Tiempo,1,3,0,,,Excedido,"INO100-2       ","SOPORTE TAPA INODORO                                                  ",0,0,08/03/2026 10:17:47
13350628,08/03/2026 07:16:46,08/03/2026 07:17:47,gkiriczuk,6409,00:00:47,00:01:01,47,61,Fuera de Tiempo,1,3,0,,,Excedido,"INO100-9       ","TAPON INTERNO BLANCO DEPOSITO INODORO                                 ",0,0,08/03/2026 10:17:47
13350659,08/03/2026 07:21:04,08/03/2026 08:04:18,acejas,6417,00:10:26,00:43:14,626,2594,Fuera de Tiempo,15,26,0,,,Excedido,"20-173         ",20-173 - COCINA MESADA MONOC. COLORS ROJO,0,0,08/03/2026 11:04:18
13350659,08/03/2026 07:21:04,08/03/2026 08:04:18,acejas,6417,00:10:26,00:43:14,626,2594,Fuera de Tiempo,3,26,0,,,Excedido,"63-152         ",63-152 - LAVATORIO PARED EMBUTIR CR MONOC. SORIA,0,0,08/03/2026 11:04:18
13350659,08/03/2026 07:21:04,08/03/2026 08:04:18,acejas,6417,00:10:26,00:43:14,626,2594,Fuera de Tiempo,3,26,0,,,Excedido,"63-168         ",63-168 - LAVATORIO PARED EMB MONOC CR WAVE,0,0,08/03/2026 11:04:18
13350659,08/03/2026 07:21:04,08/03/2026 08:04:18,acejas,6417,00:10:26,00:43:14,626,2594,Fuera de Tiempo,4,26,0,,,Excedido,"A1452C         ",A1452C - CAÑO DE DUCHA RECTO 150 MM CROMO C/BLISTER,0,0,08/03/2026 11:04:18
13350659,08/03/2026 07:21:04,08/03/2026 08:04:18,acejas,6417,00:10:26,00:43:14,626,2594,Fuera de Tiempo,3,26,0,,,Excedido,"70-205         ",70-205 - BIDE MONOCOMANDO STEEL,0,0,08/03/2026 11:04:18
13350659,08/03/2026 07:21:04,08/03/2026 08:04:18,acejas,6417,00:10:26,00:43:14,626,2594,Fuera de Tiempo,3,26,0,,,Excedido,"60-205         ",60-205 - LAVATORIO MONOC BAJO STEEL,0,0,08/03/2026 11:04:18
13350659,08/03/2026 07:21:04,08/03/2026 08:04:18,acejas,6417,00:10:26,00:43:14,626,2594,Fuera de Tiempo,3,26,0,,,Excedido,"70-200G        ",70-200G - BIDE MONOCOMANDO GOLD FABRIC,0,0,08/03/2026 11:04:18
13350659,08/03/2026 07:21:04,08/03/2026 08:04:18,acejas,6417,00:10:26,00:43:14,626,2594,Fuera de Tiempo,6,26,0,,,Excedido,"60-176         ","LAVATORIO MONOCOMANDO BAJO CR RIO                                     ",0,0,08/03/2026 11:04:18
13350659,08/03/2026 07:21:04,08/03/2026 08:04:18,acejas,6417,00:10:26,00:43:14,626,2594,Fuera de Tiempo,3,26,0,,,Excedido,"63-180         ",63-180 - LAVATORIO MONOC. DE PARED VERA,0,0,08/03/2026 11:04:18
13350659,08/03/2026 07:21:04,08/03/2026 08:04:18,acejas,6417,00:10:26,00:43:14,626,2594,Fuera de Tiempo,5,26,0,,,Excedido,"17040N         ",17040N - PORTA ROLLO LINEA FABRIC BLACK,0,0,08/03/2026 11:04:18
13350659,08/03/2026 07:21:04,08/03/2026 08:04:18,acejas,6417,00:10:26,00:43:14,626,2594,Fuera de Tiempo,15,26,0,,,Excedido,"80-166         ","DUCHA EMB. C/TRANSF. CR C.CERAM ADRA PLUS                             ",0,0,08/03/2026 11:04:18
13350659,08/03/2026 07:21:04,08/03/2026 08:04:18,acejas,6417,00:10:26,00:43:14,626,2594,Fuera de Tiempo,15,26,0,,,Excedido,"60-203         ",60-203 - LAVATORIO MONOCOMANDO BAJO ADRA,0,0,08/03/2026 11:04:18
13350659,08/03/2026 07:21:04,08/03/2026 08:04:18,acejas,6417,00:10:26,00:43:14,626,2594,Fuera de Tiempo,5,26,0,,,Excedido,"62-162N        ",62-162N - LAVATORIO DE PARED BLACK C.CERAM ADRA,0,0,08/03/2026 11:04:18
13350659,08/03/2026 07:21:04,08/03/2026 08:04:18,acejas,6417,00:10:26,00:43:14,626,2594,Fuera de Tiempo,3,26,0,,,Excedido,"60-190         ",60-190 - LAVATORIO C.CERAM BLACK VELVET,0,0,08/03/2026 11:04:18
13350659,08/03/2026 07:21:04,08/03/2026 08:04:18,acejas,6417,00:10:26,00:43:14,626,2594,Fuera de Tiempo,6,26,0,,,Excedido,"80-166N        ",80-166N - DUCHA EMB. C/TRANSF. BLACK C.CERAM ADRA PLUS,0,0,08/03/2026 11:04:18
13350659,08/03/2026 07:21:04,08/03/2026 08:04:18,acejas,6417,00:10:26,00:43:14,626,2594,Fuera de Tiempo,3,26,0,,,Excedido,"60-100G        ",60-100G - LAVATORIO GOLD C.CERAM FABRIC,0,0,08/03/2026 11:04:18
13350659,08/03/2026 07:21:04,08/03/2026 08:04:18,acejas,6417,00:10:26,00:43:14,626,2594,Fuera de Tiempo,4,26,0,,,Excedido,"62-100N        ",62-100N - LAVATORIO DE PARED BLACK C.CERAM FABRIC,0,0,08/03/2026 11:04:18
13350659,08/03/2026 07:21:04,08/03/2026 08:04:18,acejas,6417,00:10:26,00:43:14,626,2594,Fuera de Tiempo,3,26,0,,,Excedido,"70-175GR       ",70-175GR - BIDE PULSE GRAFITO C.CERAM,0,0,08/03/2026 11:04:18
13350659,08/03/2026 07:21:04,08/03/2026 08:04:18,acejas,6417,00:10:26,00:43:14,626,2594,Fuera de Tiempo,3,26,0,,,Excedido,"85-168N        ",85-168N - DUCHA MONOC C/TRANSF Y DUCHADOR BLACK WAVE,0,0,08/03/2026 11:04:18
13350659,08/03/2026 07:21:04,08/03/2026 08:04:18,acejas,6417,00:10:26,00:43:14,626,2594,Fuera de Tiempo,3,26,0,,,Excedido,"85-190         ",85-190 - DUCHA EMB C/TRANSF Y DUCHADOR CR C.CERAM BLACK VELVET,0,0,08/03/2026 11:04:18
13350659,08/03/2026 07:21:04,08/03/2026 08:04:18,acejas,6417,00:10:26,00:43:14,626,2594,Fuera de Tiempo,5,26,0,,,Excedido,"80-180         ",80-180 - DUCHA EMB. C/TRANSF. MONOCOMANDO VERA,0,0,08/03/2026 11:04:18
13350659,08/03/2026 07:21:04,08/03/2026 08:04:18,acejas,6417,00:10:26,00:43:14,626,2594,Fuera de Tiempo,5,26,0,,,Excedido,"80-190P        ",80-190P - DUCHA EMB. C/TRANSF. C.CERAM BLACK VELVET PLUS,0,0,08/03/2026 11:04:18
13350659,08/03/2026 07:21:04,08/03/2026 08:04:18,acejas,6417,00:10:26,00:43:14,626,2594,Fuera de Tiempo,2,26,0,,,Excedido,"80-329         ",80-329 - DUCHA DE EMB 3 FUNCIONES CASTILLA,0,0,08/03/2026 11:04:18
13350659,08/03/2026 07:21:04,08/03/2026 08:04:18,acejas,6417,00:10:26,00:43:14,626,2594,Fuera de Tiempo,3,26,0,,,Excedido,"51-122         ",51-122 - MESADA BIMANDO CR C.CERAM VALENCIA,0,0,08/03/2026 11:04:18
13350659,08/03/2026 07:21:04,08/03/2026 08:04:18,acejas,6417,00:10:26,00:43:14,626,2594,Fuera de Tiempo,3,26,0,,,Excedido,"51-190         ",51-190 - MESADA BIMANDO C.CERAM BLACK VELVET,0,0,08/03/2026 11:04:18
13350659,08/03/2026 07:21:04,08/03/2026 08:04:18,acejas,6417,00:10:26,00:43:14,626,2594,Fuera de Tiempo,5,26,0,,,Excedido,"51-131         ",51-131 - MESADA BIMANDO CR C.CERAM MALLORCA,0,0,08/03/2026 11:04:18
13350817,08/03/2026 07:35:42,08/03/2026 07:35:50,gsoderquvist,6415,00:00:39,00:00:08,39,8,En Tiempo,1,1,0,00:14:07,847,Excedido,"BID104-1       ","BIDE 1 AGUJERO BLANCO LINEA STONE                                     ",0,0,08/03/2026 10:35:50
13350896,08/03/2026 07:42:46,08/03/2026 07:43:56,gsoderquvist,6415,00:05:26,00:01:10,326,70,En Tiempo,1,21,0,00:06:56,416,Excedido,"20-172         ",20-172 - COCINA MESADA MONOC. COLORS NEGRO,0,0,08/03/2026 10:43:56
13350896,08/03/2026 07:42:46,08/03/2026 07:43:56,gsoderquvist,6415,00:05:26,00:01:10,326,70,En Tiempo,2,21,0,00:06:56,416,Excedido,"60-176         ","LAVATORIO MONOCOMANDO BAJO CR RIO                                     ",0,0,08/03/2026 10:43:56
13350896,08/03/2026 07:42:46,08/03/2026 07:43:56,gsoderquvist,6415,00:05:26,00:01:10,326,70,En Tiempo,2,21,0,00:06:56,416,Excedido,"60-176N        ","LAVATORIO MONOCOMANDO BAJO BLACK RIO                                  ",0,0,08/03/2026 10:43:56
13350896,08/03/2026 07:42:46,08/03/2026 07:43:56,gsoderquvist,6415,00:05:26,00:01:10,326,70,En Tiempo,6,21,0,00:06:56,416,Excedido,"20-122         ","MONOCOMANDO COCINA CR C/PICO EXTRAIBLE VALENCIA                       ",0,0,08/03/2026 10:43:56
13350896,08/03/2026 07:42:46,08/03/2026 07:43:56,gsoderquvist,6415,00:05:26,00:01:10,326,70,En Tiempo,1,21,0,00:06:56,416,Excedido,"60-133         ",60-133 - LAVATORIO MONOCOMANDO LUGO,0,0,08/03/2026 10:43:56
13350896,08/03/2026 07:42:46,08/03/2026 07:43:56,gsoderquvist,6415,00:05:26,00:01:10,326,70,En Tiempo,1,21,0,00:06:56,416,Excedido,"83-133         ",83-133 - DUCHA EXT. C/TRANSF. MONOCOMANDO LUGO,0,0,08/03/2026 10:43:56
13350896,08/03/2026 07:42:46,08/03/2026 07:43:56,gsoderquvist,6415,00:05:26,00:01:10,326,70,En Tiempo,2,21,0,00:06:56,416,Excedido,"84-203         ","DUCHA EXT C/COLUMNA Y TRANSF CR ADRA                                  ",0,0,08/03/2026 10:43:56
13350896,08/03/2026 07:42:46,08/03/2026 07:43:56,gsoderquvist,6415,00:05:26,00:01:10,326,70,En Tiempo,2,21,0,00:06:56,416,Excedido,"933            ",933 - JGO PARED C/EXT CR DIQUE,0,0,08/03/2026 10:43:56
13350896,08/03/2026 07:42:46,08/03/2026 07:43:56,gsoderquvist,6415,00:05:26,00:01:10,326,70,En Tiempo,2,21,0,00:06:56,416,Excedido,"55-001N        ","55-001N - COCINA PARED EMBUTIR PICO ALTO ""CROMO Y""",0,0,08/03/2026 10:43:56
13350896,08/03/2026 07:42:46,08/03/2026 07:43:56,gsoderquvist,6415,00:05:26,00:01:10,326,70,En Tiempo,2,21,0,00:06:56,416,Excedido,"53-001N        ","53-001N - COCINA PARED EXTERIOR PICO ALTO ""CROMO Y""",0,0,08/03/2026 10:43:56
13350896,08/03/2026 07:42:46,08/03/2026 07:43:56,gsoderquvist,6415,00:05:26,00:01:10,326,70,En Tiempo,2,21,0,00:06:56,416,Excedido,"60-001N        ","60-001N - LAVATORIO ""CROMO Y""",0,0,08/03/2026 10:43:56
13350896,08/03/2026 07:42:46,08/03/2026 07:43:56,gsoderquvist,6415,00:05:26,00:01:10,326,70,En Tiempo,2,21,0,00:06:56,416,Excedido,"51-122         ",51-122 - MESADA BIMANDO CR C.CERAM VALENCIA,0,0,08/03/2026 10:43:56
13350896,08/03/2026 07:42:46,08/03/2026 07:43:56,gsoderquvist,6415,00:05:26,00:01:10,326,70,En Tiempo,2,21,0,00:06:56,416,Excedido,"54-002         ",54-002 - COCINA PARED EXT. P.BAJO RENACER,0,0,08/03/2026 10:43:56
13350896,08/03/2026 07:42:46,08/03/2026 07:43:56,gsoderquvist,6415,00:05:26,00:01:10,326,70,En Tiempo,2,21,0,00:06:56,416,Excedido,"51-059         ",51-059 - COCINA MESADA BL/CR C.STD MALBA,0,0,08/03/2026 10:43:56
13350896,08/03/2026 07:42:46,08/03/2026 07:43:56,gsoderquvist,6415,00:05:26,00:01:10,326,70,En Tiempo,2,21,0,00:06:56,416,Excedido,"70-057         ",70-057 - BIDE C.STD VERIN PLUS,0,0,08/03/2026 10:43:56
13350896,08/03/2026 07:42:46,08/03/2026 07:43:56,gsoderquvist,6415,00:05:26,00:01:10,326,70,En Tiempo,2,21,0,00:06:56,416,Excedido,"60-057         ",60-057 - LAVATORIO C.STD VERIN PLUS,0,0,08/03/2026 10:43:56
13350896,08/03/2026 07:42:46,08/03/2026 07:43:56,gsoderquvist,6415,00:05:26,00:01:10,326,70,En Tiempo,2,21,0,00:06:56,416,Excedido,"51-058         ",51-058 - COCINA MESADA CR C.STD MALBA,0,0,08/03/2026 10:43:56
13350896,08/03/2026 07:42:46,08/03/2026 07:43:56,gsoderquvist,6415,00:05:26,00:01:10,326,70,En Tiempo,1,21,0,00:06:56,416,Excedido,"80-162         ",80-162 - DUCHA EMB. C/TRANSF. CR C.CERAM ADRA,0,0,08/03/2026 10:43:56
13350896,08/03/2026 07:42:46,08/03/2026 07:43:56,gsoderquvist,6415,00:05:26,00:01:10,326,70,En Tiempo,1,21,0,00:06:56,416,Excedido,"80-166         ","DUCHA EMB. C/TRANSF. CR C.CERAM ADRA PLUS                             ",0,0,08/03/2026 10:43:56
13350896,08/03/2026 07:42:46,08/03/2026 07:43:56,gsoderquvist,6415,00:05:26,00:01:10,326,70,En Tiempo,1,21,0,00:06:56,416,Excedido,"70-162         ",70-162 - BIDE CR C.CERAM LINEA ADRA,0,0,08/03/2026 10:43:56
13350896,08/03/2026 07:42:46,08/03/2026 07:43:56,gsoderquvist,6415,00:05:26,00:01:10,326,70,En Tiempo,1,21,0,00:06:56,416,Excedido,"60-162         ",60-162 - LAVATORIO CR C.CERAM LINEA ADRA,0,0,08/03/2026 10:43:56
13350997,08/03/2026 07:50:37,08/03/2026 07:51:23,rodriguezt,6419,00:02:55,00:00:46,175,46,En Tiempo,19,8,0,00:51:21,3081,Excedido,"17030G         ",17030G - PERCHA LINEA FABRIC GOLD,0,0,08/03/2026 10:51:23
13350997,08/03/2026 07:50:37,08/03/2026 07:51:23,rodriguezt,6419,00:02:55,00:00:46,175,46,En Tiempo,3,8,0,00:51:21,3081,Excedido,"80-100G        ",80-100G - DUCHA EMB. C/TRANSF. GOLD C.CERAM FABRIC,0,0,08/03/2026 10:51:23
13350997,08/03/2026 07:50:37,08/03/2026 07:51:23,rodriguezt,6419,00:02:55,00:00:46,175,46,En Tiempo,3,8,0,00:51:21,3081,Excedido,"60-100G        ",60-100G - LAVATORIO GOLD C.CERAM FABRIC,0,0,08/03/2026 10:51:23
13350997,08/03/2026 07:50:37,08/03/2026 07:51:23,rodriguezt,6419,00:02:55,00:00:46,175,46,En Tiempo,1,8,0,00:51:21,3081,Excedido,"22-178         ",22-178 - MONOCOMANDO DE COCINA P/AGUA FILTRADA VITA,0,0,08/03/2026 10:51:23
13350997,08/03/2026 07:50:37,08/03/2026 07:51:23,rodriguezt,6419,00:02:55,00:00:46,175,46,En Tiempo,2,8,0,00:51:21,3081,Excedido,"60-200G        ",60-200G - LAVATORIO MONOC BAJO GOLD FABRIC,0,0,08/03/2026 10:51:23
13350997,08/03/2026 07:50:37,08/03/2026 07:51:23,rodriguezt,6419,00:02:55,00:00:46,175,46,En Tiempo,4,8,0,00:51:21,3081,Excedido,"70-200G        ",70-200G - BIDE MONOCOMANDO GOLD FABRIC,0,0,08/03/2026 10:51:23
13350997,08/03/2026 07:50:37,08/03/2026 07:51:23,rodriguezt,6419,00:02:55,00:00:46,175,46,En Tiempo,8,8,0,00:51:21,3081,Excedido,"17010G         ",17010G - TOALLERO BARRAL LINEA FABRIC GOLD,0,0,08/03/2026 10:51:23
13350997,08/03/2026 07:50:37,08/03/2026 07:51:23,rodriguezt,6419,00:02:55,00:00:46,175,46,En Tiempo,1,8,0,00:51:21,3081,Excedido,"61-168         ",61-168 - LAVATORIO MONOC ALTO CR WAVE,0,0,08/03/2026 10:51:23
13351050,08/03/2026 07:54:14,08/03/2026 07:59:48,rodriguezt,6419,00:06:32,00:05:34,392,334,En Tiempo,2,20,0,00:02:51,171,Logico,"60-162         ",60-162 - LAVATORIO CR C.CERAM LINEA ADRA,0,0,08/03/2026 10:59:48
13351050,08/03/2026 07:54:14,08/03/2026 07:59:48,rodriguezt,6419,00:06:32,00:05:34,392,334,En Tiempo,3,20,0,00:02:51,171,Logico,"80-162         ",80-162 - DUCHA EMB. C/TRANSF. CR C.CERAM ADRA,0,0,08/03/2026 10:59:48
13351050,08/03/2026 07:54:14,08/03/2026 07:59:48,rodriguezt,6419,00:06:32,00:05:34,392,334,En Tiempo,2,20,0,00:02:51,171,Logico,"70-162         ",70-162 - BIDE CR C.CERAM LINEA ADRA,0,0,08/03/2026 10:59:48
13351050,08/03/2026 07:54:14,08/03/2026 07:59:48,rodriguezt,6419,00:06:32,00:05:34,392,334,En Tiempo,2,20,0,00:02:51,171,Logico,"80-166         ","DUCHA EMB. C/TRANSF. CR C.CERAM ADRA PLUS                             ",0,0,08/03/2026 10:59:48
13351050,08/03/2026 07:54:14,08/03/2026 07:59:48,rodriguezt,6419,00:06:32,00:05:34,392,334,En Tiempo,4,20,0,00:02:51,171,Logico,"51-058         ",51-058 - COCINA MESADA CR C.STD MALBA,0,0,08/03/2026 10:59:48
13351050,08/03/2026 07:54:14,08/03/2026 07:59:48,rodriguezt,6419,00:06:32,00:05:34,392,334,En Tiempo,4,20,0,00:02:51,171,Logico,"60-057         ",60-057 - LAVATORIO C.STD VERIN PLUS,0,0,08/03/2026 10:59:48
13351050,08/03/2026 07:54:14,08/03/2026 07:59:48,rodriguezt,6419,00:06:32,00:05:34,392,334,En Tiempo,4,20,0,00:02:51,171,Logico,"70-057         ",70-057 - BIDE C.STD VERIN PLUS,0,0,08/03/2026 10:59:48
13351050,08/03/2026 07:54:14,08/03/2026 07:59:48,rodriguezt,6419,00:06:32,00:05:34,392,334,En Tiempo,4,20,0,00:02:51,171,Logico,"51-059         ",51-059 - COCINA MESADA BL/CR C.STD MALBA,0,0,08/03/2026 10:59:48
13351050,08/03/2026 07:54:14,08/03/2026 07:59:48,rodriguezt,6419,00:06:32,00:05:34,392,334,En Tiempo,4,20,0,00:02:51,171,Logico,"54-002         ",54-002 - COCINA PARED EXT. P.BAJO RENACER,0,0,08/03/2026 10:59:48
13351050,08/03/2026 07:54:14,08/03/2026 07:59:48,rodriguezt,6419,00:06:32,00:05:34,392,334,En Tiempo,4,20,0,00:02:51,171,Logico,"51-122         ",51-122 - MESADA BIMANDO CR C.CERAM VALENCIA,0,0,08/03/2026 10:59:48
13351050,08/03/2026 07:54:14,08/03/2026 07:59:48,rodriguezt,6419,00:06:32,00:05:34,392,334,En Tiempo,4,20,0,00:02:51,171,Logico,"60-001N        ","60-001N - LAVATORIO ""CROMO Y""",0,0,08/03/2026 10:59:48
13351050,08/03/2026 07:54:14,08/03/2026 07:59:48,rodriguezt,6419,00:06:32,00:05:34,392,334,En Tiempo,4,20,0,00:02:51,171,Logico,"53-001N        ","53-001N - COCINA PARED EXTERIOR PICO ALTO ""CROMO Y""",0,0,08/03/2026 10:59:48
13351050,08/03/2026 07:54:14,08/03/2026 07:59:48,rodriguezt,6419,00:06:32,00:05:34,392,334,En Tiempo,4,20,0,00:02:51,171,Logico,"55-001N        ","55-001N - COCINA PARED EMBUTIR PICO ALTO ""CROMO Y""",0,0,08/03/2026 10:59:48
13351050,08/03/2026 07:54:14,08/03/2026 07:59:48,rodriguezt,6419,00:06:32,00:05:34,392,334,En Tiempo,2,20,0,00:02:51,171,Logico,"60-133         ",60-133 - LAVATORIO MONOCOMANDO LUGO,0,0,08/03/2026 10:59:48
13351050,08/03/2026 07:54:14,08/03/2026 07:59:48,rodriguezt,6419,00:06:32,00:05:34,392,334,En Tiempo,2,20,0,00:02:51,171,Logico,"83-133         ",83-133 - DUCHA EXT. C/TRANSF. MONOCOMANDO LUGO,0,0,08/03/2026 10:59:48
13351050,08/03/2026 07:54:14,08/03/2026 07:59:48,rodriguezt,6419,00:06:32,00:05:34,392,334,En Tiempo,4,20,0,00:02:51,171,Logico,"933            ",933 - JGO PARED C/EXT CR DIQUE,0,0,08/03/2026 10:59:48
13351050,08/03/2026 07:54:14,08/03/2026 07:59:48,rodriguezt,6419,00:06:32,00:05:34,392,334,En Tiempo,4,20,0,00:02:51,171,Logico,"60-176         ","LAVATORIO MONOCOMANDO BAJO CR RIO                                     ",0,0,08/03/2026 10:59:48
13351050,08/03/2026 07:54:14,08/03/2026 07:59:48,rodriguezt,6419,00:06:32,00:05:34,392,334,En Tiempo,4,20,0,00:02:51,171,Logico,"60-176N        ","LAVATORIO MONOCOMANDO BAJO BLACK RIO                                  ",0,0,08/03/2026 10:59:48
13351050,08/03/2026 07:54:14,08/03/2026 07:59:48,rodriguezt,6419,00:06:32,00:05:34,392,334,En Tiempo,4,20,0,00:02:51,171,Logico,"84-203         ","DUCHA EXT C/COLUMNA Y TRANSF CR ADRA                                  ",0,0,08/03/2026 10:59:48
13351050,08/03/2026 07:54:14,08/03/2026 07:59:48,rodriguezt,6419,00:06:32,00:05:34,392,334,En Tiempo,2,20,0,00:02:51,171,Logico,"20-172         ",20-172 - COCINA MESADA MONOC. COLORS NEGRO,0,0,08/03/2026 10:59:48
13351098,08/03/2026 07:57:34,08/03/2026 07:58:35,gsoderquvist,6415,00:01:39,00:01:01,99,61,En Tiempo,7,4,0,00:13:38,818,Excedido,"LG03N70        ",LG03N70 - BIDE BLACK C.STD BERNA,0,0,08/03/2026 10:58:35
13351098,08/03/2026 07:57:34,08/03/2026 07:58:35,gsoderquvist,6415,00:01:39,00:01:01,99,61,En Tiempo,7,4,0,00:13:38,818,Excedido,"LG03N80        ",LG03N80 - DUCHA C/TRANSF BLACK C.STD BERNA,0,0,08/03/2026 10:58:35
13351098,08/03/2026 07:57:34,08/03/2026 07:58:35,gsoderquvist,6415,00:01:39,00:01:01,99,61,En Tiempo,8,4,0,00:13:38,818,Excedido,"LG03C70        ",LG03C70 - BIDE CR C.STD BERNA,0,0,08/03/2026 10:58:35
13351098,08/03/2026 07:57:34,08/03/2026 07:58:35,gsoderquvist,6415,00:01:39,00:01:01,99,61,En Tiempo,7,4,0,00:13:38,818,Excedido,"LG03C80        ",LG03C80 - DUCHA EMB. C/TRANSF. CR C.STD BERNA,0,0,08/03/2026 10:58:35
13351124,08/03/2026 07:59:15,08/03/2026 08:00:10,gsoderquvist,6415,00:02:21,00:00:55,141,55,En Tiempo,2,11,0,00:00:40,40,Logico,"30-132         ",30-132 - COCINA MESADA MONOC. C/DUCHADOR EXTENSIBLE VIGO,0,0,08/03/2026 11:00:10
13351124,08/03/2026 07:59:15,08/03/2026 08:00:10,gsoderquvist,6415,00:02:21,00:00:55,141,55,En Tiempo,2,11,0,00:00:40,40,Logico,"20-121         ",20-121 - COCINA MSDA MONOC.P. REDONDO MARBELLA,0,0,08/03/2026 11:00:10
13351124,08/03/2026 07:59:15,08/03/2026 08:00:10,gsoderquvist,6415,00:02:21,00:00:55,141,55,En Tiempo,1,11,0,00:00:40,40,Logico,"20-190         ",20-190 - COCINA MESADA MONOC BLACK VELVET,0,0,08/03/2026 11:00:10
13351124,08/03/2026 07:59:15,08/03/2026 08:00:10,gsoderquvist,6415,00:02:21,00:00:55,141,55,En Tiempo,1,11,0,00:00:40,40,Logico,"20-150         ",20-150 - MONOCOMANDO MESADA COCINA TOLEDO,0,0,08/03/2026 11:00:10
13351124,08/03/2026 07:59:15,08/03/2026 08:00:10,gsoderquvist,6415,00:02:21,00:00:55,141,55,En Tiempo,1,11,0,00:00:40,40,Logico,"20-135         ",20-135 - MONOCOMANDO COCINA SANTANDER,0,0,08/03/2026 11:00:10
13351124,08/03/2026 07:59:15,08/03/2026 08:00:10,gsoderquvist,6415,00:02:21,00:00:55,141,55,En Tiempo,1,11,0,00:00:40,40,Logico,"80-175DG       ",80-175DG - DUCHA EMB C/TRANSF. PULSE DARK GOLD C.CERAM,0,0,08/03/2026 11:00:10
13351124,08/03/2026 07:59:15,08/03/2026 08:00:10,gsoderquvist,6415,00:02:21,00:00:55,141,55,En Tiempo,1,11,0,00:00:40,40,Logico,"20-146         ",20-146 - MONOCOMANDO DE COCINA CR LINEA MOVE,0,0,08/03/2026 11:00:10
13351124,08/03/2026 07:59:15,08/03/2026 08:00:10,gsoderquvist,6415,00:02:21,00:00:55,141,55,En Tiempo,1,11,0,00:00:40,40,Logico,"20-162         ",20-162 - MONOCOMANDO COCINA ADRA,0,0,08/03/2026 11:00:10
13351124,08/03/2026 07:59:15,08/03/2026 08:00:10,gsoderquvist,6415,00:02:21,00:00:55,141,55,En Tiempo,3,11,0,00:00:40,40,Logico,"20-134         ",20-134 - MONOCOMANDO COCINA BETIS,0,0,08/03/2026 11:00:10
13351124,08/03/2026 07:59:15,08/03/2026 08:00:10,gsoderquvist,6415,00:02:21,00:00:55,141,55,En Tiempo,1,11,0,00:00:40,40,Logico,"60-100G        ",60-100G - LAVATORIO GOLD C.CERAM FABRIC,0,0,08/03/2026 11:00:10
13351124,08/03/2026 07:59:15,08/03/2026 08:00:10,gsoderquvist,6415,00:02:21,00:00:55,141,55,En Tiempo,1,11,0,00:00:40,40,Logico,"51-190         ",51-190 - MESADA BIMANDO C.CERAM BLACK VELVET,0,0,08/03/2026 11:00:10
13351229,08/03/2026 08:05:47,08/03/2026 08:06:13,rodriguezt,6419,00:01:10,00:00:26,70,26,En Tiempo,2,4,0,00:05:59,359,Excedido,"BID104-3       ","BIDE 3 AGUJEROS BLANCO LINEA STONE                                    ",0,0,08/03/2026 11:06:13
13351229,08/03/2026 08:05:47,08/03/2026 08:06:13,rodriguezt,6419,00:01:10,00:00:26,70,26,En Tiempo,2,4,0,00:05:59,359,Excedido,"61-180         ",61-180 - LAVATORIO MONOCOMANDO ALTO VERA,0,0,08/03/2026 11:06:13
13351229,08/03/2026 08:05:47,08/03/2026 08:06:13,rodriguezt,6419,00:01:10,00:00:26,70,26,En Tiempo,1,4,0,00:05:59,359,Excedido,"60-180         ",60-180 - LAVATORIO MONOCOMANDO BAJO VERA,0,0,08/03/2026 11:06:13
13351229,08/03/2026 08:05:47,08/03/2026 08:06:13,rodriguezt,6419,00:01:10,00:00:26,70,26,En Tiempo,2,4,0,00:05:59,359,Excedido,"BCH12          ",BCH12 - BACHA DE APOYAR BLANCA 460x320x140,0,0,08/03/2026 11:06:13
13351340,08/03/2026 08:11:35,08/03/2026 08:12:06,acejas,6417,00:00:41,00:00:31,41,31,En Tiempo,4,1,0,00:07:17,437,Excedido,"BAI01NI        ",BAI01NI - BACHA EMB COCINA C/ACCESORIOS 750x450x220 NICKEL BRUSHED,0,0,08/03/2026 11:12:06
13351398,08/03/2026 08:14:28,08/03/2026 08:25:23,acejas,6417,00:02:22,00:10:55,142,655,Fuera de Tiempo,2,10,0,00:02:22,142,Logico,"20-184         ","MONOCOMANDO DE COCINA CR SUV                                          ",0,0,08/03/2026 11:25:23
13351398,08/03/2026 08:14:28,08/03/2026 08:25:23,acejas,6417,00:02:22,00:10:55,142,655,Fuera de Tiempo,1,10,0,00:02:22,142,Logico,"83-176         ",83-176 - DUCHA EXT. C/TRANSF. MONOC CR RIO,0,0,08/03/2026 11:25:23
13351398,08/03/2026 08:14:28,08/03/2026 08:25:23,acejas,6417,00:02:22,00:10:55,142,655,Fuera de Tiempo,2,10,0,00:02:22,142,Logico,"60-176         ","LAVATORIO MONOCOMANDO BAJO CR RIO                                     ",0,0,08/03/2026 11:25:23
13351398,08/03/2026 08:14:28,08/03/2026 08:25:23,acejas,6417,00:02:22,00:10:55,142,655,Fuera de Tiempo,1,10,0,00:02:22,142,Logico,"70-176         ",70-176 - BIDE MONOC C/TRANSF CR RIO,0,0,08/03/2026 11:25:23
13351398,08/03/2026 08:14:28,08/03/2026 08:25:23,acejas,6417,00:02:22,00:10:55,142,655,Fuera de Tiempo,3,10,0,00:02:22,142,Logico,"60-133         ",60-133 - LAVATORIO MONOCOMANDO LUGO,0,0,08/03/2026 11:25:23
13351398,08/03/2026 08:14:28,08/03/2026 08:25:23,acejas,6417,00:02:22,00:10:55,142,655,Fuera de Tiempo,2,10,0,00:02:22,142,Logico,"51-057         ",51-057 - COCINA MESADA CR C.STD VERIN PLUS,0,0,08/03/2026 11:25:23
13351398,08/03/2026 08:14:28,08/03/2026 08:25:23,acejas,6417,00:02:22,00:10:55,142,655,Fuera de Tiempo,3,10,0,00:02:22,142,Logico,"20-134         ",20-134 - MONOCOMANDO COCINA BETIS,0,0,08/03/2026 11:25:23
13351398,08/03/2026 08:14:28,08/03/2026 08:25:23,acejas,6417,00:02:22,00:10:55,142,655,Fuera de Tiempo,2,10,0,00:02:22,142,Logico,"20-102         ","20-102 - MONOCOMANDO MESADA CROMO ""RENACER""",0,0,08/03/2026 11:25:23
13351398,08/03/2026 08:14:28,08/03/2026 08:25:23,acejas,6417,00:02:22,00:10:55,142,655,Fuera de Tiempo,2,10,0,00:02:22,142,Logico,"814/CR         ",814/CR - MESADA P.FUNDIDO CR/CR ARES,0,0,08/03/2026 11:25:23
13351398,08/03/2026 08:14:28,08/03/2026 08:25:23,acejas,6417,00:02:22,00:10:55,142,655,Fuera de Tiempo,1,10,0,00:02:22,142,Logico,"51-107         ",51-107 - JGO. MESADA CR C.CERAM BEDIA,0,0,08/03/2026 11:25:23
13351922,08/03/2026 08:41:05,08/03/2026 08:45:56,rodriguezt,6419,00:08:17,00:04:51,497,291,En Tiempo,1,33,0,00:34:52,2092,Excedido,"80-136         ",80-136 - DUCHA EMB. C/TRANSF. CR C.C. MARBELLA PLUS,0,0,08/03/2026 11:45:56
13351922,08/03/2026 08:41:05,08/03/2026 08:45:56,rodriguezt,6419,00:08:17,00:04:51,497,291,En Tiempo,7,33,0,00:34:52,2092,Excedido,"90-058         ",90-058 - PACK GRIF.MALBA CR (Lavatorio-Bide-Ducha c/t),0,0,08/03/2026 11:45:56
13351922,08/03/2026 08:41:05,08/03/2026 08:45:56,rodriguezt,6419,00:08:17,00:04:51,497,291,En Tiempo,15,33,0,00:34:52,2092,Excedido,"80-058         ",80-058 - DUCHA EMB. C/TRANSF. CR C.STD MALBA,0,0,08/03/2026 11:45:56
13351922,08/03/2026 08:41:05,08/03/2026 08:45:56,rodriguezt,6419,00:08:17,00:04:51,497,291,En Tiempo,4,33,0,00:34:52,2092,Excedido,"414/CR         ",414/CR - DUCHA EXT.C/TRANSF.CR/CR ARES,0,0,08/03/2026 11:45:56
13351922,08/03/2026 08:41:05,08/03/2026 08:45:56,rodriguezt,6419,00:08:17,00:04:51,497,291,En Tiempo,5,33,0,00:34:52,2092,Excedido,"314/CR         ",314/CR - BIDE CROMO ARES,0,0,08/03/2026 11:45:56
13351922,08/03/2026 08:41:05,08/03/2026 08:45:56,rodriguezt,6419,00:08:17,00:04:51,497,291,En Tiempo,4,33,0,00:34:52,2092,Excedido,"20-131         ",20-131 - MONOCOMANDO COCINA MALLORCA,0,0,08/03/2026 11:45:56
13351922,08/03/2026 08:41:05,08/03/2026 08:45:56,rodriguezt,6419,00:08:17,00:04:51,497,291,En Tiempo,3,33,0,00:34:52,2092,Excedido,"51-190         ",51-190 - MESADA BIMANDO C.CERAM BLACK VELVET,0,0,08/03/2026 11:45:56
13351922,08/03/2026 08:41:05,08/03/2026 08:45:56,rodriguezt,6419,00:08:17,00:04:51,497,291,En Tiempo,2,33,0,00:34:52,2092,Excedido,"70-190         ",70-190 - BIDE C.CERAM BLACK VELVET,0,0,08/03/2026 11:45:56
13351922,08/03/2026 08:41:05,08/03/2026 08:45:56,rodriguezt,6419,00:08:17,00:04:51,497,291,En Tiempo,2,33,0,00:34:52,2092,Excedido,"60-203N        ","LAVATORIO MONOCOMANDO BAJO ADRA BLACK                                 ",0,0,08/03/2026 11:45:56
13351922,08/03/2026 08:41:05,08/03/2026 08:45:56,rodriguezt,6419,00:08:17,00:04:51,497,291,En Tiempo,2,33,0,00:34:52,2092,Excedido,"61-203N        ","LAVATORIO MONOCOMANDO ALTO ADRA BLACK                                 ",0,0,08/03/2026 11:45:56
13351922,08/03/2026 08:41:05,08/03/2026 08:45:56,rodriguezt,6419,00:08:17,00:04:51,497,291,En Tiempo,3,33,0,00:34:52,2092,Excedido,"80-166N        ",80-166N - DUCHA EMB. C/TRANSF. BLACK C.CERAM ADRA PLUS,0,0,08/03/2026 11:45:56
13351922,08/03/2026 08:41:05,08/03/2026 08:45:56,rodriguezt,6419,00:08:17,00:04:51,497,291,En Tiempo,2,33,0,00:34:52,2092,Excedido,"60-190         ",60-190 - LAVATORIO C.CERAM BLACK VELVET,0,0,08/03/2026 11:45:56
13351922,08/03/2026 08:41:05,08/03/2026 08:45:56,rodriguezt,6419,00:08:17,00:04:51,497,291,En Tiempo,3,33,0,00:34:52,2092,Excedido,"70-162N        ",70-162N - BIDE BLACK C.CERAM LINEA ADRA,0,0,08/03/2026 11:45:56
13351922,08/03/2026 08:41:05,08/03/2026 08:45:56,rodriguezt,6419,00:08:17,00:04:51,497,291,En Tiempo,3,33,0,00:34:52,2092,Excedido,"60-162N        ",60-162N - LAVATORIO BLACK C.CERAM LINEA ADRA,0,0,08/03/2026 11:45:56
13351922,08/03/2026 08:41:05,08/03/2026 08:45:56,rodriguezt,6419,00:08:17,00:04:51,497,291,En Tiempo,5,33,0,00:34:52,2092,Excedido,"11006          ","SET DE 6 PIEZAS LINEA 11000                                           ",0,0,08/03/2026 11:45:56
13351922,08/03/2026 08:41:05,08/03/2026 08:45:56,rodriguezt,6419,00:08:17,00:04:51,497,291,En Tiempo,5,33,0,00:34:52,2092,Excedido,"20-122N        ",20-122N - MONOCOMANDO COCINA C/PICO EXTRAIBLE VALENCIA BLACK,0,0,08/03/2026 11:45:56
13351922,08/03/2026 08:41:05,08/03/2026 08:45:56,rodriguezt,6419,00:08:17,00:04:51,497,291,En Tiempo,2,33,0,00:34:52,2092,Excedido,"60-121         ",60-121 - LAVATORIO C.CERAM CR MARBELLA,0,0,08/03/2026 11:45:56
13351922,08/03/2026 08:41:05,08/03/2026 08:45:56,rodriguezt,6419,00:08:17,00:04:51,497,291,En Tiempo,1,33,0,00:34:52,2092,Excedido,"70-121         ",70-121 - BIDE C.CERAM CR MARBELLA,0,0,08/03/2026 11:45:56
13351922,08/03/2026 08:41:05,08/03/2026 08:45:56,rodriguezt,6419,00:08:17,00:04:51,497,291,En Tiempo,4,33,0,00:34:52,2092,Excedido,"80-121         ",80-121 - DUCHA EMB. C/TRANSF. CR C.C. MARBELLA,0,0,08/03/2026 11:45:56
13351922,08/03/2026 08:41:05,08/03/2026 08:45:56,rodriguezt,6419,00:08:17,00:04:51,497,291,En Tiempo,2,33,0,00:34:52,2092,Excedido,"60-133         ",60-133 - LAVATORIO MONOCOMANDO LUGO,0,0,08/03/2026 11:45:56
13351922,08/03/2026 08:41:05,08/03/2026 08:45:56,rodriguezt,6419,00:08:17,00:04:51,497,291,En Tiempo,8,33,0,00:34:52,2092,Excedido,"3005           ",3005 - SET DE 5 PIEZAS LINEA 3000,0,0,08/03/2026 11:45:56
13351922,08/03/2026 08:41:05,08/03/2026 08:45:56,rodriguezt,6419,00:08:17,00:04:51,497,291,En Tiempo,2,33,0,00:34:52,2092,Excedido,"60-152         ",60-152 - LAVATORIO CR MONOCOMANDO BAJO SORIA,0,0,08/03/2026 11:45:56
13351922,08/03/2026 08:41:05,08/03/2026 08:45:56,rodriguezt,6419,00:08:17,00:04:51,497,291,En Tiempo,2,33,0,00:34:52,2092,Excedido,"70-152         ",70-152 - BIDE MONOCOMANDO CR C/TRANSFERENCIA SORIA,0,0,08/03/2026 11:45:56
13351922,08/03/2026 08:41:05,08/03/2026 08:45:56,rodriguezt,6419,00:08:17,00:04:51,497,291,En Tiempo,3,33,0,00:34:52,2092,Excedido,"80-152         ",80-152 - DUCHA EMB. CR C/TRANSF. MONOCOMANDO SORIA,0,0,08/03/2026 11:45:56
13351922,08/03/2026 08:41:05,08/03/2026 08:45:56,rodriguezt,6419,00:08:17,00:04:51,497,291,En Tiempo,4,33,0,00:34:52,2092,Excedido,"20-150         ",20-150 - MONOCOMANDO MESADA COCINA TOLEDO,0,0,08/03/2026 11:45:56
13351922,08/03/2026 08:41:05,08/03/2026 08:45:56,rodriguezt,6419,00:08:17,00:04:51,497,291,En Tiempo,1,33,0,00:34:52,2092,Excedido,"20-135         ",20-135 - MONOCOMANDO COCINA SANTANDER,0,0,08/03/2026 11:45:56
13351922,08/03/2026 08:41:05,08/03/2026 08:45:56,rodriguezt,6419,00:08:17,00:04:51,497,291,En Tiempo,2,33,0,00:34:52,2092,Excedido,"70-133         ",70-133 - BIDE MONOCOMANDO LUGO,0,0,08/03/2026 11:45:56
13351922,08/03/2026 08:41:05,08/03/2026 08:45:56,rodriguezt,6419,00:08:17,00:04:51,497,291,En Tiempo,3,33,0,00:34:52,2092,Excedido,"20-190         ",20-190 - COCINA MESADA MONOC BLACK VELVET,0,0,08/03/2026 11:45:56
13351922,08/03/2026 08:41:05,08/03/2026 08:45:56,rodriguezt,6419,00:08:17,00:04:51,497,291,En Tiempo,3,33,0,00:34:52,2092,Excedido,"20-172         ",20-172 - COCINA MESADA MONOC. COLORS NEGRO,0,0,08/03/2026 11:45:56
13351922,08/03/2026 08:41:05,08/03/2026 08:45:56,rodriguezt,6419,00:08:17,00:04:51,497,291,En Tiempo,2,33,0,00:34:52,2092,Excedido,"20-168N        ",20-168N - MONOCOMANDO COCINA BLACK WAVE,0,0,08/03/2026 11:45:56
13351922,08/03/2026 08:41:05,08/03/2026 08:45:56,rodriguezt,6419,00:08:17,00:04:51,497,291,En Tiempo,2,33,0,00:34:52,2092,Excedido,"80-203N        ","DUCHA EMB C/TRANSF. MONOCOMANDO ADRA BLACK PLUS                       ",0,0,08/03/2026 11:45:56
13351922,08/03/2026 08:41:05,08/03/2026 08:45:56,rodriguezt,6419,00:08:17,00:04:51,497,291,En Tiempo,5,33,0,00:34:52,2092,Excedido,"31-002         ","31-002 - CANILLA DE PARED PICO ALTO ""RENACER""",0,0,08/03/2026 11:45:56
13351922,08/03/2026 08:41:05,08/03/2026 08:45:56,rodriguezt,6419,00:08:17,00:04:51,497,291,En Tiempo,10,33,0,00:34:52,2092,Excedido,"90-166         ",90-166 - PACK GRIF. ADRA PLUS (Lav-Bide-Ducha c/t Plus),0,0,08/03/2026 11:45:56
13352428,08/03/2026 08:59:38,08/03/2026 09:31:05,acejas,6417,00:08:19,00:31:27,499,1887,Fuera de Tiempo,3,39,0,00:34:15,2055,Excedido,"20050DG        ",20050DG - JABONERA DARK GOLD LINEA PULSE,0,0,08/03/2026 12:31:05
13352428,08/03/2026 08:59:38,08/03/2026 09:31:05,acejas,6417,00:08:19,00:31:27,499,1887,Fuera de Tiempo,3,39,0,00:34:15,2055,Excedido,"20040DG        ",20040DG - PORTA ROLLO DARK GOLD LINEA PULSE,0,0,08/03/2026 12:31:05
13352428,08/03/2026 08:59:38,08/03/2026 09:31:05,acejas,6417,00:08:19,00:31:27,499,1887,Fuera de Tiempo,3,39,0,00:34:15,2055,Excedido,"17050G         ",17050G - JABONERA  LINEA FABRIC GOLD,0,0,08/03/2026 12:31:05
13352428,08/03/2026 08:59:38,08/03/2026 09:31:05,acejas,6417,00:08:19,00:31:27,499,1887,Fuera de Tiempo,3,39,0,00:34:15,2055,Excedido,"20020DG        ",20020DG - TOALLERO DE ARO DARK GOLD LINEA PULSE,0,0,08/03/2026 12:31:05
13352428,08/03/2026 08:59:38,08/03/2026 09:31:05,acejas,6417,00:08:19,00:31:27,499,1887,Fuera de Tiempo,3,39,0,00:34:15,2055,Excedido,"20030DG        ",20030DG - PERCHA DARK GOLD LINEA PULSE,0,0,08/03/2026 12:31:05
13352428,08/03/2026 08:59:38,08/03/2026 09:31:05,acejas,6417,00:08:19,00:31:27,499,1887,Fuera de Tiempo,2,39,0,00:34:15,2055,Excedido,"20-140         ",20-140 - MONOCOMANDO DE COCINA LINEA CUINA,0,0,08/03/2026 12:31:05
13352428,08/03/2026 08:59:38,08/03/2026 09:31:05,acejas,6417,00:08:19,00:31:27,499,1887,Fuera de Tiempo,3,39,0,00:34:15,2055,Excedido,"17060G         ",17060G - PORTA VASO Y CEPILLO  LINEA FABRIC GOLD,0,0,08/03/2026 12:31:05
13352428,08/03/2026 08:59:38,08/03/2026 09:31:05,acejas,6417,00:08:19,00:31:27,499,1887,Fuera de Tiempo,2,39,0,00:34:15,2055,Excedido,"20-202N        ",20-202N - MONOCOMANDO COCINA BLACK HOOP,0,0,08/03/2026 12:31:05
13352428,08/03/2026 08:59:38,08/03/2026 09:31:05,acejas,6417,00:08:19,00:31:27,499,1887,Fuera de Tiempo,2,39,0,00:34:15,2055,Excedido,"30-132         ",30-132 - COCINA MESADA MONOC. C/DUCHADOR EXTENSIBLE VIGO,0,0,08/03/2026 12:31:05
13352428,08/03/2026 08:59:38,08/03/2026 09:31:05,acejas,6417,00:08:19,00:31:27,499,1887,Fuera de Tiempo,2,39,0,00:34:15,2055,Excedido,"20-168         ",20-168 - MONOCOMANDO COCINA CR WAVE,0,0,08/03/2026 12:31:05
13352428,08/03/2026 08:59:38,08/03/2026 09:31:05,acejas,6417,00:08:19,00:31:27,499,1887,Fuera de Tiempo,2,39,0,00:34:15,2055,Excedido,"20-201NI       ",20-201NI - COCINA MONOCOMANDO JOYSTICK BEAT NICKEL,0,0,08/03/2026 12:31:05
13352428,08/03/2026 08:59:38,08/03/2026 09:31:05,acejas,6417,00:08:19,00:31:27,499,1887,Fuera de Tiempo,2,39,0,00:34:15,2055,Excedido,"20-150         ",20-150 - MONOCOMANDO MESADA COCINA TOLEDO,0,0,08/03/2026 12:31:05
13352428,08/03/2026 08:59:38,08/03/2026 09:31:05,acejas,6417,00:08:19,00:31:27,499,1887,Fuera de Tiempo,2,39,0,00:34:15,2055,Excedido,"20-147         ",20-147 - MONOCOMANDO DE COCINA SWIFT,0,0,08/03/2026 12:31:05
13352428,08/03/2026 08:59:38,08/03/2026 09:31:05,acejas,6417,00:08:19,00:31:27,499,1887,Fuera de Tiempo,4,39,0,00:34:15,2055,Excedido,"20-122         ","MONOCOMANDO COCINA CR C/PICO EXTRAIBLE VALENCIA                       ",0,0,08/03/2026 12:31:05
13352428,08/03/2026 08:59:38,08/03/2026 09:31:05,acejas,6417,00:08:19,00:31:27,499,1887,Fuera de Tiempo,2,39,0,00:34:15,2055,Excedido,"20-182N        ",20-182N - MONOCOMANDO DE COCINA MULTIFUNCION BLACK ZENITH,0,0,08/03/2026 12:31:05
13352428,08/03/2026 08:59:38,08/03/2026 09:31:05,acejas,6417,00:08:19,00:31:27,499,1887,Fuera de Tiempo,2,39,0,00:34:15,2055,Excedido,"20-182         ",20-182 - MONOCOMANDO DE COCINA MULTIFUNCION CR ZENITH,0,0,08/03/2026 12:31:05
13352428,08/03/2026 08:59:38,08/03/2026 09:31:05,acejas,6417,00:08:19,00:31:27,499,1887,Fuera de Tiempo,3,39,0,00:34:15,2055,Excedido,"17010G         ",17010G - TOALLERO BARRAL LINEA FABRIC GOLD,0,0,08/03/2026 12:31:05
13352428,08/03/2026 08:59:38,08/03/2026 09:31:05,acejas,6417,00:08:19,00:31:27,499,1887,Fuera de Tiempo,3,39,0,00:34:15,2055,Excedido,"17020G         ",17020G - TOALLERO DE ARO LINEA FABRIC GOLD,0,0,08/03/2026 12:31:05
13352428,08/03/2026 08:59:38,08/03/2026 09:31:05,acejas,6417,00:08:19,00:31:27,499,1887,Fuera de Tiempo,3,39,0,00:34:15,2055,Excedido,"16006BL        ",16006BL - SET 6 PIEZAS ACCESORIOS LINEA 16000 BLACK,0,0,08/03/2026 12:31:05
13352428,08/03/2026 08:59:38,08/03/2026 09:31:05,acejas,6417,00:08:19,00:31:27,499,1887,Fuera de Tiempo,3,39,0,00:34:15,2055,Excedido,"20010DG        ",20010DG - TOALLERO BARRAL DARK GOLD LINEA PULSE,0,0,08/03/2026 12:31:05
13352428,08/03/2026 08:59:38,08/03/2026 09:31:05,acejas,6417,00:08:19,00:31:27,499,1887,Fuera de Tiempo,2,39,0,00:34:15,2055,Excedido,"20-183         ","MONOCOMANDO DE COCINA MAT                                             ",0,0,08/03/2026 12:31:05
13352428,08/03/2026 08:59:38,08/03/2026 09:31:05,acejas,6417,00:08:19,00:31:27,499,1887,Fuera de Tiempo,3,39,0,00:34:15,2055,Excedido,"17040G         ",17040G - PORTA ROLLO LINEA FABRIC GOLD,0,0,08/03/2026 12:31:05
13352428,08/03/2026 08:59:38,08/03/2026 09:31:05,acejas,6417,00:08:19,00:31:27,499,1887,Fuera de Tiempo,2,39,0,00:34:15,2055,Excedido,"22-178         ",22-178 - MONOCOMANDO DE COCINA P/AGUA FILTRADA VITA,0,0,08/03/2026 12:31:05
13352428,08/03/2026 08:59:38,08/03/2026 09:31:05,acejas,6417,00:08:19,00:31:27,499,1887,Fuera de Tiempo,3,39,0,00:34:15,2055,Excedido,"19006          ",19006 - SET DE 6 PIEZAS LINEA 19000,0,0,08/03/2026 12:31:05
13352428,08/03/2026 08:59:38,08/03/2026 09:31:05,acejas,6417,00:08:19,00:31:27,499,1887,Fuera de Tiempo,2,39,0,00:34:15,2055,Excedido,"20-135G        ",20-135G - MONOCOMANDO COCINA GOLD SANTANDER,0,0,08/03/2026 12:31:05
13352428,08/03/2026 08:59:38,08/03/2026 09:31:05,acejas,6417,00:08:19,00:31:27,499,1887,Fuera de Tiempo,2,39,0,00:34:15,2055,Excedido,"51-122         ",51-122 - MESADA BIMANDO CR C.CERAM VALENCIA,0,0,08/03/2026 12:31:05
13352428,08/03/2026 08:59:38,08/03/2026 09:31:05,acejas,6417,00:08:19,00:31:27,499,1887,Fuera de Tiempo,2,39,0,00:34:15,2055,Excedido,"20-168N        ",20-168N - MONOCOMANDO COCINA BLACK WAVE,0,0,08/03/2026 12:31:05
13352428,08/03/2026 08:59:38,08/03/2026 09:31:05,acejas,6417,00:08:19,00:31:27,499,1887,Fuera de Tiempo,3,39,0,00:34:15,2055,Excedido,"17030G         ",17030G - PERCHA LINEA FABRIC GOLD,0,0,08/03/2026 12:31:05
13352428,08/03/2026 08:59:38,08/03/2026 09:31:05,acejas,6417,00:08:19,00:31:27,499,1887,Fuera de Tiempo,3,39,0,00:34:15,2055,Excedido,"16006          ",16006 - SET 6 PIEZAS ACCESORIOS LINEA 16000,0,0,08/03/2026 12:31:05
13352428,08/03/2026 08:59:38,08/03/2026 09:31:05,acejas,6417,00:08:19,00:31:27,499,1887,Fuera de Tiempo,3,39,0,00:34:15,2055,Excedido,"13006          ","SET DE 6 PIEZAS LINEA 13000                                           ",0,0,08/03/2026 12:31:05
13352428,08/03/2026 08:59:38,08/03/2026 09:31:05,acejas,6417,00:08:19,00:31:27,499,1887,Fuera de Tiempo,3,39,0,00:34:15,2055,Excedido,"20060DG        ",20060DG - PORTA VASO Y CEPILLO DARK GOLD LINEA PULSE,0,0,08/03/2026 12:31:05
13352428,08/03/2026 08:59:38,08/03/2026 09:31:05,acejas,6417,00:08:19,00:31:27,499,1887,Fuera de Tiempo,2,39,0,00:34:15,2055,Excedido,"20-154         ",20-154 - MONOCOMANDO COCINA TERUEL,0,0,08/03/2026 12:31:05
13352428,08/03/2026 08:59:38,08/03/2026 09:31:05,acejas,6417,00:08:19,00:31:27,499,1887,Fuera de Tiempo,3,39,0,00:34:15,2055,Excedido,"BAI01NI        ",BAI01NI - BACHA EMB COCINA C/ACCESORIOS 750x450x220 NICKEL BRUSHED,0,0,08/03/2026 12:31:05
13352428,08/03/2026 08:59:38,08/03/2026 09:31:05,acejas,6417,00:08:19,00:31:27,499,1887,Fuera de Tiempo,3,39,0,00:34:15,2055,Excedido,"BCH13          ",BCH13 - BACHA DE APOYAR BLANCA RECTANGULAR 465x260x125,0,0,08/03/2026 12:31:05
13352428,08/03/2026 08:59:38,08/03/2026 09:31:05,acejas,6417,00:08:19,00:31:27,499,1887,Fuera de Tiempo,3,39,0,00:34:15,2055,Excedido,"BCH11N         ",BCH11N - BACHA DE APOYAR REDONDA NEGRO MATE 400x400x125,0,0,08/03/2026 12:31:05
13352428,08/03/2026 08:59:38,08/03/2026 09:31:05,acejas,6417,00:08:19,00:31:27,499,1887,Fuera de Tiempo,3,39,0,00:34:15,2055,Excedido,"BCH18          ",BCH18 - BACHA DE APOYAR SIMIL MARMOL 460x320x140,0,0,08/03/2026 12:31:05
13352428,08/03/2026 08:59:38,08/03/2026 09:31:05,acejas,6417,00:08:19,00:31:27,499,1887,Fuera de Tiempo,3,39,0,00:34:15,2055,Excedido,"BCH01          ",BCH01 - BACHA DE APOYAR CIRCULAR 320x145,0,0,08/03/2026 12:31:05
13352428,08/03/2026 08:59:38,08/03/2026 09:31:05,acejas,6417,00:08:19,00:31:27,499,1887,Fuera de Tiempo,3,39,0,00:34:15,2055,Excedido,"BCH07          ",BCH07 - BACHA DE APOYAR OVALADA 400x330x150,0,0,08/03/2026 12:31:05
13352428,08/03/2026 08:59:38,08/03/2026 09:31:05,acejas,6417,00:08:19,00:31:27,499,1887,Fuera de Tiempo,3,39,0,00:34:15,2055,Excedido,"BCH09          ",BCH09 - BACHA DE APOYAR RECTANGULAR 610x410x115,0,0,08/03/2026 12:31:05
13352839,08/03/2026 09:15:13,08/03/2026 09:17:31,gsoderquvist,6415,00:02:23,00:02:18,143,138,En Tiempo,4,7,0,01:15:03,4503,Excedido,"INO104N-2      ","DEPOSITO C/DESCARGA DUAL BLACK LINEA STONE                            ",0,0,08/03/2026 12:16:37
13352839,08/03/2026 09:15:13,08/03/2026 09:17:31,gsoderquvist,6415,00:02:23,00:02:18,143,138,En Tiempo,5,7,0,01:15:03,4503,Excedido,"BID104-1       ","BIDE 1 AGUJERO BLANCO LINEA STONE                                     ",0,0,08/03/2026 12:16:37
13352839,08/03/2026 09:15:13,08/03/2026 09:17:31,gsoderquvist,6415,00:02:23,00:02:18,143,138,En Tiempo,4,7,0,01:15:03,4503,Excedido,"BID103-3       ","BIDE 3 AGUJEROS BLANCO LINEA URBAN                                    ",0,0,08/03/2026 12:16:37
13352839,08/03/2026 09:15:13,08/03/2026 09:17:31,gsoderquvist,6415,00:02:23,00:02:18,143,138,En Tiempo,3,7,0,01:15:03,4503,Excedido,"BID104N-1      ","BIDE 1 AGUJERO BLACK LINEA STONE                                      ",0,0,08/03/2026 12:16:37
13352839,08/03/2026 09:15:13,08/03/2026 09:17:31,gsoderquvist,6415,00:02:23,00:02:18,143,138,En Tiempo,1,7,0,01:15:03,4503,Excedido,"INO104N-1      ","INODORO BLACK C/ASIENTO LINEA STONE                                   ",0,0,08/03/2026 12:16:37
13352839,08/03/2026 09:15:13,08/03/2026 09:17:31,gsoderquvist,6415,00:02:23,00:02:18,143,138,En Tiempo,6,7,0,01:15:03,4503,Excedido,"INO103-1       ","INODORO BLANCO C/ASIENTO LINEA URBAN                                  ",0,0,08/03/2026 12:17:31
13352839,08/03/2026 09:15:13,08/03/2026 09:17:31,gsoderquvist,6415,00:02:23,00:02:18,143,138,En Tiempo,4,7,0,01:15:03,4503,Excedido,"INO103-2       ","DEPOSITO C/DESCARGA DUAL BLANCO LINEA URBAN                           ",0,0,08/03/2026 12:17:31
13352839,08/03/2026 09:15:13,08/03/2026 09:17:31,gsoderquvist,6415,00:02:23,00:02:18,143,138,En Tiempo,3,7,0,01:15:03,4503,Excedido,"INO104N-1      ","INODORO BLACK C/ASIENTO LINEA STONE                                   ",0,0,08/03/2026 12:17:31
13353119,08/03/2026 09:27:08,08/03/2026 09:28:11,rodriguezt,6419,00:01:23,00:01:03,83,63,En Tiempo,3,5,0,00:41:12,2472,Excedido,"61-183         ","LAVATORIO MONOCOMANDO ALTO MAT                                        ",0,0,08/03/2026 12:28:11
13353119,08/03/2026 09:27:08,08/03/2026 09:28:11,rodriguezt,6419,00:01:23,00:01:03,83,63,En Tiempo,3,5,0,00:41:12,2472,Excedido,"60-183         ","LAVATORIO MONOCOMANDO BAJO MAT                                        ",0,0,08/03/2026 12:28:11
13353119,08/03/2026 09:27:08,08/03/2026 09:28:11,rodriguezt,6419,00:01:23,00:01:03,83,63,En Tiempo,2,5,0,00:41:12,2472,Excedido,"70-183         ","BIDE MONOCOMANDO C/TRANSF MAT                                         ",0,0,08/03/2026 12:28:11
13353119,08/03/2026 09:27:08,08/03/2026 09:28:11,rodriguezt,6419,00:01:23,00:01:03,83,63,En Tiempo,1,5,0,00:41:12,2472,Excedido,"63-183         ","LAVATORIO PARED EMB MONOCOMANDO MAT                                   ",0,0,08/03/2026 12:28:11
13353119,08/03/2026 09:27:08,08/03/2026 09:28:11,rodriguezt,6419,00:01:23,00:01:03,83,63,En Tiempo,2,5,0,00:41:12,2472,Excedido,"85-183         ","DUCHA EMB C/TRANSF Y DUCHADOR MONOC MAT                               ",0,0,08/03/2026 12:28:11
13353158,08/03/2026 09:28:29,08/03/2026 09:28:37,rodriguezt,6419,00:00:44,00:00:08,44,8,En Tiempo,1,2,0,00:00:18,18,Logico,"61-200N        ",61-200N - LAVATORIO MONOC ALTO FABRIC BLACK,0,0,08/03/2026 12:28:37
13353158,08/03/2026 09:28:29,08/03/2026 09:28:37,rodriguezt,6419,00:00:44,00:00:08,44,8,En Tiempo,1,2,0,00:00:18,18,Logico,"84-190         ",84-190 - DUCHA EXTERIOR CON COLUMNA BLACK VELVET,0,0,08/03/2026 12:28:37
13353165,08/03/2026 09:28:47,08/03/2026 09:28:58,rodriguezt,6419,00:00:41,00:00:11,41,11,En Tiempo,4,1,0,00:00:10,10,Logico,"61-176         ",61-176 - LAVATORIO MONOC ALTO CR RIO,0,0,08/03/2026 12:28:58
13353176,08/03/2026 09:29:13,08/03/2026 09:29:38,rodriguezt,6419,00:00:56,00:00:25,56,25,En Tiempo,3,3,0,00:00:15,15,Logico,"70-180         ",70-180 - BIDE MONOCOMANDO C/TRANSF. VERA,0,0,08/03/2026 12:29:38
13353176,08/03/2026 09:29:13,08/03/2026 09:29:38,rodriguezt,6419,00:00:56,00:00:25,56,25,En Tiempo,2,3,0,00:00:15,15,Logico,"60-180         ",60-180 - LAVATORIO MONOCOMANDO BAJO VERA,0,0,08/03/2026 12:29:38
13353176,08/03/2026 09:29:13,08/03/2026 09:29:38,rodriguezt,6419,00:00:56,00:00:25,56,25,En Tiempo,2,3,0,00:00:15,15,Logico,"80-180         ",80-180 - DUCHA EMB. C/TRANSF. MONOCOMANDO VERA,0,0,08/03/2026 12:29:38
13353190,08/03/2026 09:29:47,08/03/2026 09:29:55,rodriguezt,6419,00:00:48,00:00:08,48,8,En Tiempo,10,1,0,00:00:09,9,Logico,"20-184         ","MONOCOMANDO DE COCINA CR SUV                                          ",0,0,08/03/2026 12:29:55
13353201,08/03/2026 09:30:08,08/03/2026 09:30:12,rodriguezt,6419,00:00:39,00:00:04,39,4,En Tiempo,1,1,0,00:00:13,13,Logico,"20-122         ","MONOCOMANDO COCINA CR C/PICO EXTRAIBLE VALENCIA                       ",0,0,08/03/2026 12:30:12
13353266,08/03/2026 09:32:43,08/03/2026 09:32:59,rodriguezt,6419,00:00:48,00:00:16,48,16,En Tiempo,12,1,0,00:02:31,151,Logico,"LG05S20        ","MONOCOMANDO DE COCINA BRUSH BLAUEN                                    ",0,0,08/03/2026 12:32:59
13353444,08/03/2026 09:39:21,08/03/2026 09:39:41,acejas,6417,00:00:40,00:00:20,40,20,En Tiempo,2,1,0,00:08:16,496,Excedido,"63-176N        ","LAVATORIO PARED EMB MONOC BLACK RIO                                   ",0,0,08/03/2026 12:39:41
13353494,08/03/2026 09:41:11,08/03/2026 09:42:45,rodriguezt,6419,00:03:36,00:01:34,216,94,En Tiempo,20,7,0,00:08:12,492,Excedido,"1330           ","QUEINOX MACHO MOVIL MH 1/2"" x 30                                      ",0,0,08/03/2026 12:42:45
13353494,08/03/2026 09:41:11,08/03/2026 09:42:45,rodriguezt,6419,00:03:36,00:01:34,216,94,En Tiempo,50,7,0,00:08:12,492,Excedido,"1340           ","QUEINOX MACHO MOVIL MH 1/2"" x 40                                      ",0,0,08/03/2026 12:42:45
13353494,08/03/2026 09:41:11,08/03/2026 09:42:45,rodriguezt,6419,00:03:36,00:01:34,216,94,En Tiempo,1,7,0,00:08:12,492,Excedido,"60-130         ",60-130 - LAVATORIO MONOCOMANDO BAJO BILBAO,0,0,08/03/2026 12:42:45
13353494,08/03/2026 09:41:11,08/03/2026 09:42:45,rodriguezt,6419,00:03:36,00:01:34,216,94,En Tiempo,1,7,0,00:08:12,492,Excedido,"80-152         ",80-152 - DUCHA EMB. CR C/TRANSF. MONOCOMANDO SORIA,0,0,08/03/2026 12:42:45
13353494,08/03/2026 09:41:11,08/03/2026 09:42:45,rodriguezt,6419,00:03:36,00:01:34,216,94,En Tiempo,3,7,0,00:08:12,492,Excedido,"20-121         ",20-121 - COCINA MSDA MONOC.P. REDONDO MARBELLA,0,0,08/03/2026 12:42:45
13353494,08/03/2026 09:41:11,08/03/2026 09:42:45,rodriguezt,6419,00:03:36,00:01:34,216,94,En Tiempo,1,7,0,00:08:12,492,Excedido,"60-133         ",60-133 - LAVATORIO MONOCOMANDO LUGO,0,0,08/03/2026 12:42:45
13353494,08/03/2026 09:41:11,08/03/2026 09:42:45,rodriguezt,6419,00:03:36,00:01:34,216,94,En Tiempo,1,7,0,00:08:12,492,Excedido,"80-153         ",80-153 - DUCHA EMB. C/TRANSF. CR C.CERAM CASTILLA,0,0,08/03/2026 12:42:45
13353512,08/03/2026 09:41:32,08/03/2026 09:41:39,acejas,6417,00:00:39,00:00:07,39,7,En Tiempo,1,1,0,00:01:51,111,Logico,"60-199         ",60-199 - LAVATORIO CR C.CERAM LIVE,0,0,08/03/2026 12:41:39
13353557,08/03/2026 09:43:07,08/03/2026 09:43:26,rodriguezt,6419,00:00:56,00:00:19,56,19,En Tiempo,5,3,0,00:00:22,22,Logico,"60-162         ",60-162 - LAVATORIO CR C.CERAM LINEA ADRA,0,0,08/03/2026 12:43:26
13353557,08/03/2026 09:43:07,08/03/2026 09:43:26,rodriguezt,6419,00:00:56,00:00:19,56,19,En Tiempo,5,3,0,00:00:22,22,Logico,"70-162         ",70-162 - BIDE CR C.CERAM LINEA ADRA,0,0,08/03/2026 12:43:26
13353557,08/03/2026 09:43:07,08/03/2026 09:43:26,rodriguezt,6419,00:00:56,00:00:19,56,19,En Tiempo,1,3,0,00:00:22,22,Logico,"80-166         ","DUCHA EMB. C/TRANSF. CR C.CERAM ADRA PLUS                             ",0,0,08/03/2026 12:43:26
13353577,08/03/2026 09:43:49,08/03/2026 09:44:01,rodriguezt,6419,00:00:47,00:00:12,47,12,En Tiempo,1,3,0,00:00:23,23,Logico,"70-191         ",70-191 - BIDE C.CERAM LINEA PRADO,0,0,08/03/2026 12:44:01
13353577,08/03/2026 09:43:49,08/03/2026 09:44:01,rodriguezt,6419,00:00:47,00:00:12,47,12,En Tiempo,1,3,0,00:00:23,23,Logico,"60-153         ",60-153 - LAVATORIO CR C.CERAMICO CASTILLA,0,0,08/03/2026 12:44:01
13353577,08/03/2026 09:43:49,08/03/2026 09:44:01,rodriguezt,6419,00:00:47,00:00:12,47,12,En Tiempo,1,3,0,00:00:23,23,Logico,"70-153         ",70-153 - BIDE CR C.CERAM CASTILLA,0,0,08/03/2026 12:44:01
13353599,08/03/2026 09:44:29,08/03/2026 09:44:43,rodriguezt,6419,00:01:17,00:00:14,77,14,En Tiempo,2,5,0,00:00:28,28,Logico,"A1250          ",A1250 - COLUMNA DE DUCHA CROMO,0,0,08/03/2026 12:44:43
13353599,08/03/2026 09:44:29,08/03/2026 09:44:43,rodriguezt,6419,00:01:17,00:00:14,77,14,En Tiempo,1,5,0,00:00:28,28,Logico,"21100          ",21100 - ESTANTE ORGANIZADOR RECTANGULAR 25x12x7,0,0,08/03/2026 12:44:43
13353599,08/03/2026 09:44:29,08/03/2026 09:44:43,rodriguezt,6419,00:01:17,00:00:14,77,14,En Tiempo,1,5,0,00:00:28,28,Logico,"21100N         ",21100N - ESTANTE ORGANIZADOR RECTANGULAR BLACK 25x12x7,0,0,08/03/2026 12:44:43
13353599,08/03/2026 09:44:29,08/03/2026 09:44:43,rodriguezt,6419,00:01:17,00:00:14,77,14,En Tiempo,1,5,0,00:00:28,28,Logico,"21200N         ",21200N - ESQUINERO ORGANIZADOR BLACK 19x19x7,0,0,08/03/2026 12:44:43
13353599,08/03/2026 09:44:29,08/03/2026 09:44:43,rodriguezt,6419,00:01:17,00:00:14,77,14,En Tiempo,2,5,0,00:00:28,28,Logico,"70-162         ",70-162 - BIDE CR C.CERAM LINEA ADRA,0,0,08/03/2026 12:44:43
13353924,08/03/2026 09:56:17,08/03/2026 09:58:47,acejas,6417,00:03:44,00:02:30,224,150,En Tiempo,2,12,0,00:14:38,878,Excedido,"02-010         ","VALVULA P/INODORO TEMPORIZADA TECNO                                   ",0,0,08/03/2026 12:58:47
13353924,08/03/2026 09:56:17,08/03/2026 09:58:47,acejas,6417,00:03:44,00:02:30,224,150,En Tiempo,2,12,0,00:14:38,878,Excedido,"61-152         ",61-152 - LAVATORIO MONOCOMANDO CROMO ALTO SORIA,0,0,08/03/2026 12:58:47
13353924,08/03/2026 09:56:17,08/03/2026 09:58:47,acejas,6417,00:03:44,00:02:30,224,150,En Tiempo,1,12,0,00:14:38,878,Excedido,"20-135         ",20-135 - MONOCOMANDO COCINA SANTANDER,0,0,08/03/2026 12:58:47
13353924,08/03/2026 09:56:17,08/03/2026 09:58:47,acejas,6417,00:03:44,00:02:30,224,150,En Tiempo,2,12,0,00:14:38,878,Excedido,"11006          ","SET DE 6 PIEZAS LINEA 11000                                           ",0,0,08/03/2026 12:58:47
13353924,08/03/2026 09:56:17,08/03/2026 09:58:47,acejas,6417,00:03:44,00:02:30,224,150,En Tiempo,1,12,0,00:14:38,878,Excedido,"83-133         ",83-133 - DUCHA EXT. C/TRANSF. MONOCOMANDO LUGO,0,0,08/03/2026 12:58:47
13353924,08/03/2026 09:56:17,08/03/2026 09:58:47,acejas,6417,00:03:44,00:02:30,224,150,En Tiempo,2,12,0,00:14:38,878,Excedido,"13006          ","SET DE 6 PIEZAS LINEA 13000                                           ",0,0,08/03/2026 12:58:47
13353924,08/03/2026 09:56:17,08/03/2026 09:58:47,acejas,6417,00:03:44,00:02:30,224,150,En Tiempo,2,12,0,00:14:38,878,Excedido,"60-057         ",60-057 - LAVATORIO C.STD VERIN PLUS,0,0,08/03/2026 12:58:47
13353924,08/03/2026 09:56:17,08/03/2026 09:58:47,acejas,6417,00:03:44,00:02:30,224,150,En Tiempo,12,12,0,00:14:38,878,Excedido,"60-058         ",60-058 - LAVATORIO CR C.STD MALBA,0,0,08/03/2026 12:58:47
13353924,08/03/2026 09:56:17,08/03/2026 09:58:47,acejas,6417,00:03:44,00:02:30,224,150,En Tiempo,3,12,0,00:14:38,878,Excedido,"70-058         ",70-058 - BIDE CR C.STD MALBA,0,0,08/03/2026 12:58:47
13353924,08/03/2026 09:56:17,08/03/2026 09:58:47,acejas,6417,00:03:44,00:02:30,224,150,En Tiempo,6,12,0,00:14:38,878,Excedido,"61-203         ",61-203 - LAVATORIO MONOCOMANDO ALTO ADRA,0,0,08/03/2026 12:58:47
13353924,08/03/2026 09:56:17,08/03/2026 09:58:47,acejas,6417,00:03:44,00:02:30,224,150,En Tiempo,2,12,0,00:14:38,878,Excedido,"214/CR         ",214/CR - LAVATORIO CR/CR ARES,0,0,08/03/2026 12:58:47
13353924,08/03/2026 09:56:17,08/03/2026 09:58:47,acejas,6417,00:03:44,00:02:30,224,150,En Tiempo,4,12,0,00:14:38,878,Excedido,"914/CR         ",914/CR - JGO.MDA.P.CAÑO CR ARES,0,0,08/03/2026 12:58:47
13354056,08/03/2026 10:01:41,08/03/2026 10:13:02,gsoderquvist,6415,00:05:44,00:11:21,344,681,Fuera de Tiempo,20,14,0,00:44:10,2650,Excedido,"3006           ",3006 - SET DE 6 PIEZAS LINEA 3000,0,0,08/03/2026 13:13:02
13354056,08/03/2026 10:01:41,08/03/2026 10:13:02,gsoderquvist,6415,00:05:44,00:11:21,344,681,Fuera de Tiempo,10,14,0,00:44:10,2650,Excedido,"20-102         ","20-102 - MONOCOMANDO MESADA CROMO ""RENACER""",0,0,08/03/2026 13:13:02
13354056,08/03/2026 10:01:41,08/03/2026 10:13:02,gsoderquvist,6415,00:05:44,00:11:21,344,681,Fuera de Tiempo,4,14,0,00:44:10,2650,Excedido,"05-010         ","LAVATORIO BAJO TEMPORIZADO TECNO                                      ",0,0,08/03/2026 13:13:02
13354056,08/03/2026 10:01:41,08/03/2026 10:13:02,gsoderquvist,6415,00:05:44,00:11:21,344,681,Fuera de Tiempo,2,14,0,00:44:10,2650,Excedido,"3060           ",3060 - PORTA CEPILLO LINEA 3000,0,0,08/03/2026 13:13:02
13354056,08/03/2026 10:01:41,08/03/2026 10:13:02,gsoderquvist,6415,00:05:44,00:11:21,344,681,Fuera de Tiempo,10,14,0,00:44:10,2650,Excedido,"3070           ",3070 - JABONERA PARA BAÑERA LINEA 3000,0,0,08/03/2026 13:13:02
13354056,08/03/2026 10:01:41,08/03/2026 10:13:02,gsoderquvist,6415,00:05:44,00:11:21,344,681,Fuera de Tiempo,10,14,0,00:44:10,2650,Excedido,"3040           ",3040 - PORTA ROLLO LINEA 3000,0,0,08/03/2026 13:13:02
13354056,08/03/2026 10:01:41,08/03/2026 10:13:02,gsoderquvist,6415,00:05:44,00:11:21,344,681,Fuera de Tiempo,2,14,0,00:44:10,2650,Excedido,"3020           ",3020 - TOALLERO DE ARO LINEA 3000,0,0,08/03/2026 13:13:02
13354056,08/03/2026 10:01:41,08/03/2026 10:13:02,gsoderquvist,6415,00:05:44,00:11:21,344,681,Fuera de Tiempo,10,14,0,00:44:10,2650,Excedido,"3030           ",3030 - PERCHA LINEA 3000,0,0,08/03/2026 13:13:02
13354056,08/03/2026 10:01:41,08/03/2026 10:13:02,gsoderquvist,6415,00:05:44,00:11:21,344,681,Fuera de Tiempo,3,14,0,00:44:10,2650,Excedido,"3010           ",3010 - TOALLERO BARRAL LINEA 3000,0,0,08/03/2026 13:13:02
13354056,08/03/2026 10:01:41,08/03/2026 10:13:02,gsoderquvist,6415,00:05:44,00:11:21,344,681,Fuera de Tiempo,1,14,0,00:44:10,2650,Excedido,"60-131         ",60-131 - LAVATORIO C.CERAM CR MALLORCA,0,0,08/03/2026 13:13:02
13354056,08/03/2026 10:01:41,08/03/2026 10:13:02,gsoderquvist,6415,00:05:44,00:11:21,344,681,Fuera de Tiempo,1,14,0,00:44:10,2650,Excedido,"80-131         ",80-131 - DUCHA EMB. C/TRANSF. CR C.CERAM MALLORCA,0,0,08/03/2026 13:13:02
13354056,08/03/2026 10:01:41,08/03/2026 10:13:02,gsoderquvist,6415,00:05:44,00:11:21,344,681,Fuera de Tiempo,1,14,0,00:44:10,2650,Excedido,"70-131         ",70-131 - BIDE C.CERAM CR MALLORCA,0,0,08/03/2026 13:13:02
13354056,08/03/2026 10:01:41,08/03/2026 10:13:02,gsoderquvist,6415,00:05:44,00:11:21,344,681,Fuera de Tiempo,1,14,0,00:44:10,2650,Excedido,"214/CR         ",214/CR - LAVATORIO CR/CR ARES,0,0,08/03/2026 13:13:02
13354056,08/03/2026 10:01:41,08/03/2026 10:13:02,gsoderquvist,6415,00:05:44,00:11:21,344,681,Fuera de Tiempo,1,14,0,00:44:10,2650,Excedido,"314/CR         ",314/CR - BIDE CROMO ARES,0,0,08/03/2026 13:13:02
13354250,08/03/2026 10:09:23,08/03/2026 10:13:27,rodriguezt,6419,00:03:42,00:04:04,222,244,Fuera de Tiempo,1,14,0,00:24:40,1480,Excedido,"16006BL        ",16006BL - SET 6 PIEZAS ACCESORIOS LINEA 16000 BLACK,0,0,08/03/2026 13:13:27
13354250,08/03/2026 10:09:23,08/03/2026 10:13:27,rodriguezt,6419,00:03:42,00:04:04,222,244,Fuera de Tiempo,1,14,0,00:24:40,1480,Excedido,"80-205         ",80-205 - DUCHA EMB. C/TRANSF. MONOC STEEL,0,0,08/03/2026 13:13:27
13354250,08/03/2026 10:09:23,08/03/2026 10:13:27,rodriguezt,6419,00:03:42,00:04:04,222,244,Fuera de Tiempo,1,14,0,00:24:40,1480,Excedido,"16040          ",16040 - PORTA ROLLO ACCESORIOS LINEA 16000,0,0,08/03/2026 13:13:27
13354250,08/03/2026 10:09:23,08/03/2026 10:13:27,rodriguezt,6419,00:03:42,00:04:04,222,244,Fuera de Tiempo,1,14,0,00:24:40,1480,Excedido,"85-168         ",85-168 - DUCHA MONOC C/TRANSF Y DUCHADOR CR WAVE,0,0,08/03/2026 13:13:27
13354250,08/03/2026 10:09:23,08/03/2026 10:13:27,rodriguezt,6419,00:03:42,00:04:04,222,244,Fuera de Tiempo,1,14,0,00:24:40,1480,Excedido,"62-163         ",62-163 - LAVATORIO PARED EMB. C.CERAM SENA,0,0,08/03/2026 13:13:27
13354250,08/03/2026 10:09:23,08/03/2026 10:13:27,rodriguezt,6419,00:03:42,00:04:04,222,244,Fuera de Tiempo,3,14,0,00:24:40,1480,Excedido,"20-172         ",20-172 - COCINA MESADA MONOC. COLORS NEGRO,0,0,08/03/2026 13:13:27
13354250,08/03/2026 10:09:23,08/03/2026 10:13:27,rodriguezt,6419,00:03:42,00:04:04,222,244,Fuera de Tiempo,2,14,0,00:24:40,1480,Excedido,"70-205         ",70-205 - BIDE MONOCOMANDO STEEL,0,0,08/03/2026 13:13:27
13354250,08/03/2026 10:09:23,08/03/2026 10:13:27,rodriguezt,6419,00:03:42,00:04:04,222,244,Fuera de Tiempo,2,14,0,00:24:40,1480,Excedido,"22-178         ",22-178 - MONOCOMANDO DE COCINA P/AGUA FILTRADA VITA,0,0,08/03/2026 13:13:27
13354250,08/03/2026 10:09:23,08/03/2026 10:13:27,rodriguezt,6419,00:03:42,00:04:04,222,244,Fuera de Tiempo,2,14,0,00:24:40,1480,Excedido,"20-140         ",20-140 - MONOCOMANDO DE COCINA LINEA CUINA,0,0,08/03/2026 13:13:27
13354250,08/03/2026 10:09:23,08/03/2026 10:13:27,rodriguezt,6419,00:03:42,00:04:04,222,244,Fuera de Tiempo,4,14,0,00:24:40,1480,Excedido,"63-183         ","LAVATORIO PARED EMB MONOCOMANDO MAT                                   ",0,0,08/03/2026 13:13:27
13354250,08/03/2026 10:09:23,08/03/2026 10:13:27,rodriguezt,6419,00:03:42,00:04:04,222,244,Fuera de Tiempo,3,14,0,00:24:40,1480,Excedido,"85-183         ","DUCHA EMB C/TRANSF Y DUCHADOR MONOC MAT                               ",0,0,08/03/2026 13:13:27
13354250,08/03/2026 10:09:23,08/03/2026 10:13:27,rodriguezt,6419,00:03:42,00:04:04,222,244,Fuera de Tiempo,2,14,0,00:24:40,1480,Excedido,"80-190P        ",80-190P - DUCHA EMB. C/TRANSF. C.CERAM BLACK VELVET PLUS,0,0,08/03/2026 13:13:27
13354250,08/03/2026 10:09:23,08/03/2026 10:13:27,rodriguezt,6419,00:03:42,00:04:04,222,244,Fuera de Tiempo,3,14,0,00:24:40,1480,Excedido,"80-166         ","DUCHA EMB. C/TRANSF. CR C.CERAM ADRA PLUS                             ",0,0,08/03/2026 13:13:27
13354250,08/03/2026 10:09:23,08/03/2026 10:13:27,rodriguezt,6419,00:03:42,00:04:04,222,244,Fuera de Tiempo,2,14,0,00:24:40,1480,Excedido,"70-162         ",70-162 - BIDE CR C.CERAM LINEA ADRA,0,0,08/03/2026 13:13:27
13354417,08/03/2026 10:15:50,08/03/2026 10:16:33,rodriguezt,6419,00:01:13,00:00:43,73,43,En Tiempo,2,4,0,00:02:23,143,Logico,"70-201NI       ",70-201NI - BIDE CR C.CERAM BEAT NICKEL,0,0,08/03/2026 13:16:33
13354417,08/03/2026 10:15:50,08/03/2026 10:16:33,rodriguezt,6419,00:01:13,00:00:43,73,43,En Tiempo,1,4,0,00:02:23,143,Logico,"BAI01NI        ",BAI01NI - BACHA EMB COCINA C/ACCESORIOS 750x450x220 NICKEL BRUSHED,0,0,08/03/2026 13:16:33
13354417,08/03/2026 10:15:50,08/03/2026 10:16:33,rodriguezt,6419,00:01:13,00:00:43,73,43,En Tiempo,10,4,0,00:02:23,143,Logico,"20-147         ",20-147 - MONOCOMANDO DE COCINA SWIFT,0,0,08/03/2026 13:16:33
13354417,08/03/2026 10:15:50,08/03/2026 10:16:33,rodriguezt,6419,00:01:13,00:00:43,73,43,En Tiempo,2,4,0,00:02:23,143,Logico,"20-140         ",20-140 - MONOCOMANDO DE COCINA LINEA CUINA,0,0,08/03/2026 13:16:33
13354457,08/03/2026 10:17:35,08/03/2026 10:17:56,gsoderquvist,6415,00:01:23,00:00:21,83,21,En Tiempo,8,4,0,00:04:33,273,Logico,"54-130         ",54-130 - MONOCOMANDO COCINA PARED EXT BILBAO,0,0,08/03/2026 13:17:56
13354457,08/03/2026 10:17:35,08/03/2026 10:17:56,gsoderquvist,6415,00:01:23,00:00:21,83,21,En Tiempo,4,4,0,00:04:33,273,Logico,"20-174         ",20-174 - COCINA MESADA MONOC. COLORS BLACK,0,0,08/03/2026 13:17:56
13354457,08/03/2026 10:17:35,08/03/2026 10:17:56,gsoderquvist,6415,00:01:23,00:00:21,83,21,En Tiempo,6,4,0,00:04:33,273,Logico,"20-146N        ",20-146N - MONOCOMANDO DE COCINA BLACK LINEA MOVE,0,0,08/03/2026 13:17:56
13354457,08/03/2026 10:17:35,08/03/2026 10:17:56,gsoderquvist,6415,00:01:23,00:00:21,83,21,En Tiempo,1,4,0,00:04:33,273,Logico,"63-176N        ","LAVATORIO PARED EMB MONOC BLACK RIO                                   ",0,0,08/03/2026 13:17:56
13354552,08/03/2026 10:20:52,08/03/2026 10:21:05,gsoderquvist,6415,00:00:49,00:00:13,49,13,En Tiempo,2,3,0,00:02:56,176,Logico,"BCH05          ",BCH05 - BACHA DE APOYAR CUADRADA 370x370x130,0,0,08/03/2026 13:21:05
13354552,08/03/2026 10:20:52,08/03/2026 10:21:05,gsoderquvist,6415,00:00:49,00:00:13,49,13,En Tiempo,2,3,0,00:02:56,176,Logico,"BCH13          ",BCH13 - BACHA DE APOYAR BLANCA RECTANGULAR 465x260x125,0,0,08/03/2026 13:21:05
13354552,08/03/2026 10:20:52,08/03/2026 10:21:05,gsoderquvist,6415,00:00:49,00:00:13,49,13,En Tiempo,2,3,0,00:02:56,176,Logico,"62-122         ",62-122 - LAVATORIO PARED C.CERAM CR VALENCIA,0,0,08/03/2026 13:21:05
13354585,08/03/2026 10:22:16,08/03/2026 10:23:51,gsoderquvist,6415,00:00:47,00:01:35,47,95,Fuera de Tiempo,1,3,0,00:01:11,71,Logico,"70-168N        ",70-168N - BIDE MONOC BLACK WAVE,0,0,08/03/2026 13:23:51
13354585,08/03/2026 10:22:16,08/03/2026 10:23:51,gsoderquvist,6415,00:00:47,00:01:35,47,95,Fuera de Tiempo,2,3,0,00:01:11,71,Logico,"61-168N        ",61-168N - LAVATORIO MONOC ALTO BLACK WAVE,0,0,08/03/2026 13:23:51
13354585,08/03/2026 10:22:16,08/03/2026 10:23:51,gsoderquvist,6415,00:00:47,00:01:35,47,95,Fuera de Tiempo,1,3,0,00:01:11,71,Logico,"85-168N        ",85-168N - DUCHA MONOC C/TRANSF Y DUCHADOR BLACK WAVE,0,0,08/03/2026 13:23:51
13354698,08/03/2026 10:25:43,08/03/2026 10:36:56,acejas,6417,00:05:47,00:11:13,347,673,Fuera de Tiempo,4,18,0,00:26:56,1616,Excedido,"70-057         ",70-057 - BIDE C.STD VERIN PLUS,0,0,08/03/2026 13:36:56
13354698,08/03/2026 10:25:43,08/03/2026 10:36:56,acejas,6417,00:05:47,00:11:13,347,673,Fuera de Tiempo,4,18,0,00:26:56,1616,Excedido,"60-057         ",60-057 - LAVATORIO C.STD VERIN PLUS,0,0,08/03/2026 13:36:56
13354698,08/03/2026 10:25:43,08/03/2026 10:36:56,acejas,6417,00:05:47,00:11:13,347,673,Fuera de Tiempo,3,18,0,00:26:56,1616,Excedido,"80-057         ",80-057 - DUCHA EMB. C/TRANSF. C.STD VERIN PLUS,0,0,08/03/2026 13:36:56
13354698,08/03/2026 10:25:43,08/03/2026 10:36:56,acejas,6417,00:05:47,00:11:13,347,673,Fuera de Tiempo,4,18,0,00:26:56,1616,Excedido,"RA1189         ",RA1189 - SET PROLONGADOR P/VASTAGO Y CAMPANA (x3),0,0,08/03/2026 13:36:56
13354698,08/03/2026 10:25:43,08/03/2026 10:36:56,acejas,6417,00:05:47,00:11:13,347,673,Fuera de Tiempo,2,18,0,00:26:56,1616,Excedido,"RA014          ",RA014 - PICO CAÑO J  P/MESADA,0,0,08/03/2026 13:36:56
13354698,08/03/2026 10:25:43,08/03/2026 10:36:56,acejas,6417,00:05:47,00:11:13,347,673,Fuera de Tiempo,2,18,0,00:26:56,1616,Excedido,"RA765          ",RA765 - BOLSITA P/CONEXION LAVATORIO LINEAS STD COMPLETO,0,0,08/03/2026 13:36:56
13354698,08/03/2026 10:25:43,08/03/2026 10:36:56,acejas,6417,00:05:47,00:11:13,347,673,Fuera de Tiempo,2,18,0,00:26:56,1616,Excedido,"RA764          ",RA764 - BOLSITA P/CONEXION BIDET LINEAS STD COMPLETO,0,0,08/03/2026 13:36:56
13354698,08/03/2026 10:25:43,08/03/2026 10:36:56,acejas,6417,00:05:47,00:11:13,347,673,Fuera de Tiempo,4,18,0,00:26:56,1616,Excedido,"RA727C         ",RA727C - CONJUNTO BUJE Y AIREADOR CROMO,0,0,08/03/2026 13:36:56
13354698,08/03/2026 10:25:43,08/03/2026 10:36:56,acejas,6417,00:05:47,00:11:13,347,673,Fuera de Tiempo,1,18,0,00:26:56,1616,Excedido,"RA004          ",RA004 - CABEZAL P/TRANSF. BIDET Y DUCHA EMBUTIR,0,0,08/03/2026 13:36:56
13354698,08/03/2026 10:25:43,08/03/2026 10:36:56,acejas,6417,00:05:47,00:11:13,347,673,Fuera de Tiempo,2,18,0,00:26:56,1616,Excedido,"RA003          ",RA003 - CABEZAL IZQUIERDO CIERRE CERAMICO (CALIENTE),0,0,08/03/2026 13:36:56
13354698,08/03/2026 10:25:43,08/03/2026 10:36:56,acejas,6417,00:05:47,00:11:13,347,673,Fuera de Tiempo,12,18,0,00:26:56,1616,Excedido,"RA001          ",RA001 - CABEZAL STD NO ASCENDENTE,0,0,08/03/2026 13:36:56
13354698,08/03/2026 10:25:43,08/03/2026 10:36:56,acejas,6417,00:05:47,00:11:13,347,673,Fuera de Tiempo,1,18,0,00:26:56,1616,Excedido,"51-057         ",51-057 - COCINA MESADA CR C.STD VERIN PLUS,0,0,08/03/2026 13:36:56
13354698,08/03/2026 10:25:43,08/03/2026 10:36:56,acejas,6417,00:05:47,00:11:13,347,673,Fuera de Tiempo,1,18,0,00:26:56,1616,Excedido,"60-001N        ","60-001N - LAVATORIO ""CROMO Y""",0,0,08/03/2026 13:36:56
13354698,08/03/2026 10:25:43,08/03/2026 10:36:56,acejas,6417,00:05:47,00:11:13,347,673,Fuera de Tiempo,1,18,0,00:26:56,1616,Excedido,"70-001N        ","70-001N - BIDE ""CROMO Y""",0,0,08/03/2026 13:36:56
13354698,08/03/2026 10:25:43,08/03/2026 10:36:56,acejas,6417,00:05:47,00:11:13,347,673,Fuera de Tiempo,3,18,0,00:26:56,1616,Excedido,"20-134         ",20-134 - MONOCOMANDO COCINA BETIS,0,0,08/03/2026 13:36:56
13354698,08/03/2026 10:25:43,08/03/2026 10:36:56,acejas,6417,00:05:47,00:11:13,347,673,Fuera de Tiempo,1,18,0,00:26:56,1616,Excedido,"83-133         ",83-133 - DUCHA EXT. C/TRANSF. MONOCOMANDO LUGO,0,0,08/03/2026 13:36:56
13354698,08/03/2026 10:25:43,08/03/2026 10:36:56,acejas,6417,00:05:47,00:11:13,347,673,Fuera de Tiempo,2,18,0,00:26:56,1616,Excedido,"20-205         ",20-205 - MONOCOMANDO DE COCINA STEEL,0,0,08/03/2026 13:36:56
13354698,08/03/2026 10:25:43,08/03/2026 10:36:56,acejas,6417,00:05:47,00:11:13,347,673,Fuera de Tiempo,2,18,0,00:26:56,1616,Excedido,"20-146         ",20-146 - MONOCOMANDO DE COCINA CR LINEA MOVE,0,0,08/03/2026 13:36:56
13354810,08/03/2026 10:29:30,08/03/2026 10:30:38,gsoderquvist,6415,00:00:57,00:01:08,57,68,Fuera de Tiempo,4,3,0,00:05:39,339,Excedido,"17040C         ",17040C - PORTA ROLLO LINEA FABRIC CROMO,0,0,08/03/2026 13:30:38
13354810,08/03/2026 10:29:30,08/03/2026 10:30:38,gsoderquvist,6415,00:00:57,00:01:08,57,68,Fuera de Tiempo,5,3,0,00:05:39,339,Excedido,"17030C         ",17030C - PERCHA LINEA FABRIC CROMO,0,0,08/03/2026 13:30:38
13354810,08/03/2026 10:29:30,08/03/2026 10:30:38,gsoderquvist,6415,00:00:57,00:01:08,57,68,Fuera de Tiempo,4,3,0,00:05:39,339,Excedido,"17010C         ",17010C - TOALLERO BARRAL LINEA FABRIC CROMO,0,0,08/03/2026 13:30:38
13355169,08/03/2026 10:41:22,08/03/2026 10:43:41,gsoderquvist,6415,00:00:57,00:02:19,57,139,Fuera de Tiempo,10,2,0,00:10:44,644,Excedido,"11030          ","PERCHA LINEA 11000                                                    ",0,0,08/03/2026 13:43:41
13355169,08/03/2026 10:41:22,08/03/2026 10:43:41,gsoderquvist,6415,00:00:57,00:02:19,57,139,Fuera de Tiempo,5,2,0,00:10:44,644,Excedido,"85-168         ",85-168 - DUCHA MONOC C/TRANSF Y DUCHADOR CR WAVE,0,0,08/03/2026 13:43:41
13355255,08/03/2026 10:44:24,08/03/2026 10:44:42,rodriguezt,6419,00:00:44,00:00:18,44,18,En Tiempo,1,2,0,00:27:51,1671,Excedido,"80-180         ",80-180 - DUCHA EMB. C/TRANSF. MONOCOMANDO VERA,0,0,08/03/2026 13:44:42
13355255,08/03/2026 10:44:24,08/03/2026 10:44:42,rodriguezt,6419,00:00:44,00:00:18,44,18,En Tiempo,1,2,0,00:27:51,1671,Excedido,"70-122         ",70-122 - BIDE C.CERAM CR VALENCIA,0,0,08/03/2026 13:44:42
13355279,08/03/2026 10:45:07,08/03/2026 10:45:20,rodriguezt,6419,00:00:41,00:00:13,41,13,En Tiempo,3,1,0,00:00:25,25,Logico,"20-172         ",20-172 - COCINA MESADA MONOC. COLORS NEGRO,0,0,08/03/2026 13:45:20
13355337,08/03/2026 10:46:48,08/03/2026 10:49:08,rodriguezt,6419,00:01:19,00:02:20,79,140,Fuera de Tiempo,15,3,0,00:01:28,88,Logico,"RA1030         ",RA1030 - PICO ROCIADOR P/ MONOC COCINA CUINA,0,0,08/03/2026 13:49:08
13355337,08/03/2026 10:46:48,08/03/2026 10:49:08,rodriguezt,6419,00:01:19,00:02:20,79,140,Fuera de Tiempo,4,3,0,00:01:28,88,Logico,"20-146         ",20-146 - MONOCOMANDO DE COCINA CR LINEA MOVE,0,0,08/03/2026 13:49:08
13355337,08/03/2026 10:46:48,08/03/2026 10:49:08,rodriguezt,6419,00:01:19,00:02:20,79,140,Fuera de Tiempo,10,3,0,00:01:28,88,Logico,"20-140         ",20-140 - MONOCOMANDO DE COCINA LINEA CUINA,0,0,08/03/2026 13:49:08
13355754,08/03/2026 10:58:58,08/03/2026 10:59:08,rodriguezt,6419,00:00:46,00:00:10,46,10,En Tiempo,2,2,0,00:09:50,590,Excedido,"83-176N        ",83-176N - DUCHA EXT. C/TRANSF. MONOC BLACK RIO,0,0,08/03/2026 13:59:08
13355754,08/03/2026 10:58:58,08/03/2026 10:59:08,rodriguezt,6419,00:00:46,00:00:10,46,10,En Tiempo,2,2,0,00:09:50,590,Excedido,"51-001N        ","51-001N - COCINA MESADA ""CROMO Y""",0,0,08/03/2026 13:59:08
13355766,08/03/2026 10:59:24,08/03/2026 10:59:31,rodriguezt,6419,00:00:44,00:00:07,44,7,En Tiempo,1,2,0,00:00:16,16,Logico,"17060G         ",17060G - PORTA VASO Y CEPILLO  LINEA FABRIC GOLD,0,0,08/03/2026 13:59:31
13355766,08/03/2026 10:59:24,08/03/2026 10:59:31,rodriguezt,6419,00:00:44,00:00:07,44,7,En Tiempo,1,2,0,00:00:16,16,Logico,"17050G         ",17050G - JABONERA  LINEA FABRIC GOLD,0,0,08/03/2026 13:59:31
13355769,08/03/2026 10:59:40,08/03/2026 10:59:52,rodriguezt,6419,00:00:54,00:00:12,54,12,En Tiempo,2,2,0,00:00:09,9,Logico,"70-205         ",70-205 - BIDE MONOCOMANDO STEEL,0,0,08/03/2026 13:59:52
13355769,08/03/2026 10:59:40,08/03/2026 10:59:52,rodriguezt,6419,00:00:54,00:00:12,54,12,En Tiempo,5,2,0,00:00:09,9,Logico,"51-058         ",51-058 - COCINA MESADA CR C.STD MALBA,0,0,08/03/2026 13:59:52
13355778,08/03/2026 11:00:05,08/03/2026 11:00:23,rodriguezt,6419,00:01:09,00:00:18,69,18,En Tiempo,4,4,0,00:00:13,13,Logico,"70-133         ",70-133 - BIDE MONOCOMANDO LUGO,0,0,08/03/2026 14:00:23
13355778,08/03/2026 11:00:05,08/03/2026 11:00:23,rodriguezt,6419,00:01:09,00:00:18,69,18,En Tiempo,2,4,0,00:00:13,13,Logico,"83-133         ",83-133 - DUCHA EXT. C/TRANSF. MONOCOMANDO LUGO,0,0,08/03/2026 14:00:23
13355778,08/03/2026 11:00:05,08/03/2026 11:00:23,rodriguezt,6419,00:01:09,00:00:18,69,18,En Tiempo,2,4,0,00:00:13,13,Logico,"214/CR         ",214/CR - LAVATORIO CR/CR ARES,0,0,08/03/2026 14:00:23
13355778,08/03/2026 11:00:05,08/03/2026 11:00:23,rodriguezt,6419,00:01:09,00:00:18,69,18,En Tiempo,1,4,0,00:00:13,13,Logico,"60-190         ",60-190 - LAVATORIO C.CERAM BLACK VELVET,0,0,08/03/2026 14:00:23
13356246,08/03/2026 11:16:09,08/03/2026 11:44:41,gsoderquvist,6415,00:02:30,00:28:32,150,1712,Fuera de Tiempo,96,2,0,00:32:28,1948,Excedido,"20-179         ",20-179 - MONOCOMANDO DE COCINA LARA,0,0,08/03/2026 14:43:51
13356246,08/03/2026 11:16:09,08/03/2026 11:44:41,gsoderquvist,6415,00:02:30,00:28:32,150,1712,Fuera de Tiempo,100,2,0,00:32:28,1948,Excedido,"90-166         ",90-166 - PACK GRIF. ADRA PLUS (Lav-Bide-Ducha c/t Plus),0,0,08/03/2026 14:44:41
13358390,08/03/2026 12:50:27,08/03/2026 13:03:22,gsoderquvist,6415,00:06:14,00:12:55,374,775,Fuera de Tiempo,2,19,0,01:05:46,3946,Excedido,"20-172         ",20-172 - COCINA MESADA MONOC. COLORS NEGRO,0,0,08/03/2026 16:03:22
13358390,08/03/2026 12:50:27,08/03/2026 13:03:22,gsoderquvist,6415,00:06:14,00:12:55,374,775,Fuera de Tiempo,4,19,0,01:05:46,3946,Excedido,"60-133         ",60-133 - LAVATORIO MONOCOMANDO LUGO,0,0,08/03/2026 16:03:22
13358390,08/03/2026 12:50:27,08/03/2026 13:03:22,gsoderquvist,6415,00:06:14,00:12:55,374,775,Fuera de Tiempo,6,19,0,01:05:46,3946,Excedido,"933            ",933 - JGO PARED C/EXT CR DIQUE,0,0,08/03/2026 16:03:22
13358390,08/03/2026 12:50:27,08/03/2026 13:03:22,gsoderquvist,6415,00:06:14,00:12:55,374,775,Fuera de Tiempo,6,19,0,01:05:46,3946,Excedido,"914/CR         ",914/CR - JGO.MDA.P.CAÑO CR ARES,0,0,08/03/2026 16:03:22
13358390,08/03/2026 12:50:27,08/03/2026 13:03:22,gsoderquvist,6415,00:06:14,00:12:55,374,775,Fuera de Tiempo,6,19,0,01:05:46,3946,Excedido,"814/CRC        ",814/CRC - MESADA P.FUNDIDO CR/CR C.CERAM. ARES,0,0,08/03/2026 16:03:22
13358390,08/03/2026 12:50:27,08/03/2026 13:03:22,gsoderquvist,6415,00:06:14,00:12:55,374,775,Fuera de Tiempo,3,19,0,01:05:46,3946,Excedido,"80-001N        ","80-001N - DUCHA EMB. C/TRANSF. ""CROMO Y""",0,0,08/03/2026 16:03:22
13358390,08/03/2026 12:50:27,08/03/2026 13:03:22,gsoderquvist,6415,00:06:14,00:12:55,374,775,Fuera de Tiempo,3,19,0,01:05:46,3946,Excedido,"80-131         ",80-131 - DUCHA EMB. C/TRANSF. CR C.CERAM MALLORCA,0,0,08/03/2026 16:03:22
13358390,08/03/2026 12:50:27,08/03/2026 13:03:22,gsoderquvist,6415,00:06:14,00:12:55,374,775,Fuera de Tiempo,2,19,0,01:05:46,3946,Excedido,"70-131         ",70-131 - BIDE C.CERAM CR MALLORCA,0,0,08/03/2026 16:03:22
13358390,08/03/2026 12:50:27,08/03/2026 13:03:22,gsoderquvist,6415,00:06:14,00:12:55,374,775,Fuera de Tiempo,2,19,0,01:05:46,3946,Excedido,"60-131         ",60-131 - LAVATORIO C.CERAM CR MALLORCA,0,0,08/03/2026 16:03:22
13358390,08/03/2026 12:50:27,08/03/2026 13:03:22,gsoderquvist,6415,00:06:14,00:12:55,374,775,Fuera de Tiempo,3,19,0,01:05:46,3946,Excedido,"70-190         ",70-190 - BIDE C.CERAM BLACK VELVET,0,0,08/03/2026 16:03:22
13358390,08/03/2026 12:50:27,08/03/2026 13:03:22,gsoderquvist,6415,00:06:14,00:12:55,374,775,Fuera de Tiempo,2,19,0,01:05:46,3946,Excedido,"80-190P        ",80-190P - DUCHA EMB. C/TRANSF. C.CERAM BLACK VELVET PLUS,0,0,08/03/2026 16:03:22
13358390,08/03/2026 12:50:27,08/03/2026 13:03:22,gsoderquvist,6415,00:06:14,00:12:55,374,775,Fuera de Tiempo,2,19,0,01:05:46,3946,Excedido,"70-153         ",70-153 - BIDE CR C.CERAM CASTILLA,0,0,08/03/2026 16:03:22
13358390,08/03/2026 12:50:27,08/03/2026 13:03:22,gsoderquvist,6415,00:06:14,00:12:55,374,775,Fuera de Tiempo,5,19,0,01:05:46,3946,Excedido,"60-122         ",60-122 - LAVATORIO C.CERAM CR VALENCIA,0,0,08/03/2026 16:03:22
13358390,08/03/2026 12:50:27,08/03/2026 13:03:22,gsoderquvist,6415,00:06:14,00:12:55,374,775,Fuera de Tiempo,4,19,0,01:05:46,3946,Excedido,"70-122         ",70-122 - BIDE C.CERAM CR VALENCIA,0,0,08/03/2026 16:03:22
13358390,08/03/2026 12:50:27,08/03/2026 13:03:22,gsoderquvist,6415,00:06:14,00:12:55,374,775,Fuera de Tiempo,3,19,0,01:05:46,3946,Excedido,"835            ",835 - JGO.MDA. P.FUNDIDO CR MURCIA,0,0,08/03/2026 16:03:22
13358390,08/03/2026 12:50:27,08/03/2026 13:03:22,gsoderquvist,6415,00:06:14,00:12:55,374,775,Fuera de Tiempo,2,19,0,01:05:46,3946,Excedido,"20-162         ",20-162 - MONOCOMANDO COCINA ADRA,0,0,08/03/2026 16:03:22
13358390,08/03/2026 12:50:27,08/03/2026 13:03:22,gsoderquvist,6415,00:06:14,00:12:55,374,775,Fuera de Tiempo,3,19,0,01:05:46,3946,Excedido,"60-162         ",60-162 - LAVATORIO CR C.CERAM LINEA ADRA,0,0,08/03/2026 16:03:22
13358390,08/03/2026 12:50:27,08/03/2026 13:03:22,gsoderquvist,6415,00:06:14,00:12:55,374,775,Fuera de Tiempo,5,19,0,01:05:46,3946,Excedido,"80-010         ",80-010 - DUCHA EMB. C/TRANSF. BL/CR LORCA,0,0,08/03/2026 16:03:22
13358390,08/03/2026 12:50:27,08/03/2026 13:03:22,gsoderquvist,6415,00:06:14,00:12:55,374,775,Fuera de Tiempo,3,19,0,01:05:46,3946,Excedido,"80-138         ",80-138 - DUCHA EMB. C/TRANSF. CR C.CERAM VALENCIA PLUS,0,0,08/03/2026 16:03:22
13358605,08/03/2026 13:03:16,08/03/2026 13:09:13,rodriguezt,6419,00:12:16,00:05:57,736,357,En Tiempo,5,23,0,02:02:53,7373,Excedido,"AB-002         ",AB-002 - AGARRADERA ACERO INOX CROMADO 40 CM SAFE,0,0,08/03/2026 16:09:13
13358605,08/03/2026 13:03:16,08/03/2026 13:09:13,rodriguezt,6419,00:12:16,00:05:57,736,357,En Tiempo,5,23,0,02:02:53,7373,Excedido,"AB-001         ",AB-001 - AGARRADERA ACERO INOX CROMADO 30 CM SAFE,0,0,08/03/2026 16:09:13
13358605,08/03/2026 13:03:16,08/03/2026 13:09:13,rodriguezt,6419,00:12:16,00:05:57,736,357,En Tiempo,5,23,0,02:02:53,7373,Excedido,"AB-003         ",AB-003 - AGARRADERA ACERO INOX CROMADO 50 CM SAFE,0,0,08/03/2026 16:09:13
13358605,08/03/2026 13:03:16,08/03/2026 13:09:13,rodriguezt,6419,00:12:16,00:05:57,736,357,En Tiempo,40,23,0,02:02:53,7373,Excedido,"1340           ","QUEINOX MACHO MOVIL MH 1/2"" x 40                                      ",0,0,08/03/2026 16:09:13
13358605,08/03/2026 13:03:16,08/03/2026 13:09:13,rodriguezt,6419,00:12:16,00:05:57,736,357,En Tiempo,40,23,0,02:02:53,7373,Excedido,"1330           ","QUEINOX MACHO MOVIL MH 1/2"" x 30                                      ",0,0,08/03/2026 16:09:13
13358605,08/03/2026 13:03:16,08/03/2026 13:09:13,rodriguezt,6419,00:12:16,00:05:57,736,357,En Tiempo,40,23,0,02:02:53,7373,Excedido,"1325           ","QUEINOX MACHO MOVIL MH 1/2"" x 25                                      ",0,0,08/03/2026 16:09:13
13358605,08/03/2026 13:03:16,08/03/2026 13:09:13,rodriguezt,6419,00:12:16,00:05:57,736,357,En Tiempo,2,23,0,02:02:53,7373,Excedido,"70-133         ",70-133 - BIDE MONOCOMANDO LUGO,0,0,08/03/2026 16:09:13
13358605,08/03/2026 13:03:16,08/03/2026 13:09:13,rodriguezt,6419,00:12:16,00:05:57,736,357,En Tiempo,2,23,0,02:02:53,7373,Excedido,"60-133         ",60-133 - LAVATORIO MONOCOMANDO LUGO,0,0,08/03/2026 16:09:13
13358605,08/03/2026 13:03:16,08/03/2026 13:09:13,rodriguezt,6419,00:12:16,00:05:57,736,357,En Tiempo,2,23,0,02:02:53,7373,Excedido,"83-133         ",83-133 - DUCHA EXT. C/TRANSF. MONOCOMANDO LUGO,0,0,08/03/2026 16:09:13
13358605,08/03/2026 13:03:16,08/03/2026 13:09:13,rodriguezt,6419,00:12:16,00:05:57,736,357,En Tiempo,2,23,0,02:02:53,7373,Excedido,"60-193         ",60-193 - LAVATORIO MONOCOMANDO BAJO MORA,0,0,08/03/2026 16:09:13
13358605,08/03/2026 13:03:16,08/03/2026 13:09:13,rodriguezt,6419,00:12:16,00:05:57,736,357,En Tiempo,3,23,0,02:02:53,7373,Excedido,"20-134         ",20-134 - MONOCOMANDO COCINA BETIS,0,0,08/03/2026 16:09:13
13358605,08/03/2026 13:03:16,08/03/2026 13:09:13,rodriguezt,6419,00:12:16,00:05:57,736,357,En Tiempo,4,23,0,02:02:53,7373,Excedido,"BCH01          ",BCH01 - BACHA DE APOYAR CIRCULAR 320x145,0,0,08/03/2026 16:09:13
13358605,08/03/2026 13:03:16,08/03/2026 13:09:13,rodriguezt,6419,00:12:16,00:05:57,736,357,En Tiempo,6,23,0,02:02:53,7373,Excedido,"BCH04/1        ",BCH04/1 - BACHA DE APOYAR CUADRADA 1 AG 420x420x125,0,0,08/03/2026 16:09:13
13358605,08/03/2026 13:03:16,08/03/2026 13:09:13,rodriguezt,6419,00:12:16,00:05:57,736,357,En Tiempo,2,23,0,02:02:53,7373,Excedido,"70-121         ",70-121 - BIDE C.CERAM CR MARBELLA,0,0,08/03/2026 16:09:13
13358605,08/03/2026 13:03:16,08/03/2026 13:09:13,rodriguezt,6419,00:12:16,00:05:57,736,357,En Tiempo,2,23,0,02:02:53,7373,Excedido,"80-121         ",80-121 - DUCHA EMB. C/TRANSF. CR C.C. MARBELLA,0,0,08/03/2026 16:09:13
13358605,08/03/2026 13:03:16,08/03/2026 13:09:13,rodriguezt,6419,00:12:16,00:05:57,736,357,En Tiempo,2,23,0,02:02:53,7373,Excedido,"60-121         ",60-121 - LAVATORIO C.CERAM CR MARBELLA,0,0,08/03/2026 16:09:13
13358605,08/03/2026 13:03:16,08/03/2026 13:09:13,rodriguezt,6419,00:12:16,00:05:57,736,357,En Tiempo,2,23,0,02:02:53,7373,Excedido,"51-057         ",51-057 - COCINA MESADA CR C.STD VERIN PLUS,0,0,08/03/2026 16:09:13
13358605,08/03/2026 13:03:16,08/03/2026 13:09:13,rodriguezt,6419,00:12:16,00:05:57,736,357,En Tiempo,2,23,0,02:02:53,7373,Excedido,"61-203         ",61-203 - LAVATORIO MONOCOMANDO ALTO ADRA,0,0,08/03/2026 16:09:13
13358605,08/03/2026 13:03:16,08/03/2026 13:09:13,rodriguezt,6419,00:12:16,00:05:57,736,357,En Tiempo,2,23,0,02:02:53,7373,Excedido,"60-122         ",60-122 - LAVATORIO C.CERAM CR VALENCIA,0,0,08/03/2026 16:09:13
13358605,08/03/2026 13:03:16,08/03/2026 13:09:13,rodriguezt,6419,00:12:16,00:05:57,736,357,En Tiempo,2,23,0,02:02:53,7373,Excedido,"70-122         ",70-122 - BIDE C.CERAM CR VALENCIA,0,0,08/03/2026 16:09:13
13358605,08/03/2026 13:03:16,08/03/2026 13:09:13,rodriguezt,6419,00:12:16,00:05:57,736,357,En Tiempo,3,23,0,02:02:53,7373,Excedido,"910/M          ","910/M - JGO.MDA.P.CANO CROMO ""DIQUE""",0,0,08/03/2026 16:09:13
13358605,08/03/2026 13:03:16,08/03/2026 13:09:13,rodriguezt,6419,00:12:16,00:05:57,736,357,En Tiempo,2,23,0,02:02:53,7373,Excedido,"80-138         ",80-138 - DUCHA EMB. C/TRANSF. CR C.CERAM VALENCIA PLUS,0,0,08/03/2026 16:09:13
13358605,08/03/2026 13:03:16,08/03/2026 13:09:13,rodriguezt,6419,00:12:16,00:05:57,736,357,En Tiempo,2,23,0,02:02:53,7373,Excedido,"70-057         ",70-057 - BIDE C.STD VERIN PLUS,0,0,08/03/2026 16:09:13
13359991,08/03/2026 13:54:27,08/03/2026 14:22:42,gsoderquvist,6415,00:06:14,00:28:15,374,1695,Fuera de Tiempo,4,55,0,00:51:05,3065,Excedido,"80-166         ","DUCHA EMB. C/TRANSF. CR C.CERAM ADRA PLUS                             ",0,0,08/03/2026 17:11:46
13359991,08/03/2026 13:54:27,08/03/2026 14:22:42,gsoderquvist,6415,00:06:14,00:28:15,374,1695,Fuera de Tiempo,1,55,0,00:51:05,3065,Excedido,"80-138         ",80-138 - DUCHA EMB. C/TRANSF. CR C.CERAM VALENCIA PLUS,0,0,08/03/2026 17:11:46
13359991,08/03/2026 13:54:27,08/03/2026 14:22:42,gsoderquvist,6415,00:06:14,00:28:15,374,1695,Fuera de Tiempo,1,55,0,00:51:05,3065,Excedido,"80-201NI       ",80-201NI - DUCHA EMB C/TRANSF C.CERAM BEAT NICKEL,0,0,08/03/2026 17:11:46
13359991,08/03/2026 13:54:27,08/03/2026 14:22:42,gsoderquvist,6415,00:06:14,00:28:15,374,1695,Fuera de Tiempo,1,55,0,00:51:05,3065,Excedido,"60-201NI       ",60-201NI - LAVATORIO C.CERAM BEAT NICKEL,0,0,08/03/2026 17:11:46
13359991,08/03/2026 13:54:27,08/03/2026 14:22:42,gsoderquvist,6415,00:06:14,00:28:15,374,1695,Fuera de Tiempo,1,55,0,00:51:05,3065,Excedido,"80-100C        ",80-100C - DUCHA EMB. C/TRANSF. CR C.CERAM FABRIC,0,0,08/03/2026 17:11:46
13359991,08/03/2026 13:54:27,08/03/2026 14:22:42,gsoderquvist,6415,00:06:14,00:28:15,374,1695,Fuera de Tiempo,10,55,0,00:51:05,3065,Excedido,"60-162         ",60-162 - LAVATORIO CR C.CERAM LINEA ADRA,0,0,08/03/2026 17:11:46
13359991,08/03/2026 13:54:27,08/03/2026 14:22:42,gsoderquvist,6415,00:06:14,00:28:15,374,1695,Fuera de Tiempo,8,55,0,00:51:05,3065,Excedido,"70-162         ",70-162 - BIDE CR C.CERAM LINEA ADRA,0,0,08/03/2026 17:11:46
13359991,08/03/2026 13:54:27,08/03/2026 14:22:42,gsoderquvist,6415,00:06:14,00:28:15,374,1695,Fuera de Tiempo,3,55,0,00:51:05,3065,Excedido,"80-057         ",80-057 - DUCHA EMB. C/TRANSF. C.STD VERIN PLUS,0,0,08/03/2026 17:11:46
13359991,08/03/2026 13:54:27,08/03/2026 14:22:42,gsoderquvist,6415,00:06:14,00:28:15,374,1695,Fuera de Tiempo,5,55,0,00:51:05,3065,Excedido,"60-057         ",60-057 - LAVATORIO C.STD VERIN PLUS,0,0,08/03/2026 17:11:46
13359991,08/03/2026 13:54:27,08/03/2026 14:22:42,gsoderquvist,6415,00:06:14,00:28:15,374,1695,Fuera de Tiempo,3,55,0,00:51:05,3065,Excedido,"70-057         ",70-057 - BIDE C.STD VERIN PLUS,0,0,08/03/2026 17:11:46
13359991,08/03/2026 13:54:27,08/03/2026 14:22:42,gsoderquvist,6415,00:06:14,00:28:15,374,1695,Fuera de Tiempo,2,55,0,00:51:05,3065,Excedido,"51-010         ",51-010 - COCINA MESADA BL/CR LORCA,0,0,08/03/2026 17:11:46
13359991,08/03/2026 13:54:27,08/03/2026 14:22:42,gsoderquvist,6415,00:06:14,00:28:15,374,1695,Fuera de Tiempo,1,55,0,00:51:05,3065,Excedido,"62-201NI       ",62-201NI - LAVATORIO DE PARED C.CERAM BEAT NICKEL,0,0,08/03/2026 17:11:46
13359991,08/03/2026 13:54:27,08/03/2026 14:22:42,gsoderquvist,6415,00:06:14,00:28:15,374,1695,Fuera de Tiempo,2,55,0,00:51:05,3065,Excedido,"70-201NI       ",70-201NI - BIDE CR C.CERAM BEAT NICKEL,0,0,08/03/2026 17:11:46
13359991,08/03/2026 13:54:27,08/03/2026 14:22:42,gsoderquvist,6415,00:06:14,00:28:15,374,1695,Fuera de Tiempo,2,55,0,00:51:05,3065,Excedido,"60-203         ",60-203 - LAVATORIO MONOCOMANDO BAJO ADRA,0,0,08/03/2026 17:11:46
13359991,08/03/2026 13:54:27,08/03/2026 14:22:42,gsoderquvist,6415,00:06:14,00:28:15,374,1695,Fuera de Tiempo,5,55,0,00:51:05,3065,Excedido,"70-122         ",70-122 - BIDE C.CERAM CR VALENCIA,0,0,08/03/2026 17:11:46
13359991,08/03/2026 13:54:27,08/03/2026 14:22:42,gsoderquvist,6415,00:06:14,00:28:15,374,1695,Fuera de Tiempo,1,55,0,00:51:05,3065,Excedido,"60-153         ",60-153 - LAVATORIO CR C.CERAMICO CASTILLA,0,0,08/03/2026 17:11:46
13359991,08/03/2026 13:54:27,08/03/2026 14:22:42,gsoderquvist,6415,00:06:14,00:28:15,374,1695,Fuera de Tiempo,2,55,0,00:51:05,3065,Excedido,"70-190         ",70-190 - BIDE C.CERAM BLACK VELVET,0,0,08/03/2026 17:11:46
13359991,08/03/2026 13:54:27,08/03/2026 14:22:42,gsoderquvist,6415,00:06:14,00:28:15,374,1695,Fuera de Tiempo,3,55,0,00:51:05,3065,Excedido,"51-001N        ","51-001N - COCINA MESADA ""CROMO Y""",0,0,08/03/2026 17:11:46
13359991,08/03/2026 13:54:27,08/03/2026 14:22:42,gsoderquvist,6415,00:06:14,00:28:15,374,1695,Fuera de Tiempo,2,55,0,00:51:05,3065,Excedido,"20-135B        ",20-135B - MONOCOMANDO COCINA MESADA SANTANDER WHITE,0,0,08/03/2026 17:11:46
13359991,08/03/2026 13:54:27,08/03/2026 14:22:42,gsoderquvist,6415,00:06:14,00:28:15,374,1695,Fuera de Tiempo,4,55,0,00:51:05,3065,Excedido,"70-131         ",70-131 - BIDE C.CERAM CR MALLORCA,0,0,08/03/2026 17:11:46
13359991,08/03/2026 13:54:27,08/03/2026 14:22:42,gsoderquvist,6415,00:06:14,00:28:15,374,1695,Fuera de Tiempo,4,55,0,00:51:05,3065,Excedido,"60-131         ",60-131 - LAVATORIO C.CERAM CR MALLORCA,0,0,08/03/2026 17:11:46
13359991,08/03/2026 13:54:27,08/03/2026 14:22:42,gsoderquvist,6415,00:06:14,00:28:15,374,1695,Fuera de Tiempo,4,55,0,00:51:05,3065,Excedido,"53-002         ",53-002 - COCINA PARED EXT. P.ALTO RENACER,0,0,08/03/2026 17:11:46
13359991,08/03/2026 13:54:27,08/03/2026 14:22:42,gsoderquvist,6415,00:06:14,00:28:15,374,1695,Fuera de Tiempo,7,55,0,00:51:05,3065,Excedido,"70-121         ",70-121 - BIDE C.CERAM CR MARBELLA,0,0,08/03/2026 17:11:46
13359991,08/03/2026 13:54:27,08/03/2026 14:22:42,gsoderquvist,6415,00:06:14,00:28:15,374,1695,Fuera de Tiempo,2,55,0,00:51:05,3065,Excedido,"62-121         ",62-121 - LAVATORIO PARED CR C. CERAM  MARBELLA,0,0,08/03/2026 17:11:46
13359991,08/03/2026 13:54:27,08/03/2026 14:22:42,gsoderquvist,6415,00:06:14,00:28:15,374,1695,Fuera de Tiempo,2,55,0,00:51:05,3065,Excedido,"80-175GR       ",80-175GR - DUCHA EMB C/TRANSF. PULSE GRAFITO C.CERAM,0,0,08/03/2026 17:11:46
13359991,08/03/2026 13:54:27,08/03/2026 14:22:42,gsoderquvist,6415,00:06:14,00:28:15,374,1695,Fuera de Tiempo,1,55,0,00:51:05,3065,Excedido,"70-175GR       ",70-175GR - BIDE PULSE GRAFITO C.CERAM,0,0,08/03/2026 17:11:46
13359991,08/03/2026 13:54:27,08/03/2026 14:22:42,gsoderquvist,6415,00:06:14,00:28:15,374,1695,Fuera de Tiempo,3,55,0,00:51:05,3065,Excedido,"70-209         ",70-209 - BIDE CR C.CERAM CADIZ,0,0,08/03/2026 17:11:46
13359991,08/03/2026 13:54:27,08/03/2026 14:22:42,gsoderquvist,6415,00:06:14,00:28:15,374,1695,Fuera de Tiempo,5,55,0,00:51:05,3065,Excedido,"60-209         ",60-209 - LAVATORIO CR C.CERAM CADIZ,0,0,08/03/2026 17:11:46
13359991,08/03/2026 13:54:27,08/03/2026 14:22:42,gsoderquvist,6415,00:06:14,00:28:15,374,1695,Fuera de Tiempo,1,55,0,00:51:05,3065,Excedido,"62-122         ",62-122 - LAVATORIO PARED C.CERAM CR VALENCIA,0,0,08/03/2026 17:11:46
13359991,08/03/2026 13:54:27,08/03/2026 14:22:42,gsoderquvist,6415,00:06:14,00:28:15,374,1695,Fuera de Tiempo,16,55,0,00:51:05,3065,Excedido,"20-134         ",20-134 - MONOCOMANDO COCINA BETIS,0,0,08/03/2026 17:11:46
13359991,08/03/2026 13:54:27,08/03/2026 14:22:42,gsoderquvist,6415,00:06:14,00:28:15,374,1695,Fuera de Tiempo,2,55,0,00:51:05,3065,Excedido,"70-203         ",70-203 - BIDE MONOCOMANDO ADRA,0,0,08/03/2026 17:11:46
13359991,08/03/2026 13:54:27,08/03/2026 14:22:42,gsoderquvist,6415,00:06:14,00:28:15,374,1695,Fuera de Tiempo,10,55,0,00:51:05,3065,Excedido,"05-010         ","LAVATORIO BAJO TEMPORIZADO TECNO                                      ",0,0,08/03/2026 17:11:46
13359991,08/03/2026 13:54:27,08/03/2026 14:22:42,gsoderquvist,6415,00:06:14,00:28:15,374,1695,Fuera de Tiempo,8,55,0,00:51:05,3065,Excedido,"03-010         ","LAVATORIO ALTO TEMPORIZADO TECNO                                      ",0,0,08/03/2026 17:11:46
13359991,08/03/2026 13:54:27,08/03/2026 14:22:42,gsoderquvist,6415,00:06:14,00:28:15,374,1695,Fuera de Tiempo,3,55,0,00:51:05,3065,Excedido,"20-140         ",20-140 - MONOCOMANDO DE COCINA LINEA CUINA,0,0,08/03/2026 17:11:46
13359991,08/03/2026 13:54:27,08/03/2026 14:22:42,gsoderquvist,6415,00:06:14,00:28:15,374,1695,Fuera de Tiempo,6,55,0,00:51:05,3065,Excedido,"3050           ",3050 - JABONERA LINEA 3000,0,0,08/03/2026 17:11:46
13359991,08/03/2026 13:54:27,08/03/2026 14:22:42,gsoderquvist,6415,00:06:14,00:28:15,374,1695,Fuera de Tiempo,12,55,0,00:51:05,3065,Excedido,"3040           ",3040 - PORTA ROLLO LINEA 3000,0,0,08/03/2026 17:11:46
13359991,08/03/2026 13:54:27,08/03/2026 14:22:42,gsoderquvist,6415,00:06:14,00:28:15,374,1695,Fuera de Tiempo,30,55,0,00:51:05,3065,Excedido,"3030           ",3030 - PERCHA LINEA 3000,0,0,08/03/2026 17:11:46
13359991,08/03/2026 13:54:27,08/03/2026 14:22:42,gsoderquvist,6415,00:06:14,00:28:15,374,1695,Fuera de Tiempo,6,55,0,00:51:05,3065,Excedido,"3020           ",3020 - TOALLERO DE ARO LINEA 3000,0,0,08/03/2026 17:11:46
13359991,08/03/2026 13:54:27,08/03/2026 14:22:42,gsoderquvist,6415,00:06:14,00:28:15,374,1695,Fuera de Tiempo,10,55,0,00:51:05,3065,Excedido,"3010           ",3010 - TOALLERO BARRAL LINEA 3000,0,0,08/03/2026 17:11:46
13359991,08/03/2026 13:54:27,08/03/2026 14:22:42,gsoderquvist,6415,00:06:14,00:28:15,374,1695,Fuera de Tiempo,5,55,0,00:51:05,3065,Excedido,"61-193         ",61-193 - LAVATORIO MONOCOMANDO ALTO MORA,0,0,08/03/2026 17:11:46
13359991,08/03/2026 13:54:27,08/03/2026 14:22:42,gsoderquvist,6415,00:06:14,00:28:15,374,1695,Fuera de Tiempo,10,55,0,00:51:05,3065,Excedido,"3006           ",3006 - SET DE 6 PIEZAS LINEA 3000,0,0,08/03/2026 17:11:46
13359991,08/03/2026 13:54:27,08/03/2026 14:22:42,gsoderquvist,6415,00:06:14,00:28:15,374,1695,Fuera de Tiempo,6,55,0,00:51:05,3065,Excedido,"20-147         ",20-147 - MONOCOMANDO DE COCINA SWIFT,0,0,08/03/2026 17:11:46
13359991,08/03/2026 13:54:27,08/03/2026 14:22:42,gsoderquvist,6415,00:06:14,00:28:15,374,1695,Fuera de Tiempo,2,55,0,00:51:05,3065,Excedido,"20-122         ","MONOCOMANDO COCINA CR C/PICO EXTRAIBLE VALENCIA                       ",0,0,08/03/2026 17:11:46
13359991,08/03/2026 13:54:27,08/03/2026 14:22:42,gsoderquvist,6415,00:06:14,00:28:15,374,1695,Fuera de Tiempo,1,55,0,00:51:05,3065,Excedido,"61-192         ",61-192 - LAVATORIO ALTO SORIA BLACK,0,0,08/03/2026 17:11:46
13359991,08/03/2026 13:54:27,08/03/2026 14:22:42,gsoderquvist,6415,00:06:14,00:28:15,374,1695,Fuera de Tiempo,3,55,0,00:51:05,3065,Excedido,"61-180         ",61-180 - LAVATORIO MONOCOMANDO ALTO VERA,0,0,08/03/2026 17:11:46
13359991,08/03/2026 13:54:27,08/03/2026 14:22:42,gsoderquvist,6415,00:06:14,00:28:15,374,1695,Fuera de Tiempo,4,55,0,00:51:05,3065,Excedido,"60-180         ",60-180 - LAVATORIO MONOCOMANDO BAJO VERA,0,0,08/03/2026 17:11:46
13359991,08/03/2026 13:54:27,08/03/2026 14:22:42,gsoderquvist,6415,00:06:14,00:28:15,374,1695,Fuera de Tiempo,3,55,0,00:51:05,3065,Excedido,"20-174         ",20-174 - COCINA MESADA MONOC. COLORS BLACK,0,0,08/03/2026 17:11:46
13359991,08/03/2026 13:54:27,08/03/2026 14:22:42,gsoderquvist,6415,00:06:14,00:28:15,374,1695,Fuera de Tiempo,8,55,0,00:51:05,3065,Excedido,"20-172         ",20-172 - COCINA MESADA MONOC. COLORS NEGRO,0,0,08/03/2026 17:11:46
13359991,08/03/2026 13:54:27,08/03/2026 14:22:42,gsoderquvist,6415,00:06:14,00:28:15,374,1695,Fuera de Tiempo,5,55,0,00:51:05,3065,Excedido,"BCH07          ",BCH07 - BACHA DE APOYAR OVALADA 400x330x150,0,0,08/03/2026 17:22:42
13359991,08/03/2026 13:54:27,08/03/2026 14:22:42,gsoderquvist,6415,00:06:14,00:28:15,374,1695,Fuera de Tiempo,3,55,0,00:51:05,3065,Excedido,"BCH03/3        ",BCH03/3 - BACHA DE APOYAR RECTANGULAR 3 AG 500x420x130,0,0,08/03/2026 17:22:42
13359991,08/03/2026 13:54:27,08/03/2026 14:22:42,gsoderquvist,6415,00:06:14,00:28:15,374,1695,Fuera de Tiempo,2,55,0,00:51:05,3065,Excedido,"BCH04/3        ",BCH04/3 - BACHA DE APOYAR CUADRADA 3 AG 420x420x125,0,0,08/03/2026 17:22:42
13359991,08/03/2026 13:54:27,08/03/2026 14:22:42,gsoderquvist,6415,00:06:14,00:28:15,374,1695,Fuera de Tiempo,2,55,0,00:51:05,3065,Excedido,"BCH11BM        ",BCH11BM - BACHA DE APOYAR REDONDA BLANCO MATE 400x400x125,0,0,08/03/2026 17:22:42
13359991,08/03/2026 13:54:27,08/03/2026 14:22:42,gsoderquvist,6415,00:06:14,00:28:15,374,1695,Fuera de Tiempo,5,55,0,00:51:05,3065,Excedido,"20-146N        ",20-146N - MONOCOMANDO DE COCINA BLACK LINEA MOVE,0,0,08/03/2026 17:22:42
13359991,08/03/2026 13:54:27,08/03/2026 14:22:42,gsoderquvist,6415,00:06:14,00:28:15,374,1695,Fuera de Tiempo,6,55,0,00:51:05,3065,Excedido,"1360G          ","QUEINOX GAS MH 1/2""x60 APROBADO POR IGA                               ",0,0,08/03/2026 17:22:42
13359991,08/03/2026 13:54:27,08/03/2026 14:22:42,gsoderquvist,6415,00:06:14,00:28:15,374,1695,Fuera de Tiempo,3,55,0,00:51:05,3065,Excedido,"13120G         ","QUEINOX GAS MH 1/2""x120 APROBADO POR IGA                              ",0,0,08/03/2026 17:22:42
13361032,08/03/2026 14:27:19,08/03/2026 14:27:32,gsoderquvist,6415,00:01:03,00:00:13,63,13,En Tiempo,28,1,0,00:04:37,277,Logico,"20-146         ",20-146 - MONOCOMANDO DE COCINA CR LINEA MOVE,0,0,08/03/2026 17:27:32
13361101,08/03/2026 14:29:19,08/03/2026 14:29:27,gsoderquvist,6415,00:00:48,00:00:08,48,8,En Tiempo,9,1,0,00:01:47,107,Logico,"20-146         ",20-146 - MONOCOMANDO DE COCINA CR LINEA MOVE,0,0,08/03/2026 17:29:27
13362398,08/03/2026 15:15:26,08/03/2026 15:44:07,rodriguezt,6419,00:08:03,00:28:41,483,1721,Fuera de Tiempo,10,34,0,02:06:13,7573,Excedido,"BID102-3       ","BIDE 3 AGUJEROS BLANCO LINEA LOFT                                     ",0,0,08/03/2026 18:16:44
13362398,08/03/2026 15:15:26,08/03/2026 15:44:07,rodriguezt,6419,00:08:03,00:28:41,483,1721,Fuera de Tiempo,20,34,0,02:06:13,7573,Excedido,"INO103-2       ","DEPOSITO C/DESCARGA DUAL BLANCO LINEA URBAN                           ",0,0,08/03/2026 18:17:25
13362398,08/03/2026 15:15:26,08/03/2026 15:44:07,rodriguezt,6419,00:08:03,00:28:41,483,1721,Fuera de Tiempo,30,34,0,02:06:13,7573,Excedido,"INO102-2       ","DEPOSITO C/DESCARGA DUAL BLANCO LINEA LOFT                            ",0,0,08/03/2026 18:20:01
13362398,08/03/2026 15:15:26,08/03/2026 15:44:07,rodriguezt,6419,00:08:03,00:28:41,483,1721,Fuera de Tiempo,30,34,0,02:06:13,7573,Excedido,"INO104-2       ","DEPOSITO C/DESCARGA DUAL BLANCO LINEA STONE                           ",0,0,08/03/2026 18:22:43
13362398,08/03/2026 15:15:26,08/03/2026 15:44:07,rodriguezt,6419,00:08:03,00:28:41,483,1721,Fuera de Tiempo,6,34,0,02:06:13,7573,Excedido,"INO102-1       ","INODORO BLANCO C/ASIENTO LINEA LOFT                                   ",0,0,08/03/2026 18:23:43
13362398,08/03/2026 15:15:26,08/03/2026 15:44:07,rodriguezt,6419,00:08:03,00:28:41,483,1721,Fuera de Tiempo,3,34,0,02:06:13,7573,Excedido,"INO104-1       ","INODORO BLANCO C/ASIENTO LINEA STONE                                  ",0,0,08/03/2026 18:23:43
13362398,08/03/2026 15:15:26,08/03/2026 15:44:07,rodriguezt,6419,00:08:03,00:28:41,483,1721,Fuera de Tiempo,6,34,0,02:06:13,7573,Excedido,"INO102-1       ","INODORO BLANCO C/ASIENTO LINEA LOFT                                   ",0,0,08/03/2026 18:24:17
13362398,08/03/2026 15:15:26,08/03/2026 15:44:07,rodriguezt,6419,00:08:03,00:28:41,483,1721,Fuera de Tiempo,2,34,0,02:06:13,7573,Excedido,"INO103-1       ","INODORO BLANCO C/ASIENTO LINEA URBAN                                  ",0,0,08/03/2026 18:24:17
13362398,08/03/2026 15:15:26,08/03/2026 15:44:07,rodriguezt,6419,00:08:03,00:28:41,483,1721,Fuera de Tiempo,18,34,0,02:06:13,7573,Excedido,"BCH18          ",BCH18 - BACHA DE APOYAR SIMIL MARMOL 460x320x140,0,0,08/03/2026 18:26:55
13362398,08/03/2026 15:15:26,08/03/2026 15:44:07,rodriguezt,6419,00:08:03,00:28:41,483,1721,Fuera de Tiempo,10,34,0,02:06:13,7573,Excedido,"BID103-3       ","BIDE 3 AGUJEROS BLANCO LINEA URBAN                                    ",0,0,08/03/2026 18:26:55
13362398,08/03/2026 15:15:26,08/03/2026 15:44:07,rodriguezt,6419,00:08:03,00:28:41,483,1721,Fuera de Tiempo,9,34,0,02:06:13,7573,Excedido,"INO102-1       ","INODORO BLANCO C/ASIENTO LINEA LOFT                                   ",0,0,08/03/2026 18:27:18
13362398,08/03/2026 15:15:26,08/03/2026 15:44:07,rodriguezt,6419,00:08:03,00:28:41,483,1721,Fuera de Tiempo,9,34,0,02:06:13,7573,Excedido,"INO104-1       ","INODORO BLANCO C/ASIENTO LINEA STONE                                  ",0,0,08/03/2026 18:27:34
13362398,08/03/2026 15:15:26,08/03/2026 15:44:07,rodriguezt,6419,00:08:03,00:28:41,483,1721,Fuera de Tiempo,9,34,0,02:06:13,7573,Excedido,"INO103-1       ","INODORO BLANCO C/ASIENTO LINEA URBAN                                  ",0,0,08/03/2026 18:27:48
13362398,08/03/2026 15:15:26,08/03/2026 15:44:07,rodriguezt,6419,00:08:03,00:28:41,483,1721,Fuera de Tiempo,9,34,0,02:06:13,7573,Excedido,"INO102-1       ","INODORO BLANCO C/ASIENTO LINEA LOFT                                   ",0,0,08/03/2026 18:28:06
13362398,08/03/2026 15:15:26,08/03/2026 15:44:07,rodriguezt,6419,00:08:03,00:28:41,483,1721,Fuera de Tiempo,9,34,0,02:06:13,7573,Excedido,"INO104-1       ","INODORO BLANCO C/ASIENTO LINEA STONE                                  ",0,0,08/03/2026 18:28:22
13362398,08/03/2026 15:15:26,08/03/2026 15:44:07,rodriguezt,6419,00:08:03,00:28:41,483,1721,Fuera de Tiempo,9,34,0,02:06:13,7573,Excedido,"INO104-1       ","INODORO BLANCO C/ASIENTO LINEA STONE                                  ",0,0,08/03/2026 18:28:45
13362398,08/03/2026 15:15:26,08/03/2026 15:44:07,rodriguezt,6419,00:08:03,00:28:41,483,1721,Fuera de Tiempo,9,34,0,02:06:13,7573,Excedido,"INO103-1       ","INODORO BLANCO C/ASIENTO LINEA URBAN                                  ",0,0,08/03/2026 18:29:02
13362398,08/03/2026 15:15:26,08/03/2026 15:44:07,rodriguezt,6419,00:08:03,00:28:41,483,1721,Fuera de Tiempo,5,34,0,02:06:13,7573,Excedido,"BAI01N         ",BAI01N - BACHA EMB COCINA C/ACCESORIOS 750x450x220 BLACK GUN BRUSHED,0,0,08/03/2026 18:29:41
13362398,08/03/2026 15:15:26,08/03/2026 15:44:07,rodriguezt,6419,00:08:03,00:28:41,483,1721,Fuera de Tiempo,10,34,0,02:06:13,7573,Excedido,"BID103-1       ","BIDE 1 AGUJERO BLANCO LINEA URBAN                                     ",0,0,08/03/2026 18:29:41
13362398,08/03/2026 15:15:26,08/03/2026 15:44:07,rodriguezt,6419,00:08:03,00:28:41,483,1721,Fuera de Tiempo,100,34,0,02:06:13,7573,Excedido,"20-184         ","MONOCOMANDO DE COCINA CR SUV                                          ",0,0,08/03/2026 18:41:11
13362398,08/03/2026 15:15:26,08/03/2026 15:44:07,rodriguezt,6419,00:08:03,00:28:41,483,1721,Fuera de Tiempo,20,34,0,02:06:13,7573,Excedido,"3006SS         ",3006SS - SET DE 6 PIEZAS LINEA 3000 SS,0,0,08/03/2026 18:41:11
13362398,08/03/2026 15:15:26,08/03/2026 15:44:07,rodriguezt,6419,00:08:03,00:28:41,483,1721,Fuera de Tiempo,5,34,0,02:06:13,7573,Excedido,"63-176         ","LAVATORIO PARED EMB MONOC CR RIO                                      ",0,0,08/03/2026 18:41:11
13362398,08/03/2026 15:15:26,08/03/2026 15:44:07,rodriguezt,6419,00:08:03,00:28:41,483,1721,Fuera de Tiempo,5,34,0,02:06:13,7573,Excedido,"63-176N        ","LAVATORIO PARED EMB MONOC BLACK RIO                                   ",0,0,08/03/2026 18:41:11
13362398,08/03/2026 15:15:26,08/03/2026 15:44:07,rodriguezt,6419,00:08:03,00:28:41,483,1721,Fuera de Tiempo,1,34,0,02:06:13,7573,Excedido,"13040          ","PORTA ROLLO LINEA 13000                                               ",0,0,08/03/2026 18:41:11
13362398,08/03/2026 15:15:26,08/03/2026 15:44:07,rodriguezt,6419,00:08:03,00:28:41,483,1721,Fuera de Tiempo,4,34,0,02:06:13,7573,Excedido,"13030          ","PERCHA LINEA 13000                                                    ",0,0,08/03/2026 18:41:11
13362398,08/03/2026 15:15:26,08/03/2026 15:44:07,rodriguezt,6419,00:08:03,00:28:41,483,1721,Fuera de Tiempo,50,34,0,02:06:13,7573,Excedido,"20-147         ",20-147 - MONOCOMANDO DE COCINA SWIFT,0,0,08/03/2026 18:41:11
13362398,08/03/2026 15:15:26,08/03/2026 15:44:07,rodriguezt,6419,00:08:03,00:28:41,483,1721,Fuera de Tiempo,10,34,0,02:06:13,7573,Excedido,"61-176N        ",61-176N - LAVATORIO MONOC ALTO BLACK RIO,0,0,08/03/2026 18:41:11
13362398,08/03/2026 15:15:26,08/03/2026 15:44:07,rodriguezt,6419,00:08:03,00:28:41,483,1721,Fuera de Tiempo,5,34,0,02:06:13,7573,Excedido,"80-176N        ",80-176N - DUCHA EMB C/TRANSF MONOC BLACK RIO,0,0,08/03/2026 18:41:11
13362398,08/03/2026 15:15:26,08/03/2026 15:44:07,rodriguezt,6419,00:08:03,00:28:41,483,1721,Fuera de Tiempo,5,34,0,02:06:13,7573,Excedido,"80-176         ",80-176 - DUCHA EMB C/TRANSF MONOC CR RIO,0,0,08/03/2026 18:41:11
13362398,08/03/2026 15:15:26,08/03/2026 15:44:07,rodriguezt,6419,00:08:03,00:28:41,483,1721,Fuera de Tiempo,1,34,0,02:06:13,7573,Excedido,"BCH09          ",BCH09 - BACHA DE APOYAR RECTANGULAR 610x410x115,0,0,08/03/2026 18:41:11
13362398,08/03/2026 15:15:26,08/03/2026 15:44:07,rodriguezt,6419,00:08:03,00:28:41,483,1721,Fuera de Tiempo,10,34,0,02:06:13,7573,Excedido,"12006          ","SET DE 6 PIEZAS LINEA 12000                                           ",0,0,08/03/2026 18:41:11
13362398,08/03/2026 15:15:26,08/03/2026 15:44:07,rodriguezt,6419,00:08:03,00:28:41,483,1721,Fuera de Tiempo,18,34,0,02:06:13,7573,Excedido,"21-160         ","MONOCOMANDO DUO COCINA CROMO DIQUE                                    ",0,0,08/03/2026 18:41:11
13362398,08/03/2026 15:15:26,08/03/2026 15:44:07,rodriguezt,6419,00:08:03,00:28:41,483,1721,Fuera de Tiempo,6,34,0,02:06:13,7573,Excedido,"60-176         ","LAVATORIO MONOCOMANDO BAJO CR RIO                                     ",0,0,08/03/2026 18:41:11
13362398,08/03/2026 15:15:26,08/03/2026 15:44:07,rodriguezt,6419,00:08:03,00:28:41,483,1721,Fuera de Tiempo,2,34,0,02:06:13,7573,Excedido,"20-122S        ","MONOCOMANDO COCINA INOX C/PICO EXTRAIBLE VALENCIA                     ",0,0,08/03/2026 18:41:11
13362398,08/03/2026 15:15:26,08/03/2026 15:44:07,rodriguezt,6419,00:08:03,00:28:41,483,1721,Fuera de Tiempo,10,34,0,02:06:13,7573,Excedido,"30-132         ",30-132 - COCINA MESADA MONOC. C/DUCHADOR EXTENSIBLE VIGO,0,0,08/03/2026 18:44:07
13362398,08/03/2026 15:15:26,08/03/2026 15:44:07,rodriguezt,6419,00:08:03,00:28:41,483,1721,Fuera de Tiempo,2,34,0,02:06:13,7573,Excedido,"21-160         ","MONOCOMANDO DUO COCINA CROMO DIQUE                                    ",0,0,08/03/2026 18:44:07
13362398,08/03/2026 15:15:26,08/03/2026 15:44:07,rodriguezt,6419,00:08:03,00:28:41,483,1721,Fuera de Tiempo,4,34,0,02:06:13,7573,Excedido,"60-176         ","LAVATORIO MONOCOMANDO BAJO CR RIO                                     ",0,0,08/03/2026 18:44:07
13362398,08/03/2026 15:15:26,08/03/2026 15:44:07,rodriguezt,6419,00:08:03,00:28:41,483,1721,Fuera de Tiempo,5,34,0,02:06:13,7573,Excedido,"70-176         ",70-176 - BIDE MONOC C/TRANSF CR RIO,0,0,08/03/2026 18:44:07
13362398,08/03/2026 15:15:26,08/03/2026 15:44:07,rodriguezt,6419,00:08:03,00:28:41,483,1721,Fuera de Tiempo,5,34,0,02:06:13,7573,Excedido,"85-183         ","DUCHA EMB C/TRANSF Y DUCHADOR MONOC MAT                               ",0,0,08/03/2026 18:44:07
13362398,08/03/2026 15:15:26,08/03/2026 15:44:07,rodriguezt,6419,00:08:03,00:28:41,483,1721,Fuera de Tiempo,1,34,0,02:06:13,7573,Excedido,"80-163         ",80-163 - DUCHA EMB. C/TRANSF. CR C.CERAM SENA,0,0,08/03/2026 18:44:07
13362398,08/03/2026 15:15:26,08/03/2026 15:44:07,rodriguezt,6419,00:08:03,00:28:41,483,1721,Fuera de Tiempo,10,34,0,02:06:13,7573,Excedido,"12006          ","SET DE 6 PIEZAS LINEA 12000                                           ",0,0,08/03/2026 18:44:07
13362398,08/03/2026 15:15:26,08/03/2026 15:44:07,rodriguezt,6419,00:08:03,00:28:41,483,1721,Fuera de Tiempo,18,34,0,02:06:13,7573,Excedido,"20-122S        ","MONOCOMANDO COCINA INOX C/PICO EXTRAIBLE VALENCIA                     ",0,0,08/03/2026 18:44:07
13362398,08/03/2026 15:15:26,08/03/2026 15:44:07,rodriguezt,6419,00:08:03,00:28:41,483,1721,Fuera de Tiempo,50,34,0,02:06:13,7573,Excedido,"20-205         ",20-205 - MONOCOMANDO DE COCINA STEEL,0,0,08/03/2026 18:44:07
13362398,08/03/2026 15:15:26,08/03/2026 15:44:07,rodriguezt,6419,00:08:03,00:28:41,483,1721,Fuera de Tiempo,1,34,0,02:06:13,7573,Excedido,"80-200N        ",80-200N - DUCHA EMB. MONOC. 3 FUNCIONES BLACK FABRIC,0,0,08/03/2026 18:44:07
13362398,08/03/2026 15:15:26,08/03/2026 15:44:07,rodriguezt,6419,00:08:03,00:28:41,483,1721,Fuera de Tiempo,10,34,0,02:06:13,7573,Excedido,"80-057         ",80-057 - DUCHA EMB. C/TRANSF. C.STD VERIN PLUS,0,0,08/03/2026 18:44:07
13362398,08/03/2026 15:15:26,08/03/2026 15:44:07,rodriguezt,6419,00:08:03,00:28:41,483,1721,Fuera de Tiempo,7,34,0,02:06:13,7573,Excedido,"70-057         ",70-057 - BIDE C.STD VERIN PLUS,0,0,08/03/2026 18:44:07
13362459,08/03/2026 15:17:45,08/03/2026 15:18:38,gsoderquvist,6415,00:03:16,00:00:53,196,53,En Tiempo,2,11,0,00:48:18,2898,Excedido,"60-162         ",60-162 - LAVATORIO CR C.CERAM LINEA ADRA,0,0,08/03/2026 18:18:38
13362459,08/03/2026 15:17:45,08/03/2026 15:18:38,gsoderquvist,6415,00:03:16,00:00:53,196,53,En Tiempo,2,11,0,00:48:18,2898,Excedido,"80-166         ","DUCHA EMB. C/TRANSF. CR C.CERAM ADRA PLUS                             ",0,0,08/03/2026 18:18:38
13362459,08/03/2026 15:17:45,08/03/2026 15:18:38,gsoderquvist,6415,00:03:16,00:00:53,196,53,En Tiempo,2,11,0,00:48:18,2898,Excedido,"80-162         ",80-162 - DUCHA EMB. C/TRANSF. CR C.CERAM ADRA,0,0,08/03/2026 18:18:38
13362459,08/03/2026 15:17:45,08/03/2026 15:18:38,gsoderquvist,6415,00:03:16,00:00:53,196,53,En Tiempo,2,11,0,00:48:18,2898,Excedido,"70-162         ",70-162 - BIDE CR C.CERAM LINEA ADRA,0,0,08/03/2026 18:18:38
13362459,08/03/2026 15:17:45,08/03/2026 15:18:38,gsoderquvist,6415,00:03:16,00:00:53,196,53,En Tiempo,6,11,0,00:48:18,2898,Excedido,"80-057         ",80-057 - DUCHA EMB. C/TRANSF. C.STD VERIN PLUS,0,0,08/03/2026 18:18:38
13362459,08/03/2026 15:17:45,08/03/2026 15:18:38,gsoderquvist,6415,00:03:16,00:00:53,196,53,En Tiempo,4,11,0,00:48:18,2898,Excedido,"53-001N        ","53-001N - COCINA PARED EXTERIOR PICO ALTO ""CROMO Y""",0,0,08/03/2026 18:18:38
13362459,08/03/2026 15:17:45,08/03/2026 15:18:38,gsoderquvist,6415,00:03:16,00:00:53,196,53,En Tiempo,4,11,0,00:48:18,2898,Excedido,"51-001N        ","51-001N - COCINA MESADA ""CROMO Y""",0,0,08/03/2026 18:18:38
13362459,08/03/2026 15:17:45,08/03/2026 15:18:38,gsoderquvist,6415,00:03:16,00:00:53,196,53,En Tiempo,6,11,0,00:48:18,2898,Excedido,"80-045         ",80-045 - DUCHA EMB.C/TRANSF CR  C.STD CRUZ,0,0,08/03/2026 18:18:38
13362459,08/03/2026 15:17:45,08/03/2026 15:18:38,gsoderquvist,6415,00:03:16,00:00:53,196,53,En Tiempo,4,11,0,00:48:18,2898,Excedido,"60-045         ",60-045 - LAVATORIO CR/CR C.STD CRUZ,0,0,08/03/2026 18:18:38
13362459,08/03/2026 15:17:45,08/03/2026 15:18:38,gsoderquvist,6415,00:03:16,00:00:53,196,53,En Tiempo,2,11,0,00:48:18,2898,Excedido,"20-147         ",20-147 - MONOCOMANDO DE COCINA SWIFT,0,0,08/03/2026 18:18:38
13362459,08/03/2026 15:17:45,08/03/2026 15:18:38,gsoderquvist,6415,00:03:16,00:00:53,196,53,En Tiempo,2,11,0,00:48:18,2898,Excedido,"30-121         ",30-121 - COCINA MSDA MONOC.P. CUADRADO MARBELLA,0,0,08/03/2026 18:18:38
13362626,08/03/2026 15:24:11,08/03/2026 15:26:52,gsoderquvist,6415,00:08:02,00:02:41,482,161,En Tiempo,3,48,0,00:05:33,333,Excedido,"60-162         ",60-162 - LAVATORIO CR C.CERAM LINEA ADRA,0,0,08/03/2026 18:26:52
13362626,08/03/2026 15:24:11,08/03/2026 15:26:52,gsoderquvist,6415,00:08:02,00:02:41,482,161,En Tiempo,3,48,0,00:05:33,333,Excedido,"70-162         ",70-162 - BIDE CR C.CERAM LINEA ADRA,0,0,08/03/2026 18:26:52
13362626,08/03/2026 15:24:11,08/03/2026 15:26:52,gsoderquvist,6415,00:08:02,00:02:41,482,161,En Tiempo,2,48,0,00:05:33,333,Excedido,"80-166         ","DUCHA EMB. C/TRANSF. CR C.CERAM ADRA PLUS                             ",0,0,08/03/2026 18:26:52
13362626,08/03/2026 15:24:11,08/03/2026 15:26:52,gsoderquvist,6415,00:08:02,00:02:41,482,161,En Tiempo,1,48,0,00:05:33,333,Excedido,"80-162         ",80-162 - DUCHA EMB. C/TRANSF. CR C.CERAM ADRA,0,0,08/03/2026 18:26:52
13362626,08/03/2026 15:24:11,08/03/2026 15:26:52,gsoderquvist,6415,00:08:02,00:02:41,482,161,En Tiempo,2,48,0,00:05:33,333,Excedido,"51-058         ",51-058 - COCINA MESADA CR C.STD MALBA,0,0,08/03/2026 18:26:52
13362626,08/03/2026 15:24:11,08/03/2026 15:26:52,gsoderquvist,6415,00:08:02,00:02:41,482,161,En Tiempo,1,48,0,00:05:33,333,Excedido,"80-138         ",80-138 - DUCHA EMB. C/TRANSF. CR C.CERAM VALENCIA PLUS,0,0,08/03/2026 18:26:52
13362626,08/03/2026 15:24:11,08/03/2026 15:26:52,gsoderquvist,6415,00:08:02,00:02:41,482,161,En Tiempo,2,48,0,00:05:33,333,Excedido,"910/M          ","910/M - JGO.MDA.P.CANO CROMO ""DIQUE""",0,0,08/03/2026 18:26:52
13362626,08/03/2026 15:24:11,08/03/2026 15:26:52,gsoderquvist,6415,00:08:02,00:02:41,482,161,En Tiempo,2,48,0,00:05:33,333,Excedido,"60-002         ",60-002 - LAVATORIO RENACER,0,0,08/03/2026 18:26:52
13362626,08/03/2026 15:24:11,08/03/2026 15:26:52,gsoderquvist,6415,00:08:02,00:02:41,482,161,En Tiempo,1,48,0,00:05:33,333,Excedido,"70-002         ",70-002 - BIDE RENACER,0,0,08/03/2026 18:26:52
13362626,08/03/2026 15:24:11,08/03/2026 15:26:52,gsoderquvist,6415,00:08:02,00:02:41,482,161,En Tiempo,2,48,0,00:05:33,333,Excedido,"80-058         ",80-058 - DUCHA EMB. C/TRANSF. CR C.STD MALBA,0,0,08/03/2026 18:26:52
13362626,08/03/2026 15:24:11,08/03/2026 15:26:52,gsoderquvist,6415,00:08:02,00:02:41,482,161,En Tiempo,2,48,0,00:05:33,333,Excedido,"70-058         ",70-058 - BIDE CR C.STD MALBA,0,0,08/03/2026 18:26:52
13362626,08/03/2026 15:24:11,08/03/2026 15:26:52,gsoderquvist,6415,00:08:02,00:02:41,482,161,En Tiempo,2,48,0,00:05:33,333,Excedido,"60-058         ",60-058 - LAVATORIO CR C.STD MALBA,0,0,08/03/2026 18:26:52
13362626,08/03/2026 15:24:11,08/03/2026 15:26:52,gsoderquvist,6415,00:08:02,00:02:41,482,161,En Tiempo,1,48,0,00:05:33,333,Excedido,"914/CR         ",914/CR - JGO.MDA.P.CAÑO CR ARES,0,0,08/03/2026 18:26:52
13362626,08/03/2026 15:24:11,08/03/2026 15:26:52,gsoderquvist,6415,00:08:02,00:02:41,482,161,En Tiempo,1,48,0,00:05:33,333,Excedido,"434/CR         ",434/CR - DUCHA EMB.C/TRANSF CR ARES,0,0,08/03/2026 18:26:52
13362626,08/03/2026 15:24:11,08/03/2026 15:26:52,gsoderquvist,6415,00:08:02,00:02:41,482,161,En Tiempo,1,48,0,00:05:33,333,Excedido,"934/CR         ",934/CR - J.PARED C/EXT CRUZ CR/CR ARES,0,0,08/03/2026 18:26:52
13362626,08/03/2026 15:24:11,08/03/2026 15:26:52,gsoderquvist,6415,00:08:02,00:02:41,482,161,En Tiempo,1,48,0,00:05:33,333,Excedido,"814/CR         ",814/CR - MESADA P.FUNDIDO CR/CR ARES,0,0,08/03/2026 18:26:52
13362626,08/03/2026 15:24:11,08/03/2026 15:26:52,gsoderquvist,6415,00:08:02,00:02:41,482,161,En Tiempo,1,48,0,00:05:33,333,Excedido,"80-131         ",80-131 - DUCHA EMB. C/TRANSF. CR C.CERAM MALLORCA,0,0,08/03/2026 18:26:52
13362626,08/03/2026 15:24:11,08/03/2026 15:26:52,gsoderquvist,6415,00:08:02,00:02:41,482,161,En Tiempo,1,48,0,00:05:33,333,Excedido,"70-131         ",70-131 - BIDE C.CERAM CR MALLORCA,0,0,08/03/2026 18:26:52
13362626,08/03/2026 15:24:11,08/03/2026 15:26:52,gsoderquvist,6415,00:08:02,00:02:41,482,161,En Tiempo,1,48,0,00:05:33,333,Excedido,"80-045         ",80-045 - DUCHA EMB.C/TRANSF CR  C.STD CRUZ,0,0,08/03/2026 18:26:52
13362626,08/03/2026 15:24:11,08/03/2026 15:26:52,gsoderquvist,6415,00:08:02,00:02:41,482,161,En Tiempo,1,48,0,00:05:33,333,Excedido,"70-045         ",70-045 - BIDE CROMO C.STD CRUZ,0,0,08/03/2026 18:26:52
13362626,08/03/2026 15:24:11,08/03/2026 15:26:52,gsoderquvist,6415,00:08:02,00:02:41,482,161,En Tiempo,1,48,0,00:05:33,333,Excedido,"90-045         ",90-045 - PACK GRIF LAV-BID-DUCHA C/TRANSF CRUZ,0,0,08/03/2026 18:26:52
13362626,08/03/2026 15:24:11,08/03/2026 15:26:52,gsoderquvist,6415,00:08:02,00:02:41,482,161,En Tiempo,1,48,0,00:05:33,333,Excedido,"60-131         ",60-131 - LAVATORIO C.CERAM CR MALLORCA,0,0,08/03/2026 18:26:52
13362626,08/03/2026 15:24:11,08/03/2026 15:26:52,gsoderquvist,6415,00:08:02,00:02:41,482,161,En Tiempo,1,48,0,00:05:33,333,Excedido,"60-045         ",60-045 - LAVATORIO CR/CR C.STD CRUZ,0,0,08/03/2026 18:26:52
13362626,08/03/2026 15:24:11,08/03/2026 15:26:52,gsoderquvist,6415,00:08:02,00:02:41,482,161,En Tiempo,1,48,0,00:05:33,333,Excedido,"60-122         ",60-122 - LAVATORIO C.CERAM CR VALENCIA,0,0,08/03/2026 18:26:52
13362626,08/03/2026 15:24:11,08/03/2026 15:26:52,gsoderquvist,6415,00:08:02,00:02:41,482,161,En Tiempo,1,48,0,00:05:33,333,Excedido,"70-122         ",70-122 - BIDE C.CERAM CR VALENCIA,0,0,08/03/2026 18:26:52
13362626,08/03/2026 15:24:11,08/03/2026 15:26:52,gsoderquvist,6415,00:08:02,00:02:41,482,161,En Tiempo,1,48,0,00:05:33,333,Excedido,"83-122         ",83-122 - DUCHA EXT. C/TRANSF. C.CERAM CR VALENCIA,0,0,08/03/2026 18:26:52
13362626,08/03/2026 15:24:11,08/03/2026 15:26:52,gsoderquvist,6415,00:08:02,00:02:41,482,161,En Tiempo,1,48,0,00:05:33,333,Excedido,"61-203         ",61-203 - LAVATORIO MONOCOMANDO ALTO ADRA,0,0,08/03/2026 18:26:52
13362626,08/03/2026 15:24:11,08/03/2026 15:26:52,gsoderquvist,6415,00:08:02,00:02:41,482,161,En Tiempo,2,48,0,00:05:33,333,Excedido,"60-203         ",60-203 - LAVATORIO MONOCOMANDO BAJO ADRA,0,0,08/03/2026 18:26:52
13362626,08/03/2026 15:24:11,08/03/2026 15:26:52,gsoderquvist,6415,00:08:02,00:02:41,482,161,En Tiempo,2,48,0,00:05:33,333,Excedido,"933            ",933 - JGO PARED C/EXT CR DIQUE,0,0,08/03/2026 18:26:52
13362626,08/03/2026 15:24:11,08/03/2026 15:26:52,gsoderquvist,6415,00:08:02,00:02:41,482,161,En Tiempo,3,48,0,00:05:33,333,Excedido,"20-146         ",20-146 - MONOCOMANDO DE COCINA CR LINEA MOVE,0,0,08/03/2026 18:26:52
13362626,08/03/2026 15:24:11,08/03/2026 15:26:52,gsoderquvist,6415,00:08:02,00:02:41,482,161,En Tiempo,1,48,0,00:05:33,333,Excedido,"20-162         ",20-162 - MONOCOMANDO COCINA ADRA,0,0,08/03/2026 18:26:52
13362626,08/03/2026 15:24:11,08/03/2026 15:26:52,gsoderquvist,6415,00:08:02,00:02:41,482,161,En Tiempo,2,48,0,00:05:33,333,Excedido,"3005           ",3005 - SET DE 5 PIEZAS LINEA 3000,0,0,08/03/2026 18:26:52
13362626,08/03/2026 15:24:11,08/03/2026 15:26:52,gsoderquvist,6415,00:08:02,00:02:41,482,161,En Tiempo,2,48,0,00:05:33,333,Excedido,"54-203         ","COCINA PARED EXT C.CERAM ADRA MONOCOMANDO                             ",0,0,08/03/2026 18:26:52
13362626,08/03/2026 15:24:11,08/03/2026 15:26:52,gsoderquvist,6415,00:08:02,00:02:41,482,161,En Tiempo,1,48,0,00:05:33,333,Excedido,"20-147         ",20-147 - MONOCOMANDO DE COCINA SWIFT,0,0,08/03/2026 18:26:52
13362626,08/03/2026 15:24:11,08/03/2026 15:26:52,gsoderquvist,6415,00:08:02,00:02:41,482,161,En Tiempo,1,48,0,00:05:33,333,Excedido,"20-205         ",20-205 - MONOCOMANDO DE COCINA STEEL,0,0,08/03/2026 18:26:52
13362626,08/03/2026 15:24:11,08/03/2026 15:26:52,gsoderquvist,6415,00:08:02,00:02:41,482,161,En Tiempo,2,48,0,00:05:33,333,Excedido,"8006           ",8006 - SET DE 6 PIEZAS LINEA 8000,0,0,08/03/2026 18:26:52
13362626,08/03/2026 15:24:11,08/03/2026 15:26:52,gsoderquvist,6415,00:08:02,00:02:41,482,161,En Tiempo,1,48,0,00:05:33,333,Excedido,"8060           ",8060 - PORTA CEPILLO LINEA 8000,0,0,08/03/2026 18:26:52
13362626,08/03/2026 15:24:11,08/03/2026 15:26:52,gsoderquvist,6415,00:08:02,00:02:41,482,161,En Tiempo,1,48,0,00:05:33,333,Excedido,"8050           ",8050 - JABONERA LINEA 8000,0,0,08/03/2026 18:26:52
13362626,08/03/2026 15:24:11,08/03/2026 15:26:52,gsoderquvist,6415,00:08:02,00:02:41,482,161,En Tiempo,2,48,0,00:05:33,333,Excedido,"8030           ",8030 - PERCHA LINEA 8000,0,0,08/03/2026 18:26:52
13362626,08/03/2026 15:24:11,08/03/2026 15:26:52,gsoderquvist,6415,00:08:02,00:02:41,482,161,En Tiempo,2,48,0,00:05:33,333,Excedido,"8040           ",8040 - PORTA ROLLO LINEA 8000,0,0,08/03/2026 18:26:52
13362626,08/03/2026 15:24:11,08/03/2026 15:26:52,gsoderquvist,6415,00:08:02,00:02:41,482,161,En Tiempo,2,48,0,00:05:33,333,Excedido,"8020           ",8020 - TOALLERO DE ARO LINEA 8000,0,0,08/03/2026 18:26:52
13362626,08/03/2026 15:24:11,08/03/2026 15:26:52,gsoderquvist,6415,00:08:02,00:02:41,482,161,En Tiempo,2,48,0,00:05:33,333,Excedido,"8010           ",8010 - TOALLERO BARRAL LINEA 8000,0,0,08/03/2026 18:26:52
13362626,08/03/2026 15:24:11,08/03/2026 15:26:52,gsoderquvist,6415,00:08:02,00:02:41,482,161,En Tiempo,1,48,0,00:05:33,333,Excedido,"10030CR        ","PERCHA LINEA 10000 MINIMALISTA                                        ",0,0,08/03/2026 18:26:52
13362626,08/03/2026 15:24:11,08/03/2026 15:26:52,gsoderquvist,6415,00:08:02,00:02:41,482,161,En Tiempo,1,48,0,00:05:33,333,Excedido,"10040CR        ","PORTA ROLLO LINEA 10000 MINIMALISTA                                   ",0,0,08/03/2026 18:26:52
13362626,08/03/2026 15:24:11,08/03/2026 15:26:52,gsoderquvist,6415,00:08:02,00:02:41,482,161,En Tiempo,1,48,0,00:05:33,333,Excedido,"10020CR        ","TOALLERO DE ARO LINEA 10000 MINIMALISTA                               ",0,0,08/03/2026 18:26:52
13362626,08/03/2026 15:24:11,08/03/2026 15:26:52,gsoderquvist,6415,00:08:02,00:02:41,482,161,En Tiempo,2,48,0,00:05:33,333,Excedido,"601            ",601 - CANILLA COCINA MESADA CROMO DIQUE,0,0,08/03/2026 18:26:52
13362626,08/03/2026 15:24:11,08/03/2026 15:26:52,gsoderquvist,6415,00:08:02,00:02:41,482,161,En Tiempo,2,48,0,00:05:33,333,Excedido,"605            ",605 - CANILLA COC.PARED P.ALTO CROMO DIQUE,0,0,08/03/2026 18:26:52
13362626,08/03/2026 15:24:11,08/03/2026 15:26:52,gsoderquvist,6415,00:08:02,00:02:41,482,161,En Tiempo,2,48,0,00:05:33,333,Excedido,"603            ",603 - CANILLA COC.PARED P.BAJO CROMO DIQUE,0,0,08/03/2026 18:26:52
13367536,08/04/2026 06:17:06,08/04/2026 06:17:17,gsoderquvist,6415,00:00:41,00:00:11,41,11,En Tiempo,3,1,0,,,Excedido,"21200          ",21200 - ESQUINERO ORGANIZADOR 19x19x7,0,0,08/04/2026 09:17:17
13367538,08/04/2026 06:17:21,08/04/2026 06:17:42,gsoderquvist,6415,00:00:40,00:00:21,40,21,En Tiempo,2,1,0,00:00:04,4,Logico,"70-152         ",70-152 - BIDE MONOCOMANDO CR C/TRANSFERENCIA SORIA,0,0,08/04/2026 09:17:42
13367559,08/04/2026 06:25:18,08/04/2026 06:25:25,gkiriczuk,6409,00:00:39,00:00:07,39,7,En Tiempo,1,1,0,,,Excedido,"61-176N        ",61-176N - LAVATORIO MONOC ALTO BLACK RIO,0,0,08/04/2026 09:25:25
13367563,08/04/2026 06:25:50,08/04/2026 06:25:56,gkiriczuk,6409,00:00:39,00:00:06,39,6,En Tiempo,1,1,0,00:00:25,25,Logico,"61-200N        ",61-200N - LAVATORIO MONOC ALTO FABRIC BLACK,0,0,08/04/2026 09:25:56
13367568,08/04/2026 06:26:18,08/04/2026 06:26:25,gkiriczuk,6409,00:00:39,00:00:07,39,7,En Tiempo,1,1,0,00:00:22,22,Logico,"20-146         ",20-146 - MONOCOMANDO DE COCINA CR LINEA MOVE,0,0,08/04/2026 09:26:25
13367581,08/04/2026 06:29:37,08/04/2026 06:29:50,gkiriczuk,6409,00:00:39,00:00:13,39,13,En Tiempo,1,1,0,00:03:12,192,Logico,"RA1220S        ","BRAZO DE DUCHA LARGO 400 CON CAMPANA STEEL                            ",0,0,08/04/2026 09:29:50
13367590,08/04/2026 06:32:16,08/04/2026 06:32:29,gkiriczuk,6409,00:00:40,00:00:13,40,13,En Tiempo,2,1,0,00:02:26,146,Logico,"BCH01          ",BCH01 - BACHA DE APOYAR CIRCULAR 320x145,0,0,08/04/2026 09:32:29
13367862,08/04/2026 07:14:43,08/04/2026 07:18:13,gsoderquvist,6415,00:09:33,00:03:30,573,210,En Tiempo,160,10,0,00:57:01,3421,Excedido,"60-025         ",60-025 - LAVATORIO BLANCO BASICA PLUS,0,0,08/04/2026 10:17:11
13367862,08/04/2026 07:14:43,08/04/2026 07:18:13,gsoderquvist,6415,00:09:33,00:03:30,573,210,En Tiempo,40,10,0,00:57:01,3421,Excedido,"70-025         ",70-025 - BIDE BLANCO BASICA PLUS,0,0,08/04/2026 10:17:11
13367862,08/04/2026 07:14:43,08/04/2026 07:18:13,gsoderquvist,6415,00:09:33,00:03:30,573,210,En Tiempo,50,10,0,00:57:01,3421,Excedido,"53-023         ",53-023 - COCINA PARED EXT. P.ALTO BL/CR ARES PLUS,0,0,08/04/2026 10:17:11
13367862,08/04/2026 07:14:43,08/04/2026 07:18:13,gsoderquvist,6415,00:09:33,00:03:30,573,210,En Tiempo,75,10,0,00:57:01,3421,Excedido,"50-026         ",50-026 - JGO.MDA.P.FUNDIDO MURCIA PLUS,0,0,08/04/2026 10:17:11
13367862,08/04/2026 07:14:43,08/04/2026 07:18:13,gsoderquvist,6415,00:09:33,00:03:30,573,210,En Tiempo,12,10,0,00:57:01,3421,Excedido,"90-025         ",90-025 - PACK GRIF BL BASICA PLUS (Lavatorio-Bide-Ducha c/t,0,0,08/04/2026 10:17:11
13367862,08/04/2026 07:14:43,08/04/2026 07:18:13,gsoderquvist,6415,00:09:33,00:03:30,573,210,En Tiempo,10,10,0,00:57:01,3421,Excedido,"80-013         ",80-013 - DUCHA EMB. C/TRANSF. CR SEVILLA,0,0,08/04/2026 10:17:11
13367862,08/04/2026 07:14:43,08/04/2026 07:18:13,gsoderquvist,6415,00:09:33,00:03:30,573,210,En Tiempo,40,10,0,00:57:01,3421,Excedido,"80-025         ",80-025 - DUCHA EMB.C/TRANSF.BL BASICA PLUS,0,0,08/04/2026 10:17:11
13367862,08/04/2026 07:14:43,08/04/2026 07:18:13,gsoderquvist,6415,00:09:33,00:03:30,573,210,En Tiempo,20,10,0,00:57:01,3421,Excedido,"80-025         ",80-025 - DUCHA EMB.C/TRANSF.BL BASICA PLUS,0,0,08/04/2026 10:18:13
13367862,08/04/2026 07:14:43,08/04/2026 07:18:13,gsoderquvist,6415,00:09:33,00:03:30,573,210,En Tiempo,2,10,0,00:57:01,3421,Excedido,"10005CR        ","SET DE 5 PIEZAS LINEA 10000 MINIMALISTA                               ",0,0,08/04/2026 10:18:13
13367862,08/04/2026 07:14:43,08/04/2026 07:18:13,gsoderquvist,6415,00:09:33,00:03:30,573,210,En Tiempo,5,10,0,00:57:01,3421,Excedido,"30-121         ",30-121 - COCINA MSDA MONOC.P. CUADRADO MARBELLA,0,0,08/04/2026 10:18:13
13367862,08/04/2026 07:14:43,08/04/2026 07:18:13,gsoderquvist,6415,00:09:33,00:03:30,573,210,En Tiempo,10,10,0,00:57:01,3421,Excedido,"20-121         ",20-121 - COCINA MSDA MONOC.P. REDONDO MARBELLA,0,0,08/04/2026 10:18:13
13368019,08/04/2026 07:25:26,08/04/2026 07:25:54,rodriguezt,6419,00:01:01,00:00:28,61,28,En Tiempo,2,4,0,,,Excedido,"INO101-1       ",INO101-1 - INODORO BLANCO C/ASIENTO LINEA ACQUA,0,0,08/04/2026 10:25:54
13368019,08/04/2026 07:25:26,08/04/2026 07:25:54,rodriguezt,6419,00:01:01,00:00:28,61,28,En Tiempo,1,4,0,,,Excedido,"BID104-1       ","BIDE 1 AGUJERO BLANCO LINEA STONE                                     ",0,0,08/04/2026 10:25:54
13368019,08/04/2026 07:25:26,08/04/2026 07:25:54,rodriguezt,6419,00:01:01,00:00:28,61,28,En Tiempo,2,4,0,,,Excedido,"INO104-2       ","DEPOSITO C/DESCARGA DUAL BLANCO LINEA STONE                           ",0,0,08/04/2026 10:25:54
13368019,08/04/2026 07:25:26,08/04/2026 07:25:54,rodriguezt,6419,00:01:01,00:00:28,61,28,En Tiempo,1,4,0,,,Excedido,"814/CR         ",814/CR - MESADA P.FUNDIDO CR/CR ARES,0,0,08/04/2026 10:25:54
13368039,08/04/2026 07:27:32,08/04/2026 07:27:59,rodriguezt,6419,00:00:39,00:00:27,39,27,En Tiempo,1,1,0,00:01:38,98,Logico,"20-205         ",20-205 - MONOCOMANDO DE COCINA STEEL,0,0,08/04/2026 10:27:59
13368049,08/04/2026 07:29:15,08/04/2026 07:29:53,rodriguezt,6419,00:00:47,00:00:38,47,38,En Tiempo,2,2,0,00:01:16,76,Logico,"80-100G        ",80-100G - DUCHA EMB. C/TRANSF. GOLD C.CERAM FABRIC,0,0,08/04/2026 10:29:53
13368049,08/04/2026 07:29:15,08/04/2026 07:29:53,rodriguezt,6419,00:00:47,00:00:38,47,38,En Tiempo,3,2,0,00:01:16,76,Logico,"61-176N        ",61-176N - LAVATORIO MONOC ALTO BLACK RIO,0,0,08/04/2026 10:29:53
13368074,08/04/2026 07:32:14,08/04/2026 07:32:59,rodriguezt,6419,00:01:10,00:00:45,70,45,En Tiempo,2,4,0,00:02:21,141,Logico,"85-201NI       ",85-201NI - DUCHA EMB C/TRANSF Y DUCHADOR C.CERAM BEAT NICKEL,0,0,08/04/2026 10:32:59
13368074,08/04/2026 07:32:14,08/04/2026 07:32:59,rodriguezt,6419,00:01:10,00:00:45,70,45,En Tiempo,1,4,0,00:02:21,141,Logico,"80-201NI       ",80-201NI - DUCHA EMB C/TRANSF C.CERAM BEAT NICKEL,0,0,08/04/2026 10:32:59
13368074,08/04/2026 07:32:14,08/04/2026 07:32:59,rodriguezt,6419,00:01:10,00:00:45,70,45,En Tiempo,3,4,0,00:02:21,141,Logico,"70-201NI       ",70-201NI - BIDE CR C.CERAM BEAT NICKEL,0,0,08/04/2026 10:32:59
13368074,08/04/2026 07:32:14,08/04/2026 07:32:59,rodriguezt,6419,00:01:10,00:00:45,70,45,En Tiempo,5,4,0,00:02:21,141,Logico,"60-201NI       ",60-201NI - LAVATORIO C.CERAM BEAT NICKEL,0,0,08/04/2026 10:32:59
13368101,08/04/2026 07:34:34,08/04/2026 07:35:26,rodriguezt,6419,00:00:44,00:00:52,44,52,Fuera de Tiempo,1,2,0,00:01:35,95,Logico,"PDU120         ","DESAGUE P/PISO DE DUCHA                                               ",0,0,08/04/2026 10:35:26
13368101,08/04/2026 07:34:34,08/04/2026 07:35:26,rodriguezt,6419,00:00:44,00:00:52,44,52,Fuera de Tiempo,1,2,0,00:01:35,95,Logico,"PDU101N        ","PISO DUCHA RESINA POLIESTER NEGRO 900x700x25                          ",0,0,08/04/2026 10:35:26
13368142,08/04/2026 07:37:29,08/04/2026 07:37:39,rodriguezt,6419,00:00:39,00:00:10,39,10,En Tiempo,1,1,0,00:02:03,123,Logico,"RA1222G        ",RA1222G - PICO LAVATORIO PARED FABRIC GOLD,0,0,08/04/2026 10:37:39
13368221,08/04/2026 07:43:21,08/04/2026 07:43:32,rodriguezt,6419,00:00:59,00:00:11,59,11,En Tiempo,1,4,0,00:05:42,342,Excedido,"20-122         ","MONOCOMANDO COCINA CR C/PICO EXTRAIBLE VALENCIA                       ",0,0,08/04/2026 10:43:32
13368221,08/04/2026 07:43:21,08/04/2026 07:43:32,rodriguezt,6419,00:00:59,00:00:11,59,11,En Tiempo,1,4,0,00:05:42,342,Excedido,"434/CR         ",434/CR - DUCHA EMB.C/TRANSF CR ARES,0,0,08/04/2026 10:43:32
13368221,08/04/2026 07:43:21,08/04/2026 07:43:32,rodriguezt,6419,00:00:59,00:00:11,59,11,En Tiempo,1,4,0,00:05:42,342,Excedido,"80-150         ",80-150 - DUCHA EMB. C/TRANSF. CR C.CERAM TOLEDO,0,0,08/04/2026 10:43:32
13368221,08/04/2026 07:43:21,08/04/2026 07:43:32,rodriguezt,6419,00:00:59,00:00:11,59,11,En Tiempo,1,4,0,00:05:42,342,Excedido,"60-058         ",60-058 - LAVATORIO CR C.STD MALBA,0,0,08/04/2026 10:43:32
13368223,08/04/2026 07:43:51,08/04/2026 07:43:58,rodriguezt,6419,00:00:40,00:00:07,40,7,En Tiempo,2,1,0,00:00:19,19,Logico,"62-201NI       ",62-201NI - LAVATORIO DE PARED C.CERAM BEAT NICKEL,0,0,08/04/2026 10:43:58
13368229,08/04/2026 07:44:23,08/04/2026 07:44:39,rodriguezt,6419,00:00:46,00:00:16,46,16,En Tiempo,2,2,0,00:00:25,25,Logico,"70-203         ",70-203 - BIDE MONOCOMANDO ADRA,0,0,08/04/2026 10:44:39
13368229,08/04/2026 07:44:23,08/04/2026 07:44:39,rodriguezt,6419,00:00:46,00:00:16,46,16,En Tiempo,2,2,0,00:00:25,25,Logico,"80-138         ",80-138 - DUCHA EMB. C/TRANSF. CR C.CERAM VALENCIA PLUS,0,0,08/04/2026 10:44:39
13368237,08/04/2026 07:45:03,08/04/2026 07:45:13,rodriguezt,6419,00:00:47,00:00:10,47,10,En Tiempo,1,3,0,00:00:24,24,Logico,"BCH19          ","BACHA DE APOYAR BLANCA 365x235x120                                    ",0,0,08/04/2026 10:45:13
13368237,08/04/2026 07:45:03,08/04/2026 07:45:13,rodriguezt,6419,00:00:47,00:00:10,47,10,En Tiempo,2,3,0,00:00:24,24,Logico,"20-122         ","MONOCOMANDO COCINA CR C/PICO EXTRAIBLE VALENCIA                       ",0,0,08/04/2026 10:45:13
13368237,08/04/2026 07:45:03,08/04/2026 07:45:13,rodriguezt,6419,00:00:47,00:00:10,47,10,En Tiempo,1,3,0,00:00:24,24,Logico,"20-182         ",20-182 - MONOCOMANDO DE COCINA MULTIFUNCION CR ZENITH,0,0,08/04/2026 10:45:13
13368261,08/04/2026 07:47:44,08/04/2026 07:48:02,rodriguezt,6419,00:00:47,00:00:18,47,18,En Tiempo,1,3,0,00:02:31,151,Logico,"RA1297         ",RA1297 - ASIENTO + O'RING P/CUADROS DE EMBUTIR,0,0,08/04/2026 10:48:02
13368261,08/04/2026 07:47:44,08/04/2026 07:48:02,rodriguezt,6419,00:00:47,00:00:18,47,18,En Tiempo,2,3,0,00:02:31,151,Logico,"RS094          ",RS094 - 30 GUSANILLO M4x0.7x4,0,0,08/04/2026 10:48:02
13368261,08/04/2026 07:47:44,08/04/2026 07:48:02,rodriguezt,6419,00:00:47,00:00:18,47,18,En Tiempo,1,3,0,00:02:31,151,Logico,"RA1088         ",RA1088 - TRANSFERENCIA COMPLETA DUCHA EMB. SORIA,0,0,08/04/2026 10:48:02
13368291,08/04/2026 07:49:12,08/04/2026 07:49:18,rodriguezt,6419,00:00:40,00:00:06,40,6,En Tiempo,2,1,0,00:01:10,70,Logico,"17030G         ",17030G - PERCHA LINEA FABRIC GOLD,0,0,08/04/2026 10:49:18
13369015,08/04/2026 08:28:10,08/04/2026 09:37:16,gsoderquvist,6415,00:10:28,01:09:06,628,4146,Fuera de Tiempo,45,10,0,01:09:57,4197,Excedido,"A019           ","SOPORTE P/DUCHADOR CROMO C/BLISTER                                    ",0,0,08/04/2026 12:34:43
13369015,08/04/2026 08:28:10,08/04/2026 09:37:16,gsoderquvist,6415,00:10:28,01:09:06,628,4146,Fuera de Tiempo,24,10,0,01:09:57,4197,Excedido,"80-136         ",80-136 - DUCHA EMB. C/TRANSF. CR C.C. MARBELLA PLUS,0,0,08/04/2026 12:34:43
13369015,08/04/2026 08:28:10,08/04/2026 09:37:16,gsoderquvist,6415,00:10:28,01:09:06,628,4146,Fuera de Tiempo,40,10,0,01:09:57,4197,Excedido,"70-136         ",70-136 - BIDE C.CERAM CR MARBELLA PLUS,0,0,08/04/2026 12:34:43
13369015,08/04/2026 08:28:10,08/04/2026 09:37:16,gsoderquvist,6415,00:10:28,01:09:06,628,4146,Fuera de Tiempo,30,10,0,01:09:57,4197,Excedido,"60-136         ",60-136 - LAVATORIO C.CERAM CR MARBELLA PLUS,0,0,08/04/2026 12:34:43
13369015,08/04/2026 08:28:10,08/04/2026 09:37:16,gsoderquvist,6415,00:10:28,01:09:06,628,4146,Fuera de Tiempo,10,10,0,01:09:57,4197,Excedido,"70-133         ",70-133 - BIDE MONOCOMANDO LUGO,0,0,08/04/2026 12:34:43
13369015,08/04/2026 08:28:10,08/04/2026 09:37:16,gsoderquvist,6415,00:10:28,01:09:06,628,4146,Fuera de Tiempo,10,10,0,01:09:57,4197,Excedido,"8005           ",8005 - SET DE 5 PIEZAS LINEA 8000,0,0,08/04/2026 12:34:43
13369015,08/04/2026 08:28:10,08/04/2026 09:37:16,gsoderquvist,6415,00:10:28,01:09:06,628,4146,Fuera de Tiempo,126,10,0,01:09:57,4197,Excedido,"A017           ",A017 - DUCHADOR CROMO C/BLISTER,0,0,08/04/2026 12:34:43
13369015,08/04/2026 08:28:10,08/04/2026 09:37:16,gsoderquvist,6415,00:10:28,01:09:06,628,4146,Fuera de Tiempo,105,10,0,01:09:57,4197,Excedido,"60-133         ",60-133 - LAVATORIO MONOCOMANDO LUGO,0,0,08/04/2026 12:34:43
13369015,08/04/2026 08:28:10,08/04/2026 09:37:16,gsoderquvist,6415,00:10:28,01:09:06,628,4146,Fuera de Tiempo,30,10,0,01:09:57,4197,Excedido,"8006           ",8006 - SET DE 6 PIEZAS LINEA 8000,0,0,08/04/2026 12:37:16
13369015,08/04/2026 08:28:10,08/04/2026 09:37:16,gsoderquvist,6415,00:10:28,01:09:06,628,4146,Fuera de Tiempo,115,10,0,01:09:57,4197,Excedido,"83-133         ",83-133 - DUCHA EXT. C/TRANSF. MONOCOMANDO LUGO,0,0,08/04/2026 12:37:16
13369020,08/04/2026 08:28:19,08/04/2026 08:28:44,rodriguezt,6419,00:00:53,00:00:25,53,25,En Tiempo,20,1,0,00:39:01,2341,Excedido,"BCH01          ",BCH01 - BACHA DE APOYAR CIRCULAR 320x145,0,0,08/04/2026 11:28:44
13369047,08/04/2026 08:29:18,08/04/2026 08:58:26,rodriguezt,6419,00:06:44,00:29:08,404,1748,Fuera de Tiempo,10,27,0,00:00:34,34,Logico,"20-146         ",20-146 - MONOCOMANDO DE COCINA CR LINEA MOVE,0,0,08/04/2026 11:50:44
13369047,08/04/2026 08:29:18,08/04/2026 08:58:26,rodriguezt,6419,00:06:44,00:29:08,404,1748,Fuera de Tiempo,5,27,0,00:00:34,34,Logico,"BCH07          ",BCH07 - BACHA DE APOYAR OVALADA 400x330x150,0,0,08/04/2026 11:50:44
13369047,08/04/2026 08:29:18,08/04/2026 08:58:26,rodriguezt,6419,00:06:44,00:29:08,404,1748,Fuera de Tiempo,5,27,0,00:00:34,34,Logico,"BCH12          ",BCH12 - BACHA DE APOYAR BLANCA 460x320x140,0,0,08/04/2026 11:50:44
13369047,08/04/2026 08:29:18,08/04/2026 08:58:26,rodriguezt,6419,00:06:44,00:29:08,404,1748,Fuera de Tiempo,5,27,0,00:00:34,34,Logico,"BCH01          ",BCH01 - BACHA DE APOYAR CIRCULAR 320x145,0,0,08/04/2026 11:50:44
13369047,08/04/2026 08:29:18,08/04/2026 08:58:26,rodriguezt,6419,00:06:44,00:29:08,404,1748,Fuera de Tiempo,5,27,0,00:00:34,34,Logico,"BCH02          ",BCH02 - BACHA DE APOYAR CIRCULAR 1 AG. 415x145,0,0,08/04/2026 11:50:44
13369047,08/04/2026 08:29:18,08/04/2026 08:58:26,rodriguezt,6419,00:06:44,00:29:08,404,1748,Fuera de Tiempo,5,27,0,00:00:34,34,Logico,"BCH13          ",BCH13 - BACHA DE APOYAR BLANCA RECTANGULAR 465x260x125,0,0,08/04/2026 11:50:44
13369047,08/04/2026 08:29:18,08/04/2026 08:58:26,rodriguezt,6419,00:06:44,00:29:08,404,1748,Fuera de Tiempo,5,27,0,00:00:34,34,Logico,"BCH05          ",BCH05 - BACHA DE APOYAR CUADRADA 370x370x130,0,0,08/04/2026 11:50:44
13369047,08/04/2026 08:29:18,08/04/2026 08:58:26,rodriguezt,6419,00:06:44,00:29:08,404,1748,Fuera de Tiempo,20,27,0,00:00:34,34,Logico,"RA764          ",RA764 - BOLSITA P/CONEXION BIDET LINEAS STD COMPLETO,0,0,08/04/2026 11:50:44
13369047,08/04/2026 08:29:18,08/04/2026 08:58:26,rodriguezt,6419,00:06:44,00:29:08,404,1748,Fuera de Tiempo,30,27,0,00:00:34,34,Logico,"RA765          ",RA765 - BOLSITA P/CONEXION LAVATORIO LINEAS STD COMPLETO,0,0,08/04/2026 11:50:44
13369047,08/04/2026 08:29:18,08/04/2026 08:58:26,rodriguezt,6419,00:06:44,00:29:08,404,1748,Fuera de Tiempo,20,27,0,00:00:34,34,Logico,"RA875          ",RA875 - 10 TUBOS CONEXION P/ BIDET,0,0,08/04/2026 11:50:44
13369047,08/04/2026 08:29:18,08/04/2026 08:58:26,rodriguezt,6419,00:06:44,00:29:08,404,1748,Fuera de Tiempo,30,27,0,00:00:34,34,Logico,"20-184         ","MONOCOMANDO DE COCINA CR SUV                                          ",0,0,08/04/2026 11:58:26
13369047,08/04/2026 08:29:18,08/04/2026 08:58:26,rodriguezt,6419,00:06:44,00:29:08,404,1748,Fuera de Tiempo,30,27,0,00:00:34,34,Logico,"20-147         ",20-147 - MONOCOMANDO DE COCINA SWIFT,0,0,08/04/2026 11:58:26
13369047,08/04/2026 08:29:18,08/04/2026 08:58:26,rodriguezt,6419,00:06:44,00:29:08,404,1748,Fuera de Tiempo,10,27,0,00:00:34,34,Logico,"20-205         ",20-205 - MONOCOMANDO DE COCINA STEEL,0,0,08/04/2026 11:58:26
13369047,08/04/2026 08:29:18,08/04/2026 08:58:26,rodriguezt,6419,00:06:44,00:29:08,404,1748,Fuera de Tiempo,16,27,0,00:00:34,34,Logico,"20-160         ",20-160 - MONOCOMANDO MESADA COCINA DIQUE,0,0,08/04/2026 11:58:26
13369047,08/04/2026 08:29:18,08/04/2026 08:58:26,rodriguezt,6419,00:06:44,00:29:08,404,1748,Fuera de Tiempo,12,27,0,00:00:34,34,Logico,"20-134         ",20-134 - MONOCOMANDO COCINA BETIS,0,0,08/04/2026 11:58:26
13369047,08/04/2026 08:29:18,08/04/2026 08:58:26,rodriguezt,6419,00:06:44,00:29:08,404,1748,Fuera de Tiempo,3,27,0,00:00:34,34,Logico,"933            ",933 - JGO PARED C/EXT CR DIQUE,0,0,08/04/2026 11:58:26
13369047,08/04/2026 08:29:18,08/04/2026 08:58:26,rodriguezt,6419,00:06:44,00:29:08,404,1748,Fuera de Tiempo,3,27,0,00:00:34,34,Logico,"209            ",209 - LAVATORIO CROMO LAZA,0,0,08/04/2026 11:58:26
13369047,08/04/2026 08:29:18,08/04/2026 08:58:26,rodriguezt,6419,00:06:44,00:29:08,404,1748,Fuera de Tiempo,3,27,0,00:00:34,34,Logico,"309            ","309 - BIDE CROMO ""LAZA""",0,0,08/04/2026 11:58:26
13369047,08/04/2026 08:29:18,08/04/2026 08:58:26,rodriguezt,6419,00:06:44,00:29:08,404,1748,Fuera de Tiempo,3,27,0,00:00:34,34,Logico,"919/M          ",919/M - JGO.MDA.P.CANO CROMO LAZA,0,0,08/04/2026 11:58:26
13369047,08/04/2026 08:29:18,08/04/2026 08:58:26,rodriguezt,6419,00:06:44,00:29:08,404,1748,Fuera de Tiempo,3,27,0,00:00:34,34,Logico,"203            ","203 - LAVATORIO CROMO ""DIQUE""",0,0,08/04/2026 11:58:26
13369047,08/04/2026 08:29:18,08/04/2026 08:58:26,rodriguezt,6419,00:06:44,00:29:08,404,1748,Fuera de Tiempo,3,27,0,00:00:34,34,Logico,"303            ","303 - BIDET CROMO ""DIQUE""",0,0,08/04/2026 11:58:26
13369047,08/04/2026 08:29:18,08/04/2026 08:58:26,rodriguezt,6419,00:06:44,00:29:08,404,1748,Fuera de Tiempo,3,27,0,00:00:34,34,Logico,"60-058         ",60-058 - LAVATORIO CR C.STD MALBA,0,0,08/04/2026 11:58:26
13369047,08/04/2026 08:29:18,08/04/2026 08:58:26,rodriguezt,6419,00:06:44,00:29:08,404,1748,Fuera de Tiempo,1,27,0,00:00:34,34,Logico,"60-162         ",60-162 - LAVATORIO CR C.CERAM LINEA ADRA,0,0,08/04/2026 11:58:26
13369047,08/04/2026 08:29:18,08/04/2026 08:58:26,rodriguezt,6419,00:06:44,00:29:08,404,1748,Fuera de Tiempo,4,27,0,00:00:34,34,Logico,"80-010         ",80-010 - DUCHA EMB. C/TRANSF. BL/CR LORCA,0,0,08/04/2026 11:58:26
13369047,08/04/2026 08:29:18,08/04/2026 08:58:26,rodriguezt,6419,00:06:44,00:29:08,404,1748,Fuera de Tiempo,4,27,0,00:00:34,34,Logico,"70-010         ",70-010 - BIDE BL/CR LORCA,0,0,08/04/2026 11:58:26
13369047,08/04/2026 08:29:18,08/04/2026 08:58:26,rodriguezt,6419,00:06:44,00:29:08,404,1748,Fuera de Tiempo,3,27,0,00:00:34,34,Logico,"51-058         ",51-058 - COCINA MESADA CR C.STD MALBA,0,0,08/04/2026 11:58:26
13369047,08/04/2026 08:29:18,08/04/2026 08:58:26,rodriguezt,6419,00:06:44,00:29:08,404,1748,Fuera de Tiempo,4,27,0,00:00:34,34,Logico,"81-010         ",81-010 - DUCHA EMB. S/TRANSF. BL/CR LORCA,0,0,08/04/2026 11:58:26
13369686,08/04/2026 08:59:30,08/04/2026 09:01:13,rodriguezt,6419,00:06:37,00:01:43,397,103,En Tiempo,11,12,0,00:01:04,64,Logico,"81-010         ",81-010 - DUCHA EMB. S/TRANSF. BL/CR LORCA,0,0,08/04/2026 12:01:13
13369686,08/04/2026 08:59:30,08/04/2026 09:01:13,rodriguezt,6419,00:06:37,00:01:43,397,103,En Tiempo,7,12,0,00:01:04,64,Logico,"51-058         ",51-058 - COCINA MESADA CR C.STD MALBA,0,0,08/04/2026 12:01:13
13369686,08/04/2026 08:59:30,08/04/2026 09:01:13,rodriguezt,6419,00:06:37,00:01:43,397,103,En Tiempo,11,12,0,00:01:04,64,Logico,"70-010         ",70-010 - BIDE BL/CR LORCA,0,0,08/04/2026 12:01:13
13369686,08/04/2026 08:59:30,08/04/2026 09:01:13,rodriguezt,6419,00:06:37,00:01:43,397,103,En Tiempo,11,12,0,00:01:04,64,Logico,"80-010         ",80-010 - DUCHA EMB. C/TRANSF. BL/CR LORCA,0,0,08/04/2026 12:01:13
13369686,08/04/2026 08:59:30,08/04/2026 09:01:13,rodriguezt,6419,00:06:37,00:01:43,397,103,En Tiempo,2,12,0,00:01:04,64,Logico,"60-162         ",60-162 - LAVATORIO CR C.CERAM LINEA ADRA,0,0,08/04/2026 12:01:13
13369686,08/04/2026 08:59:30,08/04/2026 09:01:13,rodriguezt,6419,00:06:37,00:01:43,397,103,En Tiempo,7,12,0,00:01:04,64,Logico,"60-058         ",60-058 - LAVATORIO CR C.STD MALBA,0,0,08/04/2026 12:01:13
13369686,08/04/2026 08:59:30,08/04/2026 09:01:13,rodriguezt,6419,00:06:37,00:01:43,397,103,En Tiempo,7,12,0,00:01:04,64,Logico,"203            ","203 - LAVATORIO CROMO ""DIQUE""",0,0,08/04/2026 12:01:13
13369686,08/04/2026 08:59:30,08/04/2026 09:01:13,rodriguezt,6419,00:06:37,00:01:43,397,103,En Tiempo,7,12,0,00:01:04,64,Logico,"303            ","303 - BIDET CROMO ""DIQUE""",0,0,08/04/2026 12:01:13
13369686,08/04/2026 08:59:30,08/04/2026 09:01:13,rodriguezt,6419,00:06:37,00:01:43,397,103,En Tiempo,7,12,0,00:01:04,64,Logico,"919/M          ",919/M - JGO.MDA.P.CANO CROMO LAZA,0,0,08/04/2026 12:01:13
13369686,08/04/2026 08:59:30,08/04/2026 09:01:13,rodriguezt,6419,00:06:37,00:01:43,397,103,En Tiempo,7,12,0,00:01:04,64,Logico,"933            ",933 - JGO PARED C/EXT CR DIQUE,0,0,08/04/2026 12:01:13
13369686,08/04/2026 08:59:30,08/04/2026 09:01:13,rodriguezt,6419,00:06:37,00:01:43,397,103,En Tiempo,7,12,0,00:01:04,64,Logico,"209            ",209 - LAVATORIO CROMO LAZA,0,0,08/04/2026 12:01:13
13369686,08/04/2026 08:59:30,08/04/2026 09:01:13,rodriguezt,6419,00:06:37,00:01:43,397,103,En Tiempo,7,12,0,00:01:04,64,Logico,"309            ","309 - BIDE CROMO ""LAZA""",0,0,08/04/2026 12:01:13
13370200,08/04/2026 09:21:51,08/04/2026 09:46:46,rodriguezt,6419,00:04:36,00:24:55,276,1495,Fuera de Tiempo,5,14,0,00:20:38,1238,Excedido,"21-160         ","MONOCOMANDO DUO COCINA CROMO DIQUE                                    ",0,0,08/04/2026 12:46:46
13370200,08/04/2026 09:21:51,08/04/2026 09:46:46,rodriguezt,6419,00:04:36,00:24:55,276,1495,Fuera de Tiempo,3,14,0,00:20:38,1238,Excedido,"61-205         ",61-205 - LAVATORIO MONOC ALTO STEEL,0,0,08/04/2026 12:46:46
13370200,08/04/2026 09:21:51,08/04/2026 09:46:46,rodriguezt,6419,00:04:36,00:24:55,276,1495,Fuera de Tiempo,3,14,0,00:20:38,1238,Excedido,"61-180         ",61-180 - LAVATORIO MONOCOMANDO ALTO VERA,0,0,08/04/2026 12:46:46
13370200,08/04/2026 09:21:51,08/04/2026 09:46:46,rodriguezt,6419,00:04:36,00:24:55,276,1495,Fuera de Tiempo,3,14,0,00:20:38,1238,Excedido,"60-180         ",60-180 - LAVATORIO MONOCOMANDO BAJO VERA,0,0,08/04/2026 12:46:46
13370200,08/04/2026 09:21:51,08/04/2026 09:46:46,rodriguezt,6419,00:04:36,00:24:55,276,1495,Fuera de Tiempo,3,14,0,00:20:38,1238,Excedido,"60-152         ",60-152 - LAVATORIO CR MONOCOMANDO BAJO SORIA,0,0,08/04/2026 12:46:46
13370200,08/04/2026 09:21:51,08/04/2026 09:46:46,rodriguezt,6419,00:04:36,00:24:55,276,1495,Fuera de Tiempo,5,14,0,00:20:38,1238,Excedido,"20-205         ",20-205 - MONOCOMANDO DE COCINA STEEL,0,0,08/04/2026 12:46:46
13370200,08/04/2026 09:21:51,08/04/2026 09:46:46,rodriguezt,6419,00:04:36,00:24:55,276,1495,Fuera de Tiempo,5,14,0,00:20:38,1238,Excedido,"60-193         ",60-193 - LAVATORIO MONOCOMANDO BAJO MORA,0,0,08/04/2026 12:46:46
13370200,08/04/2026 09:21:51,08/04/2026 09:46:46,rodriguezt,6419,00:04:36,00:24:55,276,1495,Fuera de Tiempo,5,14,0,00:20:38,1238,Excedido,"3006           ",3006 - SET DE 6 PIEZAS LINEA 3000,0,0,08/04/2026 12:46:46
13370200,08/04/2026 09:21:51,08/04/2026 09:46:46,rodriguezt,6419,00:04:36,00:24:55,276,1495,Fuera de Tiempo,5,14,0,00:20:38,1238,Excedido,"12006          ","SET DE 6 PIEZAS LINEA 12000                                           ",0,0,08/04/2026 12:46:46
13370200,08/04/2026 09:21:51,08/04/2026 09:46:46,rodriguezt,6419,00:04:36,00:24:55,276,1495,Fuera de Tiempo,5,14,0,00:20:38,1238,Excedido,"60-133         ",60-133 - LAVATORIO MONOCOMANDO LUGO,0,0,08/04/2026 12:46:46
13370200,08/04/2026 09:21:51,08/04/2026 09:46:46,rodriguezt,6419,00:04:36,00:24:55,276,1495,Fuera de Tiempo,3,14,0,00:20:38,1238,Excedido,"20-162         ",20-162 - MONOCOMANDO COCINA ADRA,0,0,08/04/2026 12:46:46
13370200,08/04/2026 09:21:51,08/04/2026 09:46:46,rodriguezt,6419,00:04:36,00:24:55,276,1495,Fuera de Tiempo,3,14,0,00:20:38,1238,Excedido,"61-203         ",61-203 - LAVATORIO MONOCOMANDO ALTO ADRA,0,0,08/04/2026 12:46:46
13370200,08/04/2026 09:21:51,08/04/2026 09:46:46,rodriguezt,6419,00:04:36,00:24:55,276,1495,Fuera de Tiempo,4,14,0,00:20:38,1238,Excedido,"BCH06          ",BCH06 - BACHA DE APOYAR CIRCULAR 415x135,0,0,08/04/2026 12:46:46
13370200,08/04/2026 09:21:51,08/04/2026 09:46:46,rodriguezt,6419,00:04:36,00:24:55,276,1495,Fuera de Tiempo,3,14,0,00:20:38,1238,Excedido,"BCH12          ",BCH12 - BACHA DE APOYAR BLANCA 460x320x140,0,0,08/04/2026 12:46:46
13370213,08/04/2026 09:22:24,08/04/2026 09:24:01,rodriguezt,6419,00:00:39,00:01:37,39,97,Fuera de Tiempo,1,1,0,23:35:38,-1462,Logico,"RA980          ",RA980 - 10 CONJ. PROLONGADOR LARGO (TORNILLO+TUBO) VOLANTE,0,0,08/04/2026 12:24:01
13370892,08/04/2026 09:48:08,08/04/2026 09:49:50,rodriguezt,6419,00:05:47,00:01:42,347,102,En Tiempo,1,18,0,00:01:22,82,Logico,"3010           ",3010 - TOALLERO BARRAL LINEA 3000,0,0,08/04/2026 12:49:50
13370892,08/04/2026 09:48:08,08/04/2026 09:49:50,rodriguezt,6419,00:05:47,00:01:42,347,102,En Tiempo,2,18,0,00:01:22,82,Logico,"20-174         ",20-174 - COCINA MESADA MONOC. COLORS BLACK,0,0,08/04/2026 12:49:50
13370892,08/04/2026 09:48:08,08/04/2026 09:49:50,rodriguezt,6419,00:05:47,00:01:42,347,102,En Tiempo,1,18,0,00:01:22,82,Logico,"20-140         ",20-140 - MONOCOMANDO DE COCINA LINEA CUINA,0,0,08/04/2026 12:49:50
13370892,08/04/2026 09:48:08,08/04/2026 09:49:50,rodriguezt,6419,00:05:47,00:01:42,347,102,En Tiempo,2,18,0,00:01:22,82,Logico,"20-190         ",20-190 - COCINA MESADA MONOC BLACK VELVET,0,0,08/04/2026 12:49:50
13370892,08/04/2026 09:48:08,08/04/2026 09:49:50,rodriguezt,6419,00:05:47,00:01:42,347,102,En Tiempo,4,18,0,00:01:22,82,Logico,"20-146N        ",20-146N - MONOCOMANDO DE COCINA BLACK LINEA MOVE,0,0,08/04/2026 12:49:50
13370892,08/04/2026 09:48:08,08/04/2026 09:49:50,rodriguezt,6419,00:05:47,00:01:42,347,102,En Tiempo,4,18,0,00:01:22,82,Logico,"20-146         ",20-146 - MONOCOMANDO DE COCINA CR LINEA MOVE,0,0,08/04/2026 12:49:50
13370892,08/04/2026 09:48:08,08/04/2026 09:49:50,rodriguezt,6419,00:05:47,00:01:42,347,102,En Tiempo,6,18,0,00:01:22,82,Logico,"20-134         ",20-134 - MONOCOMANDO COCINA BETIS,0,0,08/04/2026 12:49:50
13370892,08/04/2026 09:48:08,08/04/2026 09:49:50,rodriguezt,6419,00:05:47,00:01:42,347,102,En Tiempo,2,18,0,00:01:22,82,Logico,"BCH07          ",BCH07 - BACHA DE APOYAR OVALADA 400x330x150,0,0,08/04/2026 12:49:50
13370892,08/04/2026 09:48:08,08/04/2026 09:49:50,rodriguezt,6419,00:05:47,00:01:42,347,102,En Tiempo,2,18,0,00:01:22,82,Logico,"BCH01          ",BCH01 - BACHA DE APOYAR CIRCULAR 320x145,0,0,08/04/2026 12:49:50
13370892,08/04/2026 09:48:08,08/04/2026 09:49:50,rodriguezt,6419,00:05:47,00:01:42,347,102,En Tiempo,2,18,0,00:01:22,82,Logico,"BCH04/3        ",BCH04/3 - BACHA DE APOYAR CUADRADA 3 AG 420x420x125,0,0,08/04/2026 12:49:50
13370892,08/04/2026 09:48:08,08/04/2026 09:49:50,rodriguezt,6419,00:05:47,00:01:42,347,102,En Tiempo,2,18,0,00:01:22,82,Logico,"BCH02          ",BCH02 - BACHA DE APOYAR CIRCULAR 1 AG. 415x145,0,0,08/04/2026 12:49:50
13370892,08/04/2026 09:48:08,08/04/2026 09:49:50,rodriguezt,6419,00:05:47,00:01:42,347,102,En Tiempo,2,18,0,00:01:22,82,Logico,"BCH04/1        ",BCH04/1 - BACHA DE APOYAR CUADRADA 1 AG 420x420x125,0,0,08/04/2026 12:49:50
13370892,08/04/2026 09:48:08,08/04/2026 09:49:50,rodriguezt,6419,00:05:47,00:01:42,347,102,En Tiempo,2,18,0,00:01:22,82,Logico,"80-100G        ",80-100G - DUCHA EMB. C/TRANSF. GOLD C.CERAM FABRIC,0,0,08/04/2026 12:49:50
13370892,08/04/2026 09:48:08,08/04/2026 09:49:50,rodriguezt,6419,00:05:47,00:01:42,347,102,En Tiempo,2,18,0,00:01:22,82,Logico,"51-190         ",51-190 - MESADA BIMANDO C.CERAM BLACK VELVET,0,0,08/04/2026 12:49:50
13370892,08/04/2026 09:48:08,08/04/2026 09:49:50,rodriguezt,6419,00:05:47,00:01:42,347,102,En Tiempo,2,18,0,00:01:22,82,Logico,"80-190P        ",80-190P - DUCHA EMB. C/TRANSF. C.CERAM BLACK VELVET PLUS,0,0,08/04/2026 12:49:50
13370892,08/04/2026 09:48:08,08/04/2026 09:49:50,rodriguezt,6419,00:05:47,00:01:42,347,102,En Tiempo,1,18,0,00:01:22,82,Logico,"70-190         ",70-190 - BIDE C.CERAM BLACK VELVET,0,0,08/04/2026 12:49:50
13370892,08/04/2026 09:48:08,08/04/2026 09:49:50,rodriguezt,6419,00:05:47,00:01:42,347,102,En Tiempo,2,18,0,00:01:22,82,Logico,"51-122         ",51-122 - MESADA BIMANDO CR C.CERAM VALENCIA,0,0,08/04/2026 12:49:50
13370892,08/04/2026 09:48:08,08/04/2026 09:49:50,rodriguezt,6419,00:05:47,00:01:42,347,102,En Tiempo,3,18,0,00:01:22,82,Logico,"60-203         ",60-203 - LAVATORIO MONOCOMANDO BAJO ADRA,0,0,08/04/2026 12:49:50
13371142,08/04/2026 09:55:50,08/04/2026 09:57:03,rodriguezt,6419,00:01:58,00:01:13,118,73,En Tiempo,2,7,0,00:06:00,360,Excedido,"RU1072G        ",RU1072G - DUCHITA BIDET FABRIC GOLD,0,0,08/04/2026 12:57:03
13371142,08/04/2026 09:55:50,08/04/2026 09:57:03,rodriguezt,6419,00:01:58,00:01:13,118,73,En Tiempo,2,7,0,00:06:00,360,Excedido,"RU1072N        ",RU1072N - DUCHITA BIDET METALICA FABRIC BLACK,0,0,08/04/2026 12:57:03
13371142,08/04/2026 09:55:50,08/04/2026 09:57:03,rodriguezt,6419,00:01:58,00:01:13,118,73,En Tiempo,5,7,0,00:06:00,360,Excedido,"RA023G         ",RA023G - SOPAPA LAVATORIO / BIDE FABRIC GOLD,0,0,08/04/2026 12:57:03
13371142,08/04/2026 09:55:50,08/04/2026 09:57:03,rodriguezt,6419,00:01:58,00:01:13,118,73,En Tiempo,4,7,0,00:06:00,360,Excedido,"RA023N         ",RA023N - SOPAPA LAVATORIO / BIDE FABRIC BLACK,0,0,08/04/2026 12:57:03
13371142,08/04/2026 09:55:50,08/04/2026 09:57:03,rodriguezt,6419,00:01:58,00:01:13,118,73,En Tiempo,1,7,0,00:06:00,360,Excedido,"80-100G        ",80-100G - DUCHA EMB. C/TRANSF. GOLD C.CERAM FABRIC,0,0,08/04/2026 12:57:03
13371142,08/04/2026 09:55:50,08/04/2026 09:57:03,rodriguezt,6419,00:01:58,00:01:13,118,73,En Tiempo,1,7,0,00:06:00,360,Excedido,"70-200C        ",70-200C - BIDE MONOCOMANDO CR FABRIC,0,0,08/04/2026 12:57:03
13371142,08/04/2026 09:55:50,08/04/2026 09:57:03,rodriguezt,6419,00:01:58,00:01:13,118,73,En Tiempo,1,7,0,00:06:00,360,Excedido,"80-200C        ",80-200C - DUCHA EMB. MONOC. 3 FUNCIONES CR FABRIC,0,0,08/04/2026 12:57:03
13371288,08/04/2026 10:01:21,08/04/2026 10:01:27,rodriguezt,6419,00:00:44,00:00:06,44,6,En Tiempo,1,2,0,00:04:18,258,Logico,"80-200C        ",80-200C - DUCHA EMB. MONOC. 3 FUNCIONES CR FABRIC,0,0,08/04/2026 13:01:27
13371288,08/04/2026 10:01:21,08/04/2026 10:01:27,rodriguezt,6419,00:00:44,00:00:06,44,6,En Tiempo,1,2,0,00:04:18,258,Logico,"60-200C        ",60-200C - LAVATORIO MONOC BAJO CR FABRIC,0,0,08/04/2026 13:01:27
13371496,08/04/2026 10:08:41,08/04/2026 10:09:40,rodriguezt,6419,00:01:04,00:00:59,64,59,En Tiempo,40,1,0,00:07:14,434,Excedido,"30-121         ",30-121 - COCINA MSDA MONOC.P. CUADRADO MARBELLA,0,0,08/04/2026 13:09:40
13371694,08/04/2026 10:14:56,08/04/2026 10:15:52,rodriguezt,6419,00:01:21,00:00:56,81,56,En Tiempo,1,5,0,00:05:16,316,Logico,"20-146         ",20-146 - MONOCOMANDO DE COCINA CR LINEA MOVE,0,0,08/04/2026 13:15:52
13371694,08/04/2026 10:14:56,08/04/2026 10:15:52,rodriguezt,6419,00:01:21,00:00:56,81,56,En Tiempo,1,5,0,00:05:16,316,Logico,"20-182         ",20-182 - MONOCOMANDO DE COCINA MULTIFUNCION CR ZENITH,0,0,08/04/2026 13:15:52
13371694,08/04/2026 10:14:56,08/04/2026 10:15:52,rodriguezt,6419,00:01:21,00:00:56,81,56,En Tiempo,3,5,0,00:05:16,316,Logico,"61-152         ",61-152 - LAVATORIO MONOCOMANDO CROMO ALTO SORIA,0,0,08/04/2026 13:15:52
13371694,08/04/2026 10:14:56,08/04/2026 10:15:52,rodriguezt,6419,00:01:21,00:00:56,81,56,En Tiempo,2,5,0,00:05:16,316,Logico,"70-152         ",70-152 - BIDE MONOCOMANDO CR C/TRANSFERENCIA SORIA,0,0,08/04/2026 13:15:52
13371694,08/04/2026 10:14:56,08/04/2026 10:15:52,rodriguezt,6419,00:01:21,00:00:56,81,56,En Tiempo,1,5,0,00:05:16,316,Logico,"BAI01NI        ",BAI01NI - BACHA EMB COCINA C/ACCESORIOS 750x450x220 NICKEL BRUSHED,0,0,08/04/2026 13:15:52
13371734,08/04/2026 10:16:01,08/04/2026 10:16:58,rodriguezt,6419,00:01:17,00:00:57,77,57,En Tiempo,1,5,0,00:00:09,9,Logico,"INO104-1       ","INODORO BLANCO C/ASIENTO LINEA STONE                                  ",0,0,08/04/2026 13:16:58
13371734,08/04/2026 10:16:01,08/04/2026 10:16:58,rodriguezt,6419,00:01:17,00:00:57,77,57,En Tiempo,2,5,0,00:00:09,9,Logico,"30-132         ",30-132 - COCINA MESADA MONOC. C/DUCHADOR EXTENSIBLE VIGO,0,0,08/04/2026 13:16:58
13371734,08/04/2026 10:16:01,08/04/2026 10:16:58,rodriguezt,6419,00:01:17,00:00:57,77,57,En Tiempo,1,5,0,00:00:09,9,Logico,"70-153         ",70-153 - BIDE CR C.CERAM CASTILLA,0,0,08/04/2026 13:16:58
13371734,08/04/2026 10:16:01,08/04/2026 10:16:58,rodriguezt,6419,00:01:17,00:00:57,77,57,En Tiempo,1,5,0,00:00:09,9,Logico,"60-153         ",60-153 - LAVATORIO CR C.CERAMICO CASTILLA,0,0,08/04/2026 13:16:58
13371734,08/04/2026 10:16:01,08/04/2026 10:16:58,rodriguezt,6419,00:01:17,00:00:57,77,57,En Tiempo,2,5,0,00:00:09,9,Logico,"62-201NI       ",62-201NI - LAVATORIO DE PARED C.CERAM BEAT NICKEL,0,0,08/04/2026 13:16:58
13371911,08/04/2026 10:20:43,08/04/2026 10:20:58,rodriguezt,6419,00:01:10,00:00:15,70,15,En Tiempo,20,2,0,00:03:45,225,Logico,"61-180         ",61-180 - LAVATORIO MONOCOMANDO ALTO VERA,0,0,08/04/2026 13:20:58
13371911,08/04/2026 10:20:43,08/04/2026 10:20:58,rodriguezt,6419,00:01:10,00:00:15,70,15,En Tiempo,15,2,0,00:03:45,225,Logico,"70-180         ",70-180 - BIDE MONOCOMANDO C/TRANSF. VERA,0,0,08/04/2026 13:20:58
13372073,08/04/2026 10:26:10,08/04/2026 10:27:56,gsoderquvist,6415,00:01:28,00:01:46,88,106,Fuera de Tiempo,46,2,0,00:48:54,2934,Excedido,"20-146         ",20-146 - MONOCOMANDO DE COCINA CR LINEA MOVE,0,0,08/04/2026 13:27:56
13372073,08/04/2026 10:26:10,08/04/2026 10:27:56,gsoderquvist,6415,00:01:28,00:01:46,88,106,Fuera de Tiempo,8,2,0,00:48:54,2934,Excedido,"60-169N        ",60-169N - LAVATORIO MONOC BAJO BLACK PARIS,0,0,08/04/2026 13:27:56
13372330,08/04/2026 10:33:40,08/04/2026 10:34:55,rodriguezt,6419,00:00:55,00:01:15,55,75,Fuera de Tiempo,3,3,0,00:12:42,762,Excedido,"61-203N        ","LAVATORIO MONOCOMANDO ALTO ADRA BLACK                                 ",0,0,08/04/2026 13:34:55
13372330,08/04/2026 10:33:40,08/04/2026 10:34:55,rodriguezt,6419,00:00:55,00:01:15,55,75,Fuera de Tiempo,1,3,0,00:12:42,762,Excedido,"30-132         ",30-132 - COCINA MESADA MONOC. C/DUCHADOR EXTENSIBLE VIGO,0,0,08/04/2026 13:34:55
13372330,08/04/2026 10:33:40,08/04/2026 10:34:55,rodriguezt,6419,00:00:55,00:01:15,55,75,Fuera de Tiempo,5,3,0,00:12:42,762,Excedido,"20-140N        ",20-140N - MONOCOMANDO DE COCINA LINEA CUINA BLACK,0,0,08/04/2026 13:34:55
13372889,08/04/2026 10:53:02,08/04/2026 11:00:49,gsoderquvist,6415,00:07:31,00:07:47,451,467,Fuera de Tiempo,2,24,0,00:25:06,1506,Excedido,"11060          ","PORTA VASO Y CEPILLO LINEA 11000                                      ",0,0,08/04/2026 14:00:49
13372889,08/04/2026 10:53:02,08/04/2026 11:00:49,gsoderquvist,6415,00:07:31,00:07:47,451,467,Fuera de Tiempo,2,24,0,00:25:06,1506,Excedido,"16060BL        ",16060BL - PORTA VASO Y CEPILLO LINEA 16000 BLACK,0,0,08/04/2026 14:00:49
13372889,08/04/2026 10:53:02,08/04/2026 11:00:49,gsoderquvist,6415,00:07:31,00:07:47,451,467,Fuera de Tiempo,1,24,0,00:25:06,1506,Excedido,"20-150         ",20-150 - MONOCOMANDO MESADA COCINA TOLEDO,0,0,08/04/2026 14:00:49
13372889,08/04/2026 10:53:02,08/04/2026 11:00:49,gsoderquvist,6415,00:07:31,00:07:47,451,467,Fuera de Tiempo,1,24,0,00:25:06,1506,Excedido,"10005BL        ","SET DE 5 PIEZAS LINEA 10000 BLACK                                     ",0,0,08/04/2026 14:00:49
13372889,08/04/2026 10:53:02,08/04/2026 11:00:49,gsoderquvist,6415,00:07:31,00:07:47,451,467,Fuera de Tiempo,1,24,0,00:25:06,1506,Excedido,"22-178N        ",22-178N - MONOCOMANDO DE COCINA P/AGUA FILTRADA VITA BLACK,0,0,08/04/2026 14:00:49
13372889,08/04/2026 10:53:02,08/04/2026 11:00:49,gsoderquvist,6415,00:07:31,00:07:47,451,467,Fuera de Tiempo,2,24,0,00:25:06,1506,Excedido,"17050G         ",17050G - JABONERA  LINEA FABRIC GOLD,0,0,08/04/2026 14:00:49
13372889,08/04/2026 10:53:02,08/04/2026 11:00:49,gsoderquvist,6415,00:07:31,00:07:47,451,467,Fuera de Tiempo,2,24,0,00:25:06,1506,Excedido,"80-203         ",80-203 - DUCHA EMB C/TRANSF. MONOCOMANDO ADRA,0,0,08/04/2026 14:00:49
13372889,08/04/2026 10:53:02,08/04/2026 11:00:49,gsoderquvist,6415,00:07:31,00:07:47,451,467,Fuera de Tiempo,3,24,0,00:25:06,1506,Excedido,"17040G         ",17040G - PORTA ROLLO LINEA FABRIC GOLD,0,0,08/04/2026 14:00:49
13372889,08/04/2026 10:53:02,08/04/2026 11:00:49,gsoderquvist,6415,00:07:31,00:07:47,451,467,Fuera de Tiempo,2,24,0,00:25:06,1506,Excedido,"70-203         ",70-203 - BIDE MONOCOMANDO ADRA,0,0,08/04/2026 14:00:49
13372889,08/04/2026 10:53:02,08/04/2026 11:00:49,gsoderquvist,6415,00:07:31,00:07:47,451,467,Fuera de Tiempo,2,24,0,00:25:06,1506,Excedido,"17050N         ",17050N - JABONERA  LINEA FABRIC BLACK,0,0,08/04/2026 14:00:49
13372889,08/04/2026 10:53:02,08/04/2026 11:00:49,gsoderquvist,6415,00:07:31,00:07:47,451,467,Fuera de Tiempo,2,24,0,00:25:06,1506,Excedido,"17060N         ",17060N - PORTA VASO Y CEPILLO  LINEA FABRIC BLACK,0,0,08/04/2026 14:00:49
13372889,08/04/2026 10:53:02,08/04/2026 11:00:49,gsoderquvist,6415,00:07:31,00:07:47,451,467,Fuera de Tiempo,3,24,0,00:25:06,1506,Excedido,"914/CR         ",914/CR - JGO.MDA.P.CAÑO CR ARES,0,0,08/04/2026 14:00:49
13372889,08/04/2026 10:53:02,08/04/2026 11:00:49,gsoderquvist,6415,00:07:31,00:07:47,451,467,Fuera de Tiempo,8,24,0,00:25:06,1506,Excedido,"814/CR         ",814/CR - MESADA P.FUNDIDO CR/CR ARES,0,0,08/04/2026 14:00:49
13372889,08/04/2026 10:53:02,08/04/2026 11:00:49,gsoderquvist,6415,00:07:31,00:07:47,451,467,Fuera de Tiempo,2,24,0,00:25:06,1506,Excedido,"20-131         ",20-131 - MONOCOMANDO COCINA MALLORCA,0,0,08/04/2026 14:00:49
13372889,08/04/2026 10:53:02,08/04/2026 11:00:49,gsoderquvist,6415,00:07:31,00:07:47,451,467,Fuera de Tiempo,2,24,0,00:25:06,1506,Excedido,"80-100G        ",80-100G - DUCHA EMB. C/TRANSF. GOLD C.CERAM FABRIC,0,0,08/04/2026 14:00:49
13372889,08/04/2026 10:53:02,08/04/2026 11:00:49,gsoderquvist,6415,00:07:31,00:07:47,451,467,Fuera de Tiempo,2,24,0,00:25:06,1506,Excedido,"51-131         ",51-131 - MESADA BIMANDO CR C.CERAM MALLORCA,0,0,08/04/2026 14:00:49
13372889,08/04/2026 10:53:02,08/04/2026 11:00:49,gsoderquvist,6415,00:07:31,00:07:47,451,467,Fuera de Tiempo,2,24,0,00:25:06,1506,Excedido,"60-100G        ",60-100G - LAVATORIO GOLD C.CERAM FABRIC,0,0,08/04/2026 14:00:49
13372889,08/04/2026 10:53:02,08/04/2026 11:00:49,gsoderquvist,6415,00:07:31,00:07:47,451,467,Fuera de Tiempo,2,24,0,00:25:06,1506,Excedido,"62-100C        ",62-100C - LAVATORIO DE PARED CR C.CERAM FABRIC,0,0,08/04/2026 14:00:49
13372889,08/04/2026 10:53:02,08/04/2026 11:00:49,gsoderquvist,6415,00:07:31,00:07:47,451,467,Fuera de Tiempo,2,24,0,00:25:06,1506,Excedido,"70-100G        ",70-100G - BIDE GOLD C.CERAM FABRIC,0,0,08/04/2026 14:00:49
13372889,08/04/2026 10:53:02,08/04/2026 11:00:49,gsoderquvist,6415,00:07:31,00:07:47,451,467,Fuera de Tiempo,2,24,0,00:25:06,1506,Excedido,"51-190         ",51-190 - MESADA BIMANDO C.CERAM BLACK VELVET,0,0,08/04/2026 14:00:49
13372889,08/04/2026 10:53:02,08/04/2026 11:00:49,gsoderquvist,6415,00:07:31,00:07:47,451,467,Fuera de Tiempo,2,24,0,00:25:06,1506,Excedido,"51-122         ",51-122 - MESADA BIMANDO CR C.CERAM VALENCIA,0,0,08/04/2026 14:00:49
13372889,08/04/2026 10:53:02,08/04/2026 11:00:49,gsoderquvist,6415,00:07:31,00:07:47,451,467,Fuera de Tiempo,1,24,0,00:25:06,1506,Excedido,"80-122         ",80-122 - DUCHA EMB.C/TRANSF. C.CERAM CR VALENCIA,0,0,08/04/2026 14:00:49
13372889,08/04/2026 10:53:02,08/04/2026 11:00:49,gsoderquvist,6415,00:07:31,00:07:47,451,467,Fuera de Tiempo,1,24,0,00:25:06,1506,Excedido,"70-162         ",70-162 - BIDE CR C.CERAM LINEA ADRA,0,0,08/04/2026 14:00:49
13372889,08/04/2026 10:53:02,08/04/2026 11:00:49,gsoderquvist,6415,00:07:31,00:07:47,451,467,Fuera de Tiempo,2,24,0,00:25:06,1506,Excedido,"60-162         ",60-162 - LAVATORIO CR C.CERAM LINEA ADRA,0,0,08/04/2026 14:00:49
13372930,08/04/2026 10:54:37,08/04/2026 10:55:59,rodriguezt,6419,00:02:33,00:01:22,153,82,En Tiempo,10,7,0,00:19:42,1182,Excedido,"60-057         ",60-057 - LAVATORIO C.STD VERIN PLUS,0,0,08/04/2026 13:55:59
13372930,08/04/2026 10:54:37,08/04/2026 10:55:59,rodriguezt,6419,00:02:33,00:01:22,153,82,En Tiempo,10,7,0,00:19:42,1182,Excedido,"60-162         ",60-162 - LAVATORIO CR C.CERAM LINEA ADRA,0,0,08/04/2026 13:55:59
13372930,08/04/2026 10:54:37,08/04/2026 10:55:59,rodriguezt,6419,00:02:33,00:01:22,153,82,En Tiempo,5,7,0,00:19:42,1182,Excedido,"814/CR         ",814/CR - MESADA P.FUNDIDO CR/CR ARES,0,0,08/04/2026 13:55:59
13372930,08/04/2026 10:54:37,08/04/2026 10:55:59,rodriguezt,6419,00:02:33,00:01:22,153,82,En Tiempo,3,7,0,00:19:42,1182,Excedido,"51-131         ",51-131 - MESADA BIMANDO CR C.CERAM MALLORCA,0,0,08/04/2026 13:55:59
13372930,08/04/2026 10:54:37,08/04/2026 10:55:59,rodriguezt,6419,00:02:33,00:01:22,153,82,En Tiempo,3,7,0,00:19:42,1182,Excedido,"60-100G        ",60-100G - LAVATORIO GOLD C.CERAM FABRIC,0,0,08/04/2026 13:55:59
13372930,08/04/2026 10:54:37,08/04/2026 10:55:59,rodriguezt,6419,00:02:33,00:01:22,153,82,En Tiempo,3,7,0,00:19:42,1182,Excedido,"51-122         ",51-122 - MESADA BIMANDO CR C.CERAM VALENCIA,0,0,08/04/2026 13:55:59
13372930,08/04/2026 10:54:37,08/04/2026 10:55:59,rodriguezt,6419,00:02:33,00:01:22,153,82,En Tiempo,10,7,0,00:19:42,1182,Excedido,"51-057         ",51-057 - COCINA MESADA CR C.STD VERIN PLUS,0,0,08/04/2026 13:55:59
13372974,08/04/2026 10:56:37,08/04/2026 11:04:23,rodriguezt,6419,00:01:03,00:07:46,63,466,Fuera de Tiempo,36,1,0,00:00:38,38,Logico,"61-203         ",61-203 - LAVATORIO MONOCOMANDO ALTO ADRA,0,0,08/04/2026 14:04:23
13373320,08/04/2026 11:09:09,08/04/2026 11:16:26,rodriguezt,6419,00:06:02,00:07:17,362,437,Fuera de Tiempo,10,18,0,00:04:46,286,Logico,"12006          ","SET DE 6 PIEZAS LINEA 12000                                           ",0,0,08/04/2026 14:16:26
13373320,08/04/2026 11:09:09,08/04/2026 11:16:26,rodriguezt,6419,00:06:02,00:07:17,362,437,Fuera de Tiempo,2,18,0,00:04:46,286,Logico,"17030G         ",17030G - PERCHA LINEA FABRIC GOLD,0,0,08/04/2026 14:16:26
13373320,08/04/2026 11:09:09,08/04/2026 11:16:26,rodriguezt,6419,00:06:02,00:07:17,362,437,Fuera de Tiempo,1,18,0,00:04:46,286,Logico,"20-146N        ",20-146N - MONOCOMANDO DE COCINA BLACK LINEA MOVE,0,0,08/04/2026 14:16:26
13373320,08/04/2026 11:09:09,08/04/2026 11:16:26,rodriguezt,6419,00:06:02,00:07:17,362,437,Fuera de Tiempo,10,18,0,00:04:46,286,Logico,"20-147         ",20-147 - MONOCOMANDO DE COCINA SWIFT,0,0,08/04/2026 14:16:26
13373320,08/04/2026 11:09:09,08/04/2026 11:16:26,rodriguezt,6419,00:06:02,00:07:17,362,437,Fuera de Tiempo,5,18,0,00:04:46,286,Logico,"20-150         ",20-150 - MONOCOMANDO MESADA COCINA TOLEDO,0,0,08/04/2026 14:16:26
13373320,08/04/2026 11:09:09,08/04/2026 11:16:26,rodriguezt,6419,00:06:02,00:07:17,362,437,Fuera de Tiempo,2,18,0,00:04:46,286,Logico,"52-121         ",52-121 - GRIFERIA REBATIBLE P/LLENADO DE OLLAS MARBELLA,0,0,08/04/2026 14:16:26
13373320,08/04/2026 11:09:09,08/04/2026 11:16:26,rodriguezt,6419,00:06:02,00:07:17,362,437,Fuera de Tiempo,2,18,0,00:04:46,286,Logico,"60-168         ",60-168 - LAVATORIO MONOC BAJO CR WAVE,0,0,08/04/2026 14:16:26
13373320,08/04/2026 11:09:09,08/04/2026 11:16:26,rodriguezt,6419,00:06:02,00:07:17,362,437,Fuera de Tiempo,2,18,0,00:04:46,286,Logico,"20-121         ",20-121 - COCINA MSDA MONOC.P. REDONDO MARBELLA,0,0,08/04/2026 14:16:26
13373320,08/04/2026 11:09:09,08/04/2026 11:16:26,rodriguezt,6419,00:06:02,00:07:17,362,437,Fuera de Tiempo,1,18,0,00:04:46,286,Logico,"84-203         ","DUCHA EXT C/COLUMNA Y TRANSF CR ADRA                                  ",0,0,08/04/2026 14:16:26
13373320,08/04/2026 11:09:09,08/04/2026 11:16:26,rodriguezt,6419,00:06:02,00:07:17,362,437,Fuera de Tiempo,1,18,0,00:04:46,286,Logico,"20-190         ",20-190 - COCINA MESADA MONOC BLACK VELVET,0,0,08/04/2026 14:16:26
13373320,08/04/2026 11:09:09,08/04/2026 11:16:26,rodriguezt,6419,00:06:02,00:07:17,362,437,Fuera de Tiempo,4,18,0,00:04:46,286,Logico,"51-057         ",51-057 - COCINA MESADA CR C.STD VERIN PLUS,0,0,08/04/2026 14:16:26
13373320,08/04/2026 11:09:09,08/04/2026 11:16:26,rodriguezt,6419,00:06:02,00:07:17,362,437,Fuera de Tiempo,1,18,0,00:04:46,286,Logico,"80-168         ",80-168 - DUCHA EMB C/TRANSF MONOC CR WAVE,0,0,08/04/2026 14:16:26
13373320,08/04/2026 11:09:09,08/04/2026 11:16:26,rodriguezt,6419,00:06:02,00:07:17,362,437,Fuera de Tiempo,1,18,0,00:04:46,286,Logico,"80-153         ",80-153 - DUCHA EMB. C/TRANSF. CR C.CERAM CASTILLA,0,0,08/04/2026 14:16:26
13373320,08/04/2026 11:09:09,08/04/2026 11:16:26,rodriguezt,6419,00:06:02,00:07:17,362,437,Fuera de Tiempo,2,18,0,00:04:46,286,Logico,"62-100C        ",62-100C - LAVATORIO DE PARED CR C.CERAM FABRIC,0,0,08/04/2026 14:16:26
13373320,08/04/2026 11:09:09,08/04/2026 11:16:26,rodriguezt,6419,00:06:02,00:07:17,362,437,Fuera de Tiempo,5,18,0,00:04:46,286,Logico,"910/M          ","910/M - JGO.MDA.P.CANO CROMO ""DIQUE""",0,0,08/04/2026 14:16:26
13373320,08/04/2026 11:09:09,08/04/2026 11:16:26,rodriguezt,6419,00:06:02,00:07:17,362,437,Fuera de Tiempo,3,18,0,00:04:46,286,Logico,"70-057         ",70-057 - BIDE C.STD VERIN PLUS,0,0,08/04/2026 14:16:26
13373320,08/04/2026 11:09:09,08/04/2026 11:16:26,rodriguezt,6419,00:06:02,00:07:17,362,437,Fuera de Tiempo,2,18,0,00:04:46,286,Logico,"80-057         ",80-057 - DUCHA EMB. C/TRANSF. C.STD VERIN PLUS,0,0,08/04/2026 14:16:26
13373320,08/04/2026 11:09:09,08/04/2026 11:16:26,rodriguezt,6419,00:06:02,00:07:17,362,437,Fuera de Tiempo,3,18,0,00:04:46,286,Logico,"60-057         ",60-057 - LAVATORIO C.STD VERIN PLUS,0,0,08/04/2026 14:16:26
13373553,08/04/2026 11:16:40,08/04/2026 11:24:13,rodriguezt,6419,00:03:58,00:07:33,238,453,Fuera de Tiempo,11,16,0,00:00:14,14,Logico,"BCH05          ",BCH05 - BACHA DE APOYAR CUADRADA 370x370x130,0,0,08/04/2026 14:24:13
13373553,08/04/2026 11:16:40,08/04/2026 11:24:13,rodriguezt,6419,00:03:58,00:07:33,238,453,Fuera de Tiempo,2,16,0,00:00:14,14,Logico,"BCH19          ","BACHA DE APOYAR BLANCA 365x235x120                                    ",0,0,08/04/2026 14:24:13
13373553,08/04/2026 11:16:40,08/04/2026 11:24:13,rodriguezt,6419,00:03:58,00:07:33,238,453,Fuera de Tiempo,1,16,0,00:00:14,14,Logico,"BAI01N         ",BAI01N - BACHA EMB COCINA C/ACCESORIOS 750x450x220 BLACK GUN BRUSHED,0,0,08/04/2026 14:24:13
13373553,08/04/2026 11:16:40,08/04/2026 11:24:13,rodriguezt,6419,00:03:58,00:07:33,238,453,Fuera de Tiempo,2,16,0,00:00:14,14,Logico,"70-191         ",70-191 - BIDE C.CERAM LINEA PRADO,0,0,08/04/2026 14:24:13
13373553,08/04/2026 11:16:40,08/04/2026 11:24:13,rodriguezt,6419,00:03:58,00:07:33,238,453,Fuera de Tiempo,1,16,0,00:00:14,14,Logico,"62-191         ",62-191 - LAVATORIO PARED EMB. C.CERAM PRADO,0,0,08/04/2026 14:24:13
13373553,08/04/2026 11:16:40,08/04/2026 11:24:13,rodriguezt,6419,00:03:58,00:07:33,238,453,Fuera de Tiempo,2,16,0,00:00:14,14,Logico,"80-191         ",80-191 - DUCHA EMB. C/TRANSF. C.CERAM PRADO,0,0,08/04/2026 14:24:13
13373553,08/04/2026 11:16:40,08/04/2026 11:24:13,rodriguezt,6419,00:03:58,00:07:33,238,453,Fuera de Tiempo,1,16,0,00:00:14,14,Logico,"60-191         ",60-191 - LAVATORIO C.CERAM LINEA PRADO,0,0,08/04/2026 14:24:13
13373553,08/04/2026 11:16:40,08/04/2026 11:24:13,rodriguezt,6419,00:03:58,00:07:33,238,453,Fuera de Tiempo,1,16,0,00:00:14,14,Logico,"62-201NI       ",62-201NI - LAVATORIO DE PARED C.CERAM BEAT NICKEL,0,0,08/04/2026 14:24:13
13373553,08/04/2026 11:16:40,08/04/2026 11:24:13,rodriguezt,6419,00:03:58,00:07:33,238,453,Fuera de Tiempo,1,16,0,00:00:14,14,Logico,"70-201NI       ",70-201NI - BIDE CR C.CERAM BEAT NICKEL,0,0,08/04/2026 14:24:13
13373553,08/04/2026 11:16:40,08/04/2026 11:24:13,rodriguezt,6419,00:03:58,00:07:33,238,453,Fuera de Tiempo,1,16,0,00:00:14,14,Logico,"60-201NI       ",60-201NI - LAVATORIO C.CERAM BEAT NICKEL,0,0,08/04/2026 14:24:13
13373553,08/04/2026 11:16:40,08/04/2026 11:24:13,rodriguezt,6419,00:03:58,00:07:33,238,453,Fuera de Tiempo,2,16,0,00:00:14,14,Logico,"80-201NI       ",80-201NI - DUCHA EMB C/TRANSF C.CERAM BEAT NICKEL,0,0,08/04/2026 14:24:13
13373553,08/04/2026 11:16:40,08/04/2026 11:24:13,rodriguezt,6419,00:03:58,00:07:33,238,453,Fuera de Tiempo,1,16,0,00:00:14,14,Logico,"85-168         ",85-168 - DUCHA MONOC C/TRANSF Y DUCHADOR CR WAVE,0,0,08/04/2026 14:24:13
13373553,08/04/2026 11:16:40,08/04/2026 11:24:13,rodriguezt,6419,00:03:58,00:07:33,238,453,Fuera de Tiempo,1,16,0,00:00:14,14,Logico,"20-150         ",20-150 - MONOCOMANDO MESADA COCINA TOLEDO,0,0,08/04/2026 14:24:13
13373553,08/04/2026 11:16:40,08/04/2026 11:24:13,rodriguezt,6419,00:03:58,00:07:33,238,453,Fuera de Tiempo,1,16,0,00:00:14,14,Logico,"10040CR        ","PORTA ROLLO LINEA 10000 MINIMALISTA                                   ",0,0,08/04/2026 14:24:13
13373553,08/04/2026 11:16:40,08/04/2026 11:24:13,rodriguezt,6419,00:03:58,00:07:33,238,453,Fuera de Tiempo,1,16,0,00:00:14,14,Logico,"10010CR        ","TOALLERO BARRAL LINEA 10000 MINIMALISTA                               ",0,0,08/04/2026 14:24:13
13373553,08/04/2026 11:16:40,08/04/2026 11:24:13,rodriguezt,6419,00:03:58,00:07:33,238,453,Fuera de Tiempo,1,16,0,00:00:14,14,Logico,"20-140N        ",20-140N - MONOCOMANDO DE COCINA LINEA CUINA BLACK,0,0,08/04/2026 14:24:13
13376116,08/04/2026 12:53:21,08/04/2026 12:57:06,gsoderquvist,6415,00:09:42,00:03:45,582,225,En Tiempo,1,45,0,01:52:32,6752,Excedido,"BCH19          ","BACHA DE APOYAR BLANCA 365x235x120                                    ",0,0,08/04/2026 15:57:06
13376116,08/04/2026 12:53:21,08/04/2026 12:57:06,gsoderquvist,6415,00:09:42,00:03:45,582,225,En Tiempo,1,45,0,01:52:32,6752,Excedido,"80-200G        ",80-200G - DUCHA EMB. MONOC. 3 FUNCIONES GOLD FABRIC,0,0,08/04/2026 15:57:06
13376116,08/04/2026 12:53:21,08/04/2026 12:57:06,gsoderquvist,6415,00:09:42,00:03:45,582,225,En Tiempo,1,45,0,01:52:32,6752,Excedido,"80-168N        ",80-168N - DUCHA EMB C/TRANSF MONOC BLACK WAVE,0,0,08/04/2026 15:57:06
13376116,08/04/2026 12:53:21,08/04/2026 12:57:06,gsoderquvist,6415,00:09:42,00:03:45,582,225,En Tiempo,1,45,0,01:52:32,6752,Excedido,"80-200N        ",80-200N - DUCHA EMB. MONOC. 3 FUNCIONES BLACK FABRIC,0,0,08/04/2026 15:57:06
13376116,08/04/2026 12:53:21,08/04/2026 12:57:06,gsoderquvist,6415,00:09:42,00:03:45,582,225,En Tiempo,1,45,0,01:52:32,6752,Excedido,"80-168         ",80-168 - DUCHA EMB C/TRANSF MONOC CR WAVE,0,0,08/04/2026 15:57:06
13376116,08/04/2026 12:53:21,08/04/2026 12:57:06,gsoderquvist,6415,00:09:42,00:03:45,582,225,En Tiempo,1,45,0,01:52:32,6752,Excedido,"214/CR         ",214/CR - LAVATORIO CR/CR ARES,0,0,08/04/2026 15:57:06
13376116,08/04/2026 12:53:21,08/04/2026 12:57:06,gsoderquvist,6415,00:09:42,00:03:45,582,225,En Tiempo,1,45,0,01:52:32,6752,Excedido,"70-135         ",70-135 - BIDE C.CERAM SANTANDER,0,0,08/04/2026 15:57:06
13376116,08/04/2026 12:53:21,08/04/2026 12:57:06,gsoderquvist,6415,00:09:42,00:03:45,582,225,En Tiempo,1,45,0,01:52:32,6752,Excedido,"60-135         ",60-135 - LAVATORIO C.CERAM SANTANDER,0,0,08/04/2026 15:57:06
13376116,08/04/2026 12:53:21,08/04/2026 12:57:06,gsoderquvist,6415,00:09:42,00:03:45,582,225,En Tiempo,1,45,0,01:52:32,6752,Excedido,"70-045         ",70-045 - BIDE CROMO C.STD CRUZ,0,0,08/04/2026 15:57:06
13376116,08/04/2026 12:53:21,08/04/2026 12:57:06,gsoderquvist,6415,00:09:42,00:03:45,582,225,En Tiempo,2,45,0,01:52:32,6752,Excedido,"62-100G        ",62-100G - LAVATORIO DE PARED GOLD C.CERAM FABRIC,0,0,08/04/2026 15:57:06
13376116,08/04/2026 12:53:21,08/04/2026 12:57:06,gsoderquvist,6415,00:09:42,00:03:45,582,225,En Tiempo,2,45,0,01:52:32,6752,Excedido,"60-100N        ",60-100N - LAVATORIO BLACK C.CERAM FABRIC,0,0,08/04/2026 15:57:06
13376116,08/04/2026 12:53:21,08/04/2026 12:57:06,gsoderquvist,6415,00:09:42,00:03:45,582,225,En Tiempo,1,45,0,01:52:32,6752,Excedido,"60-100G        ",60-100G - LAVATORIO GOLD C.CERAM FABRIC,0,0,08/04/2026 15:57:06
13376116,08/04/2026 12:53:21,08/04/2026 12:57:06,gsoderquvist,6415,00:09:42,00:03:45,582,225,En Tiempo,1,45,0,01:52:32,6752,Excedido,"62-100C        ",62-100C - LAVATORIO DE PARED CR C.CERAM FABRIC,0,0,08/04/2026 15:57:06
13376116,08/04/2026 12:53:21,08/04/2026 12:57:06,gsoderquvist,6415,00:09:42,00:03:45,582,225,En Tiempo,4,45,0,01:52:32,6752,Excedido,"60-122         ",60-122 - LAVATORIO C.CERAM CR VALENCIA,0,0,08/04/2026 15:57:06
13376116,08/04/2026 12:53:21,08/04/2026 12:57:06,gsoderquvist,6415,00:09:42,00:03:45,582,225,En Tiempo,5,45,0,01:52:32,6752,Excedido,"70-122         ",70-122 - BIDE C.CERAM CR VALENCIA,0,0,08/04/2026 15:57:06
13376116,08/04/2026 12:53:21,08/04/2026 12:57:06,gsoderquvist,6415,00:09:42,00:03:45,582,225,En Tiempo,1,45,0,01:52:32,6752,Excedido,"80-353NI       ",80-353NI - DUCHA DE EMB 3 FUNCIONES BEAT NICKEL,0,0,08/04/2026 15:57:06
13376116,08/04/2026 12:53:21,08/04/2026 12:57:06,gsoderquvist,6415,00:09:42,00:03:45,582,225,En Tiempo,1,45,0,01:52:32,6752,Excedido,"83-122         ",83-122 - DUCHA EXT. C/TRANSF. C.CERAM CR VALENCIA,0,0,08/04/2026 15:57:06
13376116,08/04/2026 12:53:21,08/04/2026 12:57:06,gsoderquvist,6415,00:09:42,00:03:45,582,225,En Tiempo,1,45,0,01:52:32,6752,Excedido,"203            ","203 - LAVATORIO CROMO ""DIQUE""",0,0,08/04/2026 15:57:06
13376116,08/04/2026 12:53:21,08/04/2026 12:57:06,gsoderquvist,6415,00:09:42,00:03:45,582,225,En Tiempo,1,45,0,01:52:32,6752,Excedido,"303            ","303 - BIDET CROMO ""DIQUE""",0,0,08/04/2026 15:57:06
13376116,08/04/2026 12:53:21,08/04/2026 12:57:06,gsoderquvist,6415,00:09:42,00:03:45,582,225,En Tiempo,1,45,0,01:52:32,6752,Excedido,"423            ","423 - DUCHA EMB. C/TRANSF.CR ""DIQUE""",0,0,08/04/2026 15:57:06
13376116,08/04/2026 12:53:21,08/04/2026 12:57:06,gsoderquvist,6415,00:09:42,00:03:45,582,225,En Tiempo,5,45,0,01:52:32,6752,Excedido,"60-162         ",60-162 - LAVATORIO CR C.CERAM LINEA ADRA,0,0,08/04/2026 15:57:06
13376116,08/04/2026 12:53:21,08/04/2026 12:57:06,gsoderquvist,6415,00:09:42,00:03:45,582,225,En Tiempo,2,45,0,01:52:32,6752,Excedido,"80-138         ",80-138 - DUCHA EMB. C/TRANSF. CR C.CERAM VALENCIA PLUS,0,0,08/04/2026 15:57:06
13376116,08/04/2026 12:53:21,08/04/2026 12:57:06,gsoderquvist,6415,00:09:42,00:03:45,582,225,En Tiempo,8,45,0,01:52:32,6752,Excedido,"20-160         ",20-160 - MONOCOMANDO MESADA COCINA DIQUE,0,0,08/04/2026 15:57:06
13376116,08/04/2026 12:53:21,08/04/2026 12:57:06,gsoderquvist,6415,00:09:42,00:03:45,582,225,En Tiempo,1,45,0,01:52:32,6752,Excedido,"22-178         ",22-178 - MONOCOMANDO DE COCINA P/AGUA FILTRADA VITA,0,0,08/04/2026 15:57:06
13376116,08/04/2026 12:53:21,08/04/2026 12:57:06,gsoderquvist,6415,00:09:42,00:03:45,582,225,En Tiempo,4,45,0,01:52:32,6752,Excedido,"05-010         ","LAVATORIO BAJO TEMPORIZADO TECNO                                      ",0,0,08/04/2026 15:57:06
13376116,08/04/2026 12:53:21,08/04/2026 12:57:06,gsoderquvist,6415,00:09:42,00:03:45,582,225,En Tiempo,2,45,0,01:52:32,6752,Excedido,"61-176N        ",61-176N - LAVATORIO MONOC ALTO BLACK RIO,0,0,08/04/2026 15:57:06
13376116,08/04/2026 12:53:21,08/04/2026 12:57:06,gsoderquvist,6415,00:09:42,00:03:45,582,225,En Tiempo,1,45,0,01:52:32,6752,Excedido,"60-180         ",60-180 - LAVATORIO MONOCOMANDO BAJO VERA,0,0,08/04/2026 15:57:06
13376116,08/04/2026 12:53:21,08/04/2026 12:57:06,gsoderquvist,6415,00:09:42,00:03:45,582,225,En Tiempo,1,45,0,01:52:32,6752,Excedido,"70-180         ",70-180 - BIDE MONOCOMANDO C/TRANSF. VERA,0,0,08/04/2026 15:57:06
13376116,08/04/2026 12:53:21,08/04/2026 12:57:06,gsoderquvist,6415,00:09:42,00:03:45,582,225,En Tiempo,1,45,0,01:52:32,6752,Excedido,"61-168         ",61-168 - LAVATORIO MONOC ALTO CR WAVE,0,0,08/04/2026 15:57:06
13376116,08/04/2026 12:53:21,08/04/2026 12:57:06,gsoderquvist,6415,00:09:42,00:03:45,582,225,En Tiempo,1,45,0,01:52:32,6752,Excedido,"61-200C        ",61-200C - LAVATORIO MONOC ALTO CR FABRIC,0,0,08/04/2026 15:57:06
13376116,08/04/2026 12:53:21,08/04/2026 12:57:06,gsoderquvist,6415,00:09:42,00:03:45,582,225,En Tiempo,1,45,0,01:52:32,6752,Excedido,"60-200C        ",60-200C - LAVATORIO MONOC BAJO CR FABRIC,0,0,08/04/2026 15:57:06
13376116,08/04/2026 12:53:21,08/04/2026 12:57:06,gsoderquvist,6415,00:09:42,00:03:45,582,225,En Tiempo,1,45,0,01:52:32,6752,Excedido,"80-203N        ","DUCHA EMB C/TRANSF. MONOCOMANDO ADRA BLACK PLUS                       ",0,0,08/04/2026 15:57:06
13376116,08/04/2026 12:53:21,08/04/2026 12:57:06,gsoderquvist,6415,00:09:42,00:03:45,582,225,En Tiempo,1,45,0,01:52:32,6752,Excedido,"60-200N        ",60-200N - LAVATORIO MONOC BAJO BLACK FABRIC,0,0,08/04/2026 15:57:06
13376116,08/04/2026 12:53:21,08/04/2026 12:57:06,gsoderquvist,6415,00:09:42,00:03:45,582,225,En Tiempo,1,45,0,01:52:32,6752,Excedido,"61-200N        ",61-200N - LAVATORIO MONOC ALTO FABRIC BLACK,0,0,08/04/2026 15:57:06
13376116,08/04/2026 12:53:21,08/04/2026 12:57:06,gsoderquvist,6415,00:09:42,00:03:45,582,225,En Tiempo,1,45,0,01:52:32,6752,Excedido,"61-168N        ",61-168N - LAVATORIO MONOC ALTO BLACK WAVE,0,0,08/04/2026 15:57:06
13376116,08/04/2026 12:53:21,08/04/2026 12:57:06,gsoderquvist,6415,00:09:42,00:03:45,582,225,En Tiempo,2,45,0,01:52:32,6752,Excedido,"01-010         ","VALVULA P/MINGITORIO TEMPORIZADA TECNO                                ",0,0,08/04/2026 15:57:06
13376116,08/04/2026 12:53:21,08/04/2026 12:57:06,gsoderquvist,6415,00:09:42,00:03:45,582,225,En Tiempo,2,45,0,01:52:32,6752,Excedido,"02-010         ","VALVULA P/INODORO TEMPORIZADA TECNO                                   ",0,0,08/04/2026 15:57:06
13376116,08/04/2026 12:53:21,08/04/2026 12:57:06,gsoderquvist,6415,00:09:42,00:03:45,582,225,En Tiempo,1,45,0,01:52:32,6752,Excedido,"02-010N        ","VALVULA P/INODORO TEMPORIZADA TECNO BLACK                             ",0,0,08/04/2026 15:57:06
13376116,08/04/2026 12:53:21,08/04/2026 12:57:06,gsoderquvist,6415,00:09:42,00:03:45,582,225,En Tiempo,3,45,0,01:52:32,6752,Excedido,"A1540          ","CUERPO VALVULA DE DESAGOTE P/INODORO TECNO 02-010/011                 ",0,0,08/04/2026 15:57:06
13376116,08/04/2026 12:53:21,08/04/2026 12:57:06,gsoderquvist,6415,00:09:42,00:03:45,582,225,En Tiempo,1,45,0,01:52:32,6752,Excedido,"A1539NI        ","TAPA Y TECLA PARA VALVULA DE DESCARGA CUADRADA MINIMALISTA NICKEL     ",0,0,08/04/2026 15:57:06
13376116,08/04/2026 12:53:21,08/04/2026 12:57:06,gsoderquvist,6415,00:09:42,00:03:45,582,225,En Tiempo,1,45,0,01:52:32,6752,Excedido,"RA1220S        ","BRAZO DE DUCHA LARGO 400 CON CAMPANA STEEL                            ",0,0,08/04/2026 15:57:06
13376116,08/04/2026 12:53:21,08/04/2026 12:57:06,gsoderquvist,6415,00:09:42,00:03:45,582,225,En Tiempo,1,45,0,01:52:32,6752,Excedido,"RA1424NI       ",RA1424NI - CONJ. BRAZO Y FLOR DE DUCHA NICKEL BEAT,0,0,08/04/2026 15:57:06
13376116,08/04/2026 12:53:21,08/04/2026 12:57:06,gsoderquvist,6415,00:09:42,00:03:45,582,225,En Tiempo,1,45,0,01:52:32,6752,Excedido,"RA1396NI       ",RA1396NI - SUJECCION Y CONEXION DUCHADOR Ø32 NICKEL,0,0,08/04/2026 15:57:06
13376116,08/04/2026 12:53:21,08/04/2026 12:57:06,gsoderquvist,6415,00:09:42,00:03:45,582,225,En Tiempo,1,45,0,01:52:32,6752,Excedido,"RA1255NI       ",RA1255NI - DUCHA DE MANO CILINDRICA NICKEL,0,0,08/04/2026 15:57:06
13376116,08/04/2026 12:53:21,08/04/2026 12:57:06,gsoderquvist,6415,00:09:42,00:03:45,582,225,En Tiempo,1,45,0,01:52:32,6752,Excedido,"RA1256NI       ","RA1256NI - FLEXIBLE 1,5 m P/DUCHA DE MANO NICKEL BRUSHED",0,0,08/04/2026 15:57:06
13376496,08/04/2026 13:10:01,08/04/2026 13:10:24,gkiriczuk,6409,00:00:44,00:00:23,44,23,En Tiempo,1,2,0,06:37:32,23852,Excedido,"70-162N        ",70-162N - BIDE BLACK C.CERAM LINEA ADRA,0,0,08/04/2026 16:10:24
13376496,08/04/2026 13:10:01,08/04/2026 13:10:24,gkiriczuk,6409,00:00:44,00:00:23,44,23,En Tiempo,1,2,0,06:37:32,23852,Excedido,"60-162N        ",60-162N - LAVATORIO BLACK C.CERAM LINEA ADRA,0,0,08/04/2026 16:10:24
13376812,08/04/2026 13:22:26,08/04/2026 13:22:43,gkiriczuk,6409,00:00:43,00:00:17,43,17,En Tiempo,5,1,0,00:12:02,722,Excedido,"RINO102-3      ","ASIENTO INODORO LINEA LOFT                                            ",0,0,08/04/2026 16:22:43
13376966,08/04/2026 13:28:39,08/04/2026 14:06:01,rodriguezt,6419,00:09:46,00:37:22,586,2242,Fuera de Tiempo,144,10,0,02:04:26,7466,Excedido,"A842           ",A842 - DUCHADOR ANTICALCAREO 5 FUNCIONES C/SOPORTE Y FLEX,0,0,08/04/2026 16:31:05
13376966,08/04/2026 13:28:39,08/04/2026 14:06:01,rodriguezt,6419,00:09:46,00:37:22,586,2242,Fuera de Tiempo,88,10,0,02:04:26,7466,Excedido,"A815           ","A815 - DUCHA 8"" C/BRAZO Y CAMPANA CR",0,0,08/04/2026 16:31:05
13376966,08/04/2026 13:28:39,08/04/2026 14:06:01,rodriguezt,6419,00:09:46,00:37:22,586,2242,Fuera de Tiempo,84,10,0,02:04:26,7466,Excedido,"A813           ",A813 - DUCHA C/BRAZO Y CAMPANA CR 3 FUNCIONES,0,0,08/04/2026 16:31:05
13376966,08/04/2026 13:28:39,08/04/2026 14:06:01,rodriguezt,6419,00:09:46,00:37:22,586,2242,Fuera de Tiempo,80,10,0,02:04:26,7466,Excedido,"A814           ",A814 - DUCHA C/BRAZO Y CAMPANA CR,0,0,08/04/2026 16:52:38
13376966,08/04/2026 13:28:39,08/04/2026 14:06:01,rodriguezt,6419,00:09:46,00:37:22,586,2242,Fuera de Tiempo,42,10,0,02:04:26,7466,Excedido,"A813           ",A813 - DUCHA C/BRAZO Y CAMPANA CR 3 FUNCIONES,0,0,08/04/2026 16:52:38
13376966,08/04/2026 13:28:39,08/04/2026 14:06:01,rodriguezt,6419,00:09:46,00:37:22,586,2242,Fuera de Tiempo,86,10,0,02:04:26,7466,Excedido,"3006           ",3006 - SET DE 6 PIEZAS LINEA 3000,0,0,08/04/2026 16:52:38
13376966,08/04/2026 13:28:39,08/04/2026 14:06:01,rodriguezt,6419,00:09:46,00:37:22,586,2242,Fuera de Tiempo,10,10,0,02:04:26,7466,Excedido,"60-013         ",60-013 - LAVATORIO CR SEVILLA,0,0,08/04/2026 16:52:38
13376966,08/04/2026 13:28:39,08/04/2026 14:06:01,rodriguezt,6419,00:09:46,00:37:22,586,2242,Fuera de Tiempo,1,10,0,02:04:26,7466,Excedido,"A816           ","A816 - DUCHA 6"" C/BRAZO Y CAMPANA CR",0,0,08/04/2026 16:52:38
13376966,08/04/2026 13:28:39,08/04/2026 14:06:01,rodriguezt,6419,00:09:46,00:37:22,586,2242,Fuera de Tiempo,3,10,0,02:04:26,7466,Excedido,"A819           ",A819 - DUCHADOR ANTICALCAREO C/FLEXIBLE Y SOPORTE,0,0,08/04/2026 16:52:38
13376966,08/04/2026 13:28:39,08/04/2026 14:06:01,rodriguezt,6419,00:09:46,00:37:22,586,2242,Fuera de Tiempo,10,10,0,02:04:26,7466,Excedido,"A843           ","A843 - DUCHADOR ANTICALCAREO 5F C/BARRAL,SOP,FLEX,JABONER",0,0,08/04/2026 17:06:01
13376966,08/04/2026 13:28:39,08/04/2026 14:06:01,rodriguezt,6419,00:09:46,00:37:22,586,2242,Fuera de Tiempo,64,10,0,02:04:26,7466,Excedido,"A819           ",A819 - DUCHADOR ANTICALCAREO C/FLEXIBLE Y SOPORTE,0,0,08/04/2026 17:06:01
13376966,08/04/2026 13:28:39,08/04/2026 14:06:01,rodriguezt,6419,00:09:46,00:37:22,586,2242,Fuera de Tiempo,50,10,0,02:04:26,7466,Excedido,"70-013         ",70-013 - BIDE CR SEVILLA,0,0,08/04/2026 17:06:01
13376966,08/04/2026 13:28:39,08/04/2026 14:06:01,rodriguezt,6419,00:09:46,00:37:22,586,2242,Fuera de Tiempo,10,10,0,02:04:26,7466,Excedido,"60-013         ",60-013 - LAVATORIO CR SEVILLA,0,0,08/04/2026 17:06:01
13376966,08/04/2026 13:28:39,08/04/2026 14:06:01,rodriguezt,6419,00:09:46,00:37:22,586,2242,Fuera de Tiempo,162,10,0,02:04:26,7466,Excedido,"A816           ","A816 - DUCHA 6"" C/BRAZO Y CAMPANA CR",0,0,08/04/2026 17:06:01
13377428,08/04/2026 13:44:39,08/04/2026 13:46:48,gsoderquvist,6415,00:07:43,00:02:09,463,129,En Tiempo,90,10,0,00:47:33,2853,Excedido,"60-014         ",60-014 - LAVATORIO CR MORA STD,0,0,08/04/2026 16:46:48
13377428,08/04/2026 13:44:39,08/04/2026 13:46:48,gsoderquvist,6415,00:07:43,00:02:09,463,129,En Tiempo,20,10,0,00:47:33,2853,Excedido,"70-014         ",70-014 - BIDE CR MORA STD,0,0,08/04/2026 16:46:48
13377428,08/04/2026 13:44:39,08/04/2026 13:46:48,gsoderquvist,6415,00:07:43,00:02:09,463,129,En Tiempo,30,10,0,00:47:33,2853,Excedido,"11030          ","PERCHA LINEA 11000                                                    ",0,0,08/04/2026 16:46:48
13377428,08/04/2026 13:44:39,08/04/2026 13:46:48,gsoderquvist,6415,00:07:43,00:02:09,463,129,En Tiempo,16,10,0,00:47:33,2853,Excedido,"11050          ","JABONERA LINEA 11000                                                  ",0,0,08/04/2026 16:46:48
13377428,08/04/2026 13:44:39,08/04/2026 13:46:48,gsoderquvist,6415,00:07:43,00:02:09,463,129,En Tiempo,16,10,0,00:47:33,2853,Excedido,"8060           ",8060 - PORTA CEPILLO LINEA 8000,0,0,08/04/2026 16:46:48
13377428,08/04/2026 13:44:39,08/04/2026 13:46:48,gsoderquvist,6415,00:07:43,00:02:09,463,129,En Tiempo,30,10,0,00:47:33,2853,Excedido,"8050           ",8050 - JABONERA LINEA 8000,0,0,08/04/2026 16:46:48
13377428,08/04/2026 13:44:39,08/04/2026 13:46:48,gsoderquvist,6415,00:07:43,00:02:09,463,129,En Tiempo,10,10,0,00:47:33,2853,Excedido,"13006          ","SET DE 6 PIEZAS LINEA 13000                                           ",0,0,08/04/2026 16:46:48
13377428,08/04/2026 13:44:39,08/04/2026 13:46:48,gsoderquvist,6415,00:07:43,00:02:09,463,129,En Tiempo,40,10,0,00:47:33,2853,Excedido,"12005          ","SET DE 5 PIEZAS LINEA 12000                                           ",0,0,08/04/2026 16:46:48
13377428,08/04/2026 13:44:39,08/04/2026 13:46:48,gsoderquvist,6415,00:07:43,00:02:09,463,129,En Tiempo,10,10,0,00:47:33,2853,Excedido,"3006SS         ",3006SS - SET DE 6 PIEZAS LINEA 3000 SS,0,0,08/04/2026 16:46:48
13377428,08/04/2026 13:44:39,08/04/2026 13:46:48,gsoderquvist,6415,00:07:43,00:02:09,463,129,En Tiempo,20,10,0,00:47:33,2853,Excedido,"10005BL        ","SET DE 5 PIEZAS LINEA 10000 BLACK                                     ",0,0,08/04/2026 16:46:48
13378311,08/04/2026 14:12:15,08/04/2026 14:18:54,rodriguezt,6419,00:04:20,00:06:39,260,399,Fuera de Tiempo,20,9,0,00:06:14,374,Excedido,"RA001          ",RA001 - CABEZAL STD NO ASCENDENTE,0,0,08/04/2026 17:18:54
13378311,08/04/2026 14:12:15,08/04/2026 14:18:54,rodriguezt,6419,00:04:20,00:06:39,260,399,Fuera de Tiempo,6,9,0,00:06:14,374,Excedido,"RA002          ",RA002 - CABEZAL DERECHO CIERRE CERAMICO (FRIA),0,0,08/04/2026 17:18:54
13378311,08/04/2026 14:12:15,08/04/2026 14:18:54,rodriguezt,6419,00:04:20,00:06:39,260,399,Fuera de Tiempo,6,9,0,00:06:14,374,Excedido,"RA003          ",RA003 - CABEZAL IZQUIERDO CIERRE CERAMICO (CALIENTE),0,0,08/04/2026 17:18:54
13378311,08/04/2026 14:12:15,08/04/2026 14:18:54,rodriguezt,6419,00:04:20,00:06:39,260,399,Fuera de Tiempo,6,9,0,00:06:14,374,Excedido,"RA004          ",RA004 - CABEZAL P/TRANSF. BIDET Y DUCHA EMBUTIR,0,0,08/04/2026 17:18:54
13378311,08/04/2026 14:12:15,08/04/2026 14:18:54,rodriguezt,6419,00:04:20,00:06:39,260,399,Fuera de Tiempo,10,9,0,00:06:14,374,Excedido,"RA5041         ",RA5041 - VOLANTE RENACER COMPLETO,0,0,08/04/2026 17:18:54
13378311,08/04/2026 14:12:15,08/04/2026 14:18:54,rodriguezt,6419,00:04:20,00:06:39,260,399,Fuera de Tiempo,10,9,0,00:06:14,374,Excedido,"RA967          ",RA967 - CAMPANA VALENCIA - MALLORCA,0,0,08/04/2026 17:18:54
13378311,08/04/2026 14:12:15,08/04/2026 14:18:54,rodriguezt,6419,00:04:20,00:06:39,260,399,Fuera de Tiempo,10,9,0,00:06:14,374,Excedido,"RA764          ",RA764 - BOLSITA P/CONEXION BIDET LINEAS STD COMPLETO,0,0,08/04/2026 17:18:54
13378311,08/04/2026 14:12:15,08/04/2026 14:18:54,rodriguezt,6419,00:04:20,00:06:39,260,399,Fuera de Tiempo,10,9,0,00:06:14,374,Excedido,"RA765          ",RA765 - BOLSITA P/CONEXION LAVATORIO LINEAS STD COMPLETO,0,0,08/04/2026 17:18:54
13378311,08/04/2026 14:12:15,08/04/2026 14:18:54,rodriguezt,6419,00:04:20,00:06:39,260,399,Fuera de Tiempo,10,9,0,00:06:14,374,Excedido,"RA1189         ",RA1189 - SET PROLONGADOR P/VASTAGO Y CAMPANA (x3),0,0,08/04/2026 17:18:54
13378695,08/04/2026 14:24:10,08/04/2026 14:24:30,rodriguezt,6419,00:00:48,00:00:20,48,20,En Tiempo,12,1,0,00:05:16,316,Logico,"INO102-2       ","DEPOSITO C/DESCARGA DUAL BLANCO LINEA LOFT                            ",0,0,08/04/2026 17:24:30
13378747,08/04/2026 14:26:27,08/04/2026 14:26:52,rodriguezt,6419,00:00:44,00:00:25,44,25,En Tiempo,1,2,0,00:01:57,117,Logico,"80-199         ",80-199 - DUCHA EMB. C/TRANSF. CR C.CERAM LIVE,0,0,08/04/2026 17:26:52
13378747,08/04/2026 14:26:27,08/04/2026 14:26:52,rodriguezt,6419,00:00:44,00:00:25,44,25,En Tiempo,1,2,0,00:01:57,117,Logico,"60-199         ",60-199 - LAVATORIO CR C.CERAM LIVE,0,0,08/04/2026 17:26:52
13378770,08/04/2026 14:27:09,08/04/2026 14:27:27,rodriguezt,6419,00:00:49,00:00:18,49,18,En Tiempo,1,3,0,00:00:17,17,Logico,"80-138         ",80-138 - DUCHA EMB. C/TRANSF. CR C.CERAM VALENCIA PLUS,0,0,08/04/2026 17:27:27
13378770,08/04/2026 14:27:09,08/04/2026 14:27:27,rodriguezt,6419,00:00:49,00:00:18,49,18,En Tiempo,3,3,0,00:00:17,17,Logico,"60-122         ",60-122 - LAVATORIO C.CERAM CR VALENCIA,0,0,08/04/2026 17:27:27
13378770,08/04/2026 14:27:09,08/04/2026 14:27:27,rodriguezt,6419,00:00:49,00:00:18,49,18,En Tiempo,2,3,0,00:00:17,17,Logico,"70-122         ",70-122 - BIDE C.CERAM CR VALENCIA,0,0,08/04/2026 17:27:27
13378786,08/04/2026 14:27:43,08/04/2026 14:28:40,rodriguezt,6419,00:00:55,00:00:57,55,57,Fuera de Tiempo,10,2,0,00:00:16,16,Logico,"LG03C60        ",LG03C60 - LAVATORIO CR C.STD BERNA,0,0,08/04/2026 17:28:40
13378786,08/04/2026 14:27:43,08/04/2026 14:28:40,rodriguezt,6419,00:00:55,00:00:57,55,57,Fuera de Tiempo,3,2,0,00:00:16,16,Logico,"LG01C20        ",LG01C20 - MONOCOMANDO COCINA CR LUCERNA,0,0,08/04/2026 17:28:40
13378887,08/04/2026 14:31:01,08/04/2026 14:31:56,rodriguezt,6419,00:01:34,00:00:55,94,55,En Tiempo,1,7,0,00:02:21,141,Logico,"62-175G        ",62-175G - LAVATORIO DE PARED GOLD C.CERAM PULSE,0,0,08/04/2026 17:31:56
13378887,08/04/2026 14:31:01,08/04/2026 14:31:56,rodriguezt,6419,00:01:34,00:00:55,94,55,En Tiempo,2,7,0,00:02:21,141,Logico,"80-175G        ",80-175G - DUCHA EMB C/TRANSF. GOLD C.CERAM PULSE,0,0,08/04/2026 17:31:56
13378887,08/04/2026 14:31:01,08/04/2026 14:31:56,rodriguezt,6419,00:01:34,00:00:55,94,55,En Tiempo,1,7,0,00:02:21,141,Logico,"20010G         ",20010G - TOALLERO BARRAL GOLD LINEA PULSE,0,0,08/04/2026 17:31:56
13378887,08/04/2026 14:31:01,08/04/2026 14:31:56,rodriguezt,6419,00:01:34,00:00:55,94,55,En Tiempo,1,7,0,00:02:21,141,Logico,"20020G         ",20020G - TOALLERO DE ARO GOLD LINEA PULSE,0,0,08/04/2026 17:31:56
13378887,08/04/2026 14:31:01,08/04/2026 14:31:56,rodriguezt,6419,00:01:34,00:00:55,94,55,En Tiempo,1,7,0,00:02:21,141,Logico,"20030G         ",20030G - PERCHA GOLD LINEA PULSE,0,0,08/04/2026 17:31:56
13378887,08/04/2026 14:31:01,08/04/2026 14:31:56,rodriguezt,6419,00:01:34,00:00:55,94,55,En Tiempo,1,7,0,00:02:21,141,Logico,"20040G         ",20040G - PORTA ROLLO GOLD LINEA PULSE,0,0,08/04/2026 17:31:56
13378887,08/04/2026 14:31:01,08/04/2026 14:31:56,rodriguezt,6419,00:01:34,00:00:55,94,55,En Tiempo,1,7,0,00:02:21,141,Logico,"20050G         ",20050G - JABONERA GOLD LINEA PULSE,0,0,08/04/2026 17:31:56
13379230,08/04/2026 14:43:13,08/04/2026 14:46:29,rodriguezt,6419,00:05:17,00:03:16,317,196,En Tiempo,10,10,0,00:11:17,677,Excedido,"BCH04/3        ",BCH04/3 - BACHA DE APOYAR CUADRADA 3 AG 420x420x125,0,0,08/04/2026 17:43:54
13379230,08/04/2026 14:43:13,08/04/2026 14:46:29,rodriguezt,6419,00:05:17,00:03:16,317,196,En Tiempo,5,10,0,00:11:17,677,Excedido,"BCH18          ",BCH18 - BACHA DE APOYAR SIMIL MARMOL 460x320x140,0,0,08/04/2026 17:43:54
13379230,08/04/2026 14:43:13,08/04/2026 14:46:29,rodriguezt,6419,00:05:17,00:03:16,317,196,En Tiempo,5,10,0,00:11:17,677,Excedido,"BCH06          ",BCH06 - BACHA DE APOYAR CIRCULAR 415x135,0,0,08/04/2026 17:43:54
13379230,08/04/2026 14:43:13,08/04/2026 14:46:29,rodriguezt,6419,00:05:17,00:03:16,317,196,En Tiempo,5,10,0,00:11:17,677,Excedido,"BCH02          ",BCH02 - BACHA DE APOYAR CIRCULAR 1 AG. 415x145,0,0,08/04/2026 17:43:54
13379230,08/04/2026 14:43:13,08/04/2026 14:46:29,rodriguezt,6419,00:05:17,00:03:16,317,196,En Tiempo,2,10,0,00:11:17,677,Excedido,"BCH04/1        ",BCH04/1 - BACHA DE APOYAR CUADRADA 1 AG 420x420x125,0,0,08/04/2026 17:43:54
13379230,08/04/2026 14:43:13,08/04/2026 14:46:29,rodriguezt,6419,00:05:17,00:03:16,317,196,En Tiempo,15,10,0,00:11:17,677,Excedido,"BCH12          ",BCH12 - BACHA DE APOYAR BLANCA 460x320x140,0,0,08/04/2026 17:46:29
13379230,08/04/2026 14:43:13,08/04/2026 14:46:29,rodriguezt,6419,00:05:17,00:03:16,317,196,En Tiempo,16,10,0,00:11:17,677,Excedido,"BCH07          ",BCH07 - BACHA DE APOYAR OVALADA 400x330x150,0,0,08/04/2026 17:46:29
13379230,08/04/2026 14:43:13,08/04/2026 14:46:29,rodriguezt,6419,00:05:17,00:03:16,317,196,En Tiempo,15,10,0,00:11:17,677,Excedido,"BCH01          ",BCH01 - BACHA DE APOYAR CIRCULAR 320x145,0,0,08/04/2026 17:46:29
13379230,08/04/2026 14:43:13,08/04/2026 14:46:29,rodriguezt,6419,00:05:17,00:03:16,317,196,En Tiempo,1,10,0,00:11:17,677,Excedido,"BCH11N         ",BCH11N - BACHA DE APOYAR REDONDA NEGRO MATE 400x400x125,0,0,08/04/2026 17:46:29
13379230,08/04/2026 14:43:13,08/04/2026 14:46:29,rodriguezt,6419,00:05:17,00:03:16,317,196,En Tiempo,4,10,0,00:11:17,677,Excedido,"BCH13          ",BCH13 - BACHA DE APOYAR BLANCA RECTANGULAR 465x260x125,0,0,08/04/2026 17:46:29
13379389,08/04/2026 14:48:37,08/04/2026 14:48:44,rodriguezt,6419,00:00:46,00:00:07,46,7,En Tiempo,2,2,0,00:02:08,128,Logico,"LG02C20        ","MONOCOMANDO COCINA CR GINEBRA                                         ",0,0,08/04/2026 17:48:44
13379389,08/04/2026 14:48:37,08/04/2026 14:48:44,rodriguezt,6419,00:00:46,00:00:07,46,7,En Tiempo,2,2,0,00:02:08,128,Logico,"LG02N20        ","MONOCOMANDO COCINA BLACK GINEBRA                                      ",0,0,08/04/2026 17:48:44
13379409,08/04/2026 14:49:23,08/04/2026 14:51:08,rodriguezt,6419,00:05:50,00:01:45,350,105,En Tiempo,1,26,0,00:00:39,39,Logico,"20040GR        ",20040GR - PORTA ROLLO GRAFITO LINEA PULSE,0,0,08/04/2026 17:51:08
13379409,08/04/2026 14:49:23,08/04/2026 14:51:08,rodriguezt,6419,00:05:50,00:01:45,350,105,En Tiempo,1,26,0,00:00:39,39,Logico,"20030GR        ",20030GR - PERCHA GRAFITO LINEA PULSE  ,0,0,08/04/2026 17:51:08
13379409,08/04/2026 14:49:23,08/04/2026 14:51:08,rodriguezt,6419,00:05:50,00:01:45,350,105,En Tiempo,1,26,0,00:00:39,39,Logico,"20050GR        ",20050GR - JABONERA GRAFITO LINEA PULSE   ,0,0,08/04/2026 17:51:08
13379409,08/04/2026 14:49:23,08/04/2026 14:51:08,rodriguezt,6419,00:05:50,00:01:45,350,105,En Tiempo,1,26,0,00:00:39,39,Logico,"20060GR        ",20060GR - PORTA VASO Y CEPILLO GRAFITO LINEA PULSE,0,0,08/04/2026 17:51:08
13379409,08/04/2026 14:49:23,08/04/2026 14:51:08,rodriguezt,6419,00:05:50,00:01:45,350,105,En Tiempo,1,26,0,00:00:39,39,Logico,"84-190         ",84-190 - DUCHA EXTERIOR CON COLUMNA BLACK VELVET,0,0,08/04/2026 17:51:08
13379409,08/04/2026 14:49:23,08/04/2026 14:51:08,rodriguezt,6419,00:05:50,00:01:45,350,105,En Tiempo,1,26,0,00:00:39,39,Logico,"18010          ",18010 - TOALLERO BARRAL NIQUEL LINEA BEAT,0,0,08/04/2026 17:51:08
13379409,08/04/2026 14:49:23,08/04/2026 14:51:08,rodriguezt,6419,00:05:50,00:01:45,350,105,En Tiempo,1,26,0,00:00:39,39,Logico,"18020          ",18020 - TOALLERO DE ARO NIQUEL LINEA BEAT,0,0,08/04/2026 17:51:08
13379409,08/04/2026 14:49:23,08/04/2026 14:51:08,rodriguezt,6419,00:05:50,00:01:45,350,105,En Tiempo,1,26,0,00:00:39,39,Logico,"18040          ",18040 - PORTA ROLLO NIQUEL LINEA BEAT,0,0,08/04/2026 17:51:08
13379409,08/04/2026 14:49:23,08/04/2026 14:51:08,rodriguezt,6419,00:05:50,00:01:45,350,105,En Tiempo,1,26,0,00:00:39,39,Logico,"18060          ",18060 - PORTA VASO Y CEPILLO NIQUEL LINEA BEAT,0,0,08/04/2026 17:51:08
13379409,08/04/2026 14:49:23,08/04/2026 14:51:08,rodriguezt,6419,00:05:50,00:01:45,350,105,En Tiempo,1,26,0,00:00:39,39,Logico,"18050          ",18050 - JABONERA NIQUEL LINEA BEAT,0,0,08/04/2026 17:51:08
13379409,08/04/2026 14:49:23,08/04/2026 14:51:08,rodriguezt,6419,00:05:50,00:01:45,350,105,En Tiempo,1,26,0,00:00:39,39,Logico,"17060G         ",17060G - PORTA VASO Y CEPILLO  LINEA FABRIC GOLD,0,0,08/04/2026 17:51:08
13379409,08/04/2026 14:49:23,08/04/2026 14:51:08,rodriguezt,6419,00:05:50,00:01:45,350,105,En Tiempo,1,26,0,00:00:39,39,Logico,"17060C         ",17060C - PORTA VASO Y CEPILLO  LINEA FABRIC CROMO,0,0,08/04/2026 17:51:08
13379409,08/04/2026 14:49:23,08/04/2026 14:51:08,rodriguezt,6419,00:05:50,00:01:45,350,105,En Tiempo,1,26,0,00:00:39,39,Logico,"17050C         ",17050C - JABONERA  LINEA FABRIC CROMO,0,0,08/04/2026 17:51:08
13379409,08/04/2026 14:49:23,08/04/2026 14:51:08,rodriguezt,6419,00:05:50,00:01:45,350,105,En Tiempo,1,26,0,00:00:39,39,Logico,"20030DG        ",20030DG - PERCHA DARK GOLD LINEA PULSE,0,0,08/04/2026 17:51:08
13379409,08/04/2026 14:49:23,08/04/2026 14:51:08,rodriguezt,6419,00:05:50,00:01:45,350,105,En Tiempo,1,26,0,00:00:39,39,Logico,"17010G         ",17010G - TOALLERO BARRAL LINEA FABRIC GOLD,0,0,08/04/2026 17:51:08
13379409,08/04/2026 14:49:23,08/04/2026 14:51:08,rodriguezt,6419,00:05:50,00:01:45,350,105,En Tiempo,1,26,0,00:00:39,39,Logico,"17020G         ",17020G - TOALLERO DE ARO LINEA FABRIC GOLD,0,0,08/04/2026 17:51:08
13379409,08/04/2026 14:49:23,08/04/2026 14:51:08,rodriguezt,6419,00:05:50,00:01:45,350,105,En Tiempo,1,26,0,00:00:39,39,Logico,"20060G         ",20060G - PORTA VASO Y CEPILLO GOLD LINEA PULSE,0,0,08/04/2026 17:51:08
13379409,08/04/2026 14:49:23,08/04/2026 14:51:08,rodriguezt,6419,00:05:50,00:01:45,350,105,En Tiempo,1,26,0,00:00:39,39,Logico,"20050G         ",20050G - JABONERA GOLD LINEA PULSE,0,0,08/04/2026 17:51:08
13379409,08/04/2026 14:49:23,08/04/2026 14:51:08,rodriguezt,6419,00:05:50,00:01:45,350,105,En Tiempo,1,26,0,00:00:39,39,Logico,"20030G         ",20030G - PERCHA GOLD LINEA PULSE,0,0,08/04/2026 17:51:08
13379409,08/04/2026 14:49:23,08/04/2026 14:51:08,rodriguezt,6419,00:05:50,00:01:45,350,105,En Tiempo,1,26,0,00:00:39,39,Logico,"20040G         ",20040G - PORTA ROLLO GOLD LINEA PULSE,0,0,08/04/2026 17:51:08
13379409,08/04/2026 14:49:23,08/04/2026 14:51:08,rodriguezt,6419,00:05:50,00:01:45,350,105,En Tiempo,1,26,0,00:00:39,39,Logico,"20020G         ",20020G - TOALLERO DE ARO GOLD LINEA PULSE,0,0,08/04/2026 17:51:08
13379409,08/04/2026 14:49:23,08/04/2026 14:51:08,rodriguezt,6419,00:05:50,00:01:45,350,105,En Tiempo,1,26,0,00:00:39,39,Logico,"17040G         ",17040G - PORTA ROLLO LINEA FABRIC GOLD,0,0,08/04/2026 17:51:08
13379409,08/04/2026 14:49:23,08/04/2026 14:51:08,rodriguezt,6419,00:05:50,00:01:45,350,105,En Tiempo,1,26,0,00:00:39,39,Logico,"17020C         ",17020C - TOALLERO DE ARO LINEA FABRIC CROMO,0,0,08/04/2026 17:51:08
13379409,08/04/2026 14:49:23,08/04/2026 14:51:08,rodriguezt,6419,00:05:50,00:01:45,350,105,En Tiempo,1,26,0,00:00:39,39,Logico,"20010GR        ",20010GR - TOALLERO BARRAL GRAFITO LINEA PULSE  ,0,0,08/04/2026 17:51:08
13379409,08/04/2026 14:49:23,08/04/2026 14:51:08,rodriguezt,6419,00:05:50,00:01:45,350,105,En Tiempo,1,26,0,00:00:39,39,Logico,"17030G         ",17030G - PERCHA LINEA FABRIC GOLD,0,0,08/04/2026 17:51:08
13379409,08/04/2026 14:49:23,08/04/2026 14:51:08,rodriguezt,6419,00:05:50,00:01:45,350,105,En Tiempo,1,26,0,00:00:39,39,Logico,"20020GR        ",20020GR - TOALLERO DE ARO GRAFITO LINEA PULSE,0,0,08/04/2026 17:51:08
13379813,08/04/2026 15:02:52,08/04/2026 15:06:50,gsoderquvist,6415,00:10:28,00:03:58,628,238,En Tiempo,35,10,0,01:16:04,4564,Excedido,"20-134         ",20-134 - MONOCOMANDO COCINA BETIS,0,0,08/04/2026 18:04:21
13379813,08/04/2026 15:02:52,08/04/2026 15:06:50,gsoderquvist,6415,00:10:28,00:03:58,628,238,En Tiempo,66,10,0,01:16:04,4564,Excedido,"54-130         ",54-130 - MONOCOMANDO COCINA PARED EXT BILBAO,0,0,08/04/2026 18:04:21
13379813,08/04/2026 15:02:52,08/04/2026 15:06:50,gsoderquvist,6415,00:10:28,00:03:58,628,238,En Tiempo,90,10,0,01:16:04,4564,Excedido,"8030           ",8030 - PERCHA LINEA 8000,0,0,08/04/2026 18:04:21
13379813,08/04/2026 15:02:52,08/04/2026 15:06:50,gsoderquvist,6415,00:10:28,00:03:58,628,238,En Tiempo,110,10,0,01:16:04,4564,Excedido,"8040           ",8040 - PORTA ROLLO LINEA 8000,0,0,08/04/2026 18:04:21
13379813,08/04/2026 15:02:52,08/04/2026 15:06:50,gsoderquvist,6415,00:10:28,00:03:58,628,238,En Tiempo,48,10,0,01:16:04,4564,Excedido,"A996           ",A996 - DUCHA 8' CUADRADA CR C/BRAZO Y CAMPANA,0,0,08/04/2026 18:04:21
13379813,08/04/2026 15:02:52,08/04/2026 15:06:50,gsoderquvist,6415,00:10:28,00:03:58,628,238,En Tiempo,80,10,0,01:16:04,4564,Excedido,"20-160         ",20-160 - MONOCOMANDO MESADA COCINA DIQUE,0,0,08/04/2026 18:04:21
13379813,08/04/2026 15:02:52,08/04/2026 15:06:50,gsoderquvist,6415,00:10:28,00:03:58,628,238,En Tiempo,80,10,0,01:16:04,4564,Excedido,"20-160         ",20-160 - MONOCOMANDO MESADA COCINA DIQUE,0,0,08/04/2026 18:06:50
13379813,08/04/2026 15:02:52,08/04/2026 15:06:50,gsoderquvist,6415,00:10:28,00:03:58,628,238,En Tiempo,20,10,0,01:16:04,4564,Excedido,"20-140         ",20-140 - MONOCOMANDO DE COCINA LINEA CUINA,0,0,08/04/2026 18:06:50
13379813,08/04/2026 15:02:52,08/04/2026 15:06:50,gsoderquvist,6415,00:10:28,00:03:58,628,238,En Tiempo,30,10,0,01:16:04,4564,Excedido,"60-138         ",60-138 - LAVATORIO C.CERAM CR VALENCIA PLUS,0,0,08/04/2026 18:06:50
13379813,08/04/2026 15:02:52,08/04/2026 15:06:50,gsoderquvist,6415,00:10:28,00:03:58,628,238,En Tiempo,20,10,0,01:16:04,4564,Excedido,"70-138         ",70-138 - BIDE C.CERAM CR VALENCIA PLUS,0,0,08/04/2026 18:06:50
13379813,08/04/2026 15:02:52,08/04/2026 15:06:50,gsoderquvist,6415,00:10:28,00:03:58,628,238,En Tiempo,24,10,0,01:16:04,4564,Excedido,"80-138         ",80-138 - DUCHA EMB. C/TRANSF. CR C.CERAM VALENCIA PLUS,0,0,08/04/2026 18:06:50
13380493,08/04/2026 15:25:14,08/04/2026 15:25:32,rodriguezt,6419,00:00:59,00:00:18,59,18,En Tiempo,21,2,0,00:34:06,2046,Excedido,"BCH20          ","BACHA BAJO MESADA BLANCA 500x400x185                                  ",0,0,08/04/2026 18:25:32
13380493,08/04/2026 15:25:14,08/04/2026 15:25:32,rodriguezt,6419,00:00:59,00:00:18,59,18,En Tiempo,2,2,0,00:34:06,2046,Excedido,"61-205         ",61-205 - LAVATORIO MONOC ALTO STEEL,0,0,08/04/2026 18:25:32
13380528,08/04/2026 15:26:37,08/04/2026 15:28:44,rodriguezt,6419,00:08:59,00:02:07,539,127,En Tiempo,3,22,0,00:01:05,65,Logico,"30-132         ",30-132 - COCINA MESADA MONOC. C/DUCHADOR EXTENSIBLE VIGO,0,0,08/04/2026 18:28:44
13380528,08/04/2026 15:26:37,08/04/2026 15:28:44,rodriguezt,6419,00:08:59,00:02:07,539,127,En Tiempo,2,22,0,00:01:05,65,Logico,"70-200C        ",70-200C - BIDE MONOCOMANDO CR FABRIC,0,0,08/04/2026 18:28:44
13380528,08/04/2026 15:26:37,08/04/2026 15:28:44,rodriguezt,6419,00:08:59,00:02:07,539,127,En Tiempo,3,22,0,00:01:05,65,Logico,"61-168         ",61-168 - LAVATORIO MONOC ALTO CR WAVE,0,0,08/04/2026 18:28:44
13380528,08/04/2026 15:26:37,08/04/2026 15:28:44,rodriguezt,6419,00:08:59,00:02:07,539,127,En Tiempo,2,22,0,00:01:05,65,Logico,"60-168         ",60-168 - LAVATORIO MONOC BAJO CR WAVE,0,0,08/04/2026 18:28:44
13380528,08/04/2026 15:26:37,08/04/2026 15:28:44,rodriguezt,6419,00:08:59,00:02:07,539,127,En Tiempo,3,22,0,00:01:05,65,Logico,"70-205         ",70-205 - BIDE MONOCOMANDO STEEL,0,0,08/04/2026 18:28:44
13380528,08/04/2026 15:26:37,08/04/2026 15:28:44,rodriguezt,6419,00:08:59,00:02:07,539,127,En Tiempo,2,22,0,00:01:05,65,Logico,"70-200N        ",70-200N - BIDE MONOCOMANDO BLACK FABRIC,0,0,08/04/2026 18:28:44
13380528,08/04/2026 15:26:37,08/04/2026 15:28:44,rodriguezt,6419,00:08:59,00:02:07,539,127,En Tiempo,2,22,0,00:01:05,65,Logico,"80-192         ",80-192 - DUCHA EMB. C/TRANSF. SORIA BLACK,0,0,08/04/2026 18:28:44
13380528,08/04/2026 15:26:37,08/04/2026 15:28:44,rodriguezt,6419,00:08:59,00:02:07,539,127,En Tiempo,3,22,0,00:01:05,65,Logico,"80-205         ",80-205 - DUCHA EMB. C/TRANSF. MONOC STEEL,0,0,08/04/2026 18:28:44
13380528,08/04/2026 15:26:37,08/04/2026 15:28:44,rodriguezt,6419,00:08:59,00:02:07,539,127,En Tiempo,6,22,0,00:01:05,65,Logico,"16006BL        ",16006BL - SET 6 PIEZAS ACCESORIOS LINEA 16000 BLACK,0,0,08/04/2026 18:28:44
13380528,08/04/2026 15:26:37,08/04/2026 15:28:44,rodriguezt,6419,00:08:59,00:02:07,539,127,En Tiempo,2,22,0,00:01:05,65,Logico,"70-168N        ",70-168N - BIDE MONOC BLACK WAVE,0,0,08/04/2026 18:28:44
13380528,08/04/2026 15:26:37,08/04/2026 15:28:44,rodriguezt,6419,00:08:59,00:02:07,539,127,En Tiempo,2,22,0,00:01:05,65,Logico,"80-168         ",80-168 - DUCHA EMB C/TRANSF MONOC CR WAVE,0,0,08/04/2026 18:28:44
13380528,08/04/2026 15:26:37,08/04/2026 15:28:44,rodriguezt,6419,00:08:59,00:02:07,539,127,En Tiempo,2,22,0,00:01:05,65,Logico,"85-168         ",85-168 - DUCHA MONOC C/TRANSF Y DUCHADOR CR WAVE,0,0,08/04/2026 18:28:44
13380528,08/04/2026 15:26:37,08/04/2026 15:28:44,rodriguezt,6419,00:08:59,00:02:07,539,127,En Tiempo,2,22,0,00:01:05,65,Logico,"80-200C        ",80-200C - DUCHA EMB. MONOC. 3 FUNCIONES CR FABRIC,0,0,08/04/2026 18:28:44
13380528,08/04/2026 15:26:37,08/04/2026 15:28:44,rodriguezt,6419,00:08:59,00:02:07,539,127,En Tiempo,2,22,0,00:01:05,65,Logico,"80-200N        ",80-200N - DUCHA EMB. MONOC. 3 FUNCIONES BLACK FABRIC,0,0,08/04/2026 18:28:44
13380528,08/04/2026 15:26:37,08/04/2026 15:28:44,rodriguezt,6419,00:08:59,00:02:07,539,127,En Tiempo,12,22,0,00:01:05,65,Logico,"19006          ",19006 - SET DE 6 PIEZAS LINEA 19000,0,0,08/04/2026 18:28:44
13380528,08/04/2026 15:26:37,08/04/2026 15:28:44,rodriguezt,6419,00:08:59,00:02:07,539,127,En Tiempo,12,22,0,00:01:05,65,Logico,"985            ",985 - JGO PARED EXT CR P.FUNDIDO MURCIA,0,0,08/04/2026 18:28:44
13380528,08/04/2026 15:26:37,08/04/2026 15:28:44,rodriguezt,6419,00:08:59,00:02:07,539,127,En Tiempo,2,22,0,00:01:05,65,Logico,"80-100C        ",80-100C - DUCHA EMB. C/TRANSF. CR C.CERAM FABRIC,0,0,08/04/2026 18:28:44
13380528,08/04/2026 15:26:37,08/04/2026 15:28:44,rodriguezt,6419,00:08:59,00:02:07,539,127,En Tiempo,2,22,0,00:01:05,65,Logico,"80-100N        ",80-100N - DUCHA EMB. C/TRANSF. BLACK C.CERAM FABRIC,0,0,08/04/2026 18:28:44
13380528,08/04/2026 15:26:37,08/04/2026 15:28:44,rodriguezt,6419,00:08:59,00:02:07,539,127,En Tiempo,7,22,0,00:01:05,65,Logico,"BCH07          ",BCH07 - BACHA DE APOYAR OVALADA 400x330x150,0,0,08/04/2026 18:28:44
13380528,08/04/2026 15:26:37,08/04/2026 15:28:44,rodriguezt,6419,00:08:59,00:02:07,539,127,En Tiempo,2,22,0,00:01:05,65,Logico,"80-168N        ",80-168N - DUCHA EMB C/TRANSF MONOC BLACK WAVE,0,0,08/04/2026 18:28:44
13380528,08/04/2026 15:26:37,08/04/2026 15:28:44,rodriguezt,6419,00:08:59,00:02:07,539,127,En Tiempo,12,22,0,00:01:05,65,Logico,"60-208         ",60-208 - LAVATORIO CR C.STD LITE,0,0,08/04/2026 18:28:44
13380528,08/04/2026 15:26:37,08/04/2026 15:28:44,rodriguezt,6419,00:08:59,00:02:07,539,127,En Tiempo,4,22,0,00:01:05,65,Logico,"90-208         ","PACK GRIF LITE CR (LAV - BIDE - DUCHA C/T)                            ",0,0,08/04/2026 18:28:44
13380986,08/04/2026 15:39:52,08/04/2026 15:43:03,rodriguezt,6419,00:05:22,00:03:11,322,191,En Tiempo,5,13,0,00:11:08,668,Excedido,"20-174         ",20-174 - COCINA MESADA MONOC. COLORS BLACK,0,0,08/04/2026 18:43:03
13380986,08/04/2026 15:39:52,08/04/2026 15:43:03,rodriguezt,6419,00:05:22,00:03:11,322,191,En Tiempo,2,13,0,00:11:08,668,Excedido,"60-192         ",60-192 - LAVATORIO BAJO SORIA BLACK,0,0,08/04/2026 18:43:03
13380986,08/04/2026 15:39:52,08/04/2026 15:43:03,rodriguezt,6419,00:05:22,00:03:11,322,191,En Tiempo,2,13,0,00:11:08,668,Excedido,"60-193         ",60-193 - LAVATORIO MONOCOMANDO BAJO MORA,0,0,08/04/2026 18:43:03
13380986,08/04/2026 15:39:52,08/04/2026 15:43:03,rodriguezt,6419,00:05:22,00:03:11,322,191,En Tiempo,12,13,0,00:11:08,668,Excedido,"61-152         ",61-152 - LAVATORIO MONOCOMANDO CROMO ALTO SORIA,0,0,08/04/2026 18:43:03
13380986,08/04/2026 15:39:52,08/04/2026 15:43:03,rodriguezt,6419,00:05:22,00:03:11,322,191,En Tiempo,2,13,0,00:11:08,668,Excedido,"60-205         ",60-205 - LAVATORIO MONOC BAJO STEEL,0,0,08/04/2026 18:43:03
13380986,08/04/2026 15:39:52,08/04/2026 15:43:03,rodriguezt,6419,00:05:22,00:03:11,322,191,En Tiempo,1,13,0,00:11:08,668,Excedido,"61-200G        ",61-200G - LAVATORIO MONOC ALTO GOLD FABRIC,0,0,08/04/2026 18:43:03
13380986,08/04/2026 15:39:52,08/04/2026 15:43:03,rodriguezt,6419,00:05:22,00:03:11,322,191,En Tiempo,10,13,0,00:11:08,668,Excedido,"70-203         ",70-203 - BIDE MONOCOMANDO ADRA,0,0,08/04/2026 18:43:03
13380986,08/04/2026 15:39:52,08/04/2026 15:43:03,rodriguezt,6419,00:05:22,00:03:11,322,191,En Tiempo,5,13,0,00:11:08,668,Excedido,"70-162         ",70-162 - BIDE CR C.CERAM LINEA ADRA,0,0,08/04/2026 18:43:03
13380986,08/04/2026 15:39:52,08/04/2026 15:43:03,rodriguezt,6419,00:05:22,00:03:11,322,191,En Tiempo,2,13,0,00:11:08,668,Excedido,"60-199         ",60-199 - LAVATORIO CR C.CERAM LIVE,0,0,08/04/2026 18:43:03
13380986,08/04/2026 15:39:52,08/04/2026 15:43:03,rodriguezt,6419,00:05:22,00:03:11,322,191,En Tiempo,14,13,0,00:11:08,668,Excedido,"61-203         ",61-203 - LAVATORIO MONOCOMANDO ALTO ADRA,0,0,08/04/2026 18:43:03
13380986,08/04/2026 15:39:52,08/04/2026 15:43:03,rodriguezt,6419,00:05:22,00:03:11,322,191,En Tiempo,4,13,0,00:11:08,668,Excedido,"60-203         ",60-203 - LAVATORIO MONOCOMANDO BAJO ADRA,0,0,08/04/2026 18:43:03
13380986,08/04/2026 15:39:52,08/04/2026 15:43:03,rodriguezt,6419,00:05:22,00:03:11,322,191,En Tiempo,2,13,0,00:11:08,668,Excedido,"70-100G        ",70-100G - BIDE GOLD C.CERAM FABRIC,0,0,08/04/2026 18:43:03
13380986,08/04/2026 15:39:52,08/04/2026 15:43:03,rodriguezt,6419,00:05:22,00:03:11,322,191,En Tiempo,2,13,0,00:11:08,668,Excedido,"51-131         ",51-131 - MESADA BIMANDO CR C.CERAM MALLORCA,0,0,08/04/2026 18:43:03
13381115,08/04/2026 15:43:45,08/04/2026 15:43:56,rodriguezt,6419,00:00:59,00:00:11,59,11,En Tiempo,1,4,0,00:00:42,42,Logico,"BCH16          ",BCH16 - BACHA DE APOYAR BLANCA 610x457x254 C/DESAGOTE Y REJILLA,0,0,08/04/2026 18:43:56
13381115,08/04/2026 15:43:45,08/04/2026 15:43:56,rodriguezt,6419,00:00:59,00:00:11,59,11,En Tiempo,1,4,0,00:00:42,42,Logico,"70-122         ",70-122 - BIDE C.CERAM CR VALENCIA,0,0,08/04/2026 18:43:56
13381115,08/04/2026 15:43:45,08/04/2026 15:43:56,rodriguezt,6419,00:00:59,00:00:11,59,11,En Tiempo,1,4,0,00:00:42,42,Logico,"60-122         ",60-122 - LAVATORIO C.CERAM CR VALENCIA,0,0,08/04/2026 18:43:56
13381115,08/04/2026 15:43:45,08/04/2026 15:43:56,rodriguezt,6419,00:00:59,00:00:11,59,11,En Tiempo,1,4,0,00:00:42,42,Logico,"80-138         ",80-138 - DUCHA EMB. C/TRANSF. CR C.CERAM VALENCIA PLUS,0,0,08/04/2026 18:43:56
13381196,08/04/2026 15:46:11,08/05/2026 06:32:42,gsoderquvist,6415,00:08:59,14:46:31,539,53191,Fuera de Tiempo,3,22,0,,,Excedido,"80-057         ",80-057 - DUCHA EMB. C/TRANSF. C.STD VERIN PLUS,0,0,08/05/2026 09:32:42
13381196,08/04/2026 15:46:11,08/05/2026 06:32:42,gsoderquvist,6415,00:08:59,14:46:31,539,53191,Fuera de Tiempo,3,22,0,,,Excedido,"70-057         ",70-057 - BIDE C.STD VERIN PLUS,0,0,08/05/2026 09:32:42
13381196,08/04/2026 15:46:11,08/05/2026 06:32:42,gsoderquvist,6415,00:08:59,14:46:31,539,53191,Fuera de Tiempo,3,22,0,,,Excedido,"60-057         ",60-057 - LAVATORIO C.STD VERIN PLUS,0,0,08/05/2026 09:32:42
13381196,08/04/2026 15:46:11,08/05/2026 06:32:42,gsoderquvist,6415,00:08:59,14:46:31,539,53191,Fuera de Tiempo,3,22,0,,,Excedido,"919/M          ",919/M - JGO.MDA.P.CANO CROMO LAZA,0,0,08/05/2026 09:32:42
13381196,08/04/2026 15:46:11,08/05/2026 06:32:42,gsoderquvist,6415,00:08:59,14:46:31,539,53191,Fuera de Tiempo,3,22,0,,,Excedido,"70-058         ",70-058 - BIDE CR C.STD MALBA,0,0,08/05/2026 09:32:42
13381196,08/04/2026 15:46:11,08/05/2026 06:32:42,gsoderquvist,6415,00:08:59,14:46:31,539,53191,Fuera de Tiempo,3,22,0,,,Excedido,"80-058         ",80-058 - DUCHA EMB. C/TRANSF. CR C.STD MALBA,0,0,08/05/2026 09:32:42
13381196,08/04/2026 15:46:11,08/05/2026 06:32:42,gsoderquvist,6415,00:08:59,14:46:31,539,53191,Fuera de Tiempo,3,22,0,,,Excedido,"60-058         ",60-058 - LAVATORIO CR C.STD MALBA,0,0,08/05/2026 09:32:42
13381196,08/04/2026 15:46:11,08/05/2026 06:32:42,gsoderquvist,6415,00:08:59,14:46:31,539,53191,Fuera de Tiempo,4,22,0,,,Excedido,"939            ",939 - JGO.COCINA C/EXTENSIBLE CR LAZA,0,0,08/05/2026 09:32:42
13381196,08/04/2026 15:46:11,08/05/2026 06:32:42,gsoderquvist,6415,00:08:59,14:46:31,539,53191,Fuera de Tiempo,3,22,0,,,Excedido,"209            ",209 - LAVATORIO CROMO LAZA,0,0,08/05/2026 09:32:42
13381196,08/04/2026 15:46:11,08/05/2026 06:32:42,gsoderquvist,6415,00:08:59,14:46:31,539,53191,Fuera de Tiempo,3,22,0,,,Excedido,"309            ","309 - BIDE CROMO ""LAZA""",0,0,08/05/2026 09:32:42
13381196,08/04/2026 15:46:11,08/05/2026 06:32:42,gsoderquvist,6415,00:08:59,14:46:31,539,53191,Fuera de Tiempo,2,22,0,,,Excedido,"459            ",459 - DUCHA EXT.S/TRANSF.CR LAZA,0,0,08/05/2026 09:32:42
13381196,08/04/2026 15:46:11,08/05/2026 06:32:42,gsoderquvist,6415,00:08:59,14:46:31,539,53191,Fuera de Tiempo,4,22,0,,,Excedido,"60-133         ",60-133 - LAVATORIO MONOCOMANDO LUGO,0,0,08/05/2026 09:32:42
13381196,08/04/2026 15:46:11,08/05/2026 06:32:42,gsoderquvist,6415,00:08:59,14:46:31,539,53191,Fuera de Tiempo,1,22,0,,,Excedido,"70-133         ",70-133 - BIDE MONOCOMANDO LUGO,0,0,08/05/2026 09:32:42
13381196,08/04/2026 15:46:11,08/05/2026 06:32:42,gsoderquvist,6415,00:08:59,14:46:31,539,53191,Fuera de Tiempo,1,22,0,,,Excedido,"60-176N        ","LAVATORIO MONOCOMANDO BAJO BLACK RIO                                  ",0,0,08/05/2026 09:32:42
13381196,08/04/2026 15:46:11,08/05/2026 06:32:42,gsoderquvist,6415,00:08:59,14:46:31,539,53191,Fuera de Tiempo,1,22,0,,,Excedido,"70-176N        ",70-176N - BIDE MONOC C/TRANSF BLACK RIO,0,0,08/05/2026 09:32:42
13381196,08/04/2026 15:46:11,08/05/2026 06:32:42,gsoderquvist,6415,00:08:59,14:46:31,539,53191,Fuera de Tiempo,4,22,0,,,Excedido,"33-010         ",33-010 - CANILLA MESADA BL/CR LORCA,0,0,08/05/2026 09:32:42
13381196,08/04/2026 15:46:11,08/05/2026 06:32:42,gsoderquvist,6415,00:08:59,14:46:31,539,53191,Fuera de Tiempo,10,22,0,,,Excedido,"RA001          ",RA001 - CABEZAL STD NO ASCENDENTE,0,0,08/05/2026 09:32:42
13381196,08/04/2026 15:46:11,08/05/2026 06:32:42,gsoderquvist,6415,00:08:59,14:46:31,539,53191,Fuera de Tiempo,10,22,0,,,Excedido,"RA002          ",RA002 - CABEZAL DERECHO CIERRE CERAMICO (FRIA),0,0,08/05/2026 09:32:42
13381196,08/04/2026 15:46:11,08/05/2026 06:32:42,gsoderquvist,6415,00:08:59,14:46:31,539,53191,Fuera de Tiempo,10,22,0,,,Excedido,"RA003          ",RA003 - CABEZAL IZQUIERDO CIERRE CERAMICO (CALIENTE),0,0,08/05/2026 09:32:42
13381196,08/04/2026 15:46:11,08/05/2026 06:32:42,gsoderquvist,6415,00:08:59,14:46:31,539,53191,Fuera de Tiempo,5,22,0,,,Excedido,"RA004          ",RA004 - CABEZAL P/TRANSF. BIDET Y DUCHA EMBUTIR,0,0,08/05/2026 09:32:42
13381196,08/04/2026 15:46:11,08/05/2026 06:32:42,gsoderquvist,6415,00:08:59,14:46:31,539,53191,Fuera de Tiempo,10,22,0,,,Excedido,"RA771C         ",RA771C - CAMPANA C/BUJE LINEAS STD CROMO,0,0,08/05/2026 09:32:42
13381196,08/04/2026 15:46:11,08/05/2026 06:32:42,gsoderquvist,6415,00:08:59,14:46:31,539,53191,Fuera de Tiempo,20,22,0,,,Excedido,"RA874          ",RA874 - 10 BUJES SUJETA CAMPANA DE BAÑO NEGRO,0,0,08/05/2026 09:32:42
13385320,08/05/2026 06:19:18,08/05/2026 06:19:29,rodriguezt,6419,00:00:39,00:00:11,39,11,En Tiempo,1,1,0,,,Excedido,"61-203         ",61-203 - LAVATORIO MONOCOMANDO ALTO ADRA,0,0,08/05/2026 09:19:29
13385325,08/05/2026 06:20:07,08/05/2026 06:20:12,rodriguezt,6419,00:00:39,00:00:05,39,5,En Tiempo,1,1,0,00:00:38,38,Logico,"61-193         ",61-193 - LAVATORIO MONOCOMANDO ALTO MORA,0,0,08/05/2026 09:20:12
13385326,08/05/2026 06:20:27,08/05/2026 06:20:34,rodriguezt,6419,00:00:39,00:00:07,39,7,En Tiempo,1,1,0,00:00:15,15,Logico,"61-200G        ",61-200G - LAVATORIO MONOC ALTO GOLD FABRIC,0,0,08/05/2026 09:20:34
13385331,08/05/2026 06:21:16,08/05/2026 06:23:56,rodriguezt,6419,00:00:40,00:02:40,40,160,Fuera de Tiempo,2,1,0,00:00:42,42,Logico,"70-162         ",70-162 - BIDE CR C.CERAM LINEA ADRA,0,0,08/05/2026 09:23:56
13385341,08/05/2026 06:24:31,08/05/2026 06:24:42,rodriguezt,6419,00:00:44,00:00:11,44,11,En Tiempo,1,2,0,00:00:35,35,Logico,"21-160         ","MONOCOMANDO DUO COCINA CROMO DIQUE                                    ",0,0,08/05/2026 09:24:42
13385341,08/05/2026 06:24:31,08/05/2026 06:24:42,rodriguezt,6419,00:00:44,00:00:11,44,11,En Tiempo,1,2,0,00:00:35,35,Logico,"20-122S        ","MONOCOMANDO COCINA INOX C/PICO EXTRAIBLE VALENCIA                     ",0,0,08/05/2026 09:24:42
13385352,08/05/2026 06:26:27,08/05/2026 06:26:40,rodriguezt,6419,00:00:47,00:00:13,47,13,En Tiempo,1,3,0,00:01:45,105,Logico,"30-132         ",30-132 - COCINA MESADA MONOC. C/DUCHADOR EXTENSIBLE VIGO,0,0,08/05/2026 09:26:40
13385352,08/05/2026 06:26:27,08/05/2026 06:26:40,rodriguezt,6419,00:00:47,00:00:13,47,13,En Tiempo,1,3,0,00:01:45,105,Logico,"84-203         ","DUCHA EXT C/COLUMNA Y TRANSF CR ADRA                                  ",0,0,08/05/2026 09:26:40
13385352,08/05/2026 06:26:27,08/05/2026 06:26:40,rodriguezt,6419,00:00:47,00:00:13,47,13,En Tiempo,1,3,0,00:01:45,105,Logico,"70-203         ",70-203 - BIDE MONOCOMANDO ADRA,0,0,08/05/2026 09:26:40
13385363,08/05/2026 06:28:29,08/05/2026 06:30:50,rodriguezt,6419,00:00:58,00:02:21,58,141,Fuera de Tiempo,4,3,0,00:01:49,109,Logico,"20-172         ",20-172 - COCINA MESADA MONOC. COLORS NEGRO,0,0,08/05/2026 09:30:50
13385363,08/05/2026 06:28:29,08/05/2026 06:30:50,rodriguezt,6419,00:00:58,00:02:21,58,141,Fuera de Tiempo,5,3,0,00:01:49,109,Logico,"20-140         ",20-140 - MONOCOMANDO DE COCINA LINEA CUINA,0,0,08/05/2026 09:30:50
13385363,08/05/2026 06:28:29,08/05/2026 06:30:50,rodriguezt,6419,00:00:58,00:02:21,58,141,Fuera de Tiempo,5,3,0,00:01:49,109,Logico,"RA002          ",RA002 - CABEZAL DERECHO CIERRE CERAMICO (FRIA),0,0,08/05/2026 09:30:50
13385399,08/05/2026 06:36:30,08/05/2026 06:36:59,gsoderquvist,6415,00:01:23,00:00:29,83,29,En Tiempo,3,4,0,00:03:48,228,Logico,"60-133         ",60-133 - LAVATORIO MONOCOMANDO LUGO,0,0,08/05/2026 09:36:59
13385399,08/05/2026 06:36:30,08/05/2026 06:36:59,gsoderquvist,6415,00:01:23,00:00:29,83,29,En Tiempo,6,4,0,00:03:48,228,Logico,"80-057         ",80-057 - DUCHA EMB. C/TRANSF. C.STD VERIN PLUS,0,0,08/05/2026 09:36:59
13385399,08/05/2026 06:36:30,08/05/2026 06:36:59,gsoderquvist,6415,00:01:23,00:00:29,83,29,En Tiempo,6,4,0,00:03:48,228,Logico,"70-057         ",70-057 - BIDE C.STD VERIN PLUS,0,0,08/05/2026 09:36:59
13385399,08/05/2026 06:36:30,08/05/2026 06:36:59,gsoderquvist,6415,00:01:23,00:00:29,83,29,En Tiempo,6,4,0,00:03:48,228,Logico,"60-057         ",60-057 - LAVATORIO C.STD VERIN PLUS,0,0,08/05/2026 09:36:59
13385406,08/05/2026 06:38:25,08/05/2026 06:38:30,rodriguezt,6419,00:00:39,00:00:05,39,5,En Tiempo,1,1,0,00:07:35,455,Excedido,"22-178N        ",22-178N - MONOCOMANDO DE COCINA P/AGUA FILTRADA VITA BLACK,0,0,08/05/2026 09:38:30
13385409,08/05/2026 06:38:48,08/05/2026 06:38:56,rodriguezt,6419,00:00:39,00:00:08,39,8,En Tiempo,1,1,0,00:00:18,18,Logico,"20-202N        ",20-202N - MONOCOMANDO COCINA BLACK HOOP,0,0,08/05/2026 09:38:56
13385413,08/05/2026 06:39:12,08/05/2026 06:39:19,rodriguezt,6419,00:00:48,00:00:07,48,7,En Tiempo,10,1,0,00:00:16,16,Logico,"20-184         ","MONOCOMANDO DE COCINA CR SUV                                          ",0,0,08/05/2026 09:39:19
13385414,08/05/2026 06:39:33,08/05/2026 06:39:40,rodriguezt,6419,00:00:47,00:00:07,47,7,En Tiempo,1,3,0,00:00:14,14,Logico,"90-045         ",90-045 - PACK GRIF LAV-BID-DUCHA C/TRANSF CRUZ,0,0,08/05/2026 09:39:40
13385414,08/05/2026 06:39:33,08/05/2026 06:39:40,rodriguezt,6419,00:00:47,00:00:07,47,7,En Tiempo,1,3,0,00:00:14,14,Logico,"914            ",914 - JGO.MDA.P.CAÑO BL/CR ARES,0,0,08/05/2026 09:39:40
13385414,08/05/2026 06:39:33,08/05/2026 06:39:40,rodriguezt,6419,00:00:47,00:00:07,47,7,En Tiempo,1,3,0,00:00:14,14,Logico,"LG03C80        ",LG03C80 - DUCHA EMB. C/TRANSF. CR C.STD BERNA,0,0,08/05/2026 09:39:40
13385418,08/05/2026 06:40:28,08/05/2026 06:40:32,rodriguezt,6419,00:00:39,00:00:04,39,4,En Tiempo,1,1,0,00:00:48,48,Logico,"20-184         ","MONOCOMANDO DE COCINA CR SUV                                          ",0,0,08/05/2026 09:40:32
13385427,08/05/2026 06:42:28,08/05/2026 06:42:45,rodriguezt,6419,00:01:17,00:00:17,77,17,En Tiempo,1,5,0,00:01:56,116,Logico,"214/CR         ",214/CR - LAVATORIO CR/CR ARES,0,0,08/05/2026 09:42:45
13385427,08/05/2026 06:42:28,08/05/2026 06:42:45,rodriguezt,6419,00:01:17,00:00:17,77,17,En Tiempo,1,5,0,00:01:56,116,Logico,"80-045         ",80-045 - DUCHA EMB.C/TRANSF CR  C.STD CRUZ,0,0,08/05/2026 09:42:45
13385427,08/05/2026 06:42:28,08/05/2026 06:42:45,rodriguezt,6419,00:01:17,00:00:17,77,17,En Tiempo,1,5,0,00:01:56,116,Logico,"70-045         ",70-045 - BIDE CROMO C.STD CRUZ,0,0,08/05/2026 09:42:45
13385427,08/05/2026 06:42:28,08/05/2026 06:42:45,rodriguezt,6419,00:01:17,00:00:17,77,17,En Tiempo,3,5,0,00:01:56,116,Logico,"60-045         ",60-045 - LAVATORIO CR/CR C.STD CRUZ,0,0,08/05/2026 09:42:45
13385427,08/05/2026 06:42:28,08/05/2026 06:42:45,rodriguezt,6419,00:01:17,00:00:17,77,17,En Tiempo,1,5,0,00:01:56,116,Logico,"60-057         ",60-057 - LAVATORIO C.STD VERIN PLUS,0,0,08/05/2026 09:42:45
13385431,08/05/2026 06:43:01,08/05/2026 06:43:15,rodriguezt,6419,00:00:48,00:00:14,48,14,En Tiempo,8,1,0,00:00:16,16,Logico,"939            ",939 - JGO.COCINA C/EXTENSIBLE CR LAZA,0,0,08/05/2026 09:43:15
13385460,08/05/2026 06:47:16,08/05/2026 06:55:01,rodriguezt,6419,00:03:00,00:07:45,180,465,Fuera de Tiempo,6,9,0,00:04:01,241,Logico,"70-010         ",70-010 - BIDE BL/CR LORCA,0,0,08/05/2026 09:55:01
13385460,08/05/2026 06:47:16,08/05/2026 06:55:01,rodriguezt,6419,00:03:00,00:07:45,180,465,Fuera de Tiempo,6,9,0,00:04:01,241,Logico,"80-010         ",80-010 - DUCHA EMB. C/TRANSF. BL/CR LORCA,0,0,08/05/2026 09:55:01
13385460,08/05/2026 06:47:16,08/05/2026 06:55:01,rodriguezt,6419,00:03:00,00:07:45,180,465,Fuera de Tiempo,2,9,0,00:04:01,241,Logico,"62-201NI       ",62-201NI - LAVATORIO DE PARED C.CERAM BEAT NICKEL,0,0,08/05/2026 09:55:01
13385460,08/05/2026 06:47:16,08/05/2026 06:55:01,rodriguezt,6419,00:03:00,00:07:45,180,465,Fuera de Tiempo,4,9,0,00:04:01,241,Logico,"61-176         ",61-176 - LAVATORIO MONOC ALTO CR RIO,0,0,08/05/2026 09:55:01
13385460,08/05/2026 06:47:16,08/05/2026 06:55:01,rodriguezt,6419,00:03:00,00:07:45,180,465,Fuera de Tiempo,6,9,0,00:04:01,241,Logico,"70-176         ",70-176 - BIDE MONOC C/TRANSF CR RIO,0,0,08/05/2026 09:55:01
13385460,08/05/2026 06:47:16,08/05/2026 06:55:01,rodriguezt,6419,00:03:00,00:07:45,180,465,Fuera de Tiempo,16,9,0,00:04:01,241,Logico,"60-176         ","LAVATORIO MONOCOMANDO BAJO CR RIO                                     ",0,0,08/05/2026 09:55:01
13385460,08/05/2026 06:47:16,08/05/2026 06:55:01,rodriguezt,6419,00:03:00,00:07:45,180,465,Fuera de Tiempo,2,9,0,00:04:01,241,Logico,"80-176         ",80-176 - DUCHA EMB C/TRANSF MONOC CR RIO,0,0,08/05/2026 09:55:01
13385460,08/05/2026 06:47:16,08/05/2026 06:55:01,rodriguezt,6419,00:03:00,00:07:45,180,465,Fuera de Tiempo,1,9,0,00:04:01,241,Logico,"60-200G        ",60-200G - LAVATORIO MONOC BAJO GOLD FABRIC,0,0,08/05/2026 09:55:01
13385460,08/05/2026 06:47:16,08/05/2026 06:55:01,rodriguezt,6419,00:03:00,00:07:45,180,465,Fuera de Tiempo,2,9,0,00:04:01,241,Logico,"80-203N        ","DUCHA EMB C/TRANSF. MONOCOMANDO ADRA BLACK PLUS                       ",0,0,08/05/2026 09:55:01
13385488,08/05/2026 06:51:30,08/05/2026 06:51:36,gsoderquvist,6415,00:00:39,00:00:06,39,6,En Tiempo,1,1,0,00:14:31,871,Excedido,"RA004          ",RA004 - CABEZAL P/TRANSF. BIDET Y DUCHA EMBUTIR,0,0,08/05/2026 09:51:36
13385557,08/05/2026 07:03:25,08/05/2026 07:03:37,rodriguezt,6419,00:00:44,00:00:12,44,12,En Tiempo,1,2,0,00:08:24,504,Excedido,"85-168N        ",85-168N - DUCHA MONOC C/TRANSF Y DUCHADOR BLACK WAVE,0,0,08/05/2026 10:03:37
13385557,08/05/2026 07:03:25,08/05/2026 07:03:37,rodriguezt,6419,00:00:44,00:00:12,44,12,En Tiempo,1,2,0,00:08:24,504,Excedido,"63-168N        ","LAVATORIO PARED EMB MONOC BLACK WAVE                                  ",0,0,08/05/2026 10:03:37
13385559,08/05/2026 07:03:55,08/05/2026 07:04:14,rodriguezt,6419,00:01:22,00:00:19,82,19,En Tiempo,1,5,0,00:00:18,18,Logico,"70-057         ",70-057 - BIDE C.STD VERIN PLUS,0,0,08/05/2026 10:04:14
13385559,08/05/2026 07:03:55,08/05/2026 07:04:14,rodriguezt,6419,00:01:22,00:00:19,82,19,En Tiempo,1,5,0,00:00:18,18,Logico,"60-162         ",60-162 - LAVATORIO CR C.CERAM LINEA ADRA,0,0,08/05/2026 10:04:14
13385559,08/05/2026 07:03:55,08/05/2026 07:04:14,rodriguezt,6419,00:01:22,00:00:19,82,19,En Tiempo,4,5,0,00:00:18,18,Logico,"910/M          ","910/M - JGO.MDA.P.CANO CROMO ""DIQUE""",0,0,08/05/2026 10:04:14
13385559,08/05/2026 07:03:55,08/05/2026 07:04:14,rodriguezt,6419,00:01:22,00:00:19,82,19,En Tiempo,1,5,0,00:00:18,18,Logico,"61-193         ",61-193 - LAVATORIO MONOCOMANDO ALTO MORA,0,0,08/05/2026 10:04:14
13385559,08/05/2026 07:03:55,08/05/2026 07:04:14,rodriguezt,6419,00:01:22,00:00:19,82,19,En Tiempo,2,5,0,00:00:18,18,Logico,"20-134         ",20-134 - MONOCOMANDO COCINA BETIS,0,0,08/05/2026 10:04:14
13385568,08/05/2026 07:04:41,08/05/2026 07:05:29,rodriguezt,6419,00:01:21,00:00:48,81,48,En Tiempo,2,5,0,00:00:27,27,Logico,"70-162         ",70-162 - BIDE CR C.CERAM LINEA ADRA,0,0,08/05/2026 10:05:29
13385568,08/05/2026 07:04:41,08/05/2026 07:05:29,rodriguezt,6419,00:01:21,00:00:48,81,48,En Tiempo,2,5,0,00:00:27,27,Logico,"61-203         ",61-203 - LAVATORIO MONOCOMANDO ALTO ADRA,0,0,08/05/2026 10:05:29
13385568,08/05/2026 07:04:41,08/05/2026 07:05:29,rodriguezt,6419,00:01:21,00:00:48,81,48,En Tiempo,1,5,0,00:00:27,27,Logico,"60-152         ",60-152 - LAVATORIO CR MONOCOMANDO BAJO SORIA,0,0,08/05/2026 10:05:29
13385568,08/05/2026 07:04:41,08/05/2026 07:05:29,rodriguezt,6419,00:01:21,00:00:48,81,48,En Tiempo,1,5,0,00:00:27,27,Logico,"61-205         ",61-205 - LAVATORIO MONOC ALTO STEEL,0,0,08/05/2026 10:05:29
13385568,08/05/2026 07:04:41,08/05/2026 07:05:29,rodriguezt,6419,00:01:21,00:00:48,81,48,En Tiempo,2,5,0,00:00:27,27,Logico,"83-205         ",83-205 - DUCHA EXT C/TRANSF MONOC STEEL PICO CURVO,0,0,08/05/2026 10:05:29
13385599,08/05/2026 07:08:39,08/05/2026 07:08:48,rodriguezt,6419,00:00:43,00:00:09,43,9,En Tiempo,5,1,0,00:03:10,190,Logico,"62-100NI       ",62-100NI - LAVATORIO DE PARED NICKEL C.CERAM FABRIC,0,0,08/05/2026 10:08:48
13385602,08/05/2026 07:09:04,08/05/2026 07:09:23,rodriguezt,6419,00:01:01,00:00:19,61,19,En Tiempo,1,4,0,00:00:16,16,Logico,"70-162         ",70-162 - BIDE CR C.CERAM LINEA ADRA,0,0,08/05/2026 10:09:23
13385602,08/05/2026 07:09:04,08/05/2026 07:09:23,rodriguezt,6419,00:01:01,00:00:19,61,19,En Tiempo,2,4,0,00:00:16,16,Logico,"60-162         ",60-162 - LAVATORIO CR C.CERAM LINEA ADRA,0,0,08/05/2026 10:09:23
13385602,08/05/2026 07:09:04,08/05/2026 07:09:23,rodriguezt,6419,00:01:01,00:00:19,61,19,En Tiempo,1,4,0,00:00:16,16,Logico,"60-162N        ",60-162N - LAVATORIO BLACK C.CERAM LINEA ADRA,0,0,08/05/2026 10:09:23
13385602,08/05/2026 07:09:04,08/05/2026 07:09:23,rodriguezt,6419,00:01:01,00:00:19,61,19,En Tiempo,1,4,0,00:00:16,16,Logico,"22004N         ","SET DE 4 PIEZAS LINEA 22000 BLACK                                     ",0,0,08/05/2026 10:09:23
13385628,08/05/2026 07:11:12,08/05/2026 07:16:02,rodriguezt,6419,00:06:38,00:04:50,398,290,En Tiempo,2,13,0,00:01:49,109,Logico,"BCH02          ",BCH02 - BACHA DE APOYAR CIRCULAR 1 AG. 415x145,0,0,08/05/2026 10:16:02
13385628,08/05/2026 07:11:12,08/05/2026 07:16:02,rodriguezt,6419,00:06:38,00:04:50,398,290,En Tiempo,2,13,0,00:01:49,109,Logico,"BCH12          ",BCH12 - BACHA DE APOYAR BLANCA 460x320x140,0,0,08/05/2026 10:16:02
13385628,08/05/2026 07:11:12,08/05/2026 07:16:02,rodriguezt,6419,00:06:38,00:04:50,398,290,En Tiempo,2,13,0,00:01:49,109,Logico,"BCH07          ",BCH07 - BACHA DE APOYAR OVALADA 400x330x150,0,0,08/05/2026 10:16:02
13385628,08/05/2026 07:11:12,08/05/2026 07:16:02,rodriguezt,6419,00:06:38,00:04:50,398,290,En Tiempo,6,13,0,00:01:49,109,Logico,"70-176         ",70-176 - BIDE MONOC C/TRANSF CR RIO,0,0,08/05/2026 10:16:02
13385628,08/05/2026 07:11:12,08/05/2026 07:16:02,rodriguezt,6419,00:06:38,00:04:50,398,290,En Tiempo,18,13,0,00:01:49,109,Logico,"61-176         ",61-176 - LAVATORIO MONOC ALTO CR RIO,0,0,08/05/2026 10:16:02
13385628,08/05/2026 07:11:12,08/05/2026 07:16:02,rodriguezt,6419,00:06:38,00:04:50,398,290,En Tiempo,18,13,0,00:01:49,109,Logico,"60-176         ","LAVATORIO MONOCOMANDO BAJO CR RIO                                     ",0,0,08/05/2026 10:16:02
13385628,08/05/2026 07:11:12,08/05/2026 07:16:02,rodriguezt,6419,00:06:38,00:04:50,398,290,En Tiempo,6,13,0,00:01:49,109,Logico,"80-176         ",80-176 - DUCHA EMB C/TRANSF MONOC CR RIO,0,0,08/05/2026 10:16:02
13385628,08/05/2026 07:11:12,08/05/2026 07:16:02,rodriguezt,6419,00:06:38,00:04:50,398,290,En Tiempo,12,13,0,00:01:49,109,Logico,"60-176N        ","LAVATORIO MONOCOMANDO BAJO BLACK RIO                                  ",0,0,08/05/2026 10:16:02
13385628,08/05/2026 07:11:12,08/05/2026 07:16:02,rodriguezt,6419,00:06:38,00:04:50,398,290,En Tiempo,6,13,0,00:01:49,109,Logico,"61-176N        ",61-176N - LAVATORIO MONOC ALTO BLACK RIO,0,0,08/05/2026 10:16:02
13385628,08/05/2026 07:11:12,08/05/2026 07:16:02,rodriguezt,6419,00:06:38,00:04:50,398,290,En Tiempo,6,13,0,00:01:49,109,Logico,"70-176N        ",70-176N - BIDE MONOC C/TRANSF BLACK RIO,0,0,08/05/2026 10:16:02
13385628,08/05/2026 07:11:12,08/05/2026 07:16:02,rodriguezt,6419,00:06:38,00:04:50,398,290,En Tiempo,10,13,0,00:01:49,109,Logico,"AB-004         ",AB-004 - AGARRADERA ACERO INOX CROMADO CURVA SAFE,0,0,08/05/2026 10:16:02
13385628,08/05/2026 07:11:12,08/05/2026 07:16:02,rodriguezt,6419,00:06:38,00:04:50,398,290,En Tiempo,10,13,0,00:01:49,109,Logico,"AB-003         ",AB-003 - AGARRADERA ACERO INOX CROMADO 50 CM SAFE,0,0,08/05/2026 10:16:02
13385628,08/05/2026 07:11:12,08/05/2026 07:16:02,rodriguezt,6419,00:06:38,00:04:50,398,290,En Tiempo,10,13,0,00:01:49,109,Logico,"AB-001         ",AB-001 - AGARRADERA ACERO INOX CROMADO 30 CM SAFE,0,0,08/05/2026 10:16:02
13385670,08/05/2026 07:16:14,08/05/2026 07:16:20,gsoderquvist,6415,00:00:40,00:00:06,40,6,En Tiempo,2,1,0,00:24:38,1478,Excedido,"BCH12          ",BCH12 - BACHA DE APOYAR BLANCA 460x320x140,0,0,08/05/2026 10:16:20
13385716,08/05/2026 07:20:49,08/05/2026 07:24:13,rodriguezt,6419,00:06:49,00:03:24,409,204,En Tiempo,2,16,0,00:04:47,287,Logico,"60-162         ",60-162 - LAVATORIO CR C.CERAM LINEA ADRA,0,0,08/05/2026 10:24:13
13385716,08/05/2026 07:20:49,08/05/2026 07:24:13,rodriguezt,6419,00:06:49,00:03:24,409,204,En Tiempo,10,16,0,00:04:47,287,Logico,"51-058         ",51-058 - COCINA MESADA CR C.STD MALBA,0,0,08/05/2026 10:24:13
13385716,08/05/2026 07:20:49,08/05/2026 07:24:13,rodriguezt,6419,00:06:49,00:03:24,409,204,En Tiempo,10,16,0,00:04:47,287,Logico,"70-058         ",70-058 - BIDE CR C.STD MALBA,0,0,08/05/2026 10:24:13
13385716,08/05/2026 07:20:49,08/05/2026 07:24:13,rodriguezt,6419,00:06:49,00:03:24,409,204,En Tiempo,10,16,0,00:04:47,287,Logico,"80-058         ",80-058 - DUCHA EMB. C/TRANSF. CR C.STD MALBA,0,0,08/05/2026 10:24:13
13385716,08/05/2026 07:20:49,08/05/2026 07:24:13,rodriguezt,6419,00:06:49,00:03:24,409,204,En Tiempo,10,16,0,00:04:47,287,Logico,"60-058         ",60-058 - LAVATORIO CR C.STD MALBA,0,0,08/05/2026 10:24:13
13385716,08/05/2026 07:20:49,08/05/2026 07:24:13,rodriguezt,6419,00:06:49,00:03:24,409,204,En Tiempo,5,16,0,00:04:47,287,Logico,"51-001N        ","51-001N - COCINA MESADA ""CROMO Y""",0,0,08/05/2026 10:24:13
13385716,08/05/2026 07:20:49,08/05/2026 07:24:13,rodriguezt,6419,00:06:49,00:03:24,409,204,En Tiempo,4,16,0,00:04:47,287,Logico,"814/CRC        ",814/CRC - MESADA P.FUNDIDO CR/CR C.CERAM. ARES,0,0,08/05/2026 10:24:13
13385716,08/05/2026 07:20:49,08/05/2026 07:24:13,rodriguezt,6419,00:06:49,00:03:24,409,204,En Tiempo,1,16,0,00:04:47,287,Logico,"80-190P        ",80-190P - DUCHA EMB. C/TRANSF. C.CERAM BLACK VELVET PLUS,0,0,08/05/2026 10:24:13
13385716,08/05/2026 07:20:49,08/05/2026 07:24:13,rodriguezt,6419,00:06:49,00:03:24,409,204,En Tiempo,5,16,0,00:04:47,287,Logico,"20-134         ",20-134 - MONOCOMANDO COCINA BETIS,0,0,08/05/2026 10:24:13
13385716,08/05/2026 07:20:49,08/05/2026 07:24:13,rodriguezt,6419,00:06:49,00:03:24,409,204,En Tiempo,8,16,0,00:04:47,287,Logico,"20-160         ",20-160 - MONOCOMANDO MESADA COCINA DIQUE,0,0,08/05/2026 10:24:13
13385716,08/05/2026 07:20:49,08/05/2026 07:24:13,rodriguezt,6419,00:06:49,00:03:24,409,204,En Tiempo,20,16,0,00:04:47,287,Logico,"05-010         ","LAVATORIO BAJO TEMPORIZADO TECNO                                      ",0,0,08/05/2026 10:24:13
13385716,08/05/2026 07:20:49,08/05/2026 07:24:13,rodriguezt,6419,00:06:49,00:03:24,409,204,En Tiempo,5,16,0,00:04:47,287,Logico,"21-160         ","MONOCOMANDO DUO COCINA CROMO DIQUE                                    ",0,0,08/05/2026 10:24:13
13385716,08/05/2026 07:20:49,08/05/2026 07:24:13,rodriguezt,6419,00:06:49,00:03:24,409,204,En Tiempo,20,16,0,00:04:47,287,Logico,"01-010         ","VALVULA P/MINGITORIO TEMPORIZADA TECNO                                ",0,0,08/05/2026 10:24:13
13385716,08/05/2026 07:20:49,08/05/2026 07:24:13,rodriguezt,6419,00:06:49,00:03:24,409,204,En Tiempo,5,16,0,00:04:47,287,Logico,"04-010         ","LAVATORIO DE PARED TEMPORIZADO TECNO                                  ",0,0,08/05/2026 10:24:13
13385716,08/05/2026 07:20:49,08/05/2026 07:24:13,rodriguezt,6419,00:06:49,00:03:24,409,204,En Tiempo,5,16,0,00:04:47,287,Logico,"03-010         ","LAVATORIO ALTO TEMPORIZADO TECNO                                      ",0,0,08/05/2026 10:24:13
13385716,08/05/2026 07:20:49,08/05/2026 07:24:13,rodriguezt,6419,00:06:49,00:03:24,409,204,En Tiempo,1,16,0,00:04:47,287,Logico,"70-168         ",70-168 - BIDE MONOC CR WAVE,0,0,08/05/2026 10:24:13
13385784,08/05/2026 07:29:05,08/05/2026 07:29:51,rodriguezt,6419,00:00:54,00:00:46,54,46,En Tiempo,6,2,0,00:04:52,292,Logico,"20-170         ",20-170 - COCINA MESADA MONOC. COLORS AZUL,0,0,08/05/2026 10:29:51
13385784,08/05/2026 07:29:05,08/05/2026 07:29:51,rodriguezt,6419,00:00:54,00:00:46,54,46,En Tiempo,6,2,0,00:04:52,292,Logico,"20-173         ",20-173 - COCINA MESADA MONOC. COLORS ROJO,0,0,08/05/2026 10:29:51
13385800,08/05/2026 07:30:56,08/05/2026 07:31:32,rodriguezt,6419,00:02:43,00:00:36,163,36,En Tiempo,1,11,0,00:01:05,65,Logico,"60-162         ",60-162 - LAVATORIO CR C.CERAM LINEA ADRA,0,0,08/05/2026 10:31:32
13385800,08/05/2026 07:30:56,08/05/2026 07:31:32,rodriguezt,6419,00:02:43,00:00:36,163,36,En Tiempo,1,11,0,00:01:05,65,Logico,"60-057         ",60-057 - LAVATORIO C.STD VERIN PLUS,0,0,08/05/2026 10:31:32
13385800,08/05/2026 07:30:56,08/05/2026 07:31:32,rodriguezt,6419,00:02:43,00:00:36,163,36,En Tiempo,2,11,0,00:01:05,65,Logico,"70-057         ",70-057 - BIDE C.STD VERIN PLUS,0,0,08/05/2026 10:31:32
13385800,08/05/2026 07:30:56,08/05/2026 07:31:32,rodriguezt,6419,00:02:43,00:00:36,163,36,En Tiempo,1,11,0,00:01:05,65,Logico,"80-057         ",80-057 - DUCHA EMB. C/TRANSF. C.STD VERIN PLUS,0,0,08/05/2026 10:31:32
13385800,08/05/2026 07:30:56,08/05/2026 07:31:32,rodriguezt,6419,00:02:43,00:00:36,163,36,En Tiempo,1,11,0,00:01:05,65,Logico,"80-138         ",80-138 - DUCHA EMB. C/TRANSF. CR C.CERAM VALENCIA PLUS,0,0,08/05/2026 10:31:32
13385800,08/05/2026 07:30:56,08/05/2026 07:31:32,rodriguezt,6419,00:02:43,00:00:36,163,36,En Tiempo,2,11,0,00:01:05,65,Logico,"835            ",835 - JGO.MDA. P.FUNDIDO CR MURCIA,0,0,08/05/2026 10:31:32
13385800,08/05/2026 07:30:56,08/05/2026 07:31:32,rodriguezt,6419,00:02:43,00:00:36,163,36,En Tiempo,1,11,0,00:01:05,65,Logico,"910/M          ","910/M - JGO.MDA.P.CANO CROMO ""DIQUE""",0,0,08/05/2026 10:31:32
13385800,08/05/2026 07:30:56,08/05/2026 07:31:32,rodriguezt,6419,00:02:43,00:00:36,163,36,En Tiempo,3,11,0,00:01:05,65,Logico,"20-134         ",20-134 - MONOCOMANDO COCINA BETIS,0,0,08/05/2026 10:31:32
13385800,08/05/2026 07:30:56,08/05/2026 07:31:32,rodriguezt,6419,00:02:43,00:00:36,163,36,En Tiempo,1,11,0,00:01:05,65,Logico,"61-193         ",61-193 - LAVATORIO MONOCOMANDO ALTO MORA,0,0,08/05/2026 10:31:32
13385800,08/05/2026 07:30:56,08/05/2026 07:31:32,rodriguezt,6419,00:02:43,00:00:36,163,36,En Tiempo,2,11,0,00:01:05,65,Logico,"60-193         ",60-193 - LAVATORIO MONOCOMANDO BAJO MORA,0,0,08/05/2026 10:31:32
13385800,08/05/2026 07:30:56,08/05/2026 07:31:32,rodriguezt,6419,00:02:43,00:00:36,163,36,En Tiempo,2,11,0,00:01:05,65,Logico,"20-160         ",20-160 - MONOCOMANDO MESADA COCINA DIQUE,0,0,08/05/2026 10:31:32
13385812,08/05/2026 07:31:53,08/05/2026 07:37:10,gsoderquvist,6415,00:05:11,00:05:17,311,317,Fuera de Tiempo,2,12,0,00:15:33,933,Excedido,"BID104N-3      ","BIDE 3 AGUJEROS BLACK LINEA STONE                                     ",0,0,08/05/2026 10:32:50
13385812,08/05/2026 07:31:53,08/05/2026 07:37:10,gsoderquvist,6415,00:05:11,00:05:17,311,317,Fuera de Tiempo,2,12,0,00:15:33,933,Excedido,"BID104N-1      ","BIDE 1 AGUJERO BLACK LINEA STONE                                      ",0,0,08/05/2026 10:32:50
13385812,08/05/2026 07:31:53,08/05/2026 07:37:10,gsoderquvist,6415,00:05:11,00:05:17,311,317,Fuera de Tiempo,4,12,0,00:15:33,933,Excedido,"BID104-3       ","BIDE 3 AGUJEROS BLANCO LINEA STONE                                    ",0,0,08/05/2026 10:32:50
13385812,08/05/2026 07:31:53,08/05/2026 07:37:10,gsoderquvist,6415,00:05:11,00:05:17,311,317,Fuera de Tiempo,4,12,0,00:15:33,933,Excedido,"BID104-1       ","BIDE 1 AGUJERO BLANCO LINEA STONE                                     ",0,0,08/05/2026 10:32:50
13385812,08/05/2026 07:31:53,08/05/2026 07:37:10,gsoderquvist,6415,00:05:11,00:05:17,311,317,Fuera de Tiempo,1,12,0,00:15:33,933,Excedido,"INO104-1       ","INODORO BLANCO C/ASIENTO LINEA STONE                                  ",0,0,08/05/2026 10:32:50
13385812,08/05/2026 07:31:53,08/05/2026 07:37:10,gsoderquvist,6415,00:05:11,00:05:17,311,317,Fuera de Tiempo,5,12,0,00:15:33,933,Excedido,"INO104-2       ","DEPOSITO C/DESCARGA DUAL BLANCO LINEA STONE                           ",0,0,08/05/2026 10:32:50
13385812,08/05/2026 07:31:53,08/05/2026 07:37:10,gsoderquvist,6415,00:05:11,00:05:17,311,317,Fuera de Tiempo,7,12,0,00:15:33,933,Excedido,"INO104-1       ","INODORO BLANCO C/ASIENTO LINEA STONE                                  ",0,0,08/05/2026 10:33:58
13385812,08/05/2026 07:31:53,08/05/2026 07:37:10,gsoderquvist,6415,00:05:11,00:05:17,311,317,Fuera de Tiempo,3,12,0,00:15:33,933,Excedido,"INO104-2       ","DEPOSITO C/DESCARGA DUAL BLANCO LINEA STONE                           ",0,0,08/05/2026 10:33:58
13385812,08/05/2026 07:31:53,08/05/2026 07:37:10,gsoderquvist,6415,00:05:11,00:05:17,311,317,Fuera de Tiempo,4,12,0,00:15:33,933,Excedido,"INO104N-2      ","DEPOSITO C/DESCARGA DUAL BLACK LINEA STONE                            ",0,0,08/05/2026 10:33:58
13385812,08/05/2026 07:31:53,08/05/2026 07:37:10,gsoderquvist,6415,00:05:11,00:05:17,311,317,Fuera de Tiempo,2,12,0,00:15:33,933,Excedido,"INO104N-1      ","INODORO BLACK C/ASIENTO LINEA STONE                                   ",0,0,08/05/2026 10:33:58
13385812,08/05/2026 07:31:53,08/05/2026 07:37:10,gsoderquvist,6415,00:05:11,00:05:17,311,317,Fuera de Tiempo,2,12,0,00:15:33,933,Excedido,"INO104N-1      ","INODORO BLACK C/ASIENTO LINEA STONE                                   ",0,0,08/05/2026 10:37:10
13385812,08/05/2026 07:31:53,08/05/2026 07:37:10,gsoderquvist,6415,00:05:11,00:05:17,311,317,Fuera de Tiempo,2,12,0,00:15:33,933,Excedido,"80-100G        ",80-100G - DUCHA EMB. C/TRANSF. GOLD C.CERAM FABRIC,0,0,08/05/2026 10:37:10
13385812,08/05/2026 07:31:53,08/05/2026 07:37:10,gsoderquvist,6415,00:05:11,00:05:17,311,317,Fuera de Tiempo,3,12,0,00:15:33,933,Excedido,"62-162         ",62-162 - LAVATORIO DE PARED CR C.CERAM ADRA,0,0,08/05/2026 10:37:10
13385812,08/05/2026 07:31:53,08/05/2026 07:37:10,gsoderquvist,6415,00:05:11,00:05:17,311,317,Fuera de Tiempo,10,12,0,00:15:33,933,Excedido,"90-166         ",90-166 - PACK GRIF. ADRA PLUS (Lav-Bide-Ducha c/t Plus),0,0,08/05/2026 10:37:10
13385812,08/05/2026 07:31:53,08/05/2026 07:37:10,gsoderquvist,6415,00:05:11,00:05:17,311,317,Fuera de Tiempo,8,12,0,00:15:33,933,Excedido,"70-162         ",70-162 - BIDE CR C.CERAM LINEA ADRA,0,0,08/05/2026 10:37:10
13385899,08/05/2026 07:39:01,08/05/2026 07:39:48,rodriguezt,6419,00:02:14,00:00:47,134,47,En Tiempo,1,9,0,00:07:29,449,Excedido,"61-130         ",61-130 - LAVATORIO MONOCOMANDO ALTO BILBAO,0,0,08/05/2026 10:39:48
13385899,08/05/2026 07:39:01,08/05/2026 07:39:48,rodriguezt,6419,00:02:14,00:00:47,134,47,En Tiempo,7,9,0,00:07:29,449,Excedido,"70-200N        ",70-200N - BIDE MONOCOMANDO BLACK FABRIC,0,0,08/05/2026 10:39:48
13385899,08/05/2026 07:39:01,08/05/2026 07:39:48,rodriguezt,6419,00:02:14,00:00:47,134,47,En Tiempo,2,9,0,00:07:29,449,Excedido,"20-146         ",20-146 - MONOCOMANDO DE COCINA CR LINEA MOVE,0,0,08/05/2026 10:39:48
13385899,08/05/2026 07:39:01,08/05/2026 07:39:48,rodriguezt,6419,00:02:14,00:00:47,134,47,En Tiempo,1,9,0,00:07:29,449,Excedido,"20-146N        ",20-146N - MONOCOMANDO DE COCINA BLACK LINEA MOVE,0,0,08/05/2026 10:39:48
13385899,08/05/2026 07:39:01,08/05/2026 07:39:48,rodriguezt,6419,00:02:14,00:00:47,134,47,En Tiempo,1,9,0,00:07:29,449,Excedido,"3005           ",3005 - SET DE 5 PIEZAS LINEA 3000,0,0,08/05/2026 10:39:48
13385899,08/05/2026 07:39:01,08/05/2026 07:39:48,rodriguezt,6419,00:02:14,00:00:47,134,47,En Tiempo,1,9,0,00:07:29,449,Excedido,"70-203         ",70-203 - BIDE MONOCOMANDO ADRA,0,0,08/05/2026 10:39:48
13385899,08/05/2026 07:39:01,08/05/2026 07:39:48,rodriguezt,6419,00:02:14,00:00:47,134,47,En Tiempo,1,9,0,00:07:29,449,Excedido,"62-190         ",62-190 - LAVATORIO PARED EMB. C.CERAM BLACK VELVET,0,0,08/05/2026 10:39:48
13385899,08/05/2026 07:39:01,08/05/2026 07:39:48,rodriguezt,6419,00:02:14,00:00:47,134,47,En Tiempo,1,9,0,00:07:29,449,Excedido,"60-122         ",60-122 - LAVATORIO C.CERAM CR VALENCIA,0,0,08/05/2026 10:39:48
13385899,08/05/2026 07:39:01,08/05/2026 07:39:48,rodriguezt,6419,00:02:14,00:00:47,134,47,En Tiempo,1,9,0,00:07:29,449,Excedido,"60-203         ",60-203 - LAVATORIO MONOCOMANDO BAJO ADRA,0,0,08/05/2026 10:39:48
13385922,08/05/2026 07:40:59,08/05/2026 07:41:19,rodriguezt,6419,00:00:43,00:00:20,43,20,En Tiempo,6,1,0,00:01:11,71,Logico,"60-176         ","LAVATORIO MONOCOMANDO BAJO CR RIO                                     ",0,0,08/05/2026 10:41:19
13386064,08/05/2026 07:52:32,08/05/2026 07:52:43,rodriguezt,6419,00:00:40,00:00:11,40,11,En Tiempo,2,1,0,00:11:13,673,Excedido,"60-180         ",60-180 - LAVATORIO MONOCOMANDO BAJO VERA,0,0,08/05/2026 10:52:43
13386654,08/05/2026 08:26:50,08/05/2026 08:29:07,rodriguezt,6419,00:07:43,00:02:17,463,137,En Tiempo,10,18,0,00:34:07,2047,Excedido,"51-058         ",51-058 - COCINA MESADA CR C.STD MALBA,0,0,08/05/2026 11:29:07
13386654,08/05/2026 08:26:50,08/05/2026 08:29:07,rodriguezt,6419,00:07:43,00:02:17,463,137,En Tiempo,2,18,0,00:34:07,2047,Excedido,"80-136         ",80-136 - DUCHA EMB. C/TRANSF. CR C.C. MARBELLA PLUS,0,0,08/05/2026 11:29:07
13386654,08/05/2026 08:26:50,08/05/2026 08:29:07,rodriguezt,6419,00:07:43,00:02:17,463,137,En Tiempo,10,18,0,00:34:07,2047,Excedido,"80-058         ",80-058 - DUCHA EMB. C/TRANSF. CR C.STD MALBA,0,0,08/05/2026 11:29:07
13386654,08/05/2026 08:26:50,08/05/2026 08:29:07,rodriguezt,6419,00:07:43,00:02:17,463,137,En Tiempo,6,18,0,00:34:07,2047,Excedido,"60-058         ",60-058 - LAVATORIO CR C.STD MALBA,0,0,08/05/2026 11:29:07
13386654,08/05/2026 08:26:50,08/05/2026 08:29:07,rodriguezt,6419,00:07:43,00:02:17,463,137,En Tiempo,6,18,0,00:34:07,2047,Excedido,"51-107         ",51-107 - JGO. MESADA CR C.CERAM BEDIA,0,0,08/05/2026 11:29:07
13386654,08/05/2026 08:26:50,08/05/2026 08:29:07,rodriguezt,6419,00:07:43,00:02:17,463,137,En Tiempo,6,18,0,00:34:07,2047,Excedido,"60-045         ",60-045 - LAVATORIO CR/CR C.STD CRUZ,0,0,08/05/2026 11:29:07
13386654,08/05/2026 08:26:50,08/05/2026 08:29:07,rodriguezt,6419,00:07:43,00:02:17,463,137,En Tiempo,6,18,0,00:34:07,2047,Excedido,"80-045         ",80-045 - DUCHA EMB.C/TRANSF CR  C.STD CRUZ,0,0,08/05/2026 11:29:07
13386654,08/05/2026 08:26:50,08/05/2026 08:29:07,rodriguezt,6419,00:07:43,00:02:17,463,137,En Tiempo,6,18,0,00:34:07,2047,Excedido,"934/CR         ",934/CR - J.PARED C/EXT CRUZ CR/CR ARES,0,0,08/05/2026 11:29:07
13386654,08/05/2026 08:26:50,08/05/2026 08:29:07,rodriguezt,6419,00:07:43,00:02:17,463,137,En Tiempo,2,18,0,00:34:07,2047,Excedido,"70-121         ",70-121 - BIDE C.CERAM CR MARBELLA,0,0,08/05/2026 11:29:07
13386654,08/05/2026 08:26:50,08/05/2026 08:29:07,rodriguezt,6419,00:07:43,00:02:17,463,137,En Tiempo,2,18,0,00:34:07,2047,Excedido,"60-121         ",60-121 - LAVATORIO C.CERAM CR MARBELLA,0,0,08/05/2026 11:29:07
13386654,08/05/2026 08:26:50,08/05/2026 08:29:07,rodriguezt,6419,00:07:43,00:02:17,463,137,En Tiempo,10,18,0,00:34:07,2047,Excedido,"12006          ","SET DE 6 PIEZAS LINEA 12000                                           ",0,0,08/05/2026 11:29:07
13386654,08/05/2026 08:26:50,08/05/2026 08:29:07,rodriguezt,6419,00:07:43,00:02:17,463,137,En Tiempo,6,18,0,00:34:07,2047,Excedido,"60-133         ",60-133 - LAVATORIO MONOCOMANDO LUGO,0,0,08/05/2026 11:29:07
13386654,08/05/2026 08:26:50,08/05/2026 08:29:07,rodriguezt,6419,00:07:43,00:02:17,463,137,En Tiempo,4,18,0,00:34:07,2047,Excedido,"83-133         ",83-133 - DUCHA EXT. C/TRANSF. MONOCOMANDO LUGO,0,0,08/05/2026 11:29:07
13386654,08/05/2026 08:26:50,08/05/2026 08:29:07,rodriguezt,6419,00:07:43,00:02:17,463,137,En Tiempo,8,18,0,00:34:07,2047,Excedido,"20-160         ",20-160 - MONOCOMANDO MESADA COCINA DIQUE,0,0,08/05/2026 11:29:07
13386654,08/05/2026 08:26:50,08/05/2026 08:29:07,rodriguezt,6419,00:07:43,00:02:17,463,137,En Tiempo,6,18,0,00:34:07,2047,Excedido,"20-146         ",20-146 - MONOCOMANDO DE COCINA CR LINEA MOVE,0,0,08/05/2026 11:29:07
13386654,08/05/2026 08:26:50,08/05/2026 08:29:07,rodriguezt,6419,00:07:43,00:02:17,463,137,En Tiempo,2,18,0,00:34:07,2047,Excedido,"70-133         ",70-133 - BIDE MONOCOMANDO LUGO,0,0,08/05/2026 11:29:07
13386654,08/05/2026 08:26:50,08/05/2026 08:29:07,rodriguezt,6419,00:07:43,00:02:17,463,137,En Tiempo,6,18,0,00:34:07,2047,Excedido,"20-172         ",20-172 - COCINA MESADA MONOC. COLORS NEGRO,0,0,08/05/2026 11:29:07
13386654,08/05/2026 08:26:50,08/05/2026 08:29:07,rodriguezt,6419,00:07:43,00:02:17,463,137,En Tiempo,6,18,0,00:34:07,2047,Excedido,"20-174         ",20-174 - COCINA MESADA MONOC. COLORS BLACK,0,0,08/05/2026 11:29:07
13386749,08/05/2026 08:31:05,08/05/2026 08:31:52,gsoderquvist,6415,00:01:24,00:00:47,84,47,En Tiempo,4,3,0,00:53:55,3235,Excedido,"85-183         ","DUCHA EMB C/TRANSF Y DUCHADOR MONOC MAT                               ",0,0,08/05/2026 11:31:52
13386749,08/05/2026 08:31:05,08/05/2026 08:31:52,gsoderquvist,6415,00:01:24,00:00:47,84,47,En Tiempo,30,3,0,00:53:55,3235,Excedido,"20-122         ","MONOCOMANDO COCINA CR C/PICO EXTRAIBLE VALENCIA                       ",0,0,08/05/2026 11:31:52
13386749,08/05/2026 08:31:05,08/05/2026 08:31:52,gsoderquvist,6415,00:01:24,00:00:47,84,47,En Tiempo,4,3,0,00:53:55,3235,Excedido,"60-176N        ","LAVATORIO MONOCOMANDO BAJO BLACK RIO                                  ",0,0,08/05/2026 11:31:52
13386867,08/05/2026 08:35:56,08/05/2026 08:36:24,rodriguezt,6419,00:02:11,00:00:28,131,28,En Tiempo,1,8,0,00:06:49,409,Excedido,"BCH05          ",BCH05 - BACHA DE APOYAR CUADRADA 370x370x130,0,0,08/05/2026 11:36:24
13386867,08/05/2026 08:35:56,08/05/2026 08:36:24,rodriguezt,6419,00:02:11,00:00:28,131,28,En Tiempo,2,8,0,00:06:49,409,Excedido,"BCH18          ",BCH18 - BACHA DE APOYAR SIMIL MARMOL 460x320x140,0,0,08/05/2026 11:36:24
13386867,08/05/2026 08:35:56,08/05/2026 08:36:24,rodriguezt,6419,00:02:11,00:00:28,131,28,En Tiempo,2,8,0,00:06:49,409,Excedido,"61-203         ",61-203 - LAVATORIO MONOCOMANDO ALTO ADRA,0,0,08/05/2026 11:36:24
13386867,08/05/2026 08:35:56,08/05/2026 08:36:24,rodriguezt,6419,00:02:11,00:00:28,131,28,En Tiempo,2,8,0,00:06:49,409,Excedido,"60-203         ",60-203 - LAVATORIO MONOCOMANDO BAJO ADRA,0,0,08/05/2026 11:36:24
13386867,08/05/2026 08:35:56,08/05/2026 08:36:24,rodriguezt,6419,00:02:11,00:00:28,131,28,En Tiempo,4,8,0,00:06:49,409,Excedido,"60-168         ",60-168 - LAVATORIO MONOC BAJO CR WAVE,0,0,08/05/2026 11:36:24
13386867,08/05/2026 08:35:56,08/05/2026 08:36:24,rodriguezt,6419,00:02:11,00:00:28,131,28,En Tiempo,2,8,0,00:06:49,409,Excedido,"61-205         ",61-205 - LAVATORIO MONOC ALTO STEEL,0,0,08/05/2026 11:36:24
13386867,08/05/2026 08:35:56,08/05/2026 08:36:24,rodriguezt,6419,00:02:11,00:00:28,131,28,En Tiempo,2,8,0,00:06:49,409,Excedido,"20-205         ",20-205 - MONOCOMANDO DE COCINA STEEL,0,0,08/05/2026 11:36:24
13386867,08/05/2026 08:35:56,08/05/2026 08:36:24,rodriguezt,6419,00:02:11,00:00:28,131,28,En Tiempo,1,8,0,00:06:49,409,Excedido,"70-203         ",70-203 - BIDE MONOCOMANDO ADRA,0,0,08/05/2026 11:36:24
13386897,08/05/2026 08:37:07,08/05/2026 08:37:30,gsoderquvist,6415,00:01:49,00:00:23,109,23,En Tiempo,50,2,0,00:05:15,315,Logico,"1330           ","QUEINOX MACHO MOVIL MH 1/2"" x 30                                      ",0,0,08/05/2026 11:37:30
13386897,08/05/2026 08:37:07,08/05/2026 08:37:30,gsoderquvist,6415,00:01:49,00:00:23,109,23,En Tiempo,50,2,0,00:05:15,315,Logico,"1335           ","QUEINOX MACHO MOVIL MH 1/2"" x 35                                      ",0,0,08/05/2026 11:37:30
13386909,08/05/2026 08:37:35,08/05/2026 08:40:07,gsoderquvist,6415,00:00:48,00:02:32,48,152,Fuera de Tiempo,10,1,0,00:00:05,5,Logico,"1930-70GN      ",1930-70GN - FLEXIBLE P/GAS NATURAL C/PILAR H 1 1/4-M 3/4 30-70,0,0,08/05/2026 11:40:07
13386925,08/05/2026 08:38:28,08/05/2026 08:48:12,ascirica,6414,00:03:01,00:09:44,181,584,Fuera de Tiempo,20,5,0,,,Excedido,"80-058         ",80-058 - DUCHA EMB. C/TRANSF. CR C.STD MALBA,0,0,08/05/2026 11:48:12
13386925,08/05/2026 08:38:28,08/05/2026 08:48:12,ascirica,6414,00:03:01,00:09:44,181,584,Fuera de Tiempo,10,5,0,,,Excedido,"835            ",835 - JGO.MDA. P.FUNDIDO CR MURCIA,0,0,08/05/2026 11:48:12
13386925,08/05/2026 08:38:28,08/05/2026 08:48:12,ascirica,6414,00:03:01,00:09:44,181,584,Fuera de Tiempo,10,5,0,,,Excedido,"83-133         ",83-133 - DUCHA EXT. C/TRANSF. MONOCOMANDO LUGO,0,0,08/05/2026 11:48:12
13386925,08/05/2026 08:38:28,08/05/2026 08:48:12,ascirica,6414,00:03:01,00:09:44,181,584,Fuera de Tiempo,32,5,0,,,Excedido,"20-160         ",20-160 - MONOCOMANDO MESADA COCINA DIQUE,0,0,08/05/2026 11:48:12
13386925,08/05/2026 08:38:28,08/05/2026 08:48:12,ascirica,6414,00:03:01,00:09:44,181,584,Fuera de Tiempo,4,5,0,,,Excedido,"70-133         ",70-133 - BIDE MONOCOMANDO LUGO,0,0,08/05/2026 11:48:12
13387060,08/05/2026 08:44:29,08/05/2026 08:46:33,gsoderquvist,6415,00:01:23,00:02:04,83,124,Fuera de Tiempo,6,4,0,00:04:22,262,Logico,"20-134         ",20-134 - MONOCOMANDO COCINA BETIS,0,0,08/05/2026 11:46:33
13387060,08/05/2026 08:44:29,08/05/2026 08:46:33,gsoderquvist,6415,00:01:23,00:02:04,83,124,Fuera de Tiempo,6,4,0,00:04:22,262,Logico,"60-133         ",60-133 - LAVATORIO MONOCOMANDO LUGO,0,0,08/05/2026 11:46:33
13387060,08/05/2026 08:44:29,08/05/2026 08:46:33,gsoderquvist,6415,00:01:23,00:02:04,83,124,Fuera de Tiempo,10,4,0,00:04:22,262,Logico,"20-184         ","MONOCOMANDO DE COCINA CR SUV                                          ",0,0,08/05/2026 11:46:33
13387060,08/05/2026 08:44:29,08/05/2026 08:46:33,gsoderquvist,6415,00:01:23,00:02:04,83,124,Fuera de Tiempo,2,4,0,00:04:22,262,Logico,"60-180         ",60-180 - LAVATORIO MONOCOMANDO BAJO VERA,0,0,08/05/2026 11:46:33
13387157,08/05/2026 08:48:39,08/05/2026 08:52:03,gsoderquvist,6415,00:03:44,00:03:24,224,204,En Tiempo,1,10,0,00:02:06,126,Logico,"BCH07          ",BCH07 - BACHA DE APOYAR OVALADA 400x330x150,0,0,08/05/2026 11:52:03
13387157,08/05/2026 08:48:39,08/05/2026 08:52:03,gsoderquvist,6415,00:03:44,00:03:24,224,204,En Tiempo,2,10,0,00:02:06,126,Logico,"BCH01          ",BCH01 - BACHA DE APOYAR CIRCULAR 320x145,0,0,08/05/2026 11:52:03
13387157,08/05/2026 08:48:39,08/05/2026 08:52:03,gsoderquvist,6415,00:03:44,00:03:24,224,204,En Tiempo,12,10,0,00:02:06,126,Logico,"83-133         ",83-133 - DUCHA EXT. C/TRANSF. MONOCOMANDO LUGO,0,0,08/05/2026 11:52:03
13387157,08/05/2026 08:48:39,08/05/2026 08:52:03,gsoderquvist,6415,00:03:44,00:03:24,224,204,En Tiempo,8,10,0,00:02:06,126,Logico,"20-160         ",20-160 - MONOCOMANDO MESADA COCINA DIQUE,0,0,08/05/2026 11:52:03
13387157,08/05/2026 08:48:39,08/05/2026 08:52:03,gsoderquvist,6415,00:03:44,00:03:24,224,204,En Tiempo,6,10,0,00:02:06,126,Logico,"20-146         ",20-146 - MONOCOMANDO DE COCINA CR LINEA MOVE,0,0,08/05/2026 11:52:03
13387157,08/05/2026 08:48:39,08/05/2026 08:52:03,gsoderquvist,6415,00:03:44,00:03:24,224,204,En Tiempo,6,10,0,00:02:06,126,Logico,"20-146N        ",20-146N - MONOCOMANDO DE COCINA BLACK LINEA MOVE,0,0,08/05/2026 11:52:03
13387157,08/05/2026 08:48:39,08/05/2026 08:52:03,gsoderquvist,6415,00:03:44,00:03:24,224,204,En Tiempo,2,10,0,00:02:06,126,Logico,"61-176         ",61-176 - LAVATORIO MONOC ALTO CR RIO,0,0,08/05/2026 11:52:03
13387157,08/05/2026 08:48:39,08/05/2026 08:52:03,gsoderquvist,6415,00:03:44,00:03:24,224,204,En Tiempo,1,10,0,00:02:06,126,Logico,"61-176N        ",61-176N - LAVATORIO MONOC ALTO BLACK RIO,0,0,08/05/2026 11:52:03
13387157,08/05/2026 08:48:39,08/05/2026 08:52:03,gsoderquvist,6415,00:03:44,00:03:24,224,204,En Tiempo,4,10,0,00:02:06,126,Logico,"60-176N        ","LAVATORIO MONOCOMANDO BAJO BLACK RIO                                  ",0,0,08/05/2026 11:52:03
13387157,08/05/2026 08:48:39,08/05/2026 08:52:03,gsoderquvist,6415,00:03:44,00:03:24,224,204,En Tiempo,2,10,0,00:02:06,126,Logico,"83-176N        ",83-176N - DUCHA EXT. C/TRANSF. MONOC BLACK RIO,0,0,08/05/2026 11:52:03
13387245,08/05/2026 08:51:42,08/05/2026 09:05:58,rodriguezt,6419,00:07:08,00:14:16,428,856,Fuera de Tiempo,20,45,0,00:15:18,918,Excedido,"3006           ",3006 - SET DE 6 PIEZAS LINEA 3000,0,0,08/05/2026 11:55:45
13387245,08/05/2026 08:51:42,08/05/2026 09:05:58,rodriguezt,6419,00:07:08,00:14:16,428,856,Fuera de Tiempo,10,45,0,00:15:18,918,Excedido,"12006          ","SET DE 6 PIEZAS LINEA 12000                                           ",0,0,08/05/2026 11:55:45
13387245,08/05/2026 08:51:42,08/05/2026 09:05:58,rodriguezt,6419,00:07:08,00:14:16,428,856,Fuera de Tiempo,24,45,0,00:15:18,918,Excedido,"20-146         ",20-146 - MONOCOMANDO DE COCINA CR LINEA MOVE,0,0,08/05/2026 11:55:45
13387245,08/05/2026 08:51:42,08/05/2026 09:05:58,rodriguezt,6419,00:07:08,00:14:16,428,856,Fuera de Tiempo,18,45,0,00:15:18,918,Excedido,"20-146N        ",20-146N - MONOCOMANDO DE COCINA BLACK LINEA MOVE,0,0,08/05/2026 11:55:45
13387245,08/05/2026 08:51:42,08/05/2026 09:05:58,rodriguezt,6419,00:07:08,00:14:16,428,856,Fuera de Tiempo,4,45,0,00:15:18,918,Excedido,"80-168N        ",80-168N - DUCHA EMB C/TRANSF MONOC BLACK WAVE,0,0,08/05/2026 11:55:45
13387245,08/05/2026 08:51:42,08/05/2026 09:05:58,rodriguezt,6419,00:07:08,00:14:16,428,856,Fuera de Tiempo,12,45,0,00:15:18,918,Excedido,"70-059         ",70-059 - BIDE BL/CR C.STD MALBA,0,0,08/05/2026 11:55:45
13387245,08/05/2026 08:51:42,08/05/2026 09:05:58,rodriguezt,6419,00:07:08,00:14:16,428,856,Fuera de Tiempo,12,45,0,00:15:18,918,Excedido,"80-059         ",80-059 - DUCHA EMB. C/TRANSF.BL/CR C.STD MALBA,0,0,08/05/2026 11:55:45
13387245,08/05/2026 08:51:42,08/05/2026 09:05:58,rodriguezt,6419,00:07:08,00:14:16,428,856,Fuera de Tiempo,12,45,0,00:15:18,918,Excedido,"60-059         ",60-059 - LAVATORIO BL/CR C.STD MALBA,0,0,08/05/2026 11:55:45
13387245,08/05/2026 08:51:42,08/05/2026 09:05:58,rodriguezt,6419,00:07:08,00:14:16,428,856,Fuera de Tiempo,12,45,0,00:15:18,918,Excedido,"60-122         ",60-122 - LAVATORIO C.CERAM CR VALENCIA,0,0,08/05/2026 11:55:45
13387245,08/05/2026 08:51:42,08/05/2026 09:05:58,rodriguezt,6419,00:07:08,00:14:16,428,856,Fuera de Tiempo,12,45,0,00:15:18,918,Excedido,"70-162N        ",70-162N - BIDE BLACK C.CERAM LINEA ADRA,0,0,08/05/2026 11:55:45
13387245,08/05/2026 08:51:42,08/05/2026 09:05:58,rodriguezt,6419,00:07:08,00:14:16,428,856,Fuera de Tiempo,6,45,0,00:15:18,918,Excedido,"51-131         ",51-131 - MESADA BIMANDO CR C.CERAM MALLORCA,0,0,08/05/2026 11:55:45
13387245,08/05/2026 08:51:42,08/05/2026 09:05:58,rodriguezt,6419,00:07:08,00:14:16,428,856,Fuera de Tiempo,18,45,0,00:15:18,918,Excedido,"60-162N        ",60-162N - LAVATORIO BLACK C.CERAM LINEA ADRA,0,0,08/05/2026 11:55:45
13387245,08/05/2026 08:51:42,08/05/2026 09:05:58,rodriguezt,6419,00:07:08,00:14:16,428,856,Fuera de Tiempo,20,45,0,00:15:18,918,Excedido,"61-205         ",61-205 - LAVATORIO MONOC ALTO STEEL,0,0,08/05/2026 11:55:45
13387245,08/05/2026 08:51:42,08/05/2026 09:05:58,rodriguezt,6419,00:07:08,00:14:16,428,856,Fuera de Tiempo,4,45,0,00:15:18,918,Excedido,"60-168N        ",60-168N - LAVATORIO MONOC BAJO BLACK WAVE,0,0,08/05/2026 12:05:58
13387245,08/05/2026 08:51:42,08/05/2026 09:05:58,rodriguezt,6419,00:07:08,00:14:16,428,856,Fuera de Tiempo,10,45,0,00:15:18,918,Excedido,"16030          ",16030 - PERCHA LINEA 16000,0,0,08/05/2026 12:05:58
13387245,08/05/2026 08:51:42,08/05/2026 09:05:58,rodriguezt,6419,00:07:08,00:14:16,428,856,Fuera de Tiempo,5,45,0,00:15:18,918,Excedido,"20-172         ",20-172 - COCINA MESADA MONOC. COLORS NEGRO,0,0,08/05/2026 12:05:58
13387245,08/05/2026 08:51:42,08/05/2026 09:05:58,rodriguezt,6419,00:07:08,00:14:16,428,856,Fuera de Tiempo,5,45,0,00:15:18,918,Excedido,"17050G         ",17050G - JABONERA  LINEA FABRIC GOLD,0,0,08/05/2026 12:05:58
13387245,08/05/2026 08:51:42,08/05/2026 09:05:58,rodriguezt,6419,00:07:08,00:14:16,428,856,Fuera de Tiempo,5,45,0,00:15:18,918,Excedido,"17020G         ",17020G - TOALLERO DE ARO LINEA FABRIC GOLD,0,0,08/05/2026 12:05:58
13387245,08/05/2026 08:51:42,08/05/2026 09:05:58,rodriguezt,6419,00:07:08,00:14:16,428,856,Fuera de Tiempo,5,45,0,00:15:18,918,Excedido,"61-200G        ",61-200G - LAVATORIO MONOC ALTO GOLD FABRIC,0,0,08/05/2026 12:05:58
13387245,08/05/2026 08:51:42,08/05/2026 09:05:58,rodriguezt,6419,00:07:08,00:14:16,428,856,Fuera de Tiempo,6,45,0,00:15:18,918,Excedido,"80-176N        ",80-176N - DUCHA EMB C/TRANSF MONOC BLACK RIO,0,0,08/05/2026 12:05:58
13387245,08/05/2026 08:51:42,08/05/2026 09:05:58,rodriguezt,6419,00:07:08,00:14:16,428,856,Fuera de Tiempo,10,45,0,00:15:18,918,Excedido,"18040          ",18040 - PORTA ROLLO NIQUEL LINEA BEAT,0,0,08/05/2026 12:05:58
13387245,08/05/2026 08:51:42,08/05/2026 09:05:58,rodriguezt,6419,00:07:08,00:14:16,428,856,Fuera de Tiempo,8,45,0,00:15:18,918,Excedido,"20-160         ",20-160 - MONOCOMANDO MESADA COCINA DIQUE,0,0,08/05/2026 12:05:58
13387245,08/05/2026 08:51:42,08/05/2026 09:05:58,rodriguezt,6419,00:07:08,00:14:16,428,856,Fuera de Tiempo,12,45,0,00:15:18,918,Excedido,"60-133         ",60-133 - LAVATORIO MONOCOMANDO LUGO,0,0,08/05/2026 12:05:58
13387245,08/05/2026 08:51:42,08/05/2026 09:05:58,rodriguezt,6419,00:07:08,00:14:16,428,856,Fuera de Tiempo,12,45,0,00:15:18,918,Excedido,"83-133         ",83-133 - DUCHA EXT. C/TRANSF. MONOCOMANDO LUGO,0,0,08/05/2026 12:05:58
13387245,08/05/2026 08:51:42,08/05/2026 09:05:58,rodriguezt,6419,00:07:08,00:14:16,428,856,Fuera de Tiempo,4,45,0,00:15:18,918,Excedido,"70-168N        ",70-168N - BIDE MONOC BLACK WAVE,0,0,08/05/2026 12:05:58
13387245,08/05/2026 08:51:42,08/05/2026 09:05:58,rodriguezt,6419,00:07:08,00:14:16,428,856,Fuera de Tiempo,6,45,0,00:15:18,918,Excedido,"20-162         ",20-162 - MONOCOMANDO COCINA ADRA,0,0,08/05/2026 12:05:58
13387245,08/05/2026 08:51:42,08/05/2026 09:05:58,rodriguezt,6419,00:07:08,00:14:16,428,856,Fuera de Tiempo,10,45,0,00:15:18,918,Excedido,"17040G         ",17040G - PORTA ROLLO LINEA FABRIC GOLD,0,0,08/05/2026 12:05:58
13387245,08/05/2026 08:51:42,08/05/2026 09:05:58,rodriguezt,6419,00:07:08,00:14:16,428,856,Fuera de Tiempo,5,45,0,00:15:18,918,Excedido,"17040C         ",17040C - PORTA ROLLO LINEA FABRIC CROMO,0,0,08/05/2026 12:05:58
13387245,08/05/2026 08:51:42,08/05/2026 09:05:58,rodriguezt,6419,00:07:08,00:14:16,428,856,Fuera de Tiempo,5,45,0,00:15:18,918,Excedido,"17030C         ",17030C - PERCHA LINEA FABRIC CROMO,0,0,08/05/2026 12:05:58
13387245,08/05/2026 08:51:42,08/05/2026 09:05:58,rodriguezt,6419,00:07:08,00:14:16,428,856,Fuera de Tiempo,5,45,0,00:15:18,918,Excedido,"17020N         ",17020N - TOALLERO DE ARO LINEA FABRIC BLACK,0,0,08/05/2026 12:05:58
13387245,08/05/2026 08:51:42,08/05/2026 09:05:58,rodriguezt,6419,00:07:08,00:14:16,428,856,Fuera de Tiempo,5,45,0,00:15:18,918,Excedido,"17040N         ",17040N - PORTA ROLLO LINEA FABRIC BLACK,0,0,08/05/2026 12:05:58
13387245,08/05/2026 08:51:42,08/05/2026 09:05:58,rodriguezt,6419,00:07:08,00:14:16,428,856,Fuera de Tiempo,5,45,0,00:15:18,918,Excedido,"17010N         ",17010N - TOALLERO BARRAL LINEA FABRIC BLACK,0,0,08/05/2026 12:05:58
13387245,08/05/2026 08:51:42,08/05/2026 09:05:58,rodriguezt,6419,00:07:08,00:14:16,428,856,Fuera de Tiempo,5,45,0,00:15:18,918,Excedido,"17030N         ",17030N - PERCHA LINEA FABRIC BLACK,0,0,08/05/2026 12:05:58
13387245,08/05/2026 08:51:42,08/05/2026 09:05:58,rodriguezt,6419,00:07:08,00:14:16,428,856,Fuera de Tiempo,5,45,0,00:15:18,918,Excedido,"13006          ","SET DE 6 PIEZAS LINEA 13000                                           ",0,0,08/05/2026 12:05:58
13387245,08/05/2026 08:51:42,08/05/2026 09:05:58,rodriguezt,6419,00:07:08,00:14:16,428,856,Fuera de Tiempo,12,45,0,00:15:18,918,Excedido,"20-134         ",20-134 - MONOCOMANDO COCINA BETIS,0,0,08/05/2026 12:05:58
13387245,08/05/2026 08:51:42,08/05/2026 09:05:58,rodriguezt,6419,00:07:08,00:14:16,428,856,Fuera de Tiempo,5,45,0,00:15:18,918,Excedido,"17030G         ",17030G - PERCHA LINEA FABRIC GOLD,0,0,08/05/2026 12:05:58
13387245,08/05/2026 08:51:42,08/05/2026 09:05:58,rodriguezt,6419,00:07:08,00:14:16,428,856,Fuera de Tiempo,4,45,0,00:15:18,918,Excedido,"61-205         ",61-205 - LAVATORIO MONOC ALTO STEEL,0,0,08/05/2026 12:05:58
13387245,08/05/2026 08:51:42,08/05/2026 09:05:58,rodriguezt,6419,00:07:08,00:14:16,428,856,Fuera de Tiempo,24,45,0,00:15:18,918,Excedido,"60-162         ",60-162 - LAVATORIO CR C.CERAM LINEA ADRA,0,0,08/05/2026 12:05:58
13387245,08/05/2026 08:51:42,08/05/2026 09:05:58,rodriguezt,6419,00:07:08,00:14:16,428,856,Fuera de Tiempo,6,45,0,00:15:18,918,Excedido,"70-162         ",70-162 - BIDE CR C.CERAM LINEA ADRA,0,0,08/05/2026 12:05:58
13387245,08/05/2026 08:51:42,08/05/2026 09:05:58,rodriguezt,6419,00:07:08,00:14:16,428,856,Fuera de Tiempo,6,45,0,00:15:18,918,Excedido,"80-166         ","DUCHA EMB. C/TRANSF. CR C.CERAM ADRA PLUS                             ",0,0,08/05/2026 12:05:58
13387245,08/05/2026 08:51:42,08/05/2026 09:05:58,rodriguezt,6419,00:07:08,00:14:16,428,856,Fuera de Tiempo,6,45,0,00:15:18,918,Excedido,"60-057         ",60-057 - LAVATORIO C.STD VERIN PLUS,0,0,08/05/2026 12:05:58
13387245,08/05/2026 08:51:42,08/05/2026 09:05:58,rodriguezt,6419,00:07:08,00:14:16,428,856,Fuera de Tiempo,5,45,0,00:15:18,918,Excedido,"D439           ",D439 - KIT DE DUCHA MANUAL,0,0,08/05/2026 12:05:58
13387245,08/05/2026 08:51:42,08/05/2026 09:05:58,rodriguezt,6419,00:07:08,00:14:16,428,856,Fuera de Tiempo,12,45,0,00:15:18,918,Excedido,"51-059         ",51-059 - COCINA MESADA BL/CR C.STD MALBA,0,0,08/05/2026 12:05:58
13387245,08/05/2026 08:51:42,08/05/2026 09:05:58,rodriguezt,6419,00:07:08,00:14:16,428,856,Fuera de Tiempo,6,45,0,00:15:18,918,Excedido,"62-201NI       ",62-201NI - LAVATORIO DE PARED C.CERAM BEAT NICKEL,0,0,08/05/2026 12:05:58
13387245,08/05/2026 08:51:42,08/05/2026 09:05:58,rodriguezt,6419,00:07:08,00:14:16,428,856,Fuera de Tiempo,6,45,0,00:15:18,918,Excedido,"80-166N        ",80-166N - DUCHA EMB. C/TRANSF. BLACK C.CERAM ADRA PLUS,0,0,08/05/2026 12:05:58
13387245,08/05/2026 08:51:42,08/05/2026 09:05:58,rodriguezt,6419,00:07:08,00:14:16,428,856,Fuera de Tiempo,6,45,0,00:15:18,918,Excedido,"62-162N        ",62-162N - LAVATORIO DE PARED BLACK C.CERAM ADRA,0,0,08/05/2026 12:05:58
13387353,08/05/2026 08:56:41,08/05/2026 08:57:48,gsoderquvist,6415,00:01:23,00:01:07,83,67,En Tiempo,2,4,0,00:04:38,278,Logico,"16030          ",16030 - PERCHA LINEA 16000,0,0,08/05/2026 11:57:48
13387353,08/05/2026 08:56:41,08/05/2026 08:57:48,gsoderquvist,6415,00:01:23,00:01:07,83,67,En Tiempo,6,4,0,00:04:38,278,Logico,"20-122         ","MONOCOMANDO COCINA CR C/PICO EXTRAIBLE VALENCIA                       ",0,0,08/05/2026 11:57:48
13387353,08/05/2026 08:56:41,08/05/2026 08:57:48,gsoderquvist,6415,00:01:23,00:01:07,83,67,En Tiempo,4,4,0,00:04:38,278,Logico,"BCH12          ",BCH12 - BACHA DE APOYAR BLANCA 460x320x140,0,0,08/05/2026 11:57:48
13387353,08/05/2026 08:56:41,08/05/2026 08:57:48,gsoderquvist,6415,00:01:23,00:01:07,83,67,En Tiempo,4,4,0,00:04:38,278,Logico,"BCH01          ",BCH01 - BACHA DE APOYAR CIRCULAR 320x145,0,0,08/05/2026 11:57:48
13387393,08/05/2026 08:58:27,08/05/2026 09:03:31,gsoderquvist,6415,00:00:57,00:05:04,57,304,Fuera de Tiempo,2,3,0,00:00:39,39,Logico,"80-162         ",80-162 - DUCHA EMB. C/TRANSF. CR C.CERAM ADRA,0,0,08/05/2026 12:03:31
13387393,08/05/2026 08:58:27,08/05/2026 09:03:31,gsoderquvist,6415,00:00:57,00:05:04,57,304,Fuera de Tiempo,4,3,0,00:00:39,39,Logico,"11006          ","SET DE 6 PIEZAS LINEA 11000                                           ",0,0,08/05/2026 12:03:31
13387393,08/05/2026 08:58:27,08/05/2026 09:03:31,gsoderquvist,6415,00:00:57,00:05:04,57,304,Fuera de Tiempo,7,3,0,00:00:39,39,Logico,"60-176N        ","LAVATORIO MONOCOMANDO BAJO BLACK RIO                                  ",0,0,08/05/2026 12:03:31
13387597,08/05/2026 09:05:22,08/05/2026 09:05:43,gsoderquvist,6415,00:00:46,00:00:21,46,21,En Tiempo,2,2,0,00:01:51,111,Logico,"60-163         ",60-163 - LAVATORIO CR C.CERAM SENA,0,0,08/05/2026 12:05:43
13387597,08/05/2026 09:05:22,08/05/2026 09:05:43,gsoderquvist,6415,00:00:46,00:00:21,46,21,En Tiempo,1,2,0,00:01:51,111,Logico,"85-168         ",85-168 - DUCHA MONOC C/TRANSF Y DUCHADOR CR WAVE,0,0,08/05/2026 12:05:43
13387611,08/05/2026 09:06:16,08/05/2026 09:06:38,gsoderquvist,6415,00:00:54,00:00:22,54,22,En Tiempo,2,2,0,00:00:33,33,Logico,"80-058         ",80-058 - DUCHA EMB. C/TRANSF. CR C.STD MALBA,0,0,08/05/2026 12:06:38
13387611,08/05/2026 09:06:16,08/05/2026 09:06:38,gsoderquvist,6415,00:00:54,00:00:22,54,22,En Tiempo,6,2,0,00:00:33,33,Logico,"203            ","203 - LAVATORIO CROMO ""DIQUE""",0,0,08/05/2026 12:06:38
13387625,08/05/2026 09:06:41,08/05/2026 09:08:48,ascirica,6414,00:02:28,00:02:07,148,127,En Tiempo,2,10,0,00:18:29,1109,Excedido,"BCH05          ",BCH05 - BACHA DE APOYAR CUADRADA 370x370x130,0,0,08/05/2026 12:08:48
13387625,08/05/2026 09:06:41,08/05/2026 09:08:48,ascirica,6414,00:02:28,00:02:07,148,127,En Tiempo,4,10,0,00:18:29,1109,Excedido,"70-199         ",70-199 - BIDE CR C.CERAM LIVE,0,0,08/05/2026 12:08:48
13387625,08/05/2026 09:06:41,08/05/2026 09:08:48,ascirica,6414,00:02:28,00:02:07,148,127,En Tiempo,2,10,0,00:18:29,1109,Excedido,"70-190         ",70-190 - BIDE C.CERAM BLACK VELVET,0,0,08/05/2026 12:08:48
13387625,08/05/2026 09:06:41,08/05/2026 09:08:48,ascirica,6414,00:02:28,00:02:07,148,127,En Tiempo,2,10,0,00:18:29,1109,Excedido,"80-153         ",80-153 - DUCHA EMB. C/TRANSF. CR C.CERAM CASTILLA,0,0,08/05/2026 12:08:48
13387625,08/05/2026 09:06:41,08/05/2026 09:08:48,ascirica,6414,00:02:28,00:02:07,148,127,En Tiempo,1,10,0,00:18:29,1109,Excedido,"60-190         ",60-190 - LAVATORIO C.CERAM BLACK VELVET,0,0,08/05/2026 12:08:48
13387625,08/05/2026 09:06:41,08/05/2026 09:08:48,ascirica,6414,00:02:28,00:02:07,148,127,En Tiempo,1,10,0,00:18:29,1109,Excedido,"12006          ","SET DE 6 PIEZAS LINEA 12000                                           ",0,0,08/05/2026 12:08:48
13387625,08/05/2026 09:06:41,08/05/2026 09:08:48,ascirica,6414,00:02:28,00:02:07,148,127,En Tiempo,2,10,0,00:18:29,1109,Excedido,"20-146         ",20-146 - MONOCOMANDO DE COCINA CR LINEA MOVE,0,0,08/05/2026 12:08:48
13387625,08/05/2026 09:06:41,08/05/2026 09:08:48,ascirica,6414,00:02:28,00:02:07,148,127,En Tiempo,3,10,0,00:18:29,1109,Excedido,"20-147         ",20-147 - MONOCOMANDO DE COCINA SWIFT,0,0,08/05/2026 12:08:48
13387625,08/05/2026 09:06:41,08/05/2026 09:08:48,ascirica,6414,00:02:28,00:02:07,148,127,En Tiempo,4,10,0,00:18:29,1109,Excedido,"18030          ",18030 - PERCHA NIQUEL LINEA BEAT,0,0,08/05/2026 12:08:48
13387625,08/05/2026 09:06:41,08/05/2026 09:08:48,ascirica,6414,00:02:28,00:02:07,148,127,En Tiempo,4,10,0,00:18:29,1109,Excedido,"18040          ",18040 - PORTA ROLLO NIQUEL LINEA BEAT,0,0,08/05/2026 12:08:48
13387627,08/05/2026 09:06:43,08/05/2026 09:06:57,gsoderquvist,6415,00:00:44,00:00:14,44,14,En Tiempo,1,2,0,00:00:05,5,Logico,"80-199         ",80-199 - DUCHA EMB. C/TRANSF. CR C.CERAM LIVE,0,0,08/05/2026 12:06:57
13387627,08/05/2026 09:06:43,08/05/2026 09:06:57,gsoderquvist,6415,00:00:44,00:00:14,44,14,En Tiempo,1,2,0,00:00:05,5,Logico,"60-199         ",60-199 - LAVATORIO CR C.CERAM LIVE,0,0,08/05/2026 12:06:57
13387972,08/05/2026 09:20:59,08/05/2026 09:21:49,rodriguezt,6419,00:00:53,00:00:50,53,50,En Tiempo,5,2,0,00:15:01,901,Excedido,"80-168N        ",80-168N - DUCHA EMB C/TRANSF MONOC BLACK WAVE,0,0,08/05/2026 12:21:49
13387972,08/05/2026 09:20:59,08/05/2026 09:21:49,rodriguezt,6419,00:00:53,00:00:50,53,50,En Tiempo,5,2,0,00:15:01,901,Excedido,"61-168N        ",61-168N - LAVATORIO MONOC ALTO BLACK WAVE,0,0,08/05/2026 12:21:49
13387999,08/05/2026 09:22:05,08/05/2026 09:22:23,rodriguezt,6419,00:01:31,00:00:18,91,18,En Tiempo,1,6,0,00:00:16,16,Logico,"62-190         ",62-190 - LAVATORIO PARED EMB. C.CERAM BLACK VELVET,0,0,08/05/2026 12:22:23
13387999,08/05/2026 09:22:05,08/05/2026 09:22:23,rodriguezt,6419,00:01:31,00:00:18,91,18,En Tiempo,1,6,0,00:00:16,16,Logico,"70-175GR       ",70-175GR - BIDE PULSE GRAFITO C.CERAM,0,0,08/05/2026 12:22:23
13387999,08/05/2026 09:22:05,08/05/2026 09:22:23,rodriguezt,6419,00:01:31,00:00:18,91,18,En Tiempo,1,6,0,00:00:16,16,Logico,"62-175GR       ",62-175GR - LAVATORIO DE PARED PULSE GRAFITO C.CERAM,0,0,08/05/2026 12:22:23
13387999,08/05/2026 09:22:05,08/05/2026 09:22:23,rodriguezt,6419,00:01:31,00:00:18,91,18,En Tiempo,2,6,0,00:00:16,16,Logico,"70-175G        ",70-175G - BIDE GOLD C.CERAM PULSE,0,0,08/05/2026 12:22:23
13387999,08/05/2026 09:22:05,08/05/2026 09:22:23,rodriguezt,6419,00:01:31,00:00:18,91,18,En Tiempo,2,6,0,00:00:16,16,Logico,"62-175G        ",62-175G - LAVATORIO DE PARED GOLD C.CERAM PULSE,0,0,08/05/2026 12:22:23
13387999,08/05/2026 09:22:05,08/05/2026 09:22:23,rodriguezt,6419,00:01:31,00:00:18,91,18,En Tiempo,2,6,0,00:00:16,16,Logico,"80-175G        ",80-175G - DUCHA EMB C/TRANSF. GOLD C.CERAM PULSE,0,0,08/05/2026 12:22:23
13388012,08/05/2026 09:22:42,08/05/2026 09:22:57,rodriguezt,6419,00:00:48,00:00:15,48,15,En Tiempo,10,1,0,00:00:19,19,Logico,"01-010         ","VALVULA P/MINGITORIO TEMPORIZADA TECNO                                ",0,0,08/05/2026 12:22:57
13388049,08/05/2026 09:24:21,08/05/2026 09:24:28,rodriguezt,6419,00:00:40,00:00:07,40,7,En Tiempo,2,1,0,00:01:24,84,Logico,"33-010         ",33-010 - CANILLA MESADA BL/CR LORCA,0,0,08/05/2026 12:24:28
13388062,08/05/2026 09:24:51,08/05/2026 09:38:36,rodriguezt,6419,00:10:08,00:13:45,608,825,Fuera de Tiempo,10,24,0,00:00:23,23,Logico,"RA771C         ",RA771C - CAMPANA C/BUJE LINEAS STD CROMO,0,0,08/05/2026 12:38:36
13388062,08/05/2026 09:24:51,08/05/2026 09:38:36,rodriguezt,6419,00:10:08,00:13:45,608,825,Fuera de Tiempo,20,24,0,00:00:23,23,Logico,"RU650          ",RU650 - CAMPANA CONICA P/JUEGOS EXT. Y MESADAS,0,0,08/05/2026 12:38:36
13388062,08/05/2026 09:24:51,08/05/2026 09:38:36,rodriguezt,6419,00:10:08,00:13:45,608,825,Fuera de Tiempo,4,24,0,00:00:23,23,Logico,"RA704C         ",RA704C - VOLANTE ARES / CELEBRITY CROMO,0,0,08/05/2026 12:38:36
13388062,08/05/2026 09:24:51,08/05/2026 09:38:36,rodriguezt,6419,00:10:08,00:13:45,608,825,Fuera de Tiempo,20,24,0,00:00:23,23,Logico,"RA001          ",RA001 - CABEZAL STD NO ASCENDENTE,0,0,08/05/2026 12:38:36
13388062,08/05/2026 09:24:51,08/05/2026 09:38:36,rodriguezt,6419,00:10:08,00:13:45,608,825,Fuera de Tiempo,1,24,0,00:00:23,23,Logico,"RA1101-1N      ",RA1101-1N - FLEXIBLE BLACK MONOC COCINA CUINA M15 x 55cm,0,0,08/05/2026 12:38:36
13388062,08/05/2026 09:24:51,08/05/2026 09:38:36,rodriguezt,6419,00:10:08,00:13:45,608,825,Fuera de Tiempo,2,24,0,00:00:23,23,Logico,"60-162         ",60-162 - LAVATORIO CR C.CERAM LINEA ADRA,0,0,08/05/2026 12:38:36
13388062,08/05/2026 09:24:51,08/05/2026 09:38:36,rodriguezt,6419,00:10:08,00:13:45,608,825,Fuera de Tiempo,1,24,0,00:00:23,23,Logico,"80-010         ",80-010 - DUCHA EMB. C/TRANSF. BL/CR LORCA,0,0,08/05/2026 12:38:36
13388062,08/05/2026 09:24:51,08/05/2026 09:38:36,rodriguezt,6419,00:10:08,00:13:45,608,825,Fuera de Tiempo,5,24,0,00:00:23,23,Logico,"51-058         ",51-058 - COCINA MESADA CR C.STD MALBA,0,0,08/05/2026 12:38:36
13388062,08/05/2026 09:24:51,08/05/2026 09:38:36,rodriguezt,6419,00:10:08,00:13:45,608,825,Fuera de Tiempo,3,24,0,00:00:23,23,Logico,"80-057         ",80-057 - DUCHA EMB. C/TRANSF. C.STD VERIN PLUS,0,0,08/05/2026 12:38:36
13388062,08/05/2026 09:24:51,08/05/2026 09:38:36,rodriguezt,6419,00:10:08,00:13:45,608,825,Fuera de Tiempo,2,24,0,00:00:23,23,Logico,"51-010         ",51-010 - COCINA MESADA BL/CR LORCA,0,0,08/05/2026 12:38:36
13388062,08/05/2026 09:24:51,08/05/2026 09:38:36,rodriguezt,6419,00:10:08,00:13:45,608,825,Fuera de Tiempo,1,24,0,00:00:23,23,Logico,"80-138         ",80-138 - DUCHA EMB. C/TRANSF. CR C.CERAM VALENCIA PLUS,0,0,08/05/2026 12:38:36
13388062,08/05/2026 09:24:51,08/05/2026 09:38:36,rodriguezt,6419,00:10:08,00:13:45,608,825,Fuera de Tiempo,1,24,0,00:00:23,23,Logico,"80-132         ",80-132 - DUCHA EMB. C/TRANSF.CR C.CERAM VIGO,0,0,08/05/2026 12:38:36
13388062,08/05/2026 09:24:51,08/05/2026 09:38:36,rodriguezt,6419,00:10:08,00:13:45,608,825,Fuera de Tiempo,3,24,0,00:00:23,23,Logico,"60-059         ",60-059 - LAVATORIO BL/CR C.STD MALBA,0,0,08/05/2026 12:38:36
13388062,08/05/2026 09:24:51,08/05/2026 09:38:36,rodriguezt,6419,00:10:08,00:13:45,608,825,Fuera de Tiempo,1,24,0,00:00:23,23,Logico,"70-058         ",70-058 - BIDE CR C.STD MALBA,0,0,08/05/2026 12:38:36
13388062,08/05/2026 09:24:51,08/05/2026 09:38:36,rodriguezt,6419,00:10:08,00:13:45,608,825,Fuera de Tiempo,3,24,0,00:00:23,23,Logico,"80-058         ",80-058 - DUCHA EMB. C/TRANSF. CR C.STD MALBA,0,0,08/05/2026 12:38:36
13388062,08/05/2026 09:24:51,08/05/2026 09:38:36,rodriguezt,6419,00:10:08,00:13:45,608,825,Fuera de Tiempo,6,24,0,00:00:23,23,Logico,"60-058         ",60-058 - LAVATORIO CR C.STD MALBA,0,0,08/05/2026 12:38:36
13388062,08/05/2026 09:24:51,08/05/2026 09:38:36,rodriguezt,6419,00:10:08,00:13:45,608,825,Fuera de Tiempo,1,24,0,00:00:23,23,Logico,"60-002         ",60-002 - LAVATORIO RENACER,0,0,08/05/2026 12:38:36
13388062,08/05/2026 09:24:51,08/05/2026 09:38:36,rodriguezt,6419,00:10:08,00:13:45,608,825,Fuera de Tiempo,2,24,0,00:00:23,23,Logico,"835            ",835 - JGO.MDA. P.FUNDIDO CR MURCIA,0,0,08/05/2026 12:38:36
13388062,08/05/2026 09:24:51,08/05/2026 09:38:36,rodriguezt,6419,00:10:08,00:13:45,608,825,Fuera de Tiempo,2,24,0,00:00:23,23,Logico,"70-122         ",70-122 - BIDE C.CERAM CR VALENCIA,0,0,08/05/2026 12:38:36
13388062,08/05/2026 09:24:51,08/05/2026 09:38:36,rodriguezt,6419,00:10:08,00:13:45,608,825,Fuera de Tiempo,1,24,0,00:00:23,23,Logico,"60-153         ",60-153 - LAVATORIO CR C.CERAMICO CASTILLA,0,0,08/05/2026 12:38:36
13388062,08/05/2026 09:24:51,08/05/2026 09:38:36,rodriguezt,6419,00:10:08,00:13:45,608,825,Fuera de Tiempo,1,24,0,00:00:23,23,Logico,"80-153         ",80-153 - DUCHA EMB. C/TRANSF. CR C.CERAM CASTILLA,0,0,08/05/2026 12:38:36
13388062,08/05/2026 09:24:51,08/05/2026 09:38:36,rodriguezt,6419,00:10:08,00:13:45,608,825,Fuera de Tiempo,3,24,0,00:00:23,23,Logico,"60-045         ",60-045 - LAVATORIO CR/CR C.STD CRUZ,0,0,08/05/2026 12:38:36
13388062,08/05/2026 09:24:51,08/05/2026 09:38:36,rodriguezt,6419,00:10:08,00:13:45,608,825,Fuera de Tiempo,1,24,0,00:00:23,23,Logico,"80-045         ",80-045 - DUCHA EMB.C/TRANSF CR  C.STD CRUZ,0,0,08/05/2026 12:38:36
13388062,08/05/2026 09:24:51,08/05/2026 09:38:36,rodriguezt,6419,00:10:08,00:13:45,608,825,Fuera de Tiempo,3,24,0,00:00:23,23,Logico,"83-010         ",83-010 - DUCHA EXT. C/TRANSF. BL/CR LORCA,0,0,08/05/2026 12:38:36
13388185,08/05/2026 09:28:55,08/05/2026 09:29:05,ascirica,6414,00:00:47,00:00:10,47,10,En Tiempo,1,3,0,00:20:07,1207,Excedido,"11006          ","SET DE 6 PIEZAS LINEA 11000                                           ",0,0,08/05/2026 12:29:05
13388185,08/05/2026 09:28:55,08/05/2026 09:29:05,ascirica,6414,00:00:47,00:00:10,47,10,En Tiempo,1,3,0,00:20:07,1207,Excedido,"10006CR        ","SET DE 6 PIEZAS LINEA 10000 MINIMALISTA                               ",0,0,08/05/2026 12:29:05
13388185,08/05/2026 09:28:55,08/05/2026 09:29:05,ascirica,6414,00:00:47,00:00:10,47,10,En Tiempo,1,3,0,00:20:07,1207,Excedido,"13006          ","SET DE 6 PIEZAS LINEA 13000                                           ",0,0,08/05/2026 12:29:05
13388240,08/05/2026 09:31:42,08/05/2026 09:38:02,ascirica,6414,00:03:46,00:06:20,226,380,Fuera de Tiempo,3,15,0,00:02:37,157,Logico,"70-162         ",70-162 - BIDE CR C.CERAM LINEA ADRA,0,0,08/05/2026 12:38:02
13388240,08/05/2026 09:31:42,08/05/2026 09:38:02,ascirica,6414,00:03:46,00:06:20,226,380,Fuera de Tiempo,1,15,0,00:02:37,157,Logico,"80-166         ","DUCHA EMB. C/TRANSF. CR C.CERAM ADRA PLUS                             ",0,0,08/05/2026 12:38:02
13388240,08/05/2026 09:31:42,08/05/2026 09:38:02,ascirica,6414,00:03:46,00:06:20,226,380,Fuera de Tiempo,2,15,0,00:02:37,157,Logico,"60-162         ",60-162 - LAVATORIO CR C.CERAM LINEA ADRA,0,0,08/05/2026 12:38:02
13388240,08/05/2026 09:31:42,08/05/2026 09:38:02,ascirica,6414,00:03:46,00:06:20,226,380,Fuera de Tiempo,1,15,0,00:02:37,157,Logico,"60-100G        ",60-100G - LAVATORIO GOLD C.CERAM FABRIC,0,0,08/05/2026 12:38:02
13388240,08/05/2026 09:31:42,08/05/2026 09:38:02,ascirica,6414,00:03:46,00:06:20,226,380,Fuera de Tiempo,1,15,0,00:02:37,157,Logico,"61-203N        ","LAVATORIO MONOCOMANDO ALTO ADRA BLACK                                 ",0,0,08/05/2026 12:38:02
13388240,08/05/2026 09:31:42,08/05/2026 09:38:02,ascirica,6414,00:03:46,00:06:20,226,380,Fuera de Tiempo,1,15,0,00:02:37,157,Logico,"61-203         ",61-203 - LAVATORIO MONOCOMANDO ALTO ADRA,0,0,08/05/2026 12:38:02
13388240,08/05/2026 09:31:42,08/05/2026 09:38:02,ascirica,6414,00:03:46,00:06:20,226,380,Fuera de Tiempo,2,15,0,00:02:37,157,Logico,"60-203         ",60-203 - LAVATORIO MONOCOMANDO BAJO ADRA,0,0,08/05/2026 12:38:02
13388240,08/05/2026 09:31:42,08/05/2026 09:38:02,ascirica,6414,00:03:46,00:06:20,226,380,Fuera de Tiempo,2,15,0,00:02:37,157,Logico,"70-199         ",70-199 - BIDE CR C.CERAM LIVE,0,0,08/05/2026 12:38:02
13388240,08/05/2026 09:31:42,08/05/2026 09:38:02,ascirica,6414,00:03:46,00:06:20,226,380,Fuera de Tiempo,1,15,0,00:02:37,157,Logico,"60-199         ",60-199 - LAVATORIO CR C.CERAM LIVE,0,0,08/05/2026 12:38:02
13388240,08/05/2026 09:31:42,08/05/2026 09:38:02,ascirica,6414,00:03:46,00:06:20,226,380,Fuera de Tiempo,1,15,0,00:02:37,157,Logico,"A816           ","A816 - DUCHA 6"" C/BRAZO Y CAMPANA CR",0,0,08/05/2026 12:38:02
13388240,08/05/2026 09:31:42,08/05/2026 09:38:02,ascirica,6414,00:03:46,00:06:20,226,380,Fuera de Tiempo,2,15,0,00:02:37,157,Logico,"30-132         ",30-132 - COCINA MESADA MONOC. C/DUCHADOR EXTENSIBLE VIGO,0,0,08/05/2026 12:38:02
13388240,08/05/2026 09:31:42,08/05/2026 09:38:02,ascirica,6414,00:03:46,00:06:20,226,380,Fuera de Tiempo,1,15,0,00:02:37,157,Logico,"80-203N        ","DUCHA EMB C/TRANSF. MONOCOMANDO ADRA BLACK PLUS                       ",0,0,08/05/2026 12:38:02
13388240,08/05/2026 09:31:42,08/05/2026 09:38:02,ascirica,6414,00:03:46,00:06:20,226,380,Fuera de Tiempo,1,15,0,00:02:37,157,Logico,"20-146         ",20-146 - MONOCOMANDO DE COCINA CR LINEA MOVE,0,0,08/05/2026 12:38:02
13388240,08/05/2026 09:31:42,08/05/2026 09:38:02,ascirica,6414,00:03:46,00:06:20,226,380,Fuera de Tiempo,1,15,0,00:02:37,157,Logico,"20-146N        ",20-146N - MONOCOMANDO DE COCINA BLACK LINEA MOVE,0,0,08/05/2026 12:38:02
13388240,08/05/2026 09:31:42,08/05/2026 09:38:02,ascirica,6414,00:03:46,00:06:20,226,380,Fuera de Tiempo,1,15,0,00:02:37,157,Logico,"70-203         ",70-203 - BIDE MONOCOMANDO ADRA,0,0,08/05/2026 12:38:02
13389084,08/05/2026 10:01:23,08/05/2026 10:08:05,ascirica,6414,00:01:23,00:06:42,83,402,Fuera de Tiempo,9,4,0,00:23:21,1401,Excedido,"INO102-1       ","INODORO BLANCO C/ASIENTO LINEA LOFT                                   ",0,0,08/05/2026 13:04:19
13389084,08/05/2026 10:01:23,08/05/2026 10:08:05,ascirica,6414,00:01:23,00:06:42,83,402,Fuera de Tiempo,3,4,0,00:23:21,1401,Excedido,"BID102-3       ","BIDE 3 AGUJEROS BLANCO LINEA LOFT                                     ",0,0,08/05/2026 13:08:05
13389084,08/05/2026 10:01:23,08/05/2026 10:08:05,ascirica,6414,00:01:23,00:06:42,83,402,Fuera de Tiempo,2,4,0,00:23:21,1401,Excedido,"BID102-1       ","BIDE 1 AGUJERO BLANCO LINEA LOFT                                      ",0,0,08/05/2026 13:08:05
13389084,08/05/2026 10:01:23,08/05/2026 10:08:05,ascirica,6414,00:01:23,00:06:42,83,402,Fuera de Tiempo,9,4,0,00:23:21,1401,Excedido,"INO102-2       ","DEPOSITO C/DESCARGA DUAL BLANCO LINEA LOFT                            ",0,0,08/05/2026 13:08:05
13389937,08/05/2026 10:31:18,08/05/2026 11:19:08,ascirica,6414,00:06:42,00:47:50,402,2870,Fuera de Tiempo,36,39,0,00:23:13,1393,Excedido,"70-176         ",70-176 - BIDE MONOC C/TRANSF CR RIO,0,0,08/05/2026 14:13:07
13389937,08/05/2026 10:31:18,08/05/2026 11:19:08,ascirica,6414,00:06:42,00:47:50,402,2870,Fuera de Tiempo,24,39,0,00:23:13,1393,Excedido,"60-176         ","LAVATORIO MONOCOMANDO BAJO CR RIO                                     ",0,0,08/05/2026 14:13:07
13389937,08/05/2026 10:31:18,08/05/2026 11:19:08,ascirica,6414,00:06:42,00:47:50,402,2870,Fuera de Tiempo,18,39,0,00:23:13,1393,Excedido,"80-176         ",80-176 - DUCHA EMB C/TRANSF MONOC CR RIO,0,0,08/05/2026 14:13:07
13389937,08/05/2026 10:31:18,08/05/2026 11:19:08,ascirica,6414,00:06:42,00:47:50,402,2870,Fuera de Tiempo,24,39,0,00:23:13,1393,Excedido,"20-160         ",20-160 - MONOCOMANDO MESADA COCINA DIQUE,0,0,08/05/2026 14:13:07
13389937,08/05/2026 10:31:18,08/05/2026 11:19:08,ascirica,6414,00:06:42,00:47:50,402,2870,Fuera de Tiempo,12,39,0,00:23:13,1393,Excedido,"20-146         ",20-146 - MONOCOMANDO DE COCINA CR LINEA MOVE,0,0,08/05/2026 14:13:07
13389937,08/05/2026 10:31:18,08/05/2026 11:19:08,ascirica,6414,00:06:42,00:47:50,402,2870,Fuera de Tiempo,6,39,0,00:23:13,1393,Excedido,"20-122S        ","MONOCOMANDO COCINA INOX C/PICO EXTRAIBLE VALENCIA                     ",0,0,08/05/2026 14:13:07
13389937,08/05/2026 10:31:18,08/05/2026 11:19:08,ascirica,6414,00:06:42,00:47:50,402,2870,Fuera de Tiempo,6,39,0,00:23:13,1393,Excedido,"54-203         ","COCINA PARED EXT C.CERAM ADRA MONOCOMANDO                             ",0,0,08/05/2026 14:13:07
13389937,08/05/2026 10:31:18,08/05/2026 11:19:08,ascirica,6414,00:06:42,00:47:50,402,2870,Fuera de Tiempo,10,39,0,00:23:13,1393,Excedido,"20-184         ","MONOCOMANDO DE COCINA CR SUV                                          ",0,0,08/05/2026 14:13:07
13389937,08/05/2026 10:31:18,08/05/2026 11:19:08,ascirica,6414,00:06:42,00:47:50,402,2870,Fuera de Tiempo,6,39,0,00:23:13,1393,Excedido,"70-168         ",70-168 - BIDE MONOC CR WAVE,0,0,08/05/2026 14:13:07
13389937,08/05/2026 10:31:18,08/05/2026 11:19:08,ascirica,6414,00:06:42,00:47:50,402,2870,Fuera de Tiempo,5,39,0,00:23:13,1393,Excedido,"83-176         ",83-176 - DUCHA EXT. C/TRANSF. MONOC CR RIO,0,0,08/05/2026 14:13:07
13389937,08/05/2026 10:31:18,08/05/2026 11:19:08,ascirica,6414,00:06:42,00:47:50,402,2870,Fuera de Tiempo,6,39,0,00:23:13,1393,Excedido,"80-176N        ",80-176N - DUCHA EMB C/TRANSF MONOC BLACK RIO,0,0,08/05/2026 14:13:07
13389937,08/05/2026 10:31:18,08/05/2026 11:19:08,ascirica,6414,00:06:42,00:47:50,402,2870,Fuera de Tiempo,40,39,0,00:23:13,1393,Excedido,"A1448C         ","A1448C - CAÑO CURVO METALICO C/FLOR DE DUCHA 4"" ABS CR C/BLISTER",0,0,08/05/2026 14:13:07
13389937,08/05/2026 10:31:18,08/05/2026 11:19:08,ascirica,6414,00:06:42,00:47:50,402,2870,Fuera de Tiempo,6,39,0,00:23:13,1393,Excedido,"A814           ",A814 - DUCHA C/BRAZO Y CAMPANA CR,0,0,08/05/2026 14:13:07
13389937,08/05/2026 10:31:18,08/05/2026 11:19:08,ascirica,6414,00:06:42,00:47:50,402,2870,Fuera de Tiempo,10,39,0,00:23:13,1393,Excedido,"A815           ","A815 - DUCHA 8"" C/BRAZO Y CAMPANA CR",0,0,08/05/2026 14:13:07
13389937,08/05/2026 10:31:18,08/05/2026 11:19:08,ascirica,6414,00:06:42,00:47:50,402,2870,Fuera de Tiempo,10,39,0,00:23:13,1393,Excedido,"A816           ","A816 - DUCHA 6"" C/BRAZO Y CAMPANA CR",0,0,08/05/2026 14:13:07
13389937,08/05/2026 10:31:18,08/05/2026 11:19:08,ascirica,6414,00:06:42,00:47:50,402,2870,Fuera de Tiempo,10,39,0,00:23:13,1393,Excedido,"A996           ",A996 - DUCHA 8' CUADRADA CR C/BRAZO Y CAMPANA,0,0,08/05/2026 14:13:07
13389937,08/05/2026 10:31:18,08/05/2026 11:19:08,ascirica,6414,00:06:42,00:47:50,402,2870,Fuera de Tiempo,8,39,0,00:23:13,1393,Excedido,"20-102         ","20-102 - MONOCOMANDO MESADA CROMO ""RENACER""",0,0,08/05/2026 14:13:07
13389937,08/05/2026 10:31:18,08/05/2026 11:19:08,ascirica,6414,00:06:42,00:47:50,402,2870,Fuera de Tiempo,10,39,0,00:23:13,1393,Excedido,"63-168         ",63-168 - LAVATORIO PARED EMB MONOC CR WAVE,0,0,08/05/2026 14:13:07
13389937,08/05/2026 10:31:18,08/05/2026 11:19:08,ascirica,6414,00:06:42,00:47:50,402,2870,Fuera de Tiempo,12,39,0,00:23:13,1393,Excedido,"63-183         ","LAVATORIO PARED EMB MONOCOMANDO MAT                                   ",0,0,08/05/2026 14:13:07
13389937,08/05/2026 10:31:18,08/05/2026 11:19:08,ascirica,6414,00:06:42,00:47:50,402,2870,Fuera de Tiempo,2,39,0,00:23:13,1393,Excedido,"70-183         ","BIDE MONOCOMANDO C/TRANSF MAT                                         ",0,0,08/05/2026 14:13:07
13389937,08/05/2026 10:31:18,08/05/2026 11:19:08,ascirica,6414,00:06:42,00:47:50,402,2870,Fuera de Tiempo,2,39,0,00:23:13,1393,Excedido,"85-168N        ",85-168N - DUCHA MONOC C/TRANSF Y DUCHADOR BLACK WAVE,0,0,08/05/2026 14:13:07
13389937,08/05/2026 10:31:18,08/05/2026 11:19:08,ascirica,6414,00:06:42,00:47:50,402,2870,Fuera de Tiempo,13,39,0,00:23:13,1393,Excedido,"85-168N        ",85-168N - DUCHA MONOC C/TRANSF Y DUCHADOR BLACK WAVE,0,0,08/05/2026 14:19:08
13389937,08/05/2026 10:31:18,08/05/2026 11:19:08,ascirica,6414,00:06:42,00:47:50,402,2870,Fuera de Tiempo,2,39,0,00:23:13,1393,Excedido,"63-183         ","LAVATORIO PARED EMB MONOCOMANDO MAT                                   ",0,0,08/05/2026 14:19:08
13389937,08/05/2026 10:31:18,08/05/2026 11:19:08,ascirica,6414,00:06:42,00:47:50,402,2870,Fuera de Tiempo,4,39,0,00:23:13,1393,Excedido,"70-183         ","BIDE MONOCOMANDO C/TRANSF MAT                                         ",0,0,08/05/2026 14:19:08
13389937,08/05/2026 10:31:18,08/05/2026 11:19:08,ascirica,6414,00:06:42,00:47:50,402,2870,Fuera de Tiempo,2,39,0,00:23:13,1393,Excedido,"20-102         ","20-102 - MONOCOMANDO MESADA CROMO ""RENACER""",0,0,08/05/2026 14:19:08
13389937,08/05/2026 10:31:18,08/05/2026 11:19:08,ascirica,6414,00:06:42,00:47:50,402,2870,Fuera de Tiempo,2,39,0,00:23:13,1393,Excedido,"63-168         ",63-168 - LAVATORIO PARED EMB MONOC CR WAVE,0,0,08/05/2026 14:19:08
13389937,08/05/2026 10:31:18,08/05/2026 11:19:08,ascirica,6414,00:06:42,00:47:50,402,2870,Fuera de Tiempo,1,39,0,00:23:13,1393,Excedido,"60-168N        ",60-168N - LAVATORIO MONOC BAJO BLACK WAVE,0,0,08/05/2026 14:19:08
13389937,08/05/2026 10:31:18,08/05/2026 11:19:08,ascirica,6414,00:06:42,00:47:50,402,2870,Fuera de Tiempo,1,39,0,00:23:13,1393,Excedido,"63-168N        ","LAVATORIO PARED EMB MONOC BLACK WAVE                                  ",0,0,08/05/2026 14:19:08
13389937,08/05/2026 10:31:18,08/05/2026 11:19:08,ascirica,6414,00:06:42,00:47:50,402,2870,Fuera de Tiempo,3,39,0,00:23:13,1393,Excedido,"81-201NI       ",81-201NI - DUCHA EMB S/TRANSF C.CERAM NICKEL BEAT,0,0,08/05/2026 14:19:08
13389937,08/05/2026 10:31:18,08/05/2026 11:19:08,ascirica,6414,00:06:42,00:47:50,402,2870,Fuera de Tiempo,9,39,0,00:23:13,1393,Excedido,"85-168         ",85-168 - DUCHA MONOC C/TRANSF Y DUCHADOR CR WAVE,0,0,08/05/2026 14:19:08
13389937,08/05/2026 10:31:18,08/05/2026 11:19:08,ascirica,6414,00:06:42,00:47:50,402,2870,Fuera de Tiempo,5,39,0,00:23:13,1393,Excedido,"85-201NI       ",85-201NI - DUCHA EMB C/TRANSF Y DUCHADOR C.CERAM BEAT NICKEL,0,0,08/05/2026 14:19:08
13389937,08/05/2026 10:31:18,08/05/2026 11:19:08,ascirica,6414,00:06:42,00:47:50,402,2870,Fuera de Tiempo,10,39,0,00:23:13,1393,Excedido,"51-059         ",51-059 - COCINA MESADA BL/CR C.STD MALBA,0,0,08/05/2026 14:19:08
13389937,08/05/2026 10:31:18,08/05/2026 11:19:08,ascirica,6414,00:06:42,00:47:50,402,2870,Fuera de Tiempo,8,39,0,00:23:13,1393,Excedido,"60-059         ",60-059 - LAVATORIO BL/CR C.STD MALBA,0,0,08/05/2026 14:19:08
13389937,08/05/2026 10:31:18,08/05/2026 11:19:08,ascirica,6414,00:06:42,00:47:50,402,2870,Fuera de Tiempo,3,39,0,00:23:13,1393,Excedido,"90-059         ",90-059 - PACK GRIF.MALBA BL/CR (Lavatorio-Bide-Ducha c/t),0,0,08/05/2026 14:19:08
13389937,08/05/2026 10:31:18,08/05/2026 11:19:08,ascirica,6414,00:06:42,00:47:50,402,2870,Fuera de Tiempo,10,39,0,00:23:13,1393,Excedido,"62-201NI       ",62-201NI - LAVATORIO DE PARED C.CERAM BEAT NICKEL,0,0,08/05/2026 14:19:08
13389937,08/05/2026 10:31:18,08/05/2026 11:19:08,ascirica,6414,00:06:42,00:47:50,402,2870,Fuera de Tiempo,9,39,0,00:23:13,1393,Excedido,"70-201NI       ",70-201NI - BIDE CR C.CERAM BEAT NICKEL,0,0,08/05/2026 14:19:08
13389937,08/05/2026 10:31:18,08/05/2026 11:19:08,ascirica,6414,00:06:42,00:47:50,402,2870,Fuera de Tiempo,1,39,0,00:23:13,1393,Excedido,"60-201NI       ",60-201NI - LAVATORIO C.CERAM BEAT NICKEL,0,0,08/05/2026 14:19:08
13389937,08/05/2026 10:31:18,08/05/2026 11:19:08,ascirica,6414,00:06:42,00:47:50,402,2870,Fuera de Tiempo,5,39,0,00:23:13,1393,Excedido,"80-138         ",80-138 - DUCHA EMB. C/TRANSF. CR C.CERAM VALENCIA PLUS,0,0,08/05/2026 14:19:08
13389937,08/05/2026 10:31:18,08/05/2026 11:19:08,ascirica,6414,00:06:42,00:47:50,402,2870,Fuera de Tiempo,1,39,0,00:23:13,1393,Excedido,"60-122         ",60-122 - LAVATORIO C.CERAM CR VALENCIA,0,0,08/05/2026 14:19:08
13389937,08/05/2026 10:31:18,08/05/2026 11:19:08,ascirica,6414,00:06:42,00:47:50,402,2870,Fuera de Tiempo,6,39,0,00:23:13,1393,Excedido,"70-122         ",70-122 - BIDE C.CERAM CR VALENCIA,0,0,08/05/2026 14:19:08
13389937,08/05/2026 10:31:18,08/05/2026 11:19:08,ascirica,6414,00:06:42,00:47:50,402,2870,Fuera de Tiempo,6,39,0,00:23:13,1393,Excedido,"60-045         ",60-045 - LAVATORIO CR/CR C.STD CRUZ,0,0,08/05/2026 14:19:08
13389937,08/05/2026 10:31:18,08/05/2026 11:19:08,ascirica,6414,00:06:42,00:47:50,402,2870,Fuera de Tiempo,3,39,0,00:23:13,1393,Excedido,"80-045         ",80-045 - DUCHA EMB.C/TRANSF CR  C.STD CRUZ,0,0,08/05/2026 14:19:08
13389937,08/05/2026 10:31:18,08/05/2026 11:19:08,ascirica,6414,00:06:42,00:47:50,402,2870,Fuera de Tiempo,16,39,0,00:23:13,1393,Excedido,"70-045         ",70-045 - BIDE CROMO C.STD CRUZ,0,0,08/05/2026 14:19:08
13389937,08/05/2026 10:31:18,08/05/2026 11:19:08,ascirica,6414,00:06:42,00:47:50,402,2870,Fuera de Tiempo,3,39,0,00:23:13,1393,Excedido,"814/CR         ",814/CR - MESADA P.FUNDIDO CR/CR ARES,0,0,08/05/2026 14:19:08
13390103,08/05/2026 10:36:51,08/05/2026 10:38:07,rodriguezt,6419,00:05:11,00:01:16,311,76,En Tiempo,1,13,0,00:58:15,3495,Excedido,"20-168         ",20-168 - MONOCOMANDO COCINA CR WAVE,0,0,08/05/2026 13:38:07
13390103,08/05/2026 10:36:51,08/05/2026 10:38:07,rodriguezt,6419,00:05:11,00:01:16,311,76,En Tiempo,3,13,0,00:58:15,3495,Excedido,"30-132         ",30-132 - COCINA MESADA MONOC. C/DUCHADOR EXTENSIBLE VIGO,0,0,08/05/2026 13:38:07
13390103,08/05/2026 10:36:51,08/05/2026 10:38:07,rodriguezt,6419,00:05:11,00:01:16,311,76,En Tiempo,2,13,0,00:58:15,3495,Excedido,"20-168N        ",20-168N - MONOCOMANDO COCINA BLACK WAVE,0,0,08/05/2026 13:38:07
13390103,08/05/2026 10:36:51,08/05/2026 10:38:07,rodriguezt,6419,00:05:11,00:01:16,311,76,En Tiempo,3,13,0,00:58:15,3495,Excedido,"70-203         ",70-203 - BIDE MONOCOMANDO ADRA,0,0,08/05/2026 13:38:07
13390103,08/05/2026 10:36:51,08/05/2026 10:38:07,rodriguezt,6419,00:05:11,00:01:16,311,76,En Tiempo,1,13,0,00:58:15,3495,Excedido,"80-203P        ",80-203P - DUCHA EMB C/TRANSF. MONOCOMANDO ADRA PLUS,0,0,08/05/2026 13:38:07
13390103,08/05/2026 10:36:51,08/05/2026 10:38:07,rodriguezt,6419,00:05:11,00:01:16,311,76,En Tiempo,1,13,0,00:58:15,3495,Excedido,"16006          ",16006 - SET 6 PIEZAS ACCESORIOS LINEA 16000,0,0,08/05/2026 13:38:07
13390103,08/05/2026 10:36:51,08/05/2026 10:38:07,rodriguezt,6419,00:05:11,00:01:16,311,76,En Tiempo,8,13,0,00:58:15,3495,Excedido,"60-162N        ",60-162N - LAVATORIO BLACK C.CERAM LINEA ADRA,0,0,08/05/2026 13:38:07
13390103,08/05/2026 10:36:51,08/05/2026 10:38:07,rodriguezt,6419,00:05:11,00:01:16,311,76,En Tiempo,3,13,0,00:58:15,3495,Excedido,"60-203         ",60-203 - LAVATORIO MONOCOMANDO BAJO ADRA,0,0,08/05/2026 13:38:07
13390103,08/05/2026 10:36:51,08/05/2026 10:38:07,rodriguezt,6419,00:05:11,00:01:16,311,76,En Tiempo,2,13,0,00:58:15,3495,Excedido,"62-100NI       ",62-100NI - LAVATORIO DE PARED NICKEL C.CERAM FABRIC,0,0,08/05/2026 13:38:07
13390103,08/05/2026 10:36:51,08/05/2026 10:38:07,rodriguezt,6419,00:05:11,00:01:16,311,76,En Tiempo,1,13,0,00:58:15,3495,Excedido,"80-100NI       ",80-100NI - DUCHA EMB. C/TRANSF. NICKEL C.CERAM FABRIC,0,0,08/05/2026 13:38:07
13390103,08/05/2026 10:36:51,08/05/2026 10:38:07,rodriguezt,6419,00:05:11,00:01:16,311,76,En Tiempo,8,13,0,00:58:15,3495,Excedido,"70-162N        ",70-162N - BIDE BLACK C.CERAM LINEA ADRA,0,0,08/05/2026 13:38:07
13390103,08/05/2026 10:36:51,08/05/2026 10:38:07,rodriguezt,6419,00:05:11,00:01:16,311,76,En Tiempo,5,13,0,00:58:15,3495,Excedido,"70-162         ",70-162 - BIDE CR C.CERAM LINEA ADRA,0,0,08/05/2026 13:38:07
13390103,08/05/2026 10:36:51,08/05/2026 10:38:07,rodriguezt,6419,00:05:11,00:01:16,311,76,En Tiempo,10,13,0,00:58:15,3495,Excedido,"60-162         ",60-162 - LAVATORIO CR C.CERAM LINEA ADRA,0,0,08/05/2026 13:38:07
13390192,08/05/2026 10:39:51,08/05/2026 10:41:50,rodriguezt,6419,00:02:30,00:01:59,150,119,En Tiempo,24,5,0,00:01:44,104,Logico,"910/M          ","910/M - JGO.MDA.P.CANO CROMO ""DIQUE""",0,0,08/05/2026 13:41:50
13390192,08/05/2026 10:39:51,08/05/2026 10:41:50,rodriguezt,6419,00:02:30,00:01:59,150,119,En Tiempo,7,5,0,00:01:44,104,Logico,"303            ","303 - BIDET CROMO ""DIQUE""",0,0,08/05/2026 13:41:50
13390192,08/05/2026 10:39:51,08/05/2026 10:41:50,rodriguezt,6419,00:02:30,00:01:59,150,119,En Tiempo,12,5,0,00:01:44,104,Logico,"423            ","423 - DUCHA EMB. C/TRANSF.CR ""DIQUE""",0,0,08/05/2026 13:41:50
13390192,08/05/2026 10:39:51,08/05/2026 10:41:50,rodriguezt,6419,00:02:30,00:01:59,150,119,En Tiempo,16,5,0,00:01:44,104,Logico,"203            ","203 - LAVATORIO CROMO ""DIQUE""",0,0,08/05/2026 13:41:50
13390192,08/05/2026 10:39:51,08/05/2026 10:41:50,rodriguezt,6419,00:02:30,00:01:59,150,119,En Tiempo,2,5,0,00:01:44,104,Logico,"51-001N        ","51-001N - COCINA MESADA ""CROMO Y""",0,0,08/05/2026 13:41:50
13390973,08/05/2026 11:06:07,08/05/2026 11:07:32,rodriguezt,6419,00:02:02,00:01:25,122,85,En Tiempo,30,3,0,00:24:17,1457,Excedido,"LG03C60        ",LG03C60 - LAVATORIO CR C.STD BERNA,0,0,08/05/2026 14:07:32
13390973,08/05/2026 11:06:07,08/05/2026 11:07:32,rodriguezt,6419,00:02:02,00:01:25,122,85,En Tiempo,40,3,0,00:24:17,1457,Excedido,"LG03C70        ",LG03C70 - BIDE CR C.STD BERNA,0,0,08/05/2026 14:07:32
13390973,08/05/2026 11:06:07,08/05/2026 11:07:32,rodriguezt,6419,00:02:02,00:01:25,122,85,En Tiempo,20,3,0,00:24:17,1457,Excedido,"LG03C80        ",LG03C80 - DUCHA EMB. C/TRANSF. CR C.STD BERNA,0,0,08/05/2026 14:07:32
13391048,08/05/2026 11:08:36,08/05/2026 11:27:04,rodriguezt,6419,00:10:12,00:18:28,612,1108,Fuera de Tiempo,10,20,0,00:01:04,64,Logico,"70-162         ",70-162 - BIDE CR C.CERAM LINEA ADRA,0,0,08/05/2026 14:27:04
13391048,08/05/2026 11:08:36,08/05/2026 11:27:04,rodriguezt,6419,00:10:12,00:18:28,612,1108,Fuera de Tiempo,15,20,0,00:01:04,64,Logico,"80-162         ",80-162 - DUCHA EMB. C/TRANSF. CR C.CERAM ADRA,0,0,08/05/2026 14:27:04
13391048,08/05/2026 11:08:36,08/05/2026 11:27:04,rodriguezt,6419,00:10:12,00:18:28,612,1108,Fuera de Tiempo,20,20,0,00:01:04,64,Logico,"51-058         ",51-058 - COCINA MESADA CR C.STD MALBA,0,0,08/05/2026 14:27:04
13391048,08/05/2026 11:08:36,08/05/2026 11:27:04,rodriguezt,6419,00:10:12,00:18:28,612,1108,Fuera de Tiempo,10,20,0,00:01:04,64,Logico,"80-149         ",80-149 - DUCHA EMB. C/TRANSF. CR C.CERAM SAND,0,0,08/05/2026 14:27:04
13391048,08/05/2026 11:08:36,08/05/2026 11:27:04,rodriguezt,6419,00:10:12,00:18:28,612,1108,Fuera de Tiempo,20,20,0,00:01:04,64,Logico,"51-010         ",51-010 - COCINA MESADA BL/CR LORCA,0,0,08/05/2026 14:27:04
13391048,08/05/2026 11:08:36,08/05/2026 11:27:04,rodriguezt,6419,00:10:12,00:18:28,612,1108,Fuera de Tiempo,10,20,0,00:01:04,64,Logico,"203            ","203 - LAVATORIO CROMO ""DIQUE""",0,0,08/05/2026 14:27:04
13391048,08/05/2026 11:08:36,08/05/2026 11:27:04,rodriguezt,6419,00:10:12,00:18:28,612,1108,Fuera de Tiempo,20,20,0,00:01:04,64,Logico,"70-058         ",70-058 - BIDE CR C.STD MALBA,0,0,08/05/2026 14:27:04
13391048,08/05/2026 11:08:36,08/05/2026 11:27:04,rodriguezt,6419,00:10:12,00:18:28,612,1108,Fuera de Tiempo,10,20,0,00:01:04,64,Logico,"80-058         ",80-058 - DUCHA EMB. C/TRANSF. CR C.STD MALBA,0,0,08/05/2026 14:27:04
13391048,08/05/2026 11:08:36,08/05/2026 11:27:04,rodriguezt,6419,00:10:12,00:18:28,612,1108,Fuera de Tiempo,30,20,0,00:01:04,64,Logico,"60-058         ",60-058 - LAVATORIO CR C.STD MALBA,0,0,08/05/2026 14:27:04
13391048,08/05/2026 11:08:36,08/05/2026 11:27:04,rodriguezt,6419,00:10:12,00:18:28,612,1108,Fuera de Tiempo,10,20,0,00:01:04,64,Logico,"910/M          ","910/M - JGO.MDA.P.CANO CROMO ""DIQUE""",0,0,08/05/2026 14:27:04
13391048,08/05/2026 11:08:36,08/05/2026 11:27:04,rodriguezt,6419,00:10:12,00:18:28,612,1108,Fuera de Tiempo,5,20,0,00:01:04,64,Logico,"BCH01          ",BCH01 - BACHA DE APOYAR CIRCULAR 320x145,0,0,08/05/2026 14:27:04
13391048,08/05/2026 11:08:36,08/05/2026 11:27:04,rodriguezt,6419,00:10:12,00:18:28,612,1108,Fuera de Tiempo,10,20,0,00:01:04,64,Logico,"214/CR         ",214/CR - LAVATORIO CR/CR ARES,0,0,08/05/2026 14:27:04
13391048,08/05/2026 11:08:36,08/05/2026 11:27:04,rodriguezt,6419,00:10:12,00:18:28,612,1108,Fuera de Tiempo,1,20,0,00:01:04,64,Logico,"429            ","429 - DUCHA EMB.C/TRANSF.CR ""LAZA""",0,0,08/05/2026 14:27:04
13391048,08/05/2026 11:08:36,08/05/2026 11:27:04,rodriguezt,6419,00:10:12,00:18:28,612,1108,Fuera de Tiempo,1,20,0,00:01:04,64,Logico,"20-162         ",20-162 - MONOCOMANDO COCINA ADRA,0,0,08/05/2026 14:27:04
13391048,08/05/2026 11:08:36,08/05/2026 11:27:04,rodriguezt,6419,00:10:12,00:18:28,612,1108,Fuera de Tiempo,6,20,0,00:01:04,64,Logico,"60-133         ",60-133 - LAVATORIO MONOCOMANDO LUGO,0,0,08/05/2026 14:27:04
13391048,08/05/2026 11:08:36,08/05/2026 11:27:04,rodriguezt,6419,00:10:12,00:18:28,612,1108,Fuera de Tiempo,6,20,0,00:01:04,64,Logico,"70-176         ",70-176 - BIDE MONOC C/TRANSF CR RIO,0,0,08/05/2026 14:27:04
13391048,08/05/2026 11:08:36,08/05/2026 11:27:04,rodriguezt,6419,00:10:12,00:18:28,612,1108,Fuera de Tiempo,6,20,0,00:01:04,64,Logico,"60-176         ","LAVATORIO MONOCOMANDO BAJO CR RIO                                     ",0,0,08/05/2026 14:27:04
13391048,08/05/2026 11:08:36,08/05/2026 11:27:04,rodriguezt,6419,00:10:12,00:18:28,612,1108,Fuera de Tiempo,6,20,0,00:01:04,64,Logico,"60-176N        ","LAVATORIO MONOCOMANDO BAJO BLACK RIO                                  ",0,0,08/05/2026 14:27:04
13391048,08/05/2026 11:08:36,08/05/2026 11:27:04,rodriguezt,6419,00:10:12,00:18:28,612,1108,Fuera de Tiempo,10,20,0,00:01:04,64,Logico,"61-176N        ",61-176N - LAVATORIO MONOC ALTO BLACK RIO,0,0,08/05/2026 14:27:04
13391048,08/05/2026 11:08:36,08/05/2026 11:27:04,rodriguezt,6419,00:10:12,00:18:28,612,1108,Fuera de Tiempo,1,20,0,00:01:04,64,Logico,"70-176N        ",70-176N - BIDE MONOC C/TRANSF BLACK RIO,0,0,08/05/2026 14:27:04
13391266,08/05/2026 11:16:16,08/05/2026 11:20:44,gsoderquvist,6415,00:01:47,00:04:28,107,268,Fuera de Tiempo,1,8,0,02:09:19,7759,Excedido,"62-100G        ",62-100G - LAVATORIO DE PARED GOLD C.CERAM FABRIC,0,0,08/05/2026 14:20:44
13391266,08/05/2026 11:16:16,08/05/2026 11:20:44,gsoderquvist,6415,00:01:47,00:04:28,107,268,Fuera de Tiempo,2,8,0,02:09:19,7759,Excedido,"62-100C        ",62-100C - LAVATORIO DE PARED CR C.CERAM FABRIC,0,0,08/05/2026 14:20:44
13391266,08/05/2026 11:16:16,08/05/2026 11:20:44,gsoderquvist,6415,00:01:47,00:04:28,107,268,Fuera de Tiempo,2,8,0,02:09:19,7759,Excedido,"70-100C        ",70-100C - BIDE CR C.CERAM FABRIC,0,0,08/05/2026 14:20:44
13391266,08/05/2026 11:16:16,08/05/2026 11:20:44,gsoderquvist,6415,00:01:47,00:04:28,107,268,Fuera de Tiempo,2,8,0,02:09:19,7759,Excedido,"80-200C        ",80-200C - DUCHA EMB. MONOC. 3 FUNCIONES CR FABRIC,0,0,08/05/2026 14:20:44
13391266,08/05/2026 11:16:16,08/05/2026 11:20:44,gsoderquvist,6415,00:01:47,00:04:28,107,268,Fuera de Tiempo,1,8,0,02:09:19,7759,Excedido,"61-200C        ",61-200C - LAVATORIO MONOC ALTO CR FABRIC,0,0,08/05/2026 14:20:44
13391266,08/05/2026 11:16:16,08/05/2026 11:20:44,gsoderquvist,6415,00:01:47,00:04:28,107,268,Fuera de Tiempo,1,8,0,02:09:19,7759,Excedido,"A1539G         ","TAPA Y TECLA PARA VALVULA DE DESCARGA CUADRADA MINIMALISTA GOLD       ",0,0,08/05/2026 14:20:44
13391266,08/05/2026 11:16:16,08/05/2026 11:20:44,gsoderquvist,6415,00:01:47,00:04:28,107,268,Fuera de Tiempo,1,8,0,02:09:19,7759,Excedido,"A1539          ","TAPA Y TECLA PARA VALVULA DE DESCARGA CUADRADA MINIMALISTA CR         ",0,0,08/05/2026 14:20:44
13391266,08/05/2026 11:16:16,08/05/2026 11:20:44,gsoderquvist,6415,00:01:47,00:04:28,107,268,Fuera de Tiempo,2,8,0,02:09:19,7759,Excedido,"A1540          ","CUERPO VALVULA DE DESAGOTE P/INODORO TECNO 02-010/011                 ",0,0,08/05/2026 14:20:44
13391431,08/05/2026 11:20:56,08/05/2026 11:21:05,gsoderquvist,6415,00:00:44,00:00:09,44,9,En Tiempo,1,2,0,00:00:12,12,Logico,"60-162         ",60-162 - LAVATORIO CR C.CERAM LINEA ADRA,0,0,08/05/2026 14:21:05
13391431,08/05/2026 11:20:56,08/05/2026 11:21:05,gsoderquvist,6415,00:00:44,00:00:09,44,9,En Tiempo,1,2,0,00:00:12,12,Logico,"20-184         ","MONOCOMANDO DE COCINA CR SUV                                          ",0,0,08/05/2026 14:21:05
13391562,08/05/2026 11:24:54,08/05/2026 11:26:11,gsoderquvist,6415,00:02:32,00:01:17,152,77,En Tiempo,3,10,0,00:03:49,229,Logico,"54-130         ",54-130 - MONOCOMANDO COCINA PARED EXT BILBAO,0,0,08/05/2026 14:26:11
13391562,08/05/2026 11:24:54,08/05/2026 11:26:11,gsoderquvist,6415,00:02:32,00:01:17,152,77,En Tiempo,1,10,0,00:03:49,229,Logico,"70-203         ",70-203 - BIDE MONOCOMANDO ADRA,0,0,08/05/2026 14:26:11
13391562,08/05/2026 11:24:54,08/05/2026 11:26:11,gsoderquvist,6415,00:02:32,00:01:17,152,77,En Tiempo,1,10,0,00:03:49,229,Logico,"20-162         ",20-162 - MONOCOMANDO COCINA ADRA,0,0,08/05/2026 14:26:11
13391562,08/05/2026 11:24:54,08/05/2026 11:26:11,gsoderquvist,6415,00:02:32,00:01:17,152,77,En Tiempo,2,10,0,00:03:49,229,Logico,"83-133         ",83-133 - DUCHA EXT. C/TRANSF. MONOCOMANDO LUGO,0,0,08/05/2026 14:26:11
13391562,08/05/2026 11:24:54,08/05/2026 11:26:11,gsoderquvist,6415,00:02:32,00:01:17,152,77,En Tiempo,3,10,0,00:03:49,229,Logico,"20-102         ","20-102 - MONOCOMANDO MESADA CROMO ""RENACER""",0,0,08/05/2026 14:26:11
13391562,08/05/2026 11:24:54,08/05/2026 11:26:11,gsoderquvist,6415,00:02:32,00:01:17,152,77,En Tiempo,3,10,0,00:03:49,229,Logico,"60-133         ",60-133 - LAVATORIO MONOCOMANDO LUGO,0,0,08/05/2026 14:26:11
13391562,08/05/2026 11:24:54,08/05/2026 11:26:11,gsoderquvist,6415,00:02:32,00:01:17,152,77,En Tiempo,3,10,0,00:03:49,229,Logico,"910/M          ","910/M - JGO.MDA.P.CANO CROMO ""DIQUE""",0,0,08/05/2026 14:26:11
13391562,08/05/2026 11:24:54,08/05/2026 11:26:11,gsoderquvist,6415,00:02:32,00:01:17,152,77,En Tiempo,1,10,0,00:03:49,229,Logico,"60-203         ",60-203 - LAVATORIO MONOCOMANDO BAJO ADRA,0,0,08/05/2026 14:26:11
13391562,08/05/2026 11:24:54,08/05/2026 11:26:11,gsoderquvist,6415,00:02:32,00:01:17,152,77,En Tiempo,5,10,0,00:03:49,229,Logico,"60-057         ",60-057 - LAVATORIO C.STD VERIN PLUS,0,0,08/05/2026 14:26:11
13391562,08/05/2026 11:24:54,08/05/2026 11:26:11,gsoderquvist,6415,00:02:32,00:01:17,152,77,En Tiempo,5,10,0,00:03:49,229,Logico,"80-057         ",80-057 - DUCHA EMB. C/TRANSF. C.STD VERIN PLUS,0,0,08/05/2026 14:26:11
13391795,08/05/2026 11:32:14,08/05/2026 11:32:52,gsoderquvist,6415,00:00:54,00:00:38,54,38,En Tiempo,6,2,0,00:06:03,363,Excedido,"BCH19          ","BACHA DE APOYAR BLANCA 365x235x120                                    ",0,0,08/05/2026 14:32:52
13391795,08/05/2026 11:32:14,08/05/2026 11:32:52,gsoderquvist,6415,00:00:54,00:00:38,54,38,En Tiempo,6,2,0,00:06:03,363,Excedido,"61-176N        ",61-176N - LAVATORIO MONOC ALTO BLACK RIO,0,0,08/05/2026 14:32:52
13392099,08/05/2026 11:42:51,08/05/2026 11:43:46,rodriguezt,6419,00:02:55,00:00:55,175,55,En Tiempo,1,12,0,00:15:47,947,Excedido,"90-166         ",90-166 - PACK GRIF. ADRA PLUS (Lav-Bide-Ducha c/t Plus),0,0,08/05/2026 14:43:46
13392099,08/05/2026 11:42:51,08/05/2026 11:43:46,rodriguezt,6419,00:02:55,00:00:55,175,55,En Tiempo,1,12,0,00:15:47,947,Excedido,"80-138         ",80-138 - DUCHA EMB. C/TRANSF. CR C.CERAM VALENCIA PLUS,0,0,08/05/2026 14:43:46
13392099,08/05/2026 11:42:51,08/05/2026 11:43:46,rodriguezt,6419,00:02:55,00:00:55,175,55,En Tiempo,2,12,0,00:15:47,947,Excedido,"51-122         ",51-122 - MESADA BIMANDO CR C.CERAM VALENCIA,0,0,08/05/2026 14:43:46
13392099,08/05/2026 11:42:51,08/05/2026 11:43:46,rodriguezt,6419,00:02:55,00:00:55,175,55,En Tiempo,2,12,0,00:15:47,947,Excedido,"60-122         ",60-122 - LAVATORIO C.CERAM CR VALENCIA,0,0,08/05/2026 14:43:46
13392099,08/05/2026 11:42:51,08/05/2026 11:43:46,rodriguezt,6419,00:02:55,00:00:55,175,55,En Tiempo,1,12,0,00:15:47,947,Excedido,"70-122         ",70-122 - BIDE C.CERAM CR VALENCIA,0,0,08/05/2026 14:43:46
13392099,08/05/2026 11:42:51,08/05/2026 11:43:46,rodriguezt,6419,00:02:55,00:00:55,175,55,En Tiempo,1,12,0,00:15:47,947,Excedido,"61-203         ",61-203 - LAVATORIO MONOCOMANDO ALTO ADRA,0,0,08/05/2026 14:43:46
13392099,08/05/2026 11:42:51,08/05/2026 11:43:46,rodriguezt,6419,00:02:55,00:00:55,175,55,En Tiempo,6,12,0,00:15:47,947,Excedido,"20-122N        ",20-122N - MONOCOMANDO COCINA C/PICO EXTRAIBLE VALENCIA BLACK,0,0,08/05/2026 14:43:46
13392099,08/05/2026 11:42:51,08/05/2026 11:43:46,rodriguezt,6419,00:02:55,00:00:55,175,55,En Tiempo,2,12,0,00:15:47,947,Excedido,"61-176         ",61-176 - LAVATORIO MONOC ALTO CR RIO,0,0,08/05/2026 14:43:46
13392099,08/05/2026 11:42:51,08/05/2026 11:43:46,rodriguezt,6419,00:02:55,00:00:55,175,55,En Tiempo,1,12,0,00:15:47,947,Excedido,"60-176         ","LAVATORIO MONOCOMANDO BAJO CR RIO                                     ",0,0,08/05/2026 14:43:46
13392099,08/05/2026 11:42:51,08/05/2026 11:43:46,rodriguezt,6419,00:02:55,00:00:55,175,55,En Tiempo,1,12,0,00:15:47,947,Excedido,"60-176N        ","LAVATORIO MONOCOMANDO BAJO BLACK RIO                                  ",0,0,08/05/2026 14:43:46
13392099,08/05/2026 11:42:51,08/05/2026 11:43:46,rodriguezt,6419,00:02:55,00:00:55,175,55,En Tiempo,1,12,0,00:15:47,947,Excedido,"61-176N        ",61-176N - LAVATORIO MONOC ALTO BLACK RIO,0,0,08/05/2026 14:43:46
13392099,08/05/2026 11:42:51,08/05/2026 11:43:46,rodriguezt,6419,00:02:55,00:00:55,175,55,En Tiempo,6,12,0,00:15:47,947,Excedido,"20-122         ","MONOCOMANDO COCINA CR C/PICO EXTRAIBLE VALENCIA                       ",0,0,08/05/2026 14:43:46
13392159,08/05/2026 11:45:03,08/05/2026 11:46:11,rodriguezt,6419,00:02:58,00:01:08,178,68,En Tiempo,3,10,0,00:01:17,77,Logico,"60-176N        ","LAVATORIO MONOCOMANDO BAJO BLACK RIO                                  ",0,0,08/05/2026 14:46:11
13392159,08/05/2026 11:45:03,08/05/2026 11:46:11,rodriguezt,6419,00:02:58,00:01:08,178,68,En Tiempo,3,10,0,00:01:17,77,Logico,"61-176N        ",61-176N - LAVATORIO MONOC ALTO BLACK RIO,0,0,08/05/2026 14:46:11
13392159,08/05/2026 11:45:03,08/05/2026 11:46:11,rodriguezt,6419,00:02:58,00:01:08,178,68,En Tiempo,3,10,0,00:01:17,77,Logico,"60-176         ","LAVATORIO MONOCOMANDO BAJO CR RIO                                     ",0,0,08/05/2026 14:46:11
13392159,08/05/2026 11:45:03,08/05/2026 11:46:11,rodriguezt,6419,00:02:58,00:01:08,178,68,En Tiempo,4,10,0,00:01:17,77,Logico,"61-176         ",61-176 - LAVATORIO MONOC ALTO CR RIO,0,0,08/05/2026 14:46:11
13392159,08/05/2026 11:45:03,08/05/2026 11:46:11,rodriguezt,6419,00:02:58,00:01:08,178,68,En Tiempo,3,10,0,00:01:17,77,Logico,"61-203         ",61-203 - LAVATORIO MONOCOMANDO ALTO ADRA,0,0,08/05/2026 14:46:11
13392159,08/05/2026 11:45:03,08/05/2026 11:46:11,rodriguezt,6419,00:02:58,00:01:08,178,68,En Tiempo,4,10,0,00:01:17,77,Logico,"51-122         ",51-122 - MESADA BIMANDO CR C.CERAM VALENCIA,0,0,08/05/2026 14:46:11
13392159,08/05/2026 11:45:03,08/05/2026 11:46:11,rodriguezt,6419,00:02:58,00:01:08,178,68,En Tiempo,4,10,0,00:01:17,77,Logico,"60-122         ",60-122 - LAVATORIO C.CERAM CR VALENCIA,0,0,08/05/2026 14:46:11
13392159,08/05/2026 11:45:03,08/05/2026 11:46:11,rodriguezt,6419,00:02:58,00:01:08,178,68,En Tiempo,2,10,0,00:01:17,77,Logico,"70-122         ",70-122 - BIDE C.CERAM CR VALENCIA,0,0,08/05/2026 14:46:11
13392159,08/05/2026 11:45:03,08/05/2026 11:46:11,rodriguezt,6419,00:02:58,00:01:08,178,68,En Tiempo,2,10,0,00:01:17,77,Logico,"80-138         ",80-138 - DUCHA EMB. C/TRANSF. CR C.CERAM VALENCIA PLUS,0,0,08/05/2026 14:46:11
13392159,08/05/2026 11:45:03,08/05/2026 11:46:11,rodriguezt,6419,00:02:58,00:01:08,178,68,En Tiempo,3,10,0,00:01:17,77,Logico,"90-166         ",90-166 - PACK GRIF. ADRA PLUS (Lav-Bide-Ducha c/t Plus),0,0,08/05/2026 14:46:11
13392920,08/05/2026 12:10:43,08/05/2026 12:26:39,ascirica,6414,00:01:39,00:15:56,99,956,Fuera de Tiempo,4,4,0,00:51:35,3095,Excedido,"BID104-1       ","BIDE 1 AGUJERO BLANCO LINEA STONE                                     ",0,0,08/05/2026 15:12:37
13392920,08/05/2026 12:10:43,08/05/2026 12:26:39,ascirica,6414,00:01:39,00:15:56,99,956,Fuera de Tiempo,6,4,0,00:51:35,3095,Excedido,"BID104-3       ","BIDE 3 AGUJEROS BLANCO LINEA STONE                                    ",0,0,08/05/2026 15:12:37
13392920,08/05/2026 12:10:43,08/05/2026 12:26:39,ascirica,6414,00:01:39,00:15:56,99,956,Fuera de Tiempo,10,4,0,00:51:35,3095,Excedido,"INO104-2       ","DEPOSITO C/DESCARGA DUAL BLANCO LINEA STONE                           ",0,0,08/05/2026 15:12:37
13392920,08/05/2026 12:10:43,08/05/2026 12:26:39,ascirica,6414,00:01:39,00:15:56,99,956,Fuera de Tiempo,10,4,0,00:51:35,3095,Excedido,"INO104-1       ","INODORO BLANCO C/ASIENTO LINEA STONE                                  ",0,0,08/05/2026 15:26:39
13394895,08/05/2026 13:25:31,08/05/2026 14:57:40,rodriguezt,6419,00:10:41,01:32:09,641,5529,Fuera de Tiempo,250,10,0,01:39:20,5960,Excedido,"20-147         ",20-147 - MONOCOMANDO DE COCINA SWIFT,0,0,08/05/2026 16:29:56
13394895,08/05/2026 13:25:31,08/05/2026 14:57:40,rodriguezt,6419,00:10:41,01:32:09,641,5529,Fuera de Tiempo,250,10,0,01:39:20,5960,Excedido,"20-147         ",20-147 - MONOCOMANDO DE COCINA SWIFT,0,0,08/05/2026 16:48:45
13394895,08/05/2026 13:25:31,08/05/2026 14:57:40,rodriguezt,6419,00:10:41,01:32:09,641,5529,Fuera de Tiempo,19,10,0,01:39:20,5960,Excedido,"20-147         ",20-147 - MONOCOMANDO DE COCINA SWIFT,0,0,08/05/2026 17:38:17
13394895,08/05/2026 13:25:31,08/05/2026 14:57:40,rodriguezt,6419,00:10:41,01:32:09,641,5529,Fuera de Tiempo,60,10,0,01:39:20,5960,Excedido,"20-205         ",20-205 - MONOCOMANDO DE COCINA STEEL,0,0,08/05/2026 17:38:17
13394895,08/05/2026 13:25:31,08/05/2026 14:57:40,rodriguezt,6419,00:10:41,01:32:09,641,5529,Fuera de Tiempo,4,10,0,01:39:20,5960,Excedido,"20-146         ",20-146 - MONOCOMANDO DE COCINA CR LINEA MOVE,0,0,08/05/2026 17:38:17
13394895,08/05/2026 13:25:31,08/05/2026 14:57:40,rodriguezt,6419,00:10:41,01:32:09,641,5529,Fuera de Tiempo,37,10,0,01:39:20,5960,Excedido,"20-122N        ",20-122N - MONOCOMANDO COCINA C/PICO EXTRAIBLE VALENCIA BLACK,0,0,08/05/2026 17:38:17
13394895,08/05/2026 13:25:31,08/05/2026 14:57:40,rodriguezt,6419,00:10:41,01:32:09,641,5529,Fuera de Tiempo,111,10,0,01:39:20,5960,Excedido,"A1447C         ","A1447C - FLOR DE DUCHA 4"" ABS CROMO C/BLISTER",0,0,08/05/2026 17:38:17
13394895,08/05/2026 13:25:31,08/05/2026 14:57:40,rodriguezt,6419,00:10:41,01:32:09,641,5529,Fuera de Tiempo,88,10,0,01:39:20,5960,Excedido,"A1449C         ",A1449C - DUCHADOR MULTIFUNCION CROMO C/BLISTER,0,0,08/05/2026 17:38:17
13394895,08/05/2026 13:25:31,08/05/2026 14:57:40,rodriguezt,6419,00:10:41,01:32:09,641,5529,Fuera de Tiempo,54,10,0,01:39:20,5960,Excedido,"A1448C         ","A1448C - CAÑO CURVO METALICO C/FLOR DE DUCHA 4"" ABS CR C/BLISTER",0,0,08/05/2026 17:38:17
13394895,08/05/2026 13:25:31,08/05/2026 14:57:40,rodriguezt,6419,00:10:41,01:32:09,641,5529,Fuera de Tiempo,93,10,0,01:39:20,5960,Excedido,"20-146N        ",20-146N - MONOCOMANDO DE COCINA BLACK LINEA MOVE,0,0,08/05/2026 17:57:40
13394895,08/05/2026 13:25:31,08/05/2026 14:57:40,rodriguezt,6419,00:10:41,01:32:09,641,5529,Fuera de Tiempo,64,10,0,01:39:20,5960,Excedido,"61-203         ",61-203 - LAVATORIO MONOCOMANDO ALTO ADRA,0,0,08/05/2026 17:57:40
13394895,08/05/2026 13:25:31,08/05/2026 14:57:40,rodriguezt,6419,00:10:41,01:32:09,641,5529,Fuera de Tiempo,7,10,0,01:39:20,5960,Excedido,"60-203         ",60-203 - LAVATORIO MONOCOMANDO BAJO ADRA,0,0,08/05/2026 17:57:40
13394895,08/05/2026 13:25:31,08/05/2026 14:57:40,rodriguezt,6419,00:10:41,01:32:09,641,5529,Fuera de Tiempo,15,10,0,01:39:20,5960,Excedido,"A1448C         ","A1448C - CAÑO CURVO METALICO C/FLOR DE DUCHA 4"" ABS CR C/BLISTER",0,0,08/05/2026 17:57:40
13395334,08/05/2026 13:42:58,08/05/2026 13:51:05,gsoderquvist,6415,00:09:33,00:08:07,573,487,En Tiempo,31,10,0,02:10:06,7806,Excedido,"BCH18          ",BCH18 - BACHA DE APOYAR SIMIL MARMOL 460x320x140,0,0,08/05/2026 16:45:17
13395334,08/05/2026 13:42:58,08/05/2026 13:51:05,gsoderquvist,6415,00:09:33,00:08:07,573,487,En Tiempo,6,10,0,02:10:06,7806,Excedido,"19010          ",19010 - TOALLERO BARRAL LINEA 19000,0,0,08/05/2026 16:45:17
13395334,08/05/2026 13:42:58,08/05/2026 13:51:05,gsoderquvist,6415,00:09:33,00:08:07,573,487,En Tiempo,45,10,0,02:10:06,7806,Excedido,"60-205         ",60-205 - LAVATORIO MONOC BAJO STEEL,0,0,08/05/2026 16:45:17
13395334,08/05/2026 13:42:58,08/05/2026 13:51:05,gsoderquvist,6415,00:09:33,00:08:07,573,487,En Tiempo,5,10,0,02:10:06,7806,Excedido,"61-205         ",61-205 - LAVATORIO MONOC ALTO STEEL,0,0,08/05/2026 16:45:17
13395334,08/05/2026 13:42:58,08/05/2026 13:51:05,gsoderquvist,6415,00:09:33,00:08:07,573,487,En Tiempo,1,10,0,02:10:06,7806,Excedido,"70-205         ",70-205 - BIDE MONOCOMANDO STEEL,0,0,08/05/2026 16:45:17
13395334,08/05/2026 13:42:58,08/05/2026 13:51:05,gsoderquvist,6415,00:09:33,00:08:07,573,487,En Tiempo,3,10,0,02:10:06,7806,Excedido,"83-203         ",83-203 - DUCHA EXT C/TRANSF. MONOCOMANDO ADRA,0,0,08/05/2026 16:45:17
13395334,08/05/2026 13:42:58,08/05/2026 13:51:05,gsoderquvist,6415,00:09:33,00:08:07,573,487,En Tiempo,66,10,0,02:10:06,7806,Excedido,"19030          ",19030 - PERCHA LINEA 19000,0,0,08/05/2026 16:51:05
13395334,08/05/2026 13:42:58,08/05/2026 13:51:05,gsoderquvist,6415,00:09:33,00:08:07,573,487,En Tiempo,6,10,0,02:10:06,7806,Excedido,"19020          ",19020 - TOALLERO DE ARO LINEA 19000,0,0,08/05/2026 16:51:05
13395334,08/05/2026 13:42:58,08/05/2026 13:51:05,gsoderquvist,6415,00:09:33,00:08:07,573,487,En Tiempo,50,10,0,02:10:06,7806,Excedido,"61-205         ",61-205 - LAVATORIO MONOC ALTO STEEL,0,0,08/05/2026 16:51:05
13395334,08/05/2026 13:42:58,08/05/2026 13:51:05,gsoderquvist,6415,00:09:33,00:08:07,573,487,En Tiempo,96,10,0,02:10:06,7806,Excedido,"83-203         ",83-203 - DUCHA EXT C/TRANSF. MONOCOMANDO ADRA,0,0,08/05/2026 16:51:05
13395334,08/05/2026 13:42:58,08/05/2026 13:51:05,gsoderquvist,6415,00:09:33,00:08:07,573,487,En Tiempo,20,10,0,02:10:06,7806,Excedido,"19006          ",19006 - SET DE 6 PIEZAS LINEA 19000,0,0,08/05/2026 16:51:05
13395334,08/05/2026 13:42:58,08/05/2026 13:51:05,gsoderquvist,6415,00:09:33,00:08:07,573,487,En Tiempo,12,10,0,02:10:06,7806,Excedido,"70-205         ",70-205 - BIDE MONOCOMANDO STEEL,0,0,08/05/2026 16:51:05
13395334,08/05/2026 13:42:58,08/05/2026 13:51:05,gsoderquvist,6415,00:09:33,00:08:07,573,487,En Tiempo,6,10,0,02:10:06,7806,Excedido,"80-205         ",80-205 - DUCHA EMB. C/TRANSF. MONOC STEEL,0,0,08/05/2026 16:51:05
13397060,08/05/2026 14:35:22,08/05/2026 15:42:00,gsoderquvist,6415,00:12:05,01:06:38,725,3998,Fuera de Tiempo,36,18,0,00:44:17,2657,Excedido,"BCH12          ",BCH12 - BACHA DE APOYAR BLANCA 460x320x140,0,0,08/05/2026 17:35:47
13397060,08/05/2026 14:35:22,08/05/2026 15:42:00,gsoderquvist,6415,00:12:05,01:06:38,725,3998,Fuera de Tiempo,36,18,0,00:44:17,2657,Excedido,"BCH12          ",BCH12 - BACHA DE APOYAR BLANCA 460x320x140,0,0,08/05/2026 17:36:18
13397060,08/05/2026 14:35:22,08/05/2026 15:42:00,gsoderquvist,6415,00:12:05,01:06:38,725,3998,Fuera de Tiempo,80,18,0,00:44:17,2657,Excedido,"BCH19          ","BACHA DE APOYAR BLANCA 365x235x120                                    ",0,0,08/05/2026 17:38:30
13397060,08/05/2026 14:35:22,08/05/2026 15:42:00,gsoderquvist,6415,00:12:05,01:06:38,725,3998,Fuera de Tiempo,42,18,0,00:44:17,2657,Excedido,"BCH18          ",BCH18 - BACHA DE APOYAR SIMIL MARMOL 460x320x140,0,0,08/05/2026 17:39:32
13397060,08/05/2026 14:35:22,08/05/2026 15:42:00,gsoderquvist,6415,00:12:05,01:06:38,725,3998,Fuera de Tiempo,42,18,0,00:44:17,2657,Excedido,"BCH12          ",BCH12 - BACHA DE APOYAR BLANCA 460x320x140,0,0,08/05/2026 17:41:57
13397060,08/05/2026 14:35:22,08/05/2026 15:42:00,gsoderquvist,6415,00:12:05,01:06:38,725,3998,Fuera de Tiempo,25,18,0,00:44:17,2657,Excedido,"BCH20          ","BACHA BAJO MESADA BLANCA 500x400x185                                  ",0,0,08/05/2026 17:52:41
13397060,08/05/2026 14:35:22,08/05/2026 15:42:00,gsoderquvist,6415,00:12:05,01:06:38,725,3998,Fuera de Tiempo,25,18,0,00:44:17,2657,Excedido,"BCH20          ","BACHA BAJO MESADA BLANCA 500x400x185                                  ",0,0,08/05/2026 17:53:06
13397060,08/05/2026 14:35:22,08/05/2026 15:42:00,gsoderquvist,6415,00:12:05,01:06:38,725,3998,Fuera de Tiempo,48,18,0,00:44:17,2657,Excedido,"BCH07          ",BCH07 - BACHA DE APOYAR OVALADA 400x330x150,0,0,08/05/2026 17:54:26
13397060,08/05/2026 14:35:22,08/05/2026 15:42:00,gsoderquvist,6415,00:12:05,01:06:38,725,3998,Fuera de Tiempo,36,18,0,00:44:17,2657,Excedido,"BCH12          ",BCH12 - BACHA DE APOYAR BLANCA 460x320x140,0,0,08/05/2026 18:11:15
13397060,08/05/2026 14:35:22,08/05/2026 15:42:00,gsoderquvist,6415,00:12:05,01:06:38,725,3998,Fuera de Tiempo,20,18,0,00:44:17,2657,Excedido,"70-162         ",70-162 - BIDE CR C.CERAM LINEA ADRA,0,0,08/05/2026 18:24:45
13397060,08/05/2026 14:35:22,08/05/2026 15:42:00,gsoderquvist,6415,00:12:05,01:06:38,725,3998,Fuera de Tiempo,10,18,0,00:44:17,2657,Excedido,"70-059         ",70-059 - BIDE BL/CR C.STD MALBA,0,0,08/05/2026 18:24:45
13397060,08/05/2026 14:35:22,08/05/2026 15:42:00,gsoderquvist,6415,00:12:05,01:06:38,725,3998,Fuera de Tiempo,30,18,0,00:44:17,2657,Excedido,"60-059         ",60-059 - LAVATORIO BL/CR C.STD MALBA,0,0,08/05/2026 18:24:45
13397060,08/05/2026 14:35:22,08/05/2026 15:42:00,gsoderquvist,6415,00:12:05,01:06:38,725,3998,Fuera de Tiempo,210,18,0,00:44:17,2657,Excedido,"80-059         ",80-059 - DUCHA EMB. C/TRANSF.BL/CR C.STD MALBA,0,0,08/05/2026 18:24:45
13397060,08/05/2026 14:35:22,08/05/2026 15:42:00,gsoderquvist,6415,00:12:05,01:06:38,725,3998,Fuera de Tiempo,1,18,0,00:44:17,2657,Excedido,"90-166         ",90-166 - PACK GRIF. ADRA PLUS (Lav-Bide-Ducha c/t Plus),0,0,08/05/2026 18:24:45
13397060,08/05/2026 14:35:22,08/05/2026 15:42:00,gsoderquvist,6415,00:12:05,01:06:38,725,3998,Fuera de Tiempo,38,18,0,00:44:17,2657,Excedido,"90-166N        ",90-166N - PACK GRIF. ADRA BLACK PLUS  (Lav-Bide-Ducha c/t Plus),0,0,08/05/2026 18:24:45
13397060,08/05/2026 14:35:22,08/05/2026 15:42:00,gsoderquvist,6415,00:12:05,01:06:38,725,3998,Fuera de Tiempo,48,18,0,00:44:17,2657,Excedido,"20-160         ",20-160 - MONOCOMANDO MESADA COCINA DIQUE,0,0,08/05/2026 18:28:15
13397060,08/05/2026 14:35:22,08/05/2026 15:42:00,gsoderquvist,6415,00:12:05,01:06:38,725,3998,Fuera de Tiempo,2,18,0,00:44:17,2657,Excedido,"BCH07          ",BCH07 - BACHA DE APOYAR OVALADA 400x330x150,0,0,08/05/2026 18:28:15
13397060,08/05/2026 14:35:22,08/05/2026 15:42:00,gsoderquvist,6415,00:12:05,01:06:38,725,3998,Fuera de Tiempo,18,18,0,00:44:17,2657,Excedido,"BCH18          ",BCH18 - BACHA DE APOYAR SIMIL MARMOL 460x320x140,0,0,08/05/2026 18:28:15
13397060,08/05/2026 14:35:22,08/05/2026 15:42:00,gsoderquvist,6415,00:12:05,01:06:38,725,3998,Fuera de Tiempo,2,18,0,00:44:17,2657,Excedido,"80-100G        ",80-100G - DUCHA EMB. C/TRANSF. GOLD C.CERAM FABRIC,0,0,08/05/2026 18:37:30
13397060,08/05/2026 14:35:22,08/05/2026 15:42:00,gsoderquvist,6415,00:12:05,01:06:38,725,3998,Fuera de Tiempo,2,18,0,00:44:17,2657,Excedido,"70-100G        ",70-100G - BIDE GOLD C.CERAM FABRIC,0,0,08/05/2026 18:37:30
13397060,08/05/2026 14:35:22,08/05/2026 15:42:00,gsoderquvist,6415,00:12:05,01:06:38,725,3998,Fuera de Tiempo,10,18,0,00:44:17,2657,Excedido,"80-166N        ",80-166N - DUCHA EMB. C/TRANSF. BLACK C.CERAM ADRA PLUS,0,0,08/05/2026 18:37:30
13397060,08/05/2026 14:35:22,08/05/2026 15:42:00,gsoderquvist,6415,00:12:05,01:06:38,725,3998,Fuera de Tiempo,2,18,0,00:44:17,2657,Excedido,"60-203         ",60-203 - LAVATORIO MONOCOMANDO BAJO ADRA,0,0,08/05/2026 18:37:30
13397060,08/05/2026 14:35:22,08/05/2026 15:42:00,gsoderquvist,6415,00:12:05,01:06:38,725,3998,Fuera de Tiempo,40,18,0,00:44:17,2657,Excedido,"80-059         ",80-059 - DUCHA EMB. C/TRANSF.BL/CR C.STD MALBA,0,0,08/05/2026 18:37:30
13397060,08/05/2026 14:35:22,08/05/2026 15:42:00,gsoderquvist,6415,00:12:05,01:06:38,725,3998,Fuera de Tiempo,100,18,0,00:44:17,2657,Excedido,"90-059         ",90-059 - PACK GRIF.MALBA BL/CR (Lavatorio-Bide-Ducha c/t),0,0,08/05/2026 18:37:30
13397060,08/05/2026 14:35:22,08/05/2026 15:42:00,gsoderquvist,6415,00:12:05,01:06:38,725,3998,Fuera de Tiempo,50,18,0,00:44:17,2657,Excedido,"60-162         ",60-162 - LAVATORIO CR C.CERAM LINEA ADRA,0,0,08/05/2026 18:37:30
13397060,08/05/2026 14:35:22,08/05/2026 15:42:00,gsoderquvist,6415,00:12:05,01:06:38,725,3998,Fuera de Tiempo,1,18,0,00:44:17,2657,Excedido,"90-166N        ",90-166N - PACK GRIF. ADRA BLACK PLUS  (Lav-Bide-Ducha c/t Plus),0,0,08/05/2026 18:37:30
13397060,08/05/2026 14:35:22,08/05/2026 15:42:00,gsoderquvist,6415,00:12:05,01:06:38,725,3998,Fuera de Tiempo,99,18,0,00:44:17,2657,Excedido,"90-166         ",90-166 - PACK GRIF. ADRA PLUS (Lav-Bide-Ducha c/t Plus),0,0,08/05/2026 18:42:00
13397060,08/05/2026 14:35:22,08/05/2026 15:42:00,gsoderquvist,6415,00:12:05,01:06:38,725,3998,Fuera de Tiempo,21,18,0,00:44:17,2657,Excedido,"90-166N        ",90-166N - PACK GRIF. ADRA BLACK PLUS  (Lav-Bide-Ducha c/t Plus),0,0,08/05/2026 18:42:00
13397805,08/05/2026 15:01:46,08/05/2026 15:02:14,gkiriczuk,6409,00:00:44,00:00:28,44,28,En Tiempo,1,2,0,,,Excedido,"3010           ",3010 - TOALLERO BARRAL LINEA 3000,0,0,08/05/2026 18:02:14
13397805,08/05/2026 15:01:46,08/05/2026 15:02:14,gkiriczuk,6409,00:00:44,00:00:28,44,28,En Tiempo,1,2,0,,,Excedido,"RA1149         ",RA1149 - SUJECION ACCESORIOS LINEA 3000,0,0,08/05/2026 18:02:14
13397824,08/05/2026 15:02:38,08/05/2026 15:02:44,gkiriczuk,6409,00:00:39,00:00:06,39,6,En Tiempo,1,1,0,00:00:24,24,Logico,"70-168         ",70-168 - BIDE MONOC CR WAVE,0,0,08/05/2026 18:02:44
13397844,08/05/2026 15:03:17,08/05/2026 15:03:24,gkiriczuk,6409,00:00:39,00:00:07,39,7,En Tiempo,1,1,0,00:00:33,33,Logico,"20-190         ",20-190 - COCINA MESADA MONOC BLACK VELVET,0,0,08/05/2026 18:03:24
13397864,08/05/2026 15:03:51,08/05/2026 15:03:55,gkiriczuk,6409,00:00:39,00:00:04,39,4,En Tiempo,1,1,0,00:00:27,27,Logico,"83-176N        ",83-176N - DUCHA EXT. C/TRANSF. MONOC BLACK RIO,0,0,08/05/2026 18:03:55
13398183,08/05/2026 15:14:11,08/05/2026 15:48:53,rodriguezt,6419,00:10:32,00:34:42,632,2082,Fuera de Tiempo,239,10,0,00:16:31,991,Excedido,"51-058         ",51-058 - COCINA MESADA CR C.STD MALBA,0,0,08/05/2026 18:38:47
13398183,08/05/2026 15:14:11,08/05/2026 15:48:53,rodriguezt,6419,00:10:32,00:34:42,632,2082,Fuera de Tiempo,62,10,0,00:16:31,991,Excedido,"51-059         ",51-059 - COCINA MESADA BL/CR C.STD MALBA,0,0,08/05/2026 18:38:47
13398183,08/05/2026 15:14:11,08/05/2026 15:48:53,rodriguezt,6419,00:10:32,00:34:42,632,2082,Fuera de Tiempo,50,10,0,00:16:31,991,Excedido,"80-059         ",80-059 - DUCHA EMB. C/TRANSF.BL/CR C.STD MALBA,0,0,08/05/2026 18:38:47
13398183,08/05/2026 15:14:11,08/05/2026 15:48:53,rodriguezt,6419,00:10:32,00:34:42,632,2082,Fuera de Tiempo,5,10,0,00:16:31,991,Excedido,"62-100G        ",62-100G - LAVATORIO DE PARED GOLD C.CERAM FABRIC,0,0,08/05/2026 18:38:47
13398183,08/05/2026 15:14:11,08/05/2026 15:48:53,rodriguezt,6419,00:10:32,00:34:42,632,2082,Fuera de Tiempo,8,10,0,00:16:31,991,Excedido,"60-199         ",60-199 - LAVATORIO CR C.CERAM LIVE,0,0,08/05/2026 18:38:47
13398183,08/05/2026 15:14:11,08/05/2026 15:48:53,rodriguezt,6419,00:10:32,00:34:42,632,2082,Fuera de Tiempo,77,10,0,00:16:31,991,Excedido,"20-122         ","MONOCOMANDO COCINA CR C/PICO EXTRAIBLE VALENCIA                       ",0,0,08/05/2026 18:48:53
13398183,08/05/2026 15:14:11,08/05/2026 15:48:53,rodriguezt,6419,00:10:32,00:34:42,632,2082,Fuera de Tiempo,3,10,0,00:16:31,991,Excedido,"80-100N        ",80-100N - DUCHA EMB. C/TRANSF. BLACK C.CERAM FABRIC,0,0,08/05/2026 18:48:53
13398183,08/05/2026 15:14:11,08/05/2026 15:48:53,rodriguezt,6419,00:10:32,00:34:42,632,2082,Fuera de Tiempo,3,10,0,00:16:31,991,Excedido,"51-131         ",51-131 - MESADA BIMANDO CR C.CERAM MALLORCA,0,0,08/05/2026 18:48:53
13398183,08/05/2026 15:14:11,08/05/2026 15:48:53,rodriguezt,6419,00:10:32,00:34:42,632,2082,Fuera de Tiempo,15,10,0,00:16:31,991,Excedido,"51-122         ",51-122 - MESADA BIMANDO CR C.CERAM VALENCIA,0,0,08/05/2026 18:48:53
13398183,08/05/2026 15:14:11,08/05/2026 15:48:53,rodriguezt,6419,00:10:32,00:34:42,632,2082,Fuera de Tiempo,6,10,0,00:16:31,991,Excedido,"80-199         ",80-199 - DUCHA EMB. C/TRANSF. CR C.CERAM LIVE,0,0,08/05/2026 18:48:53
13399579,08/05/2026 15:59:00,08/05/2026 16:10:32,rodriguezt,6419,00:07:43,00:11:32,463,692,Fuera de Tiempo,6,10,0,00:10:07,607,Excedido,"83-193         ",83-193 - DUCHA EXT. C/TRANSF. MONOCOMANDO MORA,0,0,08/05/2026 19:07:20
13399579,08/05/2026 15:59:00,08/05/2026 16:10:32,rodriguezt,6419,00:07:43,00:11:32,463,692,Fuera de Tiempo,5,10,0,00:10:07,607,Excedido,"20-190         ",20-190 - COCINA MESADA MONOC BLACK VELVET,0,0,08/05/2026 19:07:20
13399579,08/05/2026 15:59:00,08/05/2026 16:10:32,rodriguezt,6419,00:07:43,00:11:32,463,692,Fuera de Tiempo,10,10,0,00:10:07,607,Excedido,"16006          ",16006 - SET 6 PIEZAS ACCESORIOS LINEA 16000,0,0,08/05/2026 19:07:20
13399579,08/05/2026 15:59:00,08/05/2026 16:10:32,rodriguezt,6419,00:07:43,00:11:32,463,692,Fuera de Tiempo,3,10,0,00:10:07,607,Excedido,"80-163         ",80-163 - DUCHA EMB. C/TRANSF. CR C.CERAM SENA,0,0,08/05/2026 19:07:20
13399579,08/05/2026 15:59:00,08/05/2026 16:10:32,rodriguezt,6419,00:07:43,00:11:32,463,692,Fuera de Tiempo,4,10,0,00:10:07,607,Excedido,"60-163         ",60-163 - LAVATORIO CR C.CERAM SENA,0,0,08/05/2026 19:07:20
13399579,08/05/2026 15:59:00,08/05/2026 16:10:32,rodriguezt,6419,00:07:43,00:11:32,463,692,Fuera de Tiempo,4,10,0,00:10:07,607,Excedido,"90-057         ",90-057 - PACK GRIF.VERIN PLUS (Lavatorio-Bide-Ducha c/t),0,0,08/05/2026 19:07:20
13399579,08/05/2026 15:59:00,08/05/2026 16:10:32,rodriguezt,6419,00:07:43,00:11:32,463,692,Fuera de Tiempo,48,10,0,00:10:07,607,Excedido,"60-193         ",60-193 - LAVATORIO MONOCOMANDO BAJO MORA,0,0,08/05/2026 19:07:20
13399579,08/05/2026 15:59:00,08/05/2026 16:10:32,rodriguezt,6419,00:07:43,00:11:32,463,692,Fuera de Tiempo,90,10,0,00:10:07,607,Excedido,"51-057         ",51-057 - COCINA MESADA CR C.STD VERIN PLUS,0,0,08/05/2026 19:07:20
13399579,08/05/2026 15:59:00,08/05/2026 16:10:32,rodriguezt,6419,00:07:43,00:11:32,463,692,Fuera de Tiempo,90,10,0,00:10:07,607,Excedido,"12003          ","SET DE 3 PIEZAS LINEA 12000                                           ",0,0,08/05/2026 19:07:20
13399579,08/05/2026 15:59:00,08/05/2026 16:10:32,rodriguezt,6419,00:07:43,00:11:32,463,692,Fuera de Tiempo,29,10,0,00:10:07,607,Excedido,"BCH07          ",BCH07 - BACHA DE APOYAR OVALADA 400x330x150,0,0,08/05/2026 19:10:32
13399955,08/05/2026 16:12:42,08/05/2026 16:16:49,rodriguezt,6419,00:03:13,00:04:07,193,247,Fuera de Tiempo,60,5,0,00:02:10,130,Logico,"790            ",790 - JGO. MESADA CR C.CERAM PRAGMA,0,0,08/05/2026 19:15:10
13399955,08/05/2026 16:12:42,08/05/2026 16:16:49,rodriguezt,6419,00:03:13,00:04:07,193,247,Fuera de Tiempo,30,5,0,00:02:10,130,Logico,"55-001         ","55-001 - COCINA PARED EMBUTIR PICO ALTO ""CROMO Y""",0,0,08/05/2026 19:15:10
13399955,08/05/2026 16:12:42,08/05/2026 16:16:49,rodriguezt,6419,00:03:13,00:04:07,193,247,Fuera de Tiempo,8,5,0,00:02:10,130,Logico,"80-131         ",80-131 - DUCHA EMB. C/TRANSF. CR C.CERAM MALLORCA,0,0,08/05/2026 19:15:10
13399955,08/05/2026 16:12:42,08/05/2026 16:16:49,rodriguezt,6419,00:03:13,00:04:07,193,247,Fuera de Tiempo,15,5,0,00:02:10,130,Logico,"60-131         ",60-131 - LAVATORIO C.CERAM CR MALLORCA,0,0,08/05/2026 19:15:10
13399955,08/05/2026 16:12:42,08/05/2026 16:16:49,rodriguezt,6419,00:03:13,00:04:07,193,247,Fuera de Tiempo,9,5,0,00:02:10,130,Logico,"80-122N        ","DUCHA EMB. C/TRANSF. BLACK C.CERAM VALENCIA                           ",0,0,08/05/2026 19:15:10
13399955,08/05/2026 16:12:42,08/05/2026 16:16:49,rodriguezt,6419,00:03:13,00:04:07,193,247,Fuera de Tiempo,3,5,0,00:02:10,130,Logico,"80-122N        ","DUCHA EMB. C/TRANSF. BLACK C.CERAM VALENCIA                           ",0,0,08/05/2026 19:16:49
13403285,08/06/2026 06:21:38,08/06/2026 06:50:47,gsoderquvist,6415,00:09:18,00:29:09,558,1749,Fuera de Tiempo,10,22,0,,,Excedido,"BCH03/3        ",BCH03/3 - BACHA DE APOYAR RECTANGULAR 3 AG 500x420x130,0,0,08/06/2026 09:50:47
13403285,08/06/2026 06:21:38,08/06/2026 06:50:47,gsoderquvist,6415,00:09:18,00:29:09,558,1749,Fuera de Tiempo,10,22,0,,,Excedido,"BCH07          ",BCH07 - BACHA DE APOYAR OVALADA 400x330x150,0,0,08/06/2026 09:50:47
13403285,08/06/2026 06:21:38,08/06/2026 06:50:47,gsoderquvist,6415,00:09:18,00:29:09,558,1749,Fuera de Tiempo,5,22,0,,,Excedido,"30-132         ",30-132 - COCINA MESADA MONOC. C/DUCHADOR EXTENSIBLE VIGO,0,0,08/06/2026 09:50:47
13403285,08/06/2026 06:21:38,08/06/2026 06:50:47,gsoderquvist,6415,00:09:18,00:29:09,558,1749,Fuera de Tiempo,2,22,0,,,Excedido,"60-200C        ",60-200C - LAVATORIO MONOC BAJO CR FABRIC,0,0,08/06/2026 09:50:47
13403285,08/06/2026 06:21:38,08/06/2026 06:50:47,gsoderquvist,6415,00:09:18,00:29:09,558,1749,Fuera de Tiempo,3,22,0,,,Excedido,"61-200C        ",61-200C - LAVATORIO MONOC ALTO CR FABRIC,0,0,08/06/2026 09:50:47
13403285,08/06/2026 06:21:38,08/06/2026 06:50:47,gsoderquvist,6415,00:09:18,00:29:09,558,1749,Fuera de Tiempo,2,22,0,,,Excedido,"70-200C        ",70-200C - BIDE MONOCOMANDO CR FABRIC,0,0,08/06/2026 09:50:47
13403285,08/06/2026 06:21:38,08/06/2026 06:50:47,gsoderquvist,6415,00:09:18,00:29:09,558,1749,Fuera de Tiempo,2,22,0,,,Excedido,"83-205         ",83-205 - DUCHA EXT C/TRANSF MONOC STEEL PICO CURVO,0,0,08/06/2026 09:50:47
13403285,08/06/2026 06:21:38,08/06/2026 06:50:47,gsoderquvist,6415,00:09:18,00:29:09,558,1749,Fuera de Tiempo,10,22,0,,,Excedido,"3006SS         ",3006SS - SET DE 6 PIEZAS LINEA 3000 SS,0,0,08/06/2026 09:50:47
13403285,08/06/2026 06:21:38,08/06/2026 06:50:47,gsoderquvist,6415,00:09:18,00:29:09,558,1749,Fuera de Tiempo,2,22,0,,,Excedido,"60-200N        ",60-200N - LAVATORIO MONOC BAJO BLACK FABRIC,0,0,08/06/2026 09:50:47
13403285,08/06/2026 06:21:38,08/06/2026 06:50:47,gsoderquvist,6415,00:09:18,00:29:09,558,1749,Fuera de Tiempo,3,22,0,,,Excedido,"61-200N        ",61-200N - LAVATORIO MONOC ALTO FABRIC BLACK,0,0,08/06/2026 09:50:47
13403285,08/06/2026 06:21:38,08/06/2026 06:50:47,gsoderquvist,6415,00:09:18,00:29:09,558,1749,Fuera de Tiempo,3,22,0,,,Excedido,"70-200N        ",70-200N - BIDE MONOCOMANDO BLACK FABRIC,0,0,08/06/2026 09:50:47
13403285,08/06/2026 06:21:38,08/06/2026 06:50:47,gsoderquvist,6415,00:09:18,00:29:09,558,1749,Fuera de Tiempo,1,22,0,,,Excedido,"61-168N        ",61-168N - LAVATORIO MONOC ALTO BLACK WAVE,0,0,08/06/2026 09:50:47
13403285,08/06/2026 06:21:38,08/06/2026 06:50:47,gsoderquvist,6415,00:09:18,00:29:09,558,1749,Fuera de Tiempo,5,22,0,,,Excedido,"01-010         ","VALVULA P/MINGITORIO TEMPORIZADA TECNO                                ",0,0,08/06/2026 09:50:47
13403285,08/06/2026 06:21:38,08/06/2026 06:50:47,gsoderquvist,6415,00:09:18,00:29:09,558,1749,Fuera de Tiempo,5,22,0,,,Excedido,"02-010         ","VALVULA P/INODORO TEMPORIZADA TECNO                                   ",0,0,08/06/2026 09:50:47
13403285,08/06/2026 06:21:38,08/06/2026 06:50:47,gsoderquvist,6415,00:09:18,00:29:09,558,1749,Fuera de Tiempo,2,22,0,,,Excedido,"60-180         ",60-180 - LAVATORIO MONOCOMANDO BAJO VERA,0,0,08/06/2026 09:50:47
13403285,08/06/2026 06:21:38,08/06/2026 06:50:47,gsoderquvist,6415,00:09:18,00:29:09,558,1749,Fuera de Tiempo,10,22,0,,,Excedido,"10005BL        ","SET DE 5 PIEZAS LINEA 10000 BLACK                                     ",0,0,08/06/2026 09:50:47
13403285,08/06/2026 06:21:38,08/06/2026 06:50:47,gsoderquvist,6415,00:09:18,00:29:09,558,1749,Fuera de Tiempo,10,22,0,,,Excedido,"13006          ","SET DE 6 PIEZAS LINEA 13000                                           ",0,0,08/06/2026 09:50:47
13403285,08/06/2026 06:21:38,08/06/2026 06:50:47,gsoderquvist,6415,00:09:18,00:29:09,558,1749,Fuera de Tiempo,10,22,0,,,Excedido,"60-162         ",60-162 - LAVATORIO CR C.CERAM LINEA ADRA,0,0,08/06/2026 09:50:47
13403285,08/06/2026 06:21:38,08/06/2026 06:50:47,gsoderquvist,6415,00:09:18,00:29:09,558,1749,Fuera de Tiempo,10,22,0,,,Excedido,"80-166         ","DUCHA EMB. C/TRANSF. CR C.CERAM ADRA PLUS                             ",0,0,08/06/2026 09:50:47
13403285,08/06/2026 06:21:38,08/06/2026 06:50:47,gsoderquvist,6415,00:09:18,00:29:09,558,1749,Fuera de Tiempo,3,22,0,,,Excedido,"60-203N        ","LAVATORIO MONOCOMANDO BAJO ADRA BLACK                                 ",0,0,08/06/2026 09:50:47
13403285,08/06/2026 06:21:38,08/06/2026 06:50:47,gsoderquvist,6415,00:09:18,00:29:09,558,1749,Fuera de Tiempo,2,22,0,,,Excedido,"80-200N        ",80-200N - DUCHA EMB. MONOC. 3 FUNCIONES BLACK FABRIC,0,0,08/06/2026 09:50:47
13403285,08/06/2026 06:21:38,08/06/2026 06:50:47,gsoderquvist,6415,00:09:18,00:29:09,558,1749,Fuera de Tiempo,2,22,0,,,Excedido,"80-200C        ",80-200C - DUCHA EMB. MONOC. 3 FUNCIONES CR FABRIC,0,0,08/06/2026 09:50:47
13403330,08/06/2026 06:30:03,08/06/2026 06:41:10,acejas,6417,00:04:30,00:11:07,270,667,Fuera de Tiempo,40,9,0,,,Excedido,"12006          ","SET DE 6 PIEZAS LINEA 12000                                           ",0,0,08/06/2026 09:41:10
13403330,08/06/2026 06:30:03,08/06/2026 06:41:10,acejas,6417,00:04:30,00:11:07,270,667,Fuera de Tiempo,8,9,0,,,Excedido,"20-205         ",20-205 - MONOCOMANDO DE COCINA STEEL,0,0,08/06/2026 09:41:10
13403330,08/06/2026 06:30:03,08/06/2026 06:41:10,acejas,6417,00:04:30,00:11:07,270,667,Fuera de Tiempo,12,9,0,,,Excedido,"20-146N        ",20-146N - MONOCOMANDO DE COCINA BLACK LINEA MOVE,0,0,08/06/2026 09:41:10
13403330,08/06/2026 06:30:03,08/06/2026 06:41:10,acejas,6417,00:04:30,00:11:07,270,667,Fuera de Tiempo,2,9,0,,,Excedido,"80-166N        ",80-166N - DUCHA EMB. C/TRANSF. BLACK C.CERAM ADRA PLUS,0,0,08/06/2026 09:41:10
13403330,08/06/2026 06:30:03,08/06/2026 06:41:10,acejas,6417,00:04:30,00:11:07,270,667,Fuera de Tiempo,2,9,0,,,Excedido,"70-162N        ",70-162N - BIDE BLACK C.CERAM LINEA ADRA,0,0,08/06/2026 09:41:10
13403330,08/06/2026 06:30:03,08/06/2026 06:41:10,acejas,6417,00:04:30,00:11:07,270,667,Fuera de Tiempo,7,9,0,,,Excedido,"60-002         ",60-002 - LAVATORIO RENACER,0,0,08/06/2026 09:41:10
13403330,08/06/2026 06:30:03,08/06/2026 06:41:10,acejas,6417,00:04:30,00:11:07,270,667,Fuera de Tiempo,21,9,0,,,Excedido,"70-162         ",70-162 - BIDE CR C.CERAM LINEA ADRA,0,0,08/06/2026 09:41:10
13403330,08/06/2026 06:30:03,08/06/2026 06:41:10,acejas,6417,00:04:30,00:11:07,270,667,Fuera de Tiempo,22,9,0,,,Excedido,"80-166         ","DUCHA EMB. C/TRANSF. CR C.CERAM ADRA PLUS                             ",0,0,08/06/2026 09:41:10
13403330,08/06/2026 06:30:03,08/06/2026 06:41:10,acejas,6417,00:04:30,00:11:07,270,667,Fuera de Tiempo,25,9,0,,,Excedido,"60-162         ",60-162 - LAVATORIO CR C.CERAM LINEA ADRA,0,0,08/06/2026 09:41:10
13403336,08/06/2026 06:31:52,08/06/2026 06:31:58,rodriguezt,6419,00:00:39,00:00:06,39,6,En Tiempo,1,1,0,,,Excedido,"61-180         ",61-180 - LAVATORIO MONOCOMANDO ALTO VERA,0,0,08/06/2026 09:31:58
13403355,08/06/2026 06:35:06,08/06/2026 06:35:36,rodriguezt,6419,00:00:41,00:00:30,41,30,En Tiempo,3,1,0,00:03:08,188,Logico,"63-168         ",63-168 - LAVATORIO PARED EMB MONOC CR WAVE,0,0,08/06/2026 09:35:36
13403360,08/06/2026 06:36:01,08/06/2026 06:36:10,rodriguezt,6419,00:00:44,00:00:09,44,9,En Tiempo,1,2,0,00:00:25,25,Logico,"60-162         ",60-162 - LAVATORIO CR C.CERAM LINEA ADRA,0,0,08/06/2026 09:36:10
13403360,08/06/2026 06:36:01,08/06/2026 06:36:10,rodriguezt,6419,00:00:44,00:00:09,44,9,En Tiempo,1,2,0,00:00:25,25,Logico,"61-176         ",61-176 - LAVATORIO MONOC ALTO CR RIO,0,0,08/06/2026 09:36:10
13403372,08/06/2026 06:37:26,08/06/2026 06:37:34,rodriguezt,6419,00:00:44,00:00:08,44,8,En Tiempo,1,2,0,00:01:16,76,Logico,"62-201NI       ",62-201NI - LAVATORIO DE PARED C.CERAM BEAT NICKEL,0,0,08/06/2026 09:37:34
13403372,08/06/2026 06:37:26,08/06/2026 06:37:34,rodriguezt,6419,00:00:44,00:00:08,44,8,En Tiempo,1,2,0,00:01:16,76,Logico,"80-201NI       ",80-201NI - DUCHA EMB C/TRANSF C.CERAM BEAT NICKEL,0,0,08/06/2026 09:37:34
13403378,08/06/2026 06:37:56,08/06/2026 06:38:36,rodriguezt,6419,00:01:10,00:00:40,70,40,En Tiempo,3,4,0,00:00:22,22,Logico,"60-162         ",60-162 - LAVATORIO CR C.CERAM LINEA ADRA,0,0,08/06/2026 09:38:36
13403378,08/06/2026 06:37:56,08/06/2026 06:38:36,rodriguezt,6419,00:01:10,00:00:40,70,40,En Tiempo,1,4,0,00:00:22,22,Logico,"70-162         ",70-162 - BIDE CR C.CERAM LINEA ADRA,0,0,08/06/2026 09:38:36
13403378,08/06/2026 06:37:56,08/06/2026 06:38:36,rodriguezt,6419,00:01:10,00:00:40,70,40,En Tiempo,2,4,0,00:00:22,22,Logico,"80-166         ","DUCHA EMB. C/TRANSF. CR C.CERAM ADRA PLUS                             ",0,0,08/06/2026 09:38:36
13403378,08/06/2026 06:37:56,08/06/2026 06:38:36,rodriguezt,6419,00:01:10,00:00:40,70,40,En Tiempo,1,4,0,00:00:22,22,Logico,"60-162N        ",60-162N - LAVATORIO BLACK C.CERAM LINEA ADRA,0,0,08/06/2026 09:38:36
13403404,08/06/2026 06:41:50,08/06/2026 06:42:21,rodriguezt,6419,00:01:32,00:00:31,92,31,En Tiempo,2,6,0,00:03:14,194,Logico,"62-175GR       ",62-175GR - LAVATORIO DE PARED PULSE GRAFITO C.CERAM,0,0,08/06/2026 09:42:21
13403404,08/06/2026 06:41:50,08/06/2026 06:42:21,rodriguezt,6419,00:01:32,00:00:31,92,31,En Tiempo,1,6,0,00:03:14,194,Logico,"70-175GR       ",70-175GR - BIDE PULSE GRAFITO C.CERAM,0,0,08/06/2026 09:42:21
13403404,08/06/2026 06:41:50,08/06/2026 06:42:21,rodriguezt,6419,00:01:32,00:00:31,92,31,En Tiempo,1,6,0,00:03:14,194,Logico,"80-175GR       ",80-175GR - DUCHA EMB C/TRANSF. PULSE GRAFITO C.CERAM,0,0,08/06/2026 09:42:21
13403404,08/06/2026 06:41:50,08/06/2026 06:42:21,rodriguezt,6419,00:01:32,00:00:31,92,31,En Tiempo,1,6,0,00:03:14,194,Logico,"60-175GR       ",60-175GR - LAVATORIO PULSE GRAFITO C.CERAM,0,0,08/06/2026 09:42:21
13403404,08/06/2026 06:41:50,08/06/2026 06:42:21,rodriguezt,6419,00:01:32,00:00:31,92,31,En Tiempo,2,6,0,00:03:14,194,Logico,"20-205         ",20-205 - MONOCOMANDO DE COCINA STEEL,0,0,08/06/2026 09:42:21
13403404,08/06/2026 06:41:50,08/06/2026 06:42:21,rodriguezt,6419,00:01:32,00:00:31,92,31,En Tiempo,4,6,0,00:03:14,194,Logico,"20-146N        ",20-146N - MONOCOMANDO DE COCINA BLACK LINEA MOVE,0,0,08/06/2026 09:42:21
13403413,08/06/2026 06:43:10,08/06/2026 06:59:43,gsoderquvist,6415,00:00:48,00:16:33,48,993,Fuera de Tiempo,10,1,0,23:52:23,-457,Logico,"RA1189         ",RA1189 - SET PROLONGADOR P/VASTAGO Y CAMPANA (x3),0,0,08/06/2026 09:59:43
13403437,08/06/2026 06:46:15,08/06/2026 06:47:00,rodriguezt,6419,00:01:21,00:00:45,81,45,En Tiempo,1,5,0,00:03:54,234,Logico,"62-199         ",62-199 - LAVATORIO DE PARED CR C.CERAM LIVE,0,0,08/06/2026 09:47:00
13403437,08/06/2026 06:46:15,08/06/2026 06:47:00,rodriguezt,6419,00:01:21,00:00:45,81,45,En Tiempo,1,5,0,00:03:54,234,Logico,"61-192         ",61-192 - LAVATORIO ALTO SORIA BLACK,0,0,08/06/2026 09:47:00
13403437,08/06/2026 06:46:15,08/06/2026 06:47:00,rodriguezt,6419,00:01:21,00:00:45,81,45,En Tiempo,1,5,0,00:03:54,234,Logico,"70-152         ",70-152 - BIDE MONOCOMANDO CR C/TRANSFERENCIA SORIA,0,0,08/06/2026 09:47:00
13403437,08/06/2026 06:46:15,08/06/2026 06:47:00,rodriguezt,6419,00:01:21,00:00:45,81,45,En Tiempo,1,5,0,00:03:54,234,Logico,"83-176N        ",83-176N - DUCHA EXT. C/TRANSF. MONOC BLACK RIO,0,0,08/06/2026 09:47:00
13403437,08/06/2026 06:46:15,08/06/2026 06:47:00,rodriguezt,6419,00:01:21,00:00:45,81,45,En Tiempo,4,5,0,00:03:54,234,Logico,"20-121         ",20-121 - COCINA MSDA MONOC.P. REDONDO MARBELLA,0,0,08/06/2026 09:47:00
13403452,08/06/2026 06:48:37,08/06/2026 06:50:11,rodriguezt,6419,00:04:25,00:01:34,265,94,En Tiempo,2,13,0,00:01:37,97,Logico,"30-132         ",30-132 - COCINA MESADA MONOC. C/DUCHADOR EXTENSIBLE VIGO,0,0,08/06/2026 09:50:11
13403452,08/06/2026 06:48:37,08/06/2026 06:50:11,rodriguezt,6419,00:04:25,00:01:34,265,94,En Tiempo,3,13,0,00:01:37,97,Logico,"20-140         ",20-140 - MONOCOMANDO DE COCINA LINEA CUINA,0,0,08/06/2026 09:50:11
13403452,08/06/2026 06:48:37,08/06/2026 06:50:11,rodriguezt,6419,00:04:25,00:01:34,265,94,En Tiempo,4,13,0,00:01:37,97,Logico,"30-121         ",30-121 - COCINA MSDA MONOC.P. CUADRADO MARBELLA,0,0,08/06/2026 09:50:11
13403452,08/06/2026 06:48:37,08/06/2026 06:50:11,rodriguezt,6419,00:04:25,00:01:34,265,94,En Tiempo,5,13,0,00:01:37,97,Logico,"05-010         ","LAVATORIO BAJO TEMPORIZADO TECNO                                      ",0,0,08/06/2026 09:50:11
13403452,08/06/2026 06:48:37,08/06/2026 06:50:11,rodriguezt,6419,00:04:25,00:01:34,265,94,En Tiempo,3,13,0,00:01:37,97,Logico,"16006BL        ",16006BL - SET 6 PIEZAS ACCESORIOS LINEA 16000 BLACK,0,0,08/06/2026 09:50:11
13403452,08/06/2026 06:48:37,08/06/2026 06:50:11,rodriguezt,6419,00:04:25,00:01:34,265,94,En Tiempo,4,13,0,00:01:37,97,Logico,"20-121         ",20-121 - COCINA MSDA MONOC.P. REDONDO MARBELLA,0,0,08/06/2026 09:50:11
13403452,08/06/2026 06:48:37,08/06/2026 06:50:11,rodriguezt,6419,00:04:25,00:01:34,265,94,En Tiempo,2,13,0,00:01:37,97,Logico,"20-147         ",20-147 - MONOCOMANDO DE COCINA SWIFT,0,0,08/06/2026 09:50:11
13403452,08/06/2026 06:48:37,08/06/2026 06:50:11,rodriguezt,6419,00:04:25,00:01:34,265,94,En Tiempo,4,13,0,00:01:37,97,Logico,"20-162         ",20-162 - MONOCOMANDO COCINA ADRA,0,0,08/06/2026 09:50:11
13403452,08/06/2026 06:48:37,08/06/2026 06:50:11,rodriguezt,6419,00:04:25,00:01:34,265,94,En Tiempo,3,13,0,00:01:37,97,Logico,"20-135         ",20-135 - MONOCOMANDO COCINA SANTANDER,0,0,08/06/2026 09:50:11
13403452,08/06/2026 06:48:37,08/06/2026 06:50:11,rodriguezt,6419,00:04:25,00:01:34,265,94,En Tiempo,5,13,0,00:01:37,97,Logico,"60-203         ",60-203 - LAVATORIO MONOCOMANDO BAJO ADRA,0,0,08/06/2026 09:50:11
13403452,08/06/2026 06:48:37,08/06/2026 06:50:11,rodriguezt,6419,00:04:25,00:01:34,265,94,En Tiempo,4,13,0,00:01:37,97,Logico,"835/C          ",835/C - JGO.MDA.P.FUND. CR C.CERAM. MURCIA,0,0,08/06/2026 09:50:11
13403452,08/06/2026 06:48:37,08/06/2026 06:50:11,rodriguezt,6419,00:04:25,00:01:34,265,94,En Tiempo,5,13,0,00:01:37,97,Logico,"814/CR         ",814/CR - MESADA P.FUNDIDO CR/CR ARES,0,0,08/06/2026 09:50:11
13403452,08/06/2026 06:48:37,08/06/2026 06:50:11,rodriguezt,6419,00:04:25,00:01:34,265,94,En Tiempo,3,13,0,00:01:37,97,Logico,"60-001N        ","60-001N - LAVATORIO ""CROMO Y""",0,0,08/06/2026 09:50:11
13403507,08/06/2026 06:57:54,08/06/2026 07:13:23,rodriguezt,6419,00:09:33,00:15:29,573,929,Fuera de Tiempo,50,10,0,00:07:43,463,Excedido,"60-057         ",60-057 - LAVATORIO C.STD VERIN PLUS,0,0,08/06/2026 10:10:00
13403507,08/06/2026 06:57:54,08/06/2026 07:13:23,rodriguezt,6419,00:09:33,00:15:29,573,929,Fuera de Tiempo,30,10,0,00:07:43,463,Excedido,"70-057         ",70-057 - BIDE C.STD VERIN PLUS,0,0,08/06/2026 10:10:00
13403507,08/06/2026 06:57:54,08/06/2026 07:13:23,rodriguezt,6419,00:09:33,00:15:29,573,929,Fuera de Tiempo,10,10,0,00:07:43,463,Excedido,"80-057         ",80-057 - DUCHA EMB. C/TRANSF. C.STD VERIN PLUS,0,0,08/06/2026 10:10:00
13403507,08/06/2026 06:57:54,08/06/2026 07:13:23,rodriguezt,6419,00:09:33,00:15:29,573,929,Fuera de Tiempo,8,10,0,00:07:43,463,Excedido,"80-194         ",80-194 - DUCHA EMB. C/TRANSF. CR C.CERAM LARA,0,0,08/06/2026 10:10:00
13403507,08/06/2026 06:57:54,08/06/2026 07:13:23,rodriguezt,6419,00:09:33,00:15:29,573,929,Fuera de Tiempo,65,10,0,00:07:43,463,Excedido,"60-194         ",60-194 - LAVATORIO CR C.CERAM LINEA LARA,0,0,08/06/2026 10:10:00
13403507,08/06/2026 06:57:54,08/06/2026 07:13:23,rodriguezt,6419,00:09:33,00:15:29,573,929,Fuera de Tiempo,30,10,0,00:07:43,463,Excedido,"70-194         ",70-194 - BIDE CR C.CERAM LINEA LARA,0,0,08/06/2026 10:10:00
13403507,08/06/2026 06:57:54,08/06/2026 07:13:23,rodriguezt,6419,00:09:33,00:15:29,573,929,Fuera de Tiempo,10,10,0,00:07:43,463,Excedido,"AB-003         ",AB-003 - AGARRADERA ACERO INOX CROMADO 50 CM SAFE,0,0,08/06/2026 10:10:00
13403507,08/06/2026 06:57:54,08/06/2026 07:13:23,rodriguezt,6419,00:09:33,00:15:29,573,929,Fuera de Tiempo,30,10,0,00:07:43,463,Excedido,"AB-002         ",AB-002 - AGARRADERA ACERO INOX CROMADO 40 CM SAFE,0,0,08/06/2026 10:13:23
13403507,08/06/2026 06:57:54,08/06/2026 07:13:23,rodriguezt,6419,00:09:33,00:15:29,573,929,Fuera de Tiempo,110,10,0,00:07:43,463,Excedido,"AB-001         ",AB-001 - AGARRADERA ACERO INOX CROMADO 30 CM SAFE,0,0,08/06/2026 10:13:23
13403507,08/06/2026 06:57:54,08/06/2026 07:13:23,rodriguezt,6419,00:09:33,00:15:29,573,929,Fuera de Tiempo,10,10,0,00:07:43,463,Excedido,"AB-003         ",AB-003 - AGARRADERA ACERO INOX CROMADO 50 CM SAFE,0,0,08/06/2026 10:13:23
13403507,08/06/2026 06:57:54,08/06/2026 07:13:23,rodriguezt,6419,00:09:33,00:15:29,573,929,Fuera de Tiempo,2,10,0,00:07:43,463,Excedido,"BCH01          ",BCH01 - BACHA DE APOYAR CIRCULAR 320x145,0,0,08/06/2026 10:13:23
13403514,08/06/2026 06:58:36,08/06/2026 07:12:57,gsoderquvist,6415,00:03:02,00:14:21,182,861,Fuera de Tiempo,50,3,0,23:58:53,-67,Logico,"1325           ","QUEINOX MACHO MOVIL MH 1/2"" x 25                                      ",0,0,08/06/2026 10:12:57
13403514,08/06/2026 06:58:36,08/06/2026 07:12:57,gsoderquvist,6415,00:03:02,00:14:21,182,861,Fuera de Tiempo,50,3,0,23:58:53,-67,Logico,"1350           ","QUEINOX MACHO MOVIL MH 1/2"" x 50                                      ",0,0,08/06/2026 10:12:57
13403514,08/06/2026 06:58:36,08/06/2026 07:12:57,gsoderquvist,6415,00:03:02,00:14:21,182,861,Fuera de Tiempo,150,3,0,23:58:53,-67,Logico,"1340           ","QUEINOX MACHO MOVIL MH 1/2"" x 40                                      ",0,0,08/06/2026 10:12:57
13403564,08/06/2026 07:05:11,08/06/2026 08:05:09,acejas,6417,00:06:14,00:59:58,374,3598,Fuera de Tiempo,2,52,0,00:24:01,1441,Excedido,"16030BL        ",16030BL - PERCHA LINEA 16000 BLACK,0,0,08/06/2026 11:05:09
13403564,08/06/2026 07:05:11,08/06/2026 08:05:09,acejas,6417,00:06:14,00:59:58,374,3598,Fuera de Tiempo,1,52,0,00:24:01,1441,Excedido,"16040BL        ",16040BL - PORTA ROLLO ACCESORIOS LINEA 16000 BLACK,0,0,08/06/2026 11:05:09
13403564,08/06/2026 07:05:11,08/06/2026 08:05:09,acejas,6417,00:06:14,00:59:58,374,3598,Fuera de Tiempo,2,52,0,00:24:01,1441,Excedido,"16010BL        ",16010BL - TOALLERO BARRAL LINEA 16000 BLACK,0,0,08/06/2026 11:05:09
13403564,08/06/2026 07:05:11,08/06/2026 08:05:09,acejas,6417,00:06:14,00:59:58,374,3598,Fuera de Tiempo,3,52,0,00:24:01,1441,Excedido,"20040DG        ",20040DG - PORTA ROLLO DARK GOLD LINEA PULSE,0,0,08/06/2026 11:05:09
13403564,08/06/2026 07:05:11,08/06/2026 08:05:09,acejas,6417,00:06:14,00:59:58,374,3598,Fuera de Tiempo,3,52,0,00:24:01,1441,Excedido,"17020G         ",17020G - TOALLERO DE ARO LINEA FABRIC GOLD,0,0,08/06/2026 11:05:09
13403564,08/06/2026 07:05:11,08/06/2026 08:05:09,acejas,6417,00:06:14,00:59:58,374,3598,Fuera de Tiempo,8,52,0,00:24:01,1441,Excedido,"17010G         ",17010G - TOALLERO BARRAL LINEA FABRIC GOLD,0,0,08/06/2026 11:05:09
13403564,08/06/2026 07:05:11,08/06/2026 08:05:09,acejas,6417,00:06:14,00:59:58,374,3598,Fuera de Tiempo,2,52,0,00:24:01,1441,Excedido,"17060G         ",17060G - PORTA VASO Y CEPILLO  LINEA FABRIC GOLD,0,0,08/06/2026 11:05:09
13403564,08/06/2026 07:05:11,08/06/2026 08:05:09,acejas,6417,00:06:14,00:59:58,374,3598,Fuera de Tiempo,3,52,0,00:24:01,1441,Excedido,"61-200N        ",61-200N - LAVATORIO MONOC ALTO FABRIC BLACK,0,0,08/06/2026 11:05:09
13403564,08/06/2026 07:05:11,08/06/2026 08:05:09,acejas,6417,00:06:14,00:59:58,374,3598,Fuera de Tiempo,3,52,0,00:24:01,1441,Excedido,"30-132         ",30-132 - COCINA MESADA MONOC. C/DUCHADOR EXTENSIBLE VIGO,0,0,08/06/2026 11:05:09
13403564,08/06/2026 07:05:11,08/06/2026 08:05:09,acejas,6417,00:06:14,00:59:58,374,3598,Fuera de Tiempo,1,52,0,00:24:01,1441,Excedido,"60-200C        ",60-200C - LAVATORIO MONOC BAJO CR FABRIC,0,0,08/06/2026 11:05:09
13403564,08/06/2026 07:05:11,08/06/2026 08:05:09,acejas,6417,00:06:14,00:59:58,374,3598,Fuera de Tiempo,2,52,0,00:24:01,1441,Excedido,"61-205         ",61-205 - LAVATORIO MONOC ALTO STEEL,0,0,08/06/2026 11:05:09
13403564,08/06/2026 07:05:11,08/06/2026 08:05:09,acejas,6417,00:06:14,00:59:58,374,3598,Fuera de Tiempo,3,52,0,00:24:01,1441,Excedido,"70-205         ",70-205 - BIDE MONOCOMANDO STEEL,0,0,08/06/2026 11:05:09
13403564,08/06/2026 07:05:11,08/06/2026 08:05:09,acejas,6417,00:06:14,00:59:58,374,3598,Fuera de Tiempo,4,52,0,00:24:01,1441,Excedido,"80-192         ",80-192 - DUCHA EMB. C/TRANSF. SORIA BLACK,0,0,08/06/2026 11:05:09
13403564,08/06/2026 07:05:11,08/06/2026 08:05:09,acejas,6417,00:06:14,00:59:58,374,3598,Fuera de Tiempo,2,52,0,00:24:01,1441,Excedido,"70-192         ",70-192 - BIDE SORIA BLACK,0,0,08/06/2026 11:05:09
13403564,08/06/2026 07:05:11,08/06/2026 08:05:09,acejas,6417,00:06:14,00:59:58,374,3598,Fuera de Tiempo,2,52,0,00:24:01,1441,Excedido,"61-192         ",61-192 - LAVATORIO ALTO SORIA BLACK,0,0,08/06/2026 11:05:09
13403564,08/06/2026 07:05:11,08/06/2026 08:05:09,acejas,6417,00:06:14,00:59:58,374,3598,Fuera de Tiempo,2,52,0,00:24:01,1441,Excedido,"60-192         ",60-192 - LAVATORIO BAJO SORIA BLACK,0,0,08/06/2026 11:05:09
13403564,08/06/2026 07:05:11,08/06/2026 08:05:09,acejas,6417,00:06:14,00:59:58,374,3598,Fuera de Tiempo,8,52,0,00:24:01,1441,Excedido,"20-122         ","MONOCOMANDO COCINA CR C/PICO EXTRAIBLE VALENCIA                       ",0,0,08/06/2026 11:05:09
13403564,08/06/2026 07:05:11,08/06/2026 08:05:09,acejas,6417,00:06:14,00:59:58,374,3598,Fuera de Tiempo,2,52,0,00:24:01,1441,Excedido,"70-200G        ",70-200G - BIDE MONOCOMANDO GOLD FABRIC,0,0,08/06/2026 11:05:09
13403564,08/06/2026 07:05:11,08/06/2026 08:05:09,acejas,6417,00:06:14,00:59:58,374,3598,Fuera de Tiempo,2,52,0,00:24:01,1441,Excedido,"20-121         ",20-121 - COCINA MSDA MONOC.P. REDONDO MARBELLA,0,0,08/06/2026 11:05:09
13403564,08/06/2026 07:05:11,08/06/2026 08:05:09,acejas,6417,00:06:14,00:59:58,374,3598,Fuera de Tiempo,4,52,0,00:24:01,1441,Excedido,"80-205         ",80-205 - DUCHA EMB. C/TRANSF. MONOC STEEL,0,0,08/06/2026 11:05:09
13403564,08/06/2026 07:05:11,08/06/2026 08:05:09,acejas,6417,00:06:14,00:59:58,374,3598,Fuera de Tiempo,15,52,0,00:24:01,1441,Excedido,"20-205         ",20-205 - MONOCOMANDO DE COCINA STEEL,0,0,08/06/2026 11:05:09
13403564,08/06/2026 07:05:11,08/06/2026 08:05:09,acejas,6417,00:06:14,00:59:58,374,3598,Fuera de Tiempo,4,52,0,00:24:01,1441,Excedido,"20-122N        ",20-122N - MONOCOMANDO COCINA C/PICO EXTRAIBLE VALENCIA BLACK,0,0,08/06/2026 11:05:09
13403564,08/06/2026 07:05:11,08/06/2026 08:05:09,acejas,6417,00:06:14,00:59:58,374,3598,Fuera de Tiempo,4,52,0,00:24:01,1441,Excedido,"17040G         ",17040G - PORTA ROLLO LINEA FABRIC GOLD,0,0,08/06/2026 11:05:09
13403564,08/06/2026 07:05:11,08/06/2026 08:05:09,acejas,6417,00:06:14,00:59:58,374,3598,Fuera de Tiempo,4,52,0,00:24:01,1441,Excedido,"17040C         ",17040C - PORTA ROLLO LINEA FABRIC CROMO,0,0,08/06/2026 11:05:09
13403564,08/06/2026 07:05:11,08/06/2026 08:05:09,acejas,6417,00:06:14,00:59:58,374,3598,Fuera de Tiempo,1,52,0,00:24:01,1441,Excedido,"17010C         ",17010C - TOALLERO BARRAL LINEA FABRIC CROMO,0,0,08/06/2026 11:05:09
13403564,08/06/2026 07:05:11,08/06/2026 08:05:09,acejas,6417,00:06:14,00:59:58,374,3598,Fuera de Tiempo,2,52,0,00:24:01,1441,Excedido,"17020C         ",17020C - TOALLERO DE ARO LINEA FABRIC CROMO,0,0,08/06/2026 11:05:09
13403564,08/06/2026 07:05:11,08/06/2026 08:05:09,acejas,6417,00:06:14,00:59:58,374,3598,Fuera de Tiempo,4,52,0,00:24:01,1441,Excedido,"17030C         ",17030C - PERCHA LINEA FABRIC CROMO,0,0,08/06/2026 11:05:09
13403564,08/06/2026 07:05:11,08/06/2026 08:05:09,acejas,6417,00:06:14,00:59:58,374,3598,Fuera de Tiempo,12,52,0,00:24:01,1441,Excedido,"17040N         ",17040N - PORTA ROLLO LINEA FABRIC BLACK,0,0,08/06/2026 11:05:09
13403564,08/06/2026 07:05:11,08/06/2026 08:05:09,acejas,6417,00:06:14,00:59:58,374,3598,Fuera de Tiempo,2,52,0,00:24:01,1441,Excedido,"17010N         ",17010N - TOALLERO BARRAL LINEA FABRIC BLACK,0,0,08/06/2026 11:05:09
13403564,08/06/2026 07:05:11,08/06/2026 08:05:09,acejas,6417,00:06:14,00:59:58,374,3598,Fuera de Tiempo,20,52,0,00:24:01,1441,Excedido,"17030N         ",17030N - PERCHA LINEA FABRIC BLACK,0,0,08/06/2026 11:05:09
13403564,08/06/2026 07:05:11,08/06/2026 08:05:09,acejas,6417,00:06:14,00:59:58,374,3598,Fuera de Tiempo,2,52,0,00:24:01,1441,Excedido,"20-134         ",20-134 - MONOCOMANDO COCINA BETIS,0,0,08/06/2026 11:05:09
13403564,08/06/2026 07:05:11,08/06/2026 08:05:09,acejas,6417,00:06:14,00:59:58,374,3598,Fuera de Tiempo,28,52,0,00:24:01,1441,Excedido,"17030G         ",17030G - PERCHA LINEA FABRIC GOLD,0,0,08/06/2026 11:05:09
13403564,08/06/2026 07:05:11,08/06/2026 08:05:09,acejas,6417,00:06:14,00:59:58,374,3598,Fuera de Tiempo,8,52,0,00:24:01,1441,Excedido,"70-162         ",70-162 - BIDE CR C.CERAM LINEA ADRA,0,0,08/06/2026 11:05:09
13403564,08/06/2026 07:05:11,08/06/2026 08:05:09,acejas,6417,00:06:14,00:59:58,374,3598,Fuera de Tiempo,8,52,0,00:24:01,1441,Excedido,"60-162         ",60-162 - LAVATORIO CR C.CERAM LINEA ADRA,0,0,08/06/2026 11:05:09
13403564,08/06/2026 07:05:11,08/06/2026 08:05:09,acejas,6417,00:06:14,00:59:58,374,3598,Fuera de Tiempo,8,52,0,00:24:01,1441,Excedido,"70-201NI       ",70-201NI - BIDE CR C.CERAM BEAT NICKEL,0,0,08/06/2026 11:05:09
13403564,08/06/2026 07:05:11,08/06/2026 08:05:09,acejas,6417,00:06:14,00:59:58,374,3598,Fuera de Tiempo,8,52,0,00:24:01,1441,Excedido,"62-201NI       ",62-201NI - LAVATORIO DE PARED C.CERAM BEAT NICKEL,0,0,08/06/2026 11:05:09
13403564,08/06/2026 07:05:11,08/06/2026 08:05:09,acejas,6417,00:06:14,00:59:58,374,3598,Fuera de Tiempo,4,52,0,00:24:01,1441,Excedido,"60-153         ",60-153 - LAVATORIO CR C.CERAMICO CASTILLA,0,0,08/06/2026 11:05:09
13403564,08/06/2026 07:05:11,08/06/2026 08:05:09,acejas,6417,00:06:14,00:59:58,374,3598,Fuera de Tiempo,2,52,0,00:24:01,1441,Excedido,"70-100C        ",70-100C - BIDE CR C.CERAM FABRIC,0,0,08/06/2026 11:05:09
13403564,08/06/2026 07:05:11,08/06/2026 08:05:09,acejas,6417,00:06:14,00:59:58,374,3598,Fuera de Tiempo,4,52,0,00:24:01,1441,Excedido,"70-100G        ",70-100G - BIDE GOLD C.CERAM FABRIC,0,0,08/06/2026 11:05:09
13403564,08/06/2026 07:05:11,08/06/2026 08:05:09,acejas,6417,00:06:14,00:59:58,374,3598,Fuera de Tiempo,1,52,0,00:24:01,1441,Excedido,"60-100N        ",60-100N - LAVATORIO BLACK C.CERAM FABRIC,0,0,08/06/2026 11:05:09
13403564,08/06/2026 07:05:11,08/06/2026 08:05:09,acejas,6417,00:06:14,00:59:58,374,3598,Fuera de Tiempo,8,52,0,00:24:01,1441,Excedido,"80-166         ","DUCHA EMB. C/TRANSF. CR C.CERAM ADRA PLUS                             ",0,0,08/06/2026 11:05:09
13403564,08/06/2026 07:05:11,08/06/2026 08:05:09,acejas,6417,00:06:14,00:59:58,374,3598,Fuera de Tiempo,2,52,0,00:24:01,1441,Excedido,"60-175DG       ",60-175DG - LAVATORIO PULSE DARK GOLD C.CERAM,0,0,08/06/2026 11:05:09
13403564,08/06/2026 07:05:11,08/06/2026 08:05:09,acejas,6417,00:06:14,00:59:58,374,3598,Fuera de Tiempo,4,52,0,00:24:01,1441,Excedido,"BCH16          ",BCH16 - BACHA DE APOYAR BLANCA 610x457x254 C/DESAGOTE Y REJILLA,0,0,08/06/2026 11:05:09
13403564,08/06/2026 07:05:11,08/06/2026 08:05:09,acejas,6417,00:06:14,00:59:58,374,3598,Fuera de Tiempo,1,52,0,00:24:01,1441,Excedido,"BCH17          ",BCH17 - BACHA DE APOYAR BLANCA 838x457x254 C/DESAGOTE Y REJILLA,0,0,08/06/2026 11:05:09
13403564,08/06/2026 07:05:11,08/06/2026 08:05:09,acejas,6417,00:06:14,00:59:58,374,3598,Fuera de Tiempo,4,52,0,00:24:01,1441,Excedido,"80-201NI       ",80-201NI - DUCHA EMB C/TRANSF C.CERAM BEAT NICKEL,0,0,08/06/2026 11:05:09
13403564,08/06/2026 07:05:11,08/06/2026 08:05:09,acejas,6417,00:06:14,00:59:58,374,3598,Fuera de Tiempo,4,52,0,00:24:01,1441,Excedido,"80-353NI       ",80-353NI - DUCHA DE EMB 3 FUNCIONES BEAT NICKEL,0,0,08/06/2026 11:05:09
13403564,08/06/2026 07:05:11,08/06/2026 08:05:09,acejas,6417,00:06:14,00:59:58,374,3598,Fuera de Tiempo,5,52,0,00:24:01,1441,Excedido,"85-201NI       ",85-201NI - DUCHA EMB C/TRANSF Y DUCHADOR C.CERAM BEAT NICKEL,0,0,08/06/2026 11:05:09
13403564,08/06/2026 07:05:11,08/06/2026 08:05:09,acejas,6417,00:06:14,00:59:58,374,3598,Fuera de Tiempo,2,52,0,00:24:01,1441,Excedido,"80-100C        ",80-100C - DUCHA EMB. C/TRANSF. CR C.CERAM FABRIC,0,0,08/06/2026 11:05:09
13403564,08/06/2026 07:05:11,08/06/2026 08:05:09,acejas,6417,00:06:14,00:59:58,374,3598,Fuera de Tiempo,5,52,0,00:24:01,1441,Excedido,"60-100G        ",60-100G - LAVATORIO GOLD C.CERAM FABRIC,0,0,08/06/2026 11:05:09
13403564,08/06/2026 07:05:11,08/06/2026 08:05:09,acejas,6417,00:06:14,00:59:58,374,3598,Fuera de Tiempo,7,52,0,00:24:01,1441,Excedido,"80-100G        ",80-100G - DUCHA EMB. C/TRANSF. GOLD C.CERAM FABRIC,0,0,08/06/2026 11:05:09
13403564,08/06/2026 07:05:11,08/06/2026 08:05:09,acejas,6417,00:06:14,00:59:58,374,3598,Fuera de Tiempo,1,52,0,00:24:01,1441,Excedido,"80-200C        ",80-200C - DUCHA EMB. MONOC. 3 FUNCIONES CR FABRIC,0,0,08/06/2026 11:05:09
13403564,08/06/2026 07:05:11,08/06/2026 08:05:09,acejas,6417,00:06:14,00:59:58,374,3598,Fuera de Tiempo,2,52,0,00:24:01,1441,Excedido,"80-175DG       ",80-175DG - DUCHA EMB C/TRANSF. PULSE DARK GOLD C.CERAM,0,0,08/06/2026 11:05:09
13403755,08/06/2026 07:22:10,08/06/2026 07:22:26,gsoderquvist,6415,00:01:04,00:00:16,64,16,En Tiempo,40,1,0,00:09:13,553,Excedido,"12006          ","SET DE 6 PIEZAS LINEA 12000                                           ",0,0,08/06/2026 10:22:26
13403775,08/06/2026 07:23:42,08/06/2026 07:23:54,rodriguezt,6419,00:00:54,00:00:12,54,12,En Tiempo,6,2,0,00:10:19,619,Excedido,"A996           ",A996 - DUCHA 8' CUADRADA CR C/BRAZO Y CAMPANA,0,0,08/06/2026 10:23:54
13403775,08/06/2026 07:23:42,08/06/2026 07:23:54,rodriguezt,6419,00:00:54,00:00:12,54,12,En Tiempo,1,2,0,00:10:19,619,Excedido,"84-203         ","DUCHA EXT C/COLUMNA Y TRANSF CR ADRA                                  ",0,0,08/06/2026 10:23:54
13403783,08/06/2026 07:24:47,08/06/2026 07:34:50,gsoderquvist,6415,00:04:07,00:10:03,247,603,Fuera de Tiempo,20,8,0,00:02:21,141,Logico,"20-134         ",20-134 - MONOCOMANDO COCINA BETIS,0,0,08/06/2026 10:34:50
13403783,08/06/2026 07:24:47,08/06/2026 07:34:50,gsoderquvist,6415,00:04:07,00:10:03,247,603,Fuera de Tiempo,20,8,0,00:02:21,141,Logico,"70-121         ",70-121 - BIDE C.CERAM CR MARBELLA,0,0,08/06/2026 10:34:50
13403783,08/06/2026 07:24:47,08/06/2026 07:34:50,gsoderquvist,6415,00:04:07,00:10:03,247,603,Fuera de Tiempo,23,8,0,00:02:21,141,Logico,"60-121         ",60-121 - LAVATORIO C.CERAM CR MARBELLA,0,0,08/06/2026 10:34:50
13403783,08/06/2026 07:24:47,08/06/2026 07:34:50,gsoderquvist,6415,00:04:07,00:10:03,247,603,Fuera de Tiempo,4,8,0,00:02:21,141,Logico,"60-203         ",60-203 - LAVATORIO MONOCOMANDO BAJO ADRA,0,0,08/06/2026 10:34:50
13403783,08/06/2026 07:24:47,08/06/2026 07:34:50,gsoderquvist,6415,00:04:07,00:10:03,247,603,Fuera de Tiempo,3,8,0,00:02:21,141,Logico,"60-190         ",60-190 - LAVATORIO C.CERAM BLACK VELVET,0,0,08/06/2026 10:34:50
13403783,08/06/2026 07:24:47,08/06/2026 07:34:50,gsoderquvist,6415,00:04:07,00:10:03,247,603,Fuera de Tiempo,2,8,0,00:02:21,141,Logico,"80-190P        ",80-190P - DUCHA EMB. C/TRANSF. C.CERAM BLACK VELVET PLUS,0,0,08/06/2026 10:34:50
13403783,08/06/2026 07:24:47,08/06/2026 07:34:50,gsoderquvist,6415,00:04:07,00:10:03,247,603,Fuera de Tiempo,2,8,0,00:02:21,141,Logico,"70-190         ",70-190 - BIDE C.CERAM BLACK VELVET,0,0,08/06/2026 10:34:50
13403783,08/06/2026 07:24:47,08/06/2026 07:34:50,gsoderquvist,6415,00:04:07,00:10:03,247,603,Fuera de Tiempo,4,8,0,00:02:21,141,Logico,"80-162         ",80-162 - DUCHA EMB. C/TRANSF. CR C.CERAM ADRA,0,0,08/06/2026 10:34:50
13403851,08/06/2026 07:28:47,08/06/2026 07:29:58,rodriguezt,6419,00:03:31,00:01:11,211,71,En Tiempo,30,9,0,00:04:53,293,Logico,"12006          ","SET DE 6 PIEZAS LINEA 12000                                           ",0,0,08/06/2026 10:29:58
13403851,08/06/2026 07:28:47,08/06/2026 07:29:58,rodriguezt,6419,00:03:31,00:01:11,211,71,En Tiempo,6,9,0,00:04:53,293,Logico,"13006          ","SET DE 6 PIEZAS LINEA 13000                                           ",0,0,08/06/2026 10:29:58
13403851,08/06/2026 07:28:47,08/06/2026 07:29:58,rodriguezt,6419,00:03:31,00:01:11,211,71,En Tiempo,8,9,0,00:04:53,293,Logico,"20-205         ",20-205 - MONOCOMANDO DE COCINA STEEL,0,0,08/06/2026 10:29:58
13403851,08/06/2026 07:28:47,08/06/2026 07:29:58,rodriguezt,6419,00:03:31,00:01:11,211,71,En Tiempo,3,9,0,00:04:53,293,Logico,"20-162         ",20-162 - MONOCOMANDO COCINA ADRA,0,0,08/06/2026 10:29:58
13403851,08/06/2026 07:28:47,08/06/2026 07:29:58,rodriguezt,6419,00:03:31,00:01:11,211,71,En Tiempo,2,9,0,00:04:53,293,Logico,"80-100N        ",80-100N - DUCHA EMB. C/TRANSF. BLACK C.CERAM FABRIC,0,0,08/06/2026 10:29:58
13403851,08/06/2026 07:28:47,08/06/2026 07:29:58,rodriguezt,6419,00:03:31,00:01:11,211,71,En Tiempo,2,9,0,00:04:53,293,Logico,"60-162N        ",60-162N - LAVATORIO BLACK C.CERAM LINEA ADRA,0,0,08/06/2026 10:29:58
13403851,08/06/2026 07:28:47,08/06/2026 07:29:58,rodriguezt,6419,00:03:31,00:01:11,211,71,En Tiempo,2,9,0,00:04:53,293,Logico,"80-166         ","DUCHA EMB. C/TRANSF. CR C.CERAM ADRA PLUS                             ",0,0,08/06/2026 10:29:58
13403851,08/06/2026 07:28:47,08/06/2026 07:29:58,rodriguezt,6419,00:03:31,00:01:11,211,71,En Tiempo,5,9,0,00:04:53,293,Logico,"70-162         ",70-162 - BIDE CR C.CERAM LINEA ADRA,0,0,08/06/2026 10:29:58
13403851,08/06/2026 07:28:47,08/06/2026 07:29:58,rodriguezt,6419,00:03:31,00:01:11,211,71,En Tiempo,1,9,0,00:04:53,293,Logico,"60-162         ",60-162 - LAVATORIO CR C.CERAM LINEA ADRA,0,0,08/06/2026 10:29:58
13403893,08/06/2026 07:31:40,08/06/2026 07:32:08,rodriguezt,6419,00:02:49,00:00:28,169,28,En Tiempo,20,9,0,00:01:42,102,Logico,"12006          ","SET DE 6 PIEZAS LINEA 12000                                           ",0,0,08/06/2026 10:32:08
13403893,08/06/2026 07:31:40,08/06/2026 07:32:08,rodriguezt,6419,00:02:49,00:00:28,169,28,En Tiempo,2,9,0,00:01:42,102,Logico,"20-146N        ",20-146N - MONOCOMANDO DE COCINA BLACK LINEA MOVE,0,0,08/06/2026 10:32:08
13403893,08/06/2026 07:31:40,08/06/2026 07:32:08,rodriguezt,6419,00:02:49,00:00:28,169,28,En Tiempo,2,9,0,00:01:42,102,Logico,"20-122         ","MONOCOMANDO COCINA CR C/PICO EXTRAIBLE VALENCIA                       ",0,0,08/06/2026 10:32:08
13403893,08/06/2026 07:31:40,08/06/2026 07:32:08,rodriguezt,6419,00:02:49,00:00:28,169,28,En Tiempo,3,9,0,00:01:42,102,Logico,"13006          ","SET DE 6 PIEZAS LINEA 13000                                           ",0,0,08/06/2026 10:32:08
13403893,08/06/2026 07:31:40,08/06/2026 07:32:08,rodriguezt,6419,00:02:49,00:00:28,169,28,En Tiempo,1,9,0,00:01:42,102,Logico,"60-153         ",60-153 - LAVATORIO CR C.CERAMICO CASTILLA,0,0,08/06/2026 10:32:08
13403893,08/06/2026 07:31:40,08/06/2026 07:32:08,rodriguezt,6419,00:02:49,00:00:28,169,28,En Tiempo,1,9,0,00:01:42,102,Logico,"80-153         ",80-153 - DUCHA EMB. C/TRANSF. CR C.CERAM CASTILLA,0,0,08/06/2026 10:32:08
13403893,08/06/2026 07:31:40,08/06/2026 07:32:08,rodriguezt,6419,00:02:49,00:00:28,169,28,En Tiempo,2,9,0,00:01:42,102,Logico,"70-162         ",70-162 - BIDE CR C.CERAM LINEA ADRA,0,0,08/06/2026 10:32:08
13403893,08/06/2026 07:31:40,08/06/2026 07:32:08,rodriguezt,6419,00:02:49,00:00:28,169,28,En Tiempo,2,9,0,00:01:42,102,Logico,"80-166         ","DUCHA EMB. C/TRANSF. CR C.CERAM ADRA PLUS                             ",0,0,08/06/2026 10:32:08
13403893,08/06/2026 07:31:40,08/06/2026 07:32:08,rodriguezt,6419,00:02:49,00:00:28,169,28,En Tiempo,1,9,0,00:01:42,102,Logico,"60-162         ",60-162 - LAVATORIO CR C.CERAM LINEA ADRA,0,0,08/06/2026 10:32:08
13403908,08/06/2026 07:32:48,08/06/2026 07:35:27,rodriguezt,6419,00:04:56,00:02:39,296,159,En Tiempo,8,15,0,00:00:40,40,Logico,"20-160         ",20-160 - MONOCOMANDO MESADA COCINA DIQUE,0,0,08/06/2026 10:35:27
13403908,08/06/2026 07:32:48,08/06/2026 07:35:27,rodriguezt,6419,00:04:56,00:02:39,296,159,En Tiempo,4,15,0,00:00:40,40,Logico,"60-133         ",60-133 - LAVATORIO MONOCOMANDO LUGO,0,0,08/06/2026 10:35:27
13403908,08/06/2026 07:32:48,08/06/2026 07:35:27,rodriguezt,6419,00:04:56,00:02:39,296,159,En Tiempo,6,15,0,00:00:40,40,Logico,"83-133         ",83-133 - DUCHA EXT. C/TRANSF. MONOCOMANDO LUGO,0,0,08/06/2026 10:35:27
13403908,08/06/2026 07:32:48,08/06/2026 07:35:27,rodriguezt,6419,00:04:56,00:02:39,296,159,En Tiempo,2,15,0,00:00:40,40,Logico,"70-133         ",70-133 - BIDE MONOCOMANDO LUGO,0,0,08/06/2026 10:35:27
13403908,08/06/2026 07:32:48,08/06/2026 07:35:27,rodriguezt,6419,00:04:56,00:02:39,296,159,En Tiempo,5,15,0,00:00:40,40,Logico,"203            ","203 - LAVATORIO CROMO ""DIQUE""",0,0,08/06/2026 10:35:27
13403908,08/06/2026 07:32:48,08/06/2026 07:35:27,rodriguezt,6419,00:04:56,00:02:39,296,159,En Tiempo,2,15,0,00:00:40,40,Logico,"51-058         ",51-058 - COCINA MESADA CR C.STD MALBA,0,0,08/06/2026 10:35:27
13403908,08/06/2026 07:32:48,08/06/2026 07:35:27,rodriguezt,6419,00:04:56,00:02:39,296,159,En Tiempo,1,15,0,00:00:40,40,Logico,"RA773C         ",RA773C - CAMPANA C/BUJE ARES/BEDIA/MURCIA,0,0,08/06/2026 10:35:27
13403908,08/06/2026 07:32:48,08/06/2026 07:35:27,rodriguezt,6419,00:04:56,00:02:39,296,159,En Tiempo,1,15,0,00:00:40,40,Logico,"RA704C         ",RA704C - VOLANTE ARES / CELEBRITY CROMO,0,0,08/06/2026 10:35:27
13403908,08/06/2026 07:32:48,08/06/2026 07:35:27,rodriguezt,6419,00:04:56,00:02:39,296,159,En Tiempo,3,15,0,00:00:40,40,Logico,"314/CR         ",314/CR - BIDE CROMO ARES,0,0,08/06/2026 10:35:27
13403908,08/06/2026 07:32:48,08/06/2026 07:35:27,rodriguezt,6419,00:04:56,00:02:39,296,159,En Tiempo,5,15,0,00:00:40,40,Logico,"214/CR         ",214/CR - LAVATORIO CR/CR ARES,0,0,08/06/2026 10:35:27
13403908,08/06/2026 07:32:48,08/06/2026 07:35:27,rodriguezt,6419,00:04:56,00:02:39,296,159,En Tiempo,1,15,0,00:00:40,40,Logico,"934/CR         ",934/CR - J.PARED C/EXT CRUZ CR/CR ARES,0,0,08/06/2026 10:35:27
13403908,08/06/2026 07:32:48,08/06/2026 07:35:27,rodriguezt,6419,00:04:56,00:02:39,296,159,En Tiempo,4,15,0,00:00:40,40,Logico,"914/CR         ",914/CR - JGO.MDA.P.CAÑO CR ARES,0,0,08/06/2026 10:35:27
13403908,08/06/2026 07:32:48,08/06/2026 07:35:27,rodriguezt,6419,00:04:56,00:02:39,296,159,En Tiempo,1,15,0,00:00:40,40,Logico,"434/CR         ",434/CR - DUCHA EMB.C/TRANSF CR ARES,0,0,08/06/2026 10:35:27
13403908,08/06/2026 07:32:48,08/06/2026 07:35:27,rodriguezt,6419,00:04:56,00:02:39,296,159,En Tiempo,1,15,0,00:00:40,40,Logico,"474/CR         ",474/CR - DUCHA EMB.S/TRANF.CRUZ CR/CR ARES,0,0,08/06/2026 10:35:27
13403908,08/06/2026 07:32:48,08/06/2026 07:35:27,rodriguezt,6419,00:04:56,00:02:39,296,159,En Tiempo,1,15,0,00:00:40,40,Logico,"414/CR         ",414/CR - DUCHA EXT.C/TRANSF.CR/CR ARES,0,0,08/06/2026 10:35:27
13403979,08/06/2026 07:37:38,08/06/2026 07:59:20,gsoderquvist,6415,00:06:02,00:21:42,362,1302,Fuera de Tiempo,2,18,0,00:02:48,168,Logico,"BCH09          ",BCH09 - BACHA DE APOYAR RECTANGULAR 610x410x115,0,0,08/06/2026 10:59:20
13403979,08/06/2026 07:37:38,08/06/2026 07:59:20,gsoderquvist,6415,00:06:02,00:21:42,362,1302,Fuera de Tiempo,1,18,0,00:02:48,168,Logico,"BCH16          ",BCH16 - BACHA DE APOYAR BLANCA 610x457x254 C/DESAGOTE Y REJILLA,0,0,08/06/2026 10:59:20
13403979,08/06/2026 07:37:38,08/06/2026 07:59:20,gsoderquvist,6415,00:06:02,00:21:42,362,1302,Fuera de Tiempo,3,18,0,00:02:48,168,Logico,"BCH03/3        ",BCH03/3 - BACHA DE APOYAR RECTANGULAR 3 AG 500x420x130,0,0,08/06/2026 10:59:20
13403979,08/06/2026 07:37:38,08/06/2026 07:59:20,gsoderquvist,6415,00:06:02,00:21:42,362,1302,Fuera de Tiempo,2,18,0,00:02:48,168,Logico,"BCH06          ",BCH06 - BACHA DE APOYAR CIRCULAR 415x135,0,0,08/06/2026 10:59:20
13403979,08/06/2026 07:37:38,08/06/2026 07:59:20,gsoderquvist,6415,00:06:02,00:21:42,362,1302,Fuera de Tiempo,2,18,0,00:02:48,168,Logico,"BCH18          ",BCH18 - BACHA DE APOYAR SIMIL MARMOL 460x320x140,0,0,08/06/2026 10:59:20
13403979,08/06/2026 07:37:38,08/06/2026 07:59:20,gsoderquvist,6415,00:06:02,00:21:42,362,1302,Fuera de Tiempo,1,18,0,00:02:48,168,Logico,"BCH04/3        ",BCH04/3 - BACHA DE APOYAR CUADRADA 3 AG 420x420x125,0,0,08/06/2026 10:59:20
13403979,08/06/2026 07:37:38,08/06/2026 07:59:20,gsoderquvist,6415,00:06:02,00:21:42,362,1302,Fuera de Tiempo,2,18,0,00:02:48,168,Logico,"BCH02          ",BCH02 - BACHA DE APOYAR CIRCULAR 1 AG. 415x145,0,0,08/06/2026 10:59:20
13403979,08/06/2026 07:37:38,08/06/2026 07:59:20,gsoderquvist,6415,00:06:02,00:21:42,362,1302,Fuera de Tiempo,3,18,0,00:02:48,168,Logico,"BCH04/1        ",BCH04/1 - BACHA DE APOYAR CUADRADA 1 AG 420x420x125,0,0,08/06/2026 10:59:20
13403979,08/06/2026 07:37:38,08/06/2026 07:59:20,gsoderquvist,6415,00:06:02,00:21:42,362,1302,Fuera de Tiempo,10,18,0,00:02:48,168,Logico,"BCH12          ",BCH12 - BACHA DE APOYAR BLANCA 460x320x140,0,0,08/06/2026 10:59:20
13403979,08/06/2026 07:37:38,08/06/2026 07:59:20,gsoderquvist,6415,00:06:02,00:21:42,362,1302,Fuera de Tiempo,5,18,0,00:02:48,168,Logico,"BCH05          ",BCH05 - BACHA DE APOYAR CUADRADA 370x370x130,0,0,08/06/2026 10:59:20
13403979,08/06/2026 07:37:38,08/06/2026 07:59:20,gsoderquvist,6415,00:06:02,00:21:42,362,1302,Fuera de Tiempo,2,18,0,00:02:48,168,Logico,"BCH13          ",BCH13 - BACHA DE APOYAR BLANCA RECTANGULAR 465x260x125,0,0,08/06/2026 10:59:20
13403979,08/06/2026 07:37:38,08/06/2026 07:59:20,gsoderquvist,6415,00:06:02,00:21:42,362,1302,Fuera de Tiempo,8,18,0,00:02:48,168,Logico,"BCH01          ",BCH01 - BACHA DE APOYAR CIRCULAR 320x145,0,0,08/06/2026 10:59:20
13403979,08/06/2026 07:37:38,08/06/2026 07:59:20,gsoderquvist,6415,00:06:02,00:21:42,362,1302,Fuera de Tiempo,1,18,0,00:02:48,168,Logico,"30-132         ",30-132 - COCINA MESADA MONOC. C/DUCHADOR EXTENSIBLE VIGO,0,0,08/06/2026 10:59:20
13403979,08/06/2026 07:37:38,08/06/2026 07:59:20,gsoderquvist,6415,00:06:02,00:21:42,362,1302,Fuera de Tiempo,3,18,0,00:02:48,168,Logico,"11030          ","PERCHA LINEA 11000                                                    ",0,0,08/06/2026 10:59:20
13403979,08/06/2026 07:37:38,08/06/2026 07:59:20,gsoderquvist,6415,00:06:02,00:21:42,362,1302,Fuera de Tiempo,2,18,0,00:02:48,168,Logico,"70-168         ",70-168 - BIDE MONOC CR WAVE,0,0,08/06/2026 10:59:20
13403979,08/06/2026 07:37:38,08/06/2026 07:59:20,gsoderquvist,6415,00:06:02,00:21:42,362,1302,Fuera de Tiempo,2,18,0,00:02:48,168,Logico,"84-203ST       ","DUCHA EXT C/COLUMNA CR ADRA                                           ",0,0,08/06/2026 10:59:20
13403979,08/06/2026 07:37:38,08/06/2026 07:59:20,gsoderquvist,6415,00:06:02,00:21:42,362,1302,Fuera de Tiempo,3,18,0,00:02:48,168,Logico,"85-168         ",85-168 - DUCHA MONOC C/TRANSF Y DUCHADOR CR WAVE,0,0,08/06/2026 10:59:20
13403979,08/06/2026 07:37:38,08/06/2026 07:59:20,gsoderquvist,6415,00:06:02,00:21:42,362,1302,Fuera de Tiempo,2,18,0,00:02:48,168,Logico,"61-180         ",61-180 - LAVATORIO MONOCOMANDO ALTO VERA,0,0,08/06/2026 10:59:20
13404043,08/06/2026 07:41:37,08/06/2026 07:41:50,rodriguezt,6419,00:00:49,00:00:13,49,13,En Tiempo,1,3,0,00:06:10,370,Excedido,"BCH13          ",BCH13 - BACHA DE APOYAR BLANCA RECTANGULAR 465x260x125,0,0,08/06/2026 10:41:50
13404043,08/06/2026 07:41:37,08/06/2026 07:41:50,rodriguezt,6419,00:00:49,00:00:13,49,13,En Tiempo,3,3,0,00:06:10,370,Excedido,"60-168         ",60-168 - LAVATORIO MONOC BAJO CR WAVE,0,0,08/06/2026 10:41:50
13404043,08/06/2026 07:41:37,08/06/2026 07:41:50,rodriguezt,6419,00:00:49,00:00:13,49,13,En Tiempo,2,3,0,00:06:10,370,Excedido,"70-168         ",70-168 - BIDE MONOC CR WAVE,0,0,08/06/2026 10:41:50
13404065,08/06/2026 07:42:46,08/06/2026 07:43:04,rodriguezt,6419,00:00:47,00:00:18,47,18,En Tiempo,2,3,0,00:00:56,56,Logico,"60-200G        ",60-200G - LAVATORIO MONOC BAJO GOLD FABRIC,0,0,08/06/2026 10:43:04
13404065,08/06/2026 07:42:46,08/06/2026 07:43:04,rodriguezt,6419,00:00:47,00:00:18,47,18,En Tiempo,1,3,0,00:00:56,56,Logico,"61-200G        ",61-200G - LAVATORIO MONOC ALTO GOLD FABRIC,0,0,08/06/2026 10:43:04
13404065,08/06/2026 07:42:46,08/06/2026 07:43:04,rodriguezt,6419,00:00:47,00:00:18,47,18,En Tiempo,1,3,0,00:00:56,56,Logico,"80-200G        ",80-200G - DUCHA EMB. MONOC. 3 FUNCIONES GOLD FABRIC,0,0,08/06/2026 10:43:04
13404075,08/06/2026 07:43:16,08/06/2026 07:43:31,rodriguezt,6419,00:00:44,00:00:15,44,15,En Tiempo,1,2,0,00:00:12,12,Logico,"70-168N        ",70-168N - BIDE MONOC BLACK WAVE,0,0,08/06/2026 10:43:31
13404075,08/06/2026 07:43:16,08/06/2026 07:43:31,rodriguezt,6419,00:00:44,00:00:15,44,15,En Tiempo,1,2,0,00:00:12,12,Logico,"85-168N        ",85-168N - DUCHA MONOC C/TRANSF Y DUCHADOR BLACK WAVE,0,0,08/06/2026 10:43:31
13404093,08/06/2026 07:44:07,08/06/2026 07:44:50,rodriguezt,6419,00:01:31,00:00:43,91,43,En Tiempo,2,6,0,00:00:36,36,Logico,"A1448C         ","A1448C - CAÑO CURVO METALICO C/FLOR DE DUCHA 4"" ABS CR C/BLISTER",0,0,08/06/2026 10:44:50
13404093,08/06/2026 07:44:07,08/06/2026 07:44:50,rodriguezt,6419,00:01:31,00:00:43,91,43,En Tiempo,1,6,0,00:00:36,36,Logico,"60-176N        ","LAVATORIO MONOCOMANDO BAJO BLACK RIO                                  ",0,0,08/06/2026 10:44:50
13404093,08/06/2026 07:44:07,08/06/2026 07:44:50,rodriguezt,6419,00:01:31,00:00:43,91,43,En Tiempo,2,6,0,00:00:36,36,Logico,"20-146         ",20-146 - MONOCOMANDO DE COCINA CR LINEA MOVE,0,0,08/06/2026 10:44:50
13404093,08/06/2026 07:44:07,08/06/2026 07:44:50,rodriguezt,6419,00:01:31,00:00:43,91,43,En Tiempo,2,6,0,00:00:36,36,Logico,"60-133         ",60-133 - LAVATORIO MONOCOMANDO LUGO,0,0,08/06/2026 10:44:50
13404093,08/06/2026 07:44:07,08/06/2026 07:44:50,rodriguezt,6419,00:01:31,00:00:43,91,43,En Tiempo,1,6,0,00:00:36,36,Logico,"835            ",835 - JGO.MDA. P.FUNDIDO CR MURCIA,0,0,08/06/2026 10:44:50
13404093,08/06/2026 07:44:07,08/06/2026 07:44:50,rodriguezt,6419,00:01:31,00:00:43,91,43,En Tiempo,1,6,0,00:00:36,36,Logico,"303            ","303 - BIDET CROMO ""DIQUE""",0,0,08/06/2026 10:44:50
13404114,08/06/2026 07:45:47,08/06/2026 07:46:00,rodriguezt,6419,00:00:48,00:00:13,48,13,En Tiempo,10,1,0,00:00:57,57,Logico,"910/M          ","910/M - JGO.MDA.P.CANO CROMO ""DIQUE""",0,0,08/06/2026 10:46:00
13404125,08/06/2026 07:46:21,08/06/2026 07:46:36,rodriguezt,6419,00:00:54,00:00:15,54,15,En Tiempo,5,2,0,00:00:21,21,Logico,"60-201NI       ",60-201NI - LAVATORIO C.CERAM BEAT NICKEL,0,0,08/06/2026 10:46:36
13404125,08/06/2026 07:46:21,08/06/2026 07:46:36,rodriguezt,6419,00:00:54,00:00:15,54,15,En Tiempo,2,2,0,00:00:21,21,Logico,"80-353NI       ",80-353NI - DUCHA DE EMB 3 FUNCIONES BEAT NICKEL,0,0,08/06/2026 10:46:36
13404138,08/06/2026 07:47:09,08/06/2026 07:47:19,rodriguezt,6419,00:00:47,00:00:10,47,10,En Tiempo,1,3,0,00:00:33,33,Logico,"80-180         ",80-180 - DUCHA EMB. C/TRANSF. MONOCOMANDO VERA,0,0,08/06/2026 10:47:19
13404138,08/06/2026 07:47:09,08/06/2026 07:47:19,rodriguezt,6419,00:00:47,00:00:10,47,10,En Tiempo,1,3,0,00:00:33,33,Logico,"70-180         ",70-180 - BIDE MONOCOMANDO C/TRANSF. VERA,0,0,08/06/2026 10:47:19
13404138,08/06/2026 07:47:09,08/06/2026 07:47:19,rodriguezt,6419,00:00:47,00:00:10,47,10,En Tiempo,1,3,0,00:00:33,33,Logico,"60-180         ",60-180 - LAVATORIO MONOCOMANDO BAJO VERA,0,0,08/06/2026 10:47:19
13404143,08/06/2026 07:47:31,08/06/2026 07:47:38,rodriguezt,6419,00:00:40,00:00:07,40,7,En Tiempo,2,1,0,00:00:12,12,Logico,"61-200G        ",61-200G - LAVATORIO MONOC ALTO GOLD FABRIC,0,0,08/06/2026 10:47:38
13404151,08/06/2026 07:48:09,08/06/2026 07:48:17,rodriguezt,6419,00:00:47,00:00:08,47,8,En Tiempo,1,3,0,00:00:31,31,Logico,"17030G         ",17030G - PERCHA LINEA FABRIC GOLD,0,0,08/06/2026 10:48:17
13404151,08/06/2026 07:48:09,08/06/2026 07:48:17,rodriguezt,6419,00:00:47,00:00:08,47,8,En Tiempo,1,3,0,00:00:31,31,Logico,"20-122         ","MONOCOMANDO COCINA CR C/PICO EXTRAIBLE VALENCIA                       ",0,0,08/06/2026 10:48:17
13404151,08/06/2026 07:48:09,08/06/2026 07:48:17,rodriguezt,6419,00:00:47,00:00:08,47,8,En Tiempo,1,3,0,00:00:31,31,Logico,"30-132         ",30-132 - COCINA MESADA MONOC. C/DUCHADOR EXTENSIBLE VIGO,0,0,08/06/2026 10:48:17
13404356,08/06/2026 08:04:18,08/06/2026 09:05:48,gsoderquvist,6415,00:06:36,01:01:30,396,3690,Fuera de Tiempo,5,8,0,00:04:58,298,Logico,"20-146N        ",20-146N - MONOCOMANDO DE COCINA BLACK LINEA MOVE,0,0,08/06/2026 12:05:48
13404356,08/06/2026 08:04:18,08/06/2026 09:05:48,gsoderquvist,6415,00:06:36,01:01:30,396,3690,Fuera de Tiempo,5,8,0,00:04:58,298,Logico,"20-183         ","MONOCOMANDO DE COCINA MAT                                             ",0,0,08/06/2026 12:05:48
13404356,08/06/2026 08:04:18,08/06/2026 09:05:48,gsoderquvist,6415,00:06:36,01:01:30,396,3690,Fuera de Tiempo,5,8,0,00:04:58,298,Logico,"83-176         ",83-176 - DUCHA EXT. C/TRANSF. MONOC CR RIO,0,0,08/06/2026 12:05:48
13404356,08/06/2026 08:04:18,08/06/2026 09:05:48,gsoderquvist,6415,00:06:36,01:01:30,396,3690,Fuera de Tiempo,5,8,0,00:04:58,298,Logico,"85-168N        ",85-168N - DUCHA MONOC C/TRANSF Y DUCHADOR BLACK WAVE,0,0,08/06/2026 12:05:48
13404356,08/06/2026 08:04:18,08/06/2026 09:05:48,gsoderquvist,6415,00:06:36,01:01:30,396,3690,Fuera de Tiempo,10,8,0,00:04:58,298,Logico,"62-198         ",62-198 - LAVATORIO DE PARED CR C.CERAM PURA,0,0,08/06/2026 12:05:48
13404356,08/06/2026 08:04:18,08/06/2026 09:05:48,gsoderquvist,6415,00:06:36,01:01:30,396,3690,Fuera de Tiempo,17,8,0,00:04:58,298,Logico,"80-198         ",80-198 - DUCHA EMB. C/TRANSF. CR C.CERAM PURA,0,0,08/06/2026 12:05:48
13404356,08/06/2026 08:04:18,08/06/2026 09:05:48,gsoderquvist,6415,00:06:36,01:01:30,396,3690,Fuera de Tiempo,132,8,0,00:04:58,298,Logico,"60-198         ",60-198 - LAVATORIO CR C.CERAM PURA,0,0,08/06/2026 12:05:48
13404356,08/06/2026 08:04:18,08/06/2026 09:05:48,gsoderquvist,6415,00:06:36,01:01:30,396,3690,Fuera de Tiempo,50,8,0,00:04:58,298,Logico,"70-198         ",70-198 - BIDE CR C.CERAM PURA,0,0,08/06/2026 12:05:48
13404804,08/06/2026 08:28:57,08/06/2026 08:38:43,acejas,6417,00:01:38,00:09:46,98,586,Fuera de Tiempo,10,3,0,00:23:48,1428,Excedido,"LG07C20        ","MONOCOMANDO DE COCINA CR ZURICH                                       ",0,0,08/06/2026 11:38:43
13404804,08/06/2026 08:28:57,08/06/2026 08:38:43,acejas,6417,00:01:38,00:09:46,98,586,Fuera de Tiempo,20,3,0,00:23:48,1428,Excedido,"LG02C20        ","MONOCOMANDO COCINA CR GINEBRA                                         ",0,0,08/06/2026 11:38:43
13404804,08/06/2026 08:28:57,08/06/2026 08:38:43,acejas,6417,00:01:38,00:09:46,98,586,Fuera de Tiempo,20,3,0,00:23:48,1428,Excedido,"LG02N20        ","MONOCOMANDO COCINA BLACK GINEBRA                                      ",0,0,08/06/2026 11:38:43
13404988,08/06/2026 08:37:47,08/06/2026 08:44:04,rodriguezt,6419,00:06:24,00:06:17,384,377,En Tiempo,12,9,0,00:49:30,2970,Excedido,"19060          ",19060 - VASO PORTA CEPILLO LINEA 19000,0,0,08/06/2026 11:44:04
13404988,08/06/2026 08:37:47,08/06/2026 08:44:04,rodriguezt,6419,00:06:24,00:06:17,384,377,En Tiempo,30,9,0,00:49:30,2970,Excedido,"19050          ",19050 - JABONERA LINEA 19000,0,0,08/06/2026 11:44:04
13404988,08/06/2026 08:37:47,08/06/2026 08:44:04,rodriguezt,6419,00:06:24,00:06:17,384,377,En Tiempo,40,9,0,00:49:30,2970,Excedido,"61-169N        ",61-169N - LAVATORIO MONOC ALTO BLACK PARIS,0,0,08/06/2026 11:44:04
13404988,08/06/2026 08:37:47,08/06/2026 08:44:04,rodriguezt,6419,00:06:24,00:06:17,384,377,En Tiempo,20,9,0,00:49:30,2970,Excedido,"20-140N        ",20-140N - MONOCOMANDO DE COCINA LINEA CUINA BLACK,0,0,08/06/2026 11:44:04
13404988,08/06/2026 08:37:47,08/06/2026 08:44:04,rodriguezt,6419,00:06:24,00:06:17,384,377,En Tiempo,2,9,0,00:49:30,2970,Excedido,"20-135G        ",20-135G - MONOCOMANDO COCINA GOLD SANTANDER,0,0,08/06/2026 11:44:04
13404988,08/06/2026 08:37:47,08/06/2026 08:44:04,rodriguezt,6419,00:06:24,00:06:17,384,377,En Tiempo,45,9,0,00:49:30,2970,Excedido,"60-059LT       ","LAVATORIO BL/CR C.STD MALBA LITE                                      ",0,0,08/06/2026 11:44:04
13404988,08/06/2026 08:37:47,08/06/2026 08:44:04,rodriguezt,6419,00:06:24,00:06:17,384,377,En Tiempo,20,9,0,00:49:30,2970,Excedido,"70-059LT       ","BIDE BL/CR C.STD MALBA LITE                                           ",0,0,08/06/2026 11:44:04
13404988,08/06/2026 08:37:47,08/06/2026 08:44:04,rodriguezt,6419,00:06:24,00:06:17,384,377,En Tiempo,6,9,0,00:49:30,2970,Excedido,"60-122N        ","LAVATORIO BLACK C.CERAM VALENCIA                                      ",0,0,08/06/2026 11:44:04
13404988,08/06/2026 08:37:47,08/06/2026 08:44:04,rodriguezt,6419,00:06:24,00:06:17,384,377,En Tiempo,6,9,0,00:49:30,2970,Excedido,"70-122N        ","BIDE BLACK C.CERAM VALENCIA                                           ",0,0,08/06/2026 11:44:04
13405068,08/06/2026 08:41:37,08/06/2026 08:42:54,acejas,6417,00:04:53,00:01:17,293,77,En Tiempo,2,18,0,00:02:54,174,Logico,"BCH15          ",BCH15 - BACHA SEMI EMBUTIDA  BLANCA 530x370x155,0,0,08/06/2026 11:42:54
13405068,08/06/2026 08:41:37,08/06/2026 08:42:54,acejas,6417,00:04:53,00:01:17,293,77,En Tiempo,2,18,0,00:02:54,174,Logico,"BCH14          ",BCH14 - BACHA SEMI EMBUTIDA BLANCA 430x380x155,0,0,08/06/2026 11:42:54
13405068,08/06/2026 08:41:37,08/06/2026 08:42:54,acejas,6417,00:04:53,00:01:17,293,77,En Tiempo,1,18,0,00:02:54,174,Logico,"61-203N        ","LAVATORIO MONOCOMANDO ALTO ADRA BLACK                                 ",0,0,08/06/2026 11:42:54
13405068,08/06/2026 08:41:37,08/06/2026 08:42:54,acejas,6417,00:04:53,00:01:17,293,77,En Tiempo,1,18,0,00:02:54,174,Logico,"60-203N        ","LAVATORIO MONOCOMANDO BAJO ADRA BLACK                                 ",0,0,08/06/2026 11:42:54
13405068,08/06/2026 08:41:37,08/06/2026 08:42:54,acejas,6417,00:04:53,00:01:17,293,77,En Tiempo,1,18,0,00:02:54,174,Logico,"60-203         ",60-203 - LAVATORIO MONOCOMANDO BAJO ADRA,0,0,08/06/2026 11:42:54
13405068,08/06/2026 08:41:37,08/06/2026 08:42:54,acejas,6417,00:04:53,00:01:17,293,77,En Tiempo,1,18,0,00:02:54,174,Logico,"61-203         ",61-203 - LAVATORIO MONOCOMANDO ALTO ADRA,0,0,08/06/2026 11:42:54
13405068,08/06/2026 08:41:37,08/06/2026 08:42:54,acejas,6417,00:04:53,00:01:17,293,77,En Tiempo,4,18,0,00:02:54,174,Logico,"20-146         ",20-146 - MONOCOMANDO DE COCINA CR LINEA MOVE,0,0,08/06/2026 11:42:54
13405068,08/06/2026 08:41:37,08/06/2026 08:42:54,acejas,6417,00:04:53,00:01:17,293,77,En Tiempo,2,18,0,00:02:54,174,Logico,"80-183         ","DUCHA EMB C/TRANSF MONOCOMANDO MAT                                    ",0,0,08/06/2026 11:42:54
13405068,08/06/2026 08:41:37,08/06/2026 08:42:54,acejas,6417,00:04:53,00:01:17,293,77,En Tiempo,2,18,0,00:02:54,174,Logico,"20-183         ","MONOCOMANDO DE COCINA MAT                                             ",0,0,08/06/2026 11:42:54
13405068,08/06/2026 08:41:37,08/06/2026 08:42:54,acejas,6417,00:04:53,00:01:17,293,77,En Tiempo,2,18,0,00:02:54,174,Logico,"60-183         ","LAVATORIO MONOCOMANDO BAJO MAT                                        ",0,0,08/06/2026 11:42:54
13405068,08/06/2026 08:41:37,08/06/2026 08:42:54,acejas,6417,00:04:53,00:01:17,293,77,En Tiempo,2,18,0,00:02:54,174,Logico,"70-183         ","BIDE MONOCOMANDO C/TRANSF MAT                                         ",0,0,08/06/2026 11:42:54
13405068,08/06/2026 08:41:37,08/06/2026 08:42:54,acejas,6417,00:04:53,00:01:17,293,77,En Tiempo,1,18,0,00:02:54,174,Logico,"70-203         ",70-203 - BIDE MONOCOMANDO ADRA,0,0,08/06/2026 11:42:54
13405068,08/06/2026 08:41:37,08/06/2026 08:42:54,acejas,6417,00:04:53,00:01:17,293,77,En Tiempo,2,18,0,00:02:54,174,Logico,"61-183         ","LAVATORIO MONOCOMANDO ALTO MAT                                        ",0,0,08/06/2026 11:42:54
13405068,08/06/2026 08:41:37,08/06/2026 08:42:54,acejas,6417,00:04:53,00:01:17,293,77,En Tiempo,1,18,0,00:02:54,174,Logico,"20-140         ",20-140 - MONOCOMANDO DE COCINA LINEA CUINA,0,0,08/06/2026 11:42:54
13405068,08/06/2026 08:41:37,08/06/2026 08:42:54,acejas,6417,00:04:53,00:01:17,293,77,En Tiempo,1,18,0,00:02:54,174,Logico,"70-203N        ","BIDE MONOCOMANDO ADRA BLACK                                           ",0,0,08/06/2026 11:42:54
13405068,08/06/2026 08:41:37,08/06/2026 08:42:54,acejas,6417,00:04:53,00:01:17,293,77,En Tiempo,4,18,0,00:02:54,174,Logico,"20-184         ","MONOCOMANDO DE COCINA CR SUV                                          ",0,0,08/06/2026 11:42:54
13405068,08/06/2026 08:41:37,08/06/2026 08:42:54,acejas,6417,00:04:53,00:01:17,293,77,En Tiempo,1,18,0,00:02:54,174,Logico,"20-121         ",20-121 - COCINA MSDA MONOC.P. REDONDO MARBELLA,0,0,08/06/2026 11:42:54
13405068,08/06/2026 08:41:37,08/06/2026 08:42:54,acejas,6417,00:04:53,00:01:17,293,77,En Tiempo,1,18,0,00:02:54,174,Logico,"80-203N        ","DUCHA EMB C/TRANSF. MONOCOMANDO ADRA BLACK PLUS                       ",0,0,08/06/2026 11:42:54
13405109,08/06/2026 08:43:50,08/06/2026 08:50:43,acejas,6417,00:03:44,00:06:53,224,413,Fuera de Tiempo,2,10,0,00:00:56,56,Logico,"62-100G        ",62-100G - LAVATORIO DE PARED GOLD C.CERAM FABRIC,0,0,08/06/2026 11:50:43
13405109,08/06/2026 08:43:50,08/06/2026 08:50:43,acejas,6417,00:03:44,00:06:53,224,413,Fuera de Tiempo,2,10,0,00:00:56,56,Logico,"80-200C        ",80-200C - DUCHA EMB. MONOC. 3 FUNCIONES CR FABRIC,0,0,08/06/2026 11:50:43
13405109,08/06/2026 08:43:50,08/06/2026 08:50:43,acejas,6417,00:03:44,00:06:53,224,413,Fuera de Tiempo,5,10,0,00:00:56,56,Logico,"85-183         ","DUCHA EMB C/TRANSF Y DUCHADOR MONOC MAT                               ",0,0,08/06/2026 11:50:43
13405109,08/06/2026 08:43:50,08/06/2026 08:50:43,acejas,6417,00:03:44,00:06:53,224,413,Fuera de Tiempo,2,10,0,00:00:56,56,Logico,"20010G         ",20010G - TOALLERO BARRAL GOLD LINEA PULSE,0,0,08/06/2026 11:50:43
13405109,08/06/2026 08:43:50,08/06/2026 08:50:43,acejas,6417,00:03:44,00:06:53,224,413,Fuera de Tiempo,5,10,0,00:00:56,56,Logico,"21-160         ","MONOCOMANDO DUO COCINA CROMO DIQUE                                    ",0,0,08/06/2026 11:50:43
13405109,08/06/2026 08:43:50,08/06/2026 08:50:43,acejas,6417,00:03:44,00:06:53,224,413,Fuera de Tiempo,10,10,0,00:00:56,56,Logico,"20-184         ","MONOCOMANDO DE COCINA CR SUV                                          ",0,0,08/06/2026 11:50:43
13405109,08/06/2026 08:43:50,08/06/2026 08:50:43,acejas,6417,00:03:44,00:06:53,224,413,Fuera de Tiempo,2,10,0,00:00:56,56,Logico,"70-200G        ",70-200G - BIDE MONOCOMANDO GOLD FABRIC,0,0,08/06/2026 11:50:43
13405109,08/06/2026 08:43:50,08/06/2026 08:50:43,acejas,6417,00:03:44,00:06:53,224,413,Fuera de Tiempo,10,10,0,00:00:56,56,Logico,"60-176         ","LAVATORIO MONOCOMANDO BAJO CR RIO                                     ",0,0,08/06/2026 11:50:43
13405109,08/06/2026 08:43:50,08/06/2026 08:50:43,acejas,6417,00:03:44,00:06:53,224,413,Fuera de Tiempo,5,10,0,00:00:56,56,Logico,"60-176N        ","LAVATORIO MONOCOMANDO BAJO BLACK RIO                                  ",0,0,08/06/2026 11:50:43
13405109,08/06/2026 08:43:50,08/06/2026 08:50:43,acejas,6417,00:03:44,00:06:53,224,413,Fuera de Tiempo,2,10,0,00:00:56,56,Logico,"60-180         ",60-180 - LAVATORIO MONOCOMANDO BAJO VERA,0,0,08/06/2026 11:50:43
13405301,08/06/2026 08:52:55,08/06/2026 08:53:15,acejas,6417,00:00:44,00:00:20,44,20,En Tiempo,1,2,0,00:02:12,132,Logico,"20-135B        ",20-135B - MONOCOMANDO COCINA MESADA SANTANDER WHITE,0,0,08/06/2026 11:53:15
13405301,08/06/2026 08:52:55,08/06/2026 08:53:15,acejas,6417,00:00:44,00:00:20,44,20,En Tiempo,1,2,0,00:02:12,132,Logico,"BCH16          ",BCH16 - BACHA DE APOYAR BLANCA 610x457x254 C/DESAGOTE Y REJILLA,0,0,08/06/2026 11:53:15
13405335,08/06/2026 08:54:24,08/06/2026 08:54:42,rodriguezt,6419,00:00:41,00:00:18,41,18,En Tiempo,3,1,0,00:10:20,620,Excedido,"20-147         ",20-147 - MONOCOMANDO DE COCINA SWIFT,0,0,08/06/2026 11:54:42
13405345,08/06/2026 08:54:54,08/06/2026 08:54:59,rodriguezt,6419,00:00:39,00:00:05,39,5,En Tiempo,1,1,0,00:00:12,12,Logico,"A1250          ",A1250 - COLUMNA DE DUCHA CROMO,0,0,08/06/2026 11:54:59
13405353,08/06/2026 08:55:09,08/06/2026 08:55:35,rodriguezt,6419,00:01:23,00:00:26,83,26,En Tiempo,3,5,0,00:00:10,10,Logico,"17030G         ",17030G - PERCHA LINEA FABRIC GOLD,0,0,08/06/2026 11:55:35
13405353,08/06/2026 08:55:09,08/06/2026 08:55:35,rodriguezt,6419,00:01:23,00:00:26,83,26,En Tiempo,3,5,0,00:00:10,10,Logico,"17030N         ",17030N - PERCHA LINEA FABRIC BLACK,0,0,08/06/2026 11:55:35
13405353,08/06/2026 08:55:09,08/06/2026 08:55:35,rodriguezt,6419,00:01:23,00:00:26,83,26,En Tiempo,2,5,0,00:00:10,10,Logico,"17040N         ",17040N - PORTA ROLLO LINEA FABRIC BLACK,0,0,08/06/2026 11:55:35
13405353,08/06/2026 08:55:09,08/06/2026 08:55:35,rodriguezt,6419,00:01:23,00:00:26,83,26,En Tiempo,1,5,0,00:00:10,10,Logico,"17040G         ",17040G - PORTA ROLLO LINEA FABRIC GOLD,0,0,08/06/2026 11:55:35
13405353,08/06/2026 08:55:09,08/06/2026 08:55:35,rodriguezt,6419,00:01:23,00:00:26,83,26,En Tiempo,2,5,0,00:00:10,10,Logico,"61-200G        ",61-200G - LAVATORIO MONOC ALTO GOLD FABRIC,0,0,08/06/2026 11:55:35
13405411,08/06/2026 08:56:55,08/06/2026 08:57:57,acejas,6417,00:01:06,00:01:02,66,62,En Tiempo,1,3,0,00:03:40,220,Logico,"70-162         ",70-162 - BIDE CR C.CERAM LINEA ADRA,0,0,08/06/2026 11:57:57
13405411,08/06/2026 08:56:55,08/06/2026 08:57:57,acejas,6417,00:01:06,00:01:02,66,62,En Tiempo,5,3,0,00:03:40,220,Logico,"80-058         ",80-058 - DUCHA EMB. C/TRANSF. CR C.STD MALBA,0,0,08/06/2026 11:57:57
13405411,08/06/2026 08:56:55,08/06/2026 08:57:57,acejas,6417,00:01:06,00:01:02,66,62,En Tiempo,10,3,0,00:03:40,220,Logico,"60-058         ",60-058 - LAVATORIO CR C.STD MALBA,0,0,08/06/2026 11:57:57
13405447,08/06/2026 08:58:23,08/06/2026 09:11:35,acejas,6417,00:02:06,00:13:12,126,792,Fuera de Tiempo,8,7,0,00:00:26,26,Logico,"INO104-2       ","DEPOSITO C/DESCARGA DUAL BLANCO LINEA STONE                           ",0,0,08/06/2026 12:11:35
13405447,08/06/2026 08:58:23,08/06/2026 09:11:35,acejas,6417,00:02:06,00:13:12,126,792,Fuera de Tiempo,2,7,0,00:00:26,26,Logico,"30-132         ",30-132 - COCINA MESADA MONOC. C/DUCHADOR EXTENSIBLE VIGO,0,0,08/06/2026 12:11:35
13405447,08/06/2026 08:58:23,08/06/2026 09:11:35,acejas,6417,00:02:06,00:13:12,126,792,Fuera de Tiempo,3,7,0,00:00:26,26,Logico,"20-182N        ",20-182N - MONOCOMANDO DE COCINA MULTIFUNCION BLACK ZENITH,0,0,08/06/2026 12:11:35
13405447,08/06/2026 08:58:23,08/06/2026 09:11:35,acejas,6417,00:02:06,00:13:12,126,792,Fuera de Tiempo,3,7,0,00:00:26,26,Logico,"80-152         ",80-152 - DUCHA EMB. CR C/TRANSF. MONOCOMANDO SORIA,0,0,08/06/2026 12:11:35
13405447,08/06/2026 08:58:23,08/06/2026 09:11:35,acejas,6417,00:02:06,00:13:12,126,792,Fuera de Tiempo,6,7,0,00:00:26,26,Logico,"60-100G        ",60-100G - LAVATORIO GOLD C.CERAM FABRIC,0,0,08/06/2026 12:11:35
13405447,08/06/2026 08:58:23,08/06/2026 09:11:35,acejas,6417,00:02:06,00:13:12,126,792,Fuera de Tiempo,2,7,0,00:00:26,26,Logico,"70-100NI       ",70-100NI - BIDE NICKEL C.CERAM FABRIC,0,0,08/06/2026 12:11:35
13405447,08/06/2026 08:58:23,08/06/2026 09:11:35,acejas,6417,00:02:06,00:13:12,126,792,Fuera de Tiempo,2,7,0,00:00:26,26,Logico,"70-199N        ",70-199N - BIDE BLACK C.CERAM LIVE,0,0,08/06/2026 12:11:35
13405811,08/06/2026 09:15:17,08/06/2026 09:15:24,gsoderquvist,6415,00:00:40,00:00:07,40,7,En Tiempo,2,1,0,00:09:29,569,Excedido,"INO104-1       ","INODORO BLANCO C/ASIENTO LINEA STONE                                  ",0,0,08/06/2026 12:15:24
13405845,08/06/2026 09:17:06,08/06/2026 09:17:53,gsoderquvist,6415,00:00:55,00:00:47,55,47,En Tiempo,3,2,0,00:01:42,102,Logico,"20-172         ",20-172 - COCINA MESADA MONOC. COLORS NEGRO,0,0,08/06/2026 12:17:53
13405845,08/06/2026 09:17:06,08/06/2026 09:17:53,gsoderquvist,6415,00:00:55,00:00:47,55,47,En Tiempo,10,2,0,00:01:42,102,Logico,"51-122         ",51-122 - MESADA BIMANDO CR C.CERAM VALENCIA,0,0,08/06/2026 12:17:53
13405937,08/06/2026 09:20:28,08/06/2026 09:24:49,acejas,6417,00:04:07,00:04:21,247,261,Fuera de Tiempo,9,11,0,00:08:53,533,Excedido,"70-176N        ",70-176N - BIDE MONOC C/TRANSF BLACK RIO,0,0,08/06/2026 12:24:49
13405937,08/06/2026 09:20:28,08/06/2026 09:24:49,acejas,6417,00:04:07,00:04:21,247,261,Fuera de Tiempo,3,11,0,00:08:53,533,Excedido,"70-176         ",70-176 - BIDE MONOC C/TRANSF CR RIO,0,0,08/06/2026 12:24:49
13405937,08/06/2026 09:20:28,08/06/2026 09:24:49,acejas,6417,00:04:07,00:04:21,247,261,Fuera de Tiempo,3,11,0,00:08:53,533,Excedido,"20-147         ",20-147 - MONOCOMANDO DE COCINA SWIFT,0,0,08/06/2026 12:24:49
13405937,08/06/2026 09:20:28,08/06/2026 09:24:49,acejas,6417,00:04:07,00:04:21,247,261,Fuera de Tiempo,3,11,0,00:08:53,533,Excedido,"20-122         ","MONOCOMANDO COCINA CR C/PICO EXTRAIBLE VALENCIA                       ",0,0,08/06/2026 12:24:49
13405937,08/06/2026 09:20:28,08/06/2026 09:24:49,acejas,6417,00:04:07,00:04:21,247,261,Fuera de Tiempo,1,11,0,00:08:53,533,Excedido,"61-183         ","LAVATORIO MONOCOMANDO ALTO MAT                                        ",0,0,08/06/2026 12:24:49
13405937,08/06/2026 09:20:28,08/06/2026 09:24:49,acejas,6417,00:04:07,00:04:21,247,261,Fuera de Tiempo,5,11,0,00:08:53,533,Excedido,"70-183         ","BIDE MONOCOMANDO C/TRANSF MAT                                         ",0,0,08/06/2026 12:24:49
13405937,08/06/2026 09:20:28,08/06/2026 09:24:49,acejas,6417,00:04:07,00:04:21,247,261,Fuera de Tiempo,3,11,0,00:08:53,533,Excedido,"60-183         ","LAVATORIO MONOCOMANDO BAJO MAT                                        ",0,0,08/06/2026 12:24:49
13405937,08/06/2026 09:20:28,08/06/2026 09:24:49,acejas,6417,00:04:07,00:04:21,247,261,Fuera de Tiempo,4,11,0,00:08:53,533,Excedido,"80-183         ","DUCHA EMB C/TRANSF MONOCOMANDO MAT                                    ",0,0,08/06/2026 12:24:49
13405937,08/06/2026 09:20:28,08/06/2026 09:24:49,acejas,6417,00:04:07,00:04:21,247,261,Fuera de Tiempo,7,11,0,00:08:53,533,Excedido,"17030G         ",17030G - PERCHA LINEA FABRIC GOLD,0,0,08/06/2026 12:24:49
13405937,08/06/2026 09:20:28,08/06/2026 09:24:49,acejas,6417,00:04:07,00:04:21,247,261,Fuera de Tiempo,3,11,0,00:08:53,533,Excedido,"20-122N        ",20-122N - MONOCOMANDO COCINA C/PICO EXTRAIBLE VALENCIA BLACK,0,0,08/06/2026 12:24:49
13405937,08/06/2026 09:20:28,08/06/2026 09:24:49,acejas,6417,00:04:07,00:04:21,247,261,Fuera de Tiempo,4,11,0,00:08:53,533,Excedido,"80-200N        ",80-200N - DUCHA EMB. MONOC. 3 FUNCIONES BLACK FABRIC,0,0,08/06/2026 12:24:49
13406017,08/06/2026 09:24:56,08/06/2026 09:26:45,gsoderquvist,6415,00:01:30,00:01:49,90,109,Fuera de Tiempo,1,7,0,00:07:03,423,Excedido,"BCH11BM        ",BCH11BM - BACHA DE APOYAR REDONDA BLANCO MATE 400x400x125,0,0,08/06/2026 12:26:45
13406017,08/06/2026 09:24:56,08/06/2026 09:26:45,gsoderquvist,6415,00:01:30,00:01:49,90,109,Fuera de Tiempo,1,7,0,00:07:03,423,Excedido,"BCH08          ",BCH08 - BACHA DE APOYAR OVALADA 580x355x105,0,0,08/06/2026 12:26:45
13406017,08/06/2026 09:24:56,08/06/2026 09:26:45,gsoderquvist,6415,00:01:30,00:01:49,90,109,Fuera de Tiempo,1,7,0,00:07:03,423,Excedido,"BCH09          ",BCH09 - BACHA DE APOYAR RECTANGULAR 610x410x115,0,0,08/06/2026 12:26:45
13406017,08/06/2026 09:24:56,08/06/2026 09:26:45,gsoderquvist,6415,00:01:30,00:01:49,90,109,Fuera de Tiempo,1,7,0,00:07:03,423,Excedido,"BCH14          ",BCH14 - BACHA SEMI EMBUTIDA BLANCA 430x380x155,0,0,08/06/2026 12:26:45
13406017,08/06/2026 09:24:56,08/06/2026 09:26:45,gsoderquvist,6415,00:01:30,00:01:49,90,109,Fuera de Tiempo,1,7,0,00:07:03,423,Excedido,"BCH11N         ",BCH11N - BACHA DE APOYAR REDONDA NEGRO MATE 400x400x125,0,0,08/06/2026 12:26:45
13406017,08/06/2026 09:24:56,08/06/2026 09:26:45,gsoderquvist,6415,00:01:30,00:01:49,90,109,Fuera de Tiempo,1,7,0,00:07:03,423,Excedido,"BCH10          ",BCH10 - BACHA DE APOYAR NEGRO MATE 460x320x140,0,0,08/06/2026 12:26:45
13406017,08/06/2026 09:24:56,08/06/2026 09:26:45,gsoderquvist,6415,00:01:30,00:01:49,90,109,Fuera de Tiempo,1,7,0,00:07:03,423,Excedido,"BCH18          ",BCH18 - BACHA DE APOYAR SIMIL MARMOL 460x320x140,0,0,08/06/2026 12:26:45
13406093,08/06/2026 09:27:47,08/06/2026 09:29:01,gsoderquvist,6415,00:02:27,00:01:14,147,74,En Tiempo,1,12,0,00:01:02,62,Logico,"20-135G        ",20-135G - MONOCOMANDO COCINA GOLD SANTANDER,0,0,08/06/2026 12:29:01
13406093,08/06/2026 09:27:47,08/06/2026 09:29:01,gsoderquvist,6415,00:02:27,00:01:14,147,74,En Tiempo,1,12,0,00:01:02,62,Logico,"20-122S        ","MONOCOMANDO COCINA INOX C/PICO EXTRAIBLE VALENCIA                     ",0,0,08/06/2026 12:29:01
13406093,08/06/2026 09:27:47,08/06/2026 09:29:01,gsoderquvist,6415,00:02:27,00:01:14,147,74,En Tiempo,1,12,0,00:01:02,62,Logico,"20-183         ","MONOCOMANDO DE COCINA MAT                                             ",0,0,08/06/2026 12:29:01
13406093,08/06/2026 09:27:47,08/06/2026 09:29:01,gsoderquvist,6415,00:02:27,00:01:14,147,74,En Tiempo,1,12,0,00:01:02,62,Logico,"60-183         ","LAVATORIO MONOCOMANDO BAJO MAT                                        ",0,0,08/06/2026 12:29:01
13406093,08/06/2026 09:27:47,08/06/2026 09:29:01,gsoderquvist,6415,00:02:27,00:01:14,147,74,En Tiempo,1,12,0,00:01:02,62,Logico,"61-183         ","LAVATORIO MONOCOMANDO ALTO MAT                                        ",0,0,08/06/2026 12:29:01
13406093,08/06/2026 09:27:47,08/06/2026 09:29:01,gsoderquvist,6415,00:02:27,00:01:14,147,74,En Tiempo,1,12,0,00:01:02,62,Logico,"20-182         ",20-182 - MONOCOMANDO DE COCINA MULTIFUNCION CR ZENITH,0,0,08/06/2026 12:29:01
13406093,08/06/2026 09:27:47,08/06/2026 09:29:01,gsoderquvist,6415,00:02:27,00:01:14,147,74,En Tiempo,1,12,0,00:01:02,62,Logico,"80-205         ",80-205 - DUCHA EMB. C/TRANSF. MONOC STEEL,0,0,08/06/2026 12:29:01
13406093,08/06/2026 09:27:47,08/06/2026 09:29:01,gsoderquvist,6415,00:02:27,00:01:14,147,74,En Tiempo,1,12,0,00:01:02,62,Logico,"60-205         ",60-205 - LAVATORIO MONOC BAJO STEEL,0,0,08/06/2026 12:29:01
13406093,08/06/2026 09:27:47,08/06/2026 09:29:01,gsoderquvist,6415,00:02:27,00:01:14,147,74,En Tiempo,1,12,0,00:01:02,62,Logico,"61-205         ",61-205 - LAVATORIO MONOC ALTO STEEL,0,0,08/06/2026 12:29:01
13406093,08/06/2026 09:27:47,08/06/2026 09:29:01,gsoderquvist,6415,00:02:27,00:01:14,147,74,En Tiempo,1,12,0,00:01:02,62,Logico,"20-184         ","MONOCOMANDO DE COCINA CR SUV                                          ",0,0,08/06/2026 12:29:01
13406093,08/06/2026 09:27:47,08/06/2026 09:29:01,gsoderquvist,6415,00:02:27,00:01:14,147,74,En Tiempo,1,12,0,00:01:02,62,Logico,"21-160         ","MONOCOMANDO DUO COCINA CROMO DIQUE                                    ",0,0,08/06/2026 12:29:01
13406093,08/06/2026 09:27:47,08/06/2026 09:29:01,gsoderquvist,6415,00:02:27,00:01:14,147,74,En Tiempo,1,12,0,00:01:02,62,Logico,"A1513          ",A1513 - MONOCOMANDO DE COCINA VITA BRUSHED,0,0,08/06/2026 12:29:01
13406153,08/06/2026 09:30:56,08/06/2026 09:32:20,rodriguezt,6419,00:02:11,00:01:24,131,84,En Tiempo,3,8,0,00:35:21,2121,Excedido,"80-201NI       ",80-201NI - DUCHA EMB C/TRANSF C.CERAM BEAT NICKEL,0,0,08/06/2026 12:32:20
13406153,08/06/2026 09:30:56,08/06/2026 09:32:20,rodriguezt,6419,00:02:11,00:01:24,131,84,En Tiempo,2,8,0,00:35:21,2121,Excedido,"60-100N        ",60-100N - LAVATORIO BLACK C.CERAM FABRIC,0,0,08/06/2026 12:32:20
13406153,08/06/2026 09:30:56,08/06/2026 09:32:20,rodriguezt,6419,00:02:11,00:01:24,131,84,En Tiempo,2,8,0,00:35:21,2121,Excedido,"22-178         ",22-178 - MONOCOMANDO DE COCINA P/AGUA FILTRADA VITA,0,0,08/06/2026 12:32:20
13406153,08/06/2026 09:30:56,08/06/2026 09:32:20,rodriguezt,6419,00:02:11,00:01:24,131,84,En Tiempo,2,8,0,00:35:21,2121,Excedido,"18040          ",18040 - PORTA ROLLO NIQUEL LINEA BEAT,0,0,08/06/2026 12:32:20
13406153,08/06/2026 09:30:56,08/06/2026 09:32:20,rodriguezt,6419,00:02:11,00:01:24,131,84,En Tiempo,2,8,0,00:35:21,2121,Excedido,"60-200G        ",60-200G - LAVATORIO MONOC BAJO GOLD FABRIC,0,0,08/06/2026 12:32:20
13406153,08/06/2026 09:30:56,08/06/2026 09:32:20,rodriguezt,6419,00:02:11,00:01:24,131,84,En Tiempo,2,8,0,00:35:21,2121,Excedido,"61-200G        ",61-200G - LAVATORIO MONOC ALTO GOLD FABRIC,0,0,08/06/2026 12:32:20
13406153,08/06/2026 09:30:56,08/06/2026 09:32:20,rodriguezt,6419,00:02:11,00:01:24,131,84,En Tiempo,1,8,0,00:35:21,2121,Excedido,"17020G         ",17020G - TOALLERO DE ARO LINEA FABRIC GOLD,0,0,08/06/2026 12:32:20
13406153,08/06/2026 09:30:56,08/06/2026 09:32:20,rodriguezt,6419,00:02:11,00:01:24,131,84,En Tiempo,3,8,0,00:35:21,2121,Excedido,"AB-003         ",AB-003 - AGARRADERA ACERO INOX CROMADO 50 CM SAFE,0,0,08/06/2026 12:32:20
13406188,08/06/2026 09:32:10,08/06/2026 09:35:48,acejas,6417,00:05:25,00:03:38,325,218,En Tiempo,80,10,0,00:07:21,441,Excedido,"12004N         ","SET DE 4 PIEZAS LINEA 12000 BLACK                                     ",0,0,08/06/2026 12:35:48
13406188,08/06/2026 09:32:10,08/06/2026 09:35:48,acejas,6417,00:05:25,00:03:38,325,218,En Tiempo,2,10,0,00:07:21,441,Excedido,"20-205         ",20-205 - MONOCOMANDO DE COCINA STEEL,0,0,08/06/2026 12:35:48
13406188,08/06/2026 09:32:10,08/06/2026 09:35:48,acejas,6417,00:05:25,00:03:38,325,218,En Tiempo,2,10,0,00:07:21,441,Excedido,"20-122         ","MONOCOMANDO COCINA CR C/PICO EXTRAIBLE VALENCIA                       ",0,0,08/06/2026 12:35:48
13406188,08/06/2026 09:32:10,08/06/2026 09:35:48,acejas,6417,00:05:25,00:03:38,325,218,En Tiempo,1,10,0,00:07:21,441,Excedido,"60-180         ",60-180 - LAVATORIO MONOCOMANDO BAJO VERA,0,0,08/06/2026 12:35:48
13406188,08/06/2026 09:32:10,08/06/2026 09:35:48,acejas,6417,00:05:25,00:03:38,325,218,En Tiempo,1,10,0,00:07:21,441,Excedido,"61-180         ",61-180 - LAVATORIO MONOCOMANDO ALTO VERA,0,0,08/06/2026 12:35:48
13406188,08/06/2026 09:32:10,08/06/2026 09:35:48,acejas,6417,00:05:25,00:03:38,325,218,En Tiempo,2,10,0,00:07:21,441,Excedido,"AB-001         ",AB-001 - AGARRADERA ACERO INOX CROMADO 30 CM SAFE,0,0,08/06/2026 12:35:48
13406188,08/06/2026 09:32:10,08/06/2026 09:35:48,acejas,6417,00:05:25,00:03:38,325,218,En Tiempo,1,10,0,00:07:21,441,Excedido,"60-200C        ",60-200C - LAVATORIO MONOC BAJO CR FABRIC,0,0,08/06/2026 12:35:48
13406188,08/06/2026 09:32:10,08/06/2026 09:35:48,acejas,6417,00:05:25,00:03:38,325,218,En Tiempo,1,10,0,00:07:21,441,Excedido,"84-180         ",84-180 - GRIFERIA DE PIE P/BAÑERA EXENTA VERA,0,0,08/06/2026 12:35:48
13406188,08/06/2026 09:32:10,08/06/2026 09:35:48,acejas,6417,00:05:25,00:03:38,325,218,En Tiempo,3,10,0,00:07:21,441,Excedido,"62-100NI       ",62-100NI - LAVATORIO DE PARED NICKEL C.CERAM FABRIC,0,0,08/06/2026 12:35:48
13406188,08/06/2026 09:32:10,08/06/2026 09:35:48,acejas,6417,00:05:25,00:03:38,325,218,En Tiempo,2,10,0,00:07:21,441,Excedido,"70-100NI       ",70-100NI - BIDE NICKEL C.CERAM FABRIC,0,0,08/06/2026 12:35:48
13406316,08/06/2026 09:37:51,08/06/2026 09:44:04,rodriguezt,6419,00:05:11,00:06:13,311,373,Fuera de Tiempo,10,13,0,00:05:31,331,Excedido,"16030BL        ",16030BL - PERCHA LINEA 16000 BLACK,0,0,08/06/2026 12:44:04
13406316,08/06/2026 09:37:51,08/06/2026 09:44:04,rodriguezt,6419,00:05:11,00:06:13,311,373,Fuera de Tiempo,15,13,0,00:05:31,331,Excedido,"16030          ",16030 - PERCHA LINEA 16000,0,0,08/06/2026 12:44:04
13406316,08/06/2026 09:37:51,08/06/2026 09:44:04,rodriguezt,6419,00:05:11,00:06:13,311,373,Fuera de Tiempo,7,13,0,00:05:31,331,Excedido,"16010          ",16010 - TOALLERO BARRAL LINEA 16000,0,0,08/06/2026 12:44:04
13406316,08/06/2026 09:37:51,08/06/2026 09:44:04,rodriguezt,6419,00:05:11,00:06:13,311,373,Fuera de Tiempo,7,13,0,00:05:31,331,Excedido,"16040          ",16040 - PORTA ROLLO ACCESORIOS LINEA 16000,0,0,08/06/2026 12:44:04
13406316,08/06/2026 09:37:51,08/06/2026 09:44:04,rodriguezt,6419,00:05:11,00:06:13,311,373,Fuera de Tiempo,2,13,0,00:05:31,331,Excedido,"16010BL        ",16010BL - TOALLERO BARRAL LINEA 16000 BLACK,0,0,08/06/2026 12:44:04
13406316,08/06/2026 09:37:51,08/06/2026 09:44:04,rodriguezt,6419,00:05:11,00:06:13,311,373,Fuera de Tiempo,1,13,0,00:05:31,331,Excedido,"60-200N        ",60-200N - LAVATORIO MONOC BAJO BLACK FABRIC,0,0,08/06/2026 12:44:04
13406316,08/06/2026 09:37:51,08/06/2026 09:44:04,rodriguezt,6419,00:05:11,00:06:13,311,373,Fuera de Tiempo,1,13,0,00:05:31,331,Excedido,"70-200N        ",70-200N - BIDE MONOCOMANDO BLACK FABRIC,0,0,08/06/2026 12:44:04
13406316,08/06/2026 09:37:51,08/06/2026 09:44:04,rodriguezt,6419,00:05:11,00:06:13,311,373,Fuera de Tiempo,2,13,0,00:05:31,331,Excedido,"20-135         ",20-135 - MONOCOMANDO COCINA SANTANDER,0,0,08/06/2026 12:44:04
13406316,08/06/2026 09:37:51,08/06/2026 09:44:04,rodriguezt,6419,00:05:11,00:06:13,311,373,Fuera de Tiempo,2,13,0,00:05:31,331,Excedido,"70-201NI       ",70-201NI - BIDE CR C.CERAM BEAT NICKEL,0,0,08/06/2026 12:44:04
13406316,08/06/2026 09:37:51,08/06/2026 09:44:04,rodriguezt,6419,00:05:11,00:06:13,311,373,Fuera de Tiempo,2,13,0,00:05:31,331,Excedido,"70-199         ",70-199 - BIDE CR C.CERAM LIVE,0,0,08/06/2026 12:44:04
13406316,08/06/2026 09:37:51,08/06/2026 09:44:04,rodriguezt,6419,00:05:11,00:06:13,311,373,Fuera de Tiempo,2,13,0,00:05:31,331,Excedido,"60-199         ",60-199 - LAVATORIO CR C.CERAM LIVE,0,0,08/06/2026 12:44:04
13406316,08/06/2026 09:37:51,08/06/2026 09:44:04,rodriguezt,6419,00:05:11,00:06:13,311,373,Fuera de Tiempo,1,13,0,00:05:31,331,Excedido,"70-168N        ",70-168N - BIDE MONOC BLACK WAVE,0,0,08/06/2026 12:44:04
13406316,08/06/2026 09:37:51,08/06/2026 09:44:04,rodriguezt,6419,00:05:11,00:06:13,311,373,Fuera de Tiempo,2,13,0,00:05:31,331,Excedido,"80-168N        ",80-168N - DUCHA EMB C/TRANSF MONOC BLACK WAVE,0,0,08/06/2026 12:44:04
13406493,08/06/2026 09:45:38,08/06/2026 09:48:58,rodriguezt,6419,00:00:43,00:03:20,43,200,Fuera de Tiempo,5,1,0,00:01:34,94,Logico,"16010          ",16010 - TOALLERO BARRAL LINEA 16000,0,0,08/06/2026 12:48:58
13406585,08/06/2026 09:49:51,08/06/2026 09:50:03,rodriguezt,6419,00:00:46,00:00:12,46,12,En Tiempo,1,2,0,00:00:53,53,Logico,"RA1436         ",RA1436 - AIREADOR PICO LAV/BAÑERA M18.5 x 1 mm,0,0,08/06/2026 12:50:03
13406585,08/06/2026 09:49:51,08/06/2026 09:50:03,rodriguezt,6419,00:00:46,00:00:12,46,12,En Tiempo,2,2,0,00:00:53,53,Logico,"RA1089         ",RA1089 - AIREADOR P/LAVATORIO (ALTO/BAJO) SORIA,0,0,08/06/2026 12:50:03
13406647,08/06/2026 09:51:53,08/06/2026 09:52:00,rodriguezt,6419,00:00:39,00:00:07,39,7,En Tiempo,1,1,0,00:01:50,110,Logico,"RA1235N        ",RA1235N - PICO BAÑERA/ LAV PARED LIVE BLACK,0,0,08/06/2026 12:52:00
13406659,08/06/2026 09:52:23,08/06/2026 10:02:43,gsoderquvist,6415,00:06:20,00:10:20,380,620,Fuera de Tiempo,2,24,0,00:23:22,1402,Excedido,"80-136         ",80-136 - DUCHA EMB. C/TRANSF. CR C.C. MARBELLA PLUS,0,0,08/06/2026 13:02:43
13406659,08/06/2026 09:52:23,08/06/2026 10:02:43,gsoderquvist,6415,00:06:20,00:10:20,380,620,Fuera de Tiempo,1,24,0,00:23:22,1402,Excedido,"80-353NI       ",80-353NI - DUCHA DE EMB 3 FUNCIONES BEAT NICKEL,0,0,08/06/2026 13:02:43
13406659,08/06/2026 09:52:23,08/06/2026 10:02:43,gsoderquvist,6415,00:06:20,00:10:20,380,620,Fuera de Tiempo,1,24,0,00:23:22,1402,Excedido,"60-199N        ",60-199N - LAVATORIO BLACK C.CERAM LIVE,0,0,08/06/2026 13:02:43
13406659,08/06/2026 09:52:23,08/06/2026 10:02:43,gsoderquvist,6415,00:06:20,00:10:20,380,620,Fuera de Tiempo,5,24,0,00:23:22,1402,Excedido,"17030G         ",17030G - PERCHA LINEA FABRIC GOLD,0,0,08/06/2026 13:02:43
13406659,08/06/2026 09:52:23,08/06/2026 10:02:43,gsoderquvist,6415,00:06:20,00:10:20,380,620,Fuera de Tiempo,2,24,0,00:23:22,1402,Excedido,"17030N         ",17030N - PERCHA LINEA FABRIC BLACK,0,0,08/06/2026 13:02:43
13406659,08/06/2026 09:52:23,08/06/2026 10:02:43,gsoderquvist,6415,00:06:20,00:10:20,380,620,Fuera de Tiempo,2,24,0,00:23:22,1402,Excedido,"BCH12          ",BCH12 - BACHA DE APOYAR BLANCA 460x320x140,0,0,08/06/2026 13:02:43
13406659,08/06/2026 09:52:23,08/06/2026 10:02:43,gsoderquvist,6415,00:06:20,00:10:20,380,620,Fuera de Tiempo,3,24,0,00:23:22,1402,Excedido,"17040G         ",17040G - PORTA ROLLO LINEA FABRIC GOLD,0,0,08/06/2026 13:02:43
13406659,08/06/2026 09:52:23,08/06/2026 10:02:43,gsoderquvist,6415,00:06:20,00:10:20,380,620,Fuera de Tiempo,2,24,0,00:23:22,1402,Excedido,"70-121         ",70-121 - BIDE C.CERAM CR MARBELLA,0,0,08/06/2026 13:02:43
13406659,08/06/2026 09:52:23,08/06/2026 10:02:43,gsoderquvist,6415,00:06:20,00:10:20,380,620,Fuera de Tiempo,2,24,0,00:23:22,1402,Excedido,"60-121         ",60-121 - LAVATORIO C.CERAM CR MARBELLA,0,0,08/06/2026 13:02:43
13406659,08/06/2026 09:52:23,08/06/2026 10:02:43,gsoderquvist,6415,00:06:20,00:10:20,380,620,Fuera de Tiempo,1,24,0,00:23:22,1402,Excedido,"21100N         ",21100N - ESTANTE ORGANIZADOR RECTANGULAR BLACK 25x12x7,0,0,08/06/2026 13:02:43
13406659,08/06/2026 09:52:23,08/06/2026 10:02:43,gsoderquvist,6415,00:06:20,00:10:20,380,620,Fuera de Tiempo,2,24,0,00:23:22,1402,Excedido,"20-147         ",20-147 - MONOCOMANDO DE COCINA SWIFT,0,0,08/06/2026 13:02:43
13406659,08/06/2026 09:52:23,08/06/2026 10:02:43,gsoderquvist,6415,00:06:20,00:10:20,380,620,Fuera de Tiempo,3,24,0,00:23:22,1402,Excedido,"20-205         ",20-205 - MONOCOMANDO DE COCINA STEEL,0,0,08/06/2026 13:02:43
13406659,08/06/2026 09:52:23,08/06/2026 10:02:43,gsoderquvist,6415,00:06:20,00:10:20,380,620,Fuera de Tiempo,1,24,0,00:23:22,1402,Excedido,"80-203         ",80-203 - DUCHA EMB C/TRANSF. MONOCOMANDO ADRA,0,0,08/06/2026 13:02:43
13406659,08/06/2026 09:52:23,08/06/2026 10:02:43,gsoderquvist,6415,00:06:20,00:10:20,380,620,Fuera de Tiempo,1,24,0,00:23:22,1402,Excedido,"20-182N        ",20-182N - MONOCOMANDO DE COCINA MULTIFUNCION BLACK ZENITH,0,0,08/06/2026 13:02:43
13406659,08/06/2026 09:52:23,08/06/2026 10:02:43,gsoderquvist,6415,00:06:20,00:10:20,380,620,Fuera de Tiempo,1,24,0,00:23:22,1402,Excedido,"61-205         ",61-205 - LAVATORIO MONOC ALTO STEEL,0,0,08/06/2026 13:02:43
13406659,08/06/2026 09:52:23,08/06/2026 10:02:43,gsoderquvist,6415,00:06:20,00:10:20,380,620,Fuera de Tiempo,1,24,0,00:23:22,1402,Excedido,"84-190         ",84-190 - DUCHA EXTERIOR CON COLUMNA BLACK VELVET,0,0,08/06/2026 13:02:43
13406659,08/06/2026 09:52:23,08/06/2026 10:02:43,gsoderquvist,6415,00:06:20,00:10:20,380,620,Fuera de Tiempo,1,24,0,00:23:22,1402,Excedido,"21200          ",21200 - ESQUINERO ORGANIZADOR 19x19x7,0,0,08/06/2026 13:02:43
13406659,08/06/2026 09:52:23,08/06/2026 10:02:43,gsoderquvist,6415,00:06:20,00:10:20,380,620,Fuera de Tiempo,1,24,0,00:23:22,1402,Excedido,"61-200C        ",61-200C - LAVATORIO MONOC ALTO CR FABRIC,0,0,08/06/2026 13:02:43
13406659,08/06/2026 09:52:23,08/06/2026 10:02:43,gsoderquvist,6415,00:06:20,00:10:20,380,620,Fuera de Tiempo,1,24,0,00:23:22,1402,Excedido,"63-168N        ","LAVATORIO PARED EMB MONOC BLACK WAVE                                  ",0,0,08/06/2026 13:02:43
13406659,08/06/2026 09:52:23,08/06/2026 10:02:43,gsoderquvist,6415,00:06:20,00:10:20,380,620,Fuera de Tiempo,2,24,0,00:23:22,1402,Excedido,"3030           ",3030 - PERCHA LINEA 3000,0,0,08/06/2026 13:02:43
13406659,08/06/2026 09:52:23,08/06/2026 10:02:43,gsoderquvist,6415,00:06:20,00:10:20,380,620,Fuera de Tiempo,1,24,0,00:23:22,1402,Excedido,"16050          ",16050 - JABONERA ACCESORIOS LINEA 16000,0,0,08/06/2026 13:02:43
13406659,08/06/2026 09:52:23,08/06/2026 10:02:43,gsoderquvist,6415,00:06:20,00:10:20,380,620,Fuera de Tiempo,1,24,0,00:23:22,1402,Excedido,"16040BL        ",16040BL - PORTA ROLLO ACCESORIOS LINEA 16000 BLACK,0,0,08/06/2026 13:02:43
13406659,08/06/2026 09:52:23,08/06/2026 10:02:43,gsoderquvist,6415,00:06:20,00:10:20,380,620,Fuera de Tiempo,1,24,0,00:23:22,1402,Excedido,"16030BL        ",16030BL - PERCHA LINEA 16000 BLACK,0,0,08/06/2026 13:02:43
13406659,08/06/2026 09:52:23,08/06/2026 10:02:43,gsoderquvist,6415,00:06:20,00:10:20,380,620,Fuera de Tiempo,2,24,0,00:23:22,1402,Excedido,"BID104N-1      ","BIDE 1 AGUJERO BLACK LINEA STONE                                      ",0,0,08/06/2026 13:02:43
13406669,08/06/2026 09:52:49,08/06/2026 09:54:09,rodriguezt,6419,00:00:48,00:01:20,48,80,Fuera de Tiempo,10,1,0,00:00:49,49,Logico,"RA001          ",RA001 - CABEZAL STD NO ASCENDENTE,0,0,08/06/2026 12:54:09
13406758,08/06/2026 09:56:16,08/06/2026 09:56:28,rodriguezt,6419,00:00:41,00:00:12,41,12,En Tiempo,3,1,0,00:02:07,127,Logico,"11020          ","TOALLERO DE ARO LINEA 11000                                           ",0,0,08/06/2026 12:56:28
13406795,08/06/2026 09:57:40,08/06/2026 10:04:25,rodriguezt,6419,00:00:44,00:06:45,44,405,Fuera de Tiempo,1,2,0,00:01:12,72,Logico,"AB-002         ",AB-002 - AGARRADERA ACERO INOX CROMADO 40 CM SAFE,0,0,08/06/2026 13:04:25
13406795,08/06/2026 09:57:40,08/06/2026 10:04:25,rodriguezt,6419,00:00:44,00:06:45,44,405,Fuera de Tiempo,1,2,0,00:01:12,72,Logico,"RA958          ",RA958 - BRAZO Y FLOR DUCHA PLUS MALLORCA/VIGO 6',0,0,08/06/2026 13:04:25
13406961,08/06/2026 10:03:46,08/06/2026 10:08:31,acejas,6417,00:02:38,00:04:45,158,285,Fuera de Tiempo,24,4,0,00:27:58,1678,Excedido,"3006SS         ",3006SS - SET DE 6 PIEZAS LINEA 3000 SS,0,0,08/06/2026 13:08:31
13406961,08/06/2026 10:03:46,08/06/2026 10:08:31,acejas,6417,00:02:38,00:04:45,158,285,Fuera de Tiempo,40,4,0,00:27:58,1678,Excedido,"70-205         ",70-205 - BIDE MONOCOMANDO STEEL,0,0,08/06/2026 13:08:31
13406961,08/06/2026 10:03:46,08/06/2026 10:08:31,acejas,6417,00:02:38,00:04:45,158,285,Fuera de Tiempo,25,4,0,00:27:58,1678,Excedido,"60-205         ",60-205 - LAVATORIO MONOC BAJO STEEL,0,0,08/06/2026 13:08:31
13406961,08/06/2026 10:03:46,08/06/2026 10:08:31,acejas,6417,00:02:38,00:04:45,158,285,Fuera de Tiempo,27,4,0,00:27:58,1678,Excedido,"80-205         ",80-205 - DUCHA EMB. C/TRANSF. MONOC STEEL,0,0,08/06/2026 13:08:31
13407007,08/06/2026 10:05:17,08/06/2026 10:05:24,rodriguezt,6419,00:00:39,00:00:07,39,7,En Tiempo,1,1,0,00:00:52,52,Logico,"30-132         ",30-132 - COCINA MESADA MONOC. C/DUCHADOR EXTENSIBLE VIGO,0,0,08/06/2026 13:05:24
13407073,08/06/2026 10:07:14,08/06/2026 10:07:20,rodriguezt,6419,00:00:39,00:00:06,39,6,En Tiempo,1,1,0,00:01:50,110,Logico,"20-134         ",20-134 - MONOCOMANDO COCINA BETIS,0,0,08/06/2026 13:07:20
13407089,08/06/2026 10:07:49,08/06/2026 10:08:20,rodriguezt,6419,00:00:56,00:00:31,56,31,En Tiempo,1,3,0,00:00:29,29,Logico,"BCH11BM        ",BCH11BM - BACHA DE APOYAR REDONDA BLANCO MATE 400x400x125,0,0,08/06/2026 13:08:20
13407089,08/06/2026 10:07:49,08/06/2026 10:08:20,rodriguezt,6419,00:00:56,00:00:31,56,31,En Tiempo,1,3,0,00:00:29,29,Logico,"3005           ",3005 - SET DE 5 PIEZAS LINEA 3000,0,0,08/06/2026 13:08:20
13407089,08/06/2026 10:07:49,08/06/2026 10:08:20,rodriguezt,6419,00:00:56,00:00:31,56,31,En Tiempo,5,3,0,00:00:29,29,Logico,"RA874          ",RA874 - 10 BUJES SUJETA CAMPANA DE BAÑO NEGRO,0,0,08/06/2026 13:08:20
13407229,08/06/2026 10:12:04,08/06/2026 10:14:57,rodriguezt,6419,00:10:08,00:02:53,608,173,En Tiempo,5,24,0,00:03:44,224,Logico,"70-162         ",70-162 - BIDE CR C.CERAM LINEA ADRA,0,0,08/06/2026 13:14:57
13407229,08/06/2026 10:12:04,08/06/2026 10:14:57,rodriguezt,6419,00:10:08,00:02:53,608,173,En Tiempo,4,24,0,00:03:44,224,Logico,"70-201NI       ",70-201NI - BIDE CR C.CERAM BEAT NICKEL,0,0,08/06/2026 13:14:57
13407229,08/06/2026 10:12:04,08/06/2026 10:14:57,rodriguezt,6419,00:10:08,00:02:53,608,173,En Tiempo,5,24,0,00:03:44,224,Logico,"62-162N        ",62-162N - LAVATORIO DE PARED BLACK C.CERAM ADRA,0,0,08/06/2026 13:14:57
13407229,08/06/2026 10:12:04,08/06/2026 10:14:57,rodriguezt,6419,00:10:08,00:02:53,608,173,En Tiempo,2,24,0,00:03:44,224,Logico,"60-203         ",60-203 - LAVATORIO MONOCOMANDO BAJO ADRA,0,0,08/06/2026 13:14:57
13407229,08/06/2026 10:12:04,08/06/2026 10:14:57,rodriguezt,6419,00:10:08,00:02:53,608,173,En Tiempo,6,24,0,00:03:44,224,Logico,"80-166N        ",80-166N - DUCHA EMB. C/TRANSF. BLACK C.CERAM ADRA PLUS,0,0,08/06/2026 13:14:57
13407229,08/06/2026 10:12:04,08/06/2026 10:14:57,rodriguezt,6419,00:10:08,00:02:53,608,173,En Tiempo,5,24,0,00:03:44,224,Logico,"62-100NI       ",62-100NI - LAVATORIO DE PARED NICKEL C.CERAM FABRIC,0,0,08/06/2026 13:14:57
13407229,08/06/2026 10:12:04,08/06/2026 10:14:57,rodriguezt,6419,00:10:08,00:02:53,608,173,En Tiempo,5,24,0,00:03:44,224,Logico,"80-100NI       ",80-100NI - DUCHA EMB. C/TRANSF. NICKEL C.CERAM FABRIC,0,0,08/06/2026 13:14:57
13407229,08/06/2026 10:12:04,08/06/2026 10:14:57,rodriguezt,6419,00:10:08,00:02:53,608,173,En Tiempo,2,24,0,00:03:44,224,Logico,"70-153         ",70-153 - BIDE CR C.CERAM CASTILLA,0,0,08/06/2026 13:14:57
13407229,08/06/2026 10:12:04,08/06/2026 10:14:57,rodriguezt,6419,00:10:08,00:02:53,608,173,En Tiempo,2,24,0,00:03:44,224,Logico,"80-100N        ",80-100N - DUCHA EMB. C/TRANSF. BLACK C.CERAM FABRIC,0,0,08/06/2026 13:14:57
13407229,08/06/2026 10:12:04,08/06/2026 10:14:57,rodriguezt,6419,00:10:08,00:02:53,608,173,En Tiempo,1,24,0,00:03:44,224,Logico,"80-200G        ",80-200G - DUCHA EMB. MONOC. 3 FUNCIONES GOLD FABRIC,0,0,08/06/2026 13:14:57
13407229,08/06/2026 10:12:04,08/06/2026 10:14:57,rodriguezt,6419,00:10:08,00:02:53,608,173,En Tiempo,2,24,0,00:03:44,224,Logico,"70-191         ",70-191 - BIDE C.CERAM LINEA PRADO,0,0,08/06/2026 13:14:57
13407229,08/06/2026 10:12:04,08/06/2026 10:14:57,rodriguezt,6419,00:10:08,00:02:53,608,173,En Tiempo,3,24,0,00:03:44,224,Logico,"80-200C        ",80-200C - DUCHA EMB. MONOC. 3 FUNCIONES CR FABRIC,0,0,08/06/2026 13:14:57
13407229,08/06/2026 10:12:04,08/06/2026 10:14:57,rodriguezt,6419,00:10:08,00:02:53,608,173,En Tiempo,3,24,0,00:03:44,224,Logico,"60-133         ",60-133 - LAVATORIO MONOCOMANDO LUGO,0,0,08/06/2026 13:14:57
13407229,08/06/2026 10:12:04,08/06/2026 10:14:57,rodriguezt,6419,00:10:08,00:02:53,608,173,En Tiempo,10,24,0,00:03:44,224,Logico,"20-146         ",20-146 - MONOCOMANDO DE COCINA CR LINEA MOVE,0,0,08/06/2026 13:14:57
13407229,08/06/2026 10:12:04,08/06/2026 10:14:57,rodriguezt,6419,00:10:08,00:02:53,608,173,En Tiempo,10,24,0,00:03:44,224,Logico,"20-146N        ",20-146N - MONOCOMANDO DE COCINA BLACK LINEA MOVE,0,0,08/06/2026 13:14:57
13407229,08/06/2026 10:12:04,08/06/2026 10:14:57,rodriguezt,6419,00:10:08,00:02:53,608,173,En Tiempo,6,24,0,00:03:44,224,Logico,"20-122         ","MONOCOMANDO COCINA CR C/PICO EXTRAIBLE VALENCIA                       ",0,0,08/06/2026 13:14:57
13407229,08/06/2026 10:12:04,08/06/2026 10:14:57,rodriguezt,6419,00:10:08,00:02:53,608,173,En Tiempo,5,24,0,00:03:44,224,Logico,"20-205         ",20-205 - MONOCOMANDO DE COCINA STEEL,0,0,08/06/2026 13:14:57
13407229,08/06/2026 10:12:04,08/06/2026 10:14:57,rodriguezt,6419,00:10:08,00:02:53,608,173,En Tiempo,2,24,0,00:03:44,224,Logico,"61-200G        ",61-200G - LAVATORIO MONOC ALTO GOLD FABRIC,0,0,08/06/2026 13:14:57
13407229,08/06/2026 10:12:04,08/06/2026 10:14:57,rodriguezt,6419,00:10:08,00:02:53,608,173,En Tiempo,1,24,0,00:03:44,224,Logico,"70-200G        ",70-200G - BIDE MONOCOMANDO GOLD FABRIC,0,0,08/06/2026 13:14:57
13407229,08/06/2026 10:12:04,08/06/2026 10:14:57,rodriguezt,6419,00:10:08,00:02:53,608,173,En Tiempo,4,24,0,00:03:44,224,Logico,"70-203N        ","BIDE MONOCOMANDO ADRA BLACK                                           ",0,0,08/06/2026 13:14:57
13407229,08/06/2026 10:12:04,08/06/2026 10:14:57,rodriguezt,6419,00:10:08,00:02:53,608,173,En Tiempo,6,24,0,00:03:44,224,Logico,"60-176         ","LAVATORIO MONOCOMANDO BAJO CR RIO                                     ",0,0,08/06/2026 13:14:57
13407229,08/06/2026 10:12:04,08/06/2026 10:14:57,rodriguezt,6419,00:10:08,00:02:53,608,173,En Tiempo,2,24,0,00:03:44,224,Logico,"61-200C        ",61-200C - LAVATORIO MONOC ALTO CR FABRIC,0,0,08/06/2026 13:14:57
13407229,08/06/2026 10:12:04,08/06/2026 10:14:57,rodriguezt,6419,00:10:08,00:02:53,608,173,En Tiempo,3,24,0,00:03:44,224,Logico,"70-200C        ",70-200C - BIDE MONOCOMANDO CR FABRIC,0,0,08/06/2026 13:14:57
13407229,08/06/2026 10:12:04,08/06/2026 10:14:57,rodriguezt,6419,00:10:08,00:02:53,608,173,En Tiempo,2,24,0,00:03:44,224,Logico,"70-168         ",70-168 - BIDE MONOC CR WAVE,0,0,08/06/2026 13:14:57
13407408,08/06/2026 10:17:17,08/06/2026 10:17:45,rodriguezt,6419,00:03:10,00:00:28,190,28,En Tiempo,1,13,0,00:02:20,140,Logico,"84-180         ",84-180 - GRIFERIA DE PIE P/BAÑERA EXENTA VERA,0,0,08/06/2026 13:17:45
13407408,08/06/2026 10:17:17,08/06/2026 10:17:45,rodriguezt,6419,00:03:10,00:00:28,190,28,En Tiempo,1,13,0,00:02:20,140,Logico,"60-175         ",60-175 - LAVATORIO CR. C.CERAM PULSE,0,0,08/06/2026 13:17:45
13407408,08/06/2026 10:17:17,08/06/2026 10:17:45,rodriguezt,6419,00:03:10,00:00:28,190,28,En Tiempo,1,13,0,00:02:20,140,Logico,"80-175         ",80-175 - DUCHA EMB C/TRANSF. CR C.CERAM PULSE,0,0,08/06/2026 13:17:45
13407408,08/06/2026 10:17:17,08/06/2026 10:17:45,rodriguezt,6419,00:03:10,00:00:28,190,28,En Tiempo,1,13,0,00:02:20,140,Logico,"70-175         ",70-175 - BIDE CR. C.CERAM PULSE,0,0,08/06/2026 13:17:45
13407408,08/06/2026 10:17:17,08/06/2026 10:17:45,rodriguezt,6419,00:03:10,00:00:28,190,28,En Tiempo,1,13,0,00:02:20,140,Logico,"60-175GR       ",60-175GR - LAVATORIO PULSE GRAFITO C.CERAM,0,0,08/06/2026 13:17:45
13407408,08/06/2026 10:17:17,08/06/2026 10:17:45,rodriguezt,6419,00:03:10,00:00:28,190,28,En Tiempo,1,13,0,00:02:20,140,Logico,"80-175GR       ",80-175GR - DUCHA EMB C/TRANSF. PULSE GRAFITO C.CERAM,0,0,08/06/2026 13:17:45
13407408,08/06/2026 10:17:17,08/06/2026 10:17:45,rodriguezt,6419,00:03:10,00:00:28,190,28,En Tiempo,1,13,0,00:02:20,140,Logico,"70-175GR       ",70-175GR - BIDE PULSE GRAFITO C.CERAM,0,0,08/06/2026 13:17:45
13407408,08/06/2026 10:17:17,08/06/2026 10:17:45,rodriguezt,6419,00:03:10,00:00:28,190,28,En Tiempo,2,13,0,00:02:20,140,Logico,"80-153         ",80-153 - DUCHA EMB. C/TRANSF. CR C.CERAM CASTILLA,0,0,08/06/2026 13:17:45
13407408,08/06/2026 10:17:17,08/06/2026 10:17:45,rodriguezt,6419,00:03:10,00:00:28,190,28,En Tiempo,2,13,0,00:02:20,140,Logico,"70-153         ",70-153 - BIDE CR C.CERAM CASTILLA,0,0,08/06/2026 13:17:45
13407408,08/06/2026 10:17:17,08/06/2026 10:17:45,rodriguezt,6419,00:03:10,00:00:28,190,28,En Tiempo,2,13,0,00:02:20,140,Logico,"60-153         ",60-153 - LAVATORIO CR C.CERAMICO CASTILLA,0,0,08/06/2026 13:17:45
13407408,08/06/2026 10:17:17,08/06/2026 10:17:45,rodriguezt,6419,00:03:10,00:00:28,190,28,En Tiempo,1,13,0,00:02:20,140,Logico,"70-100G        ",70-100G - BIDE GOLD C.CERAM FABRIC,0,0,08/06/2026 13:17:45
13407408,08/06/2026 10:17:17,08/06/2026 10:17:45,rodriguezt,6419,00:03:10,00:00:28,190,28,En Tiempo,1,13,0,00:02:20,140,Logico,"60-100G        ",60-100G - LAVATORIO GOLD C.CERAM FABRIC,0,0,08/06/2026 13:17:45
13407408,08/06/2026 10:17:17,08/06/2026 10:17:45,rodriguezt,6419,00:03:10,00:00:28,190,28,En Tiempo,2,13,0,00:02:20,140,Logico,"80-100G        ",80-100G - DUCHA EMB. C/TRANSF. GOLD C.CERAM FABRIC,0,0,08/06/2026 13:17:45
13407438,08/06/2026 10:17:57,08/06/2026 10:18:15,gsoderquvist,6415,00:00:43,00:00:18,43,18,En Tiempo,6,1,0,00:15:14,914,Excedido,"60-130         ",60-130 - LAVATORIO MONOCOMANDO BAJO BILBAO,0,0,08/06/2026 13:18:15
13407506,08/06/2026 10:20:01,08/06/2026 10:20:24,gsoderquvist,6415,00:00:40,00:00:23,40,23,En Tiempo,2,1,0,00:01:46,106,Logico,"RINO102-3      ","ASIENTO INODORO LINEA LOFT                                            ",0,0,08/06/2026 13:20:24
13407517,08/06/2026 10:20:27,08/06/2026 10:20:36,gsoderquvist,6415,00:00:39,00:00:09,39,9,En Tiempo,1,1,0,00:00:03,3,Logico,"RINO104-3      ","ASIENTO INODORO LINEA STONE                                           ",0,0,08/06/2026 13:20:36
13407525,08/06/2026 10:20:41,08/06/2026 10:22:37,gsoderquvist,6415,00:00:44,00:01:56,44,116,Fuera de Tiempo,1,2,0,00:00:05,5,Logico,"RA980          ",RA980 - 10 CONJ. PROLONGADOR LARGO (TORNILLO+TUBO) VOLANTE,0,0,08/06/2026 13:22:37
13407525,08/06/2026 10:20:41,08/06/2026 10:22:37,gsoderquvist,6415,00:00:44,00:01:56,44,116,Fuera de Tiempo,1,2,0,00:00:05,5,Logico,"RU151          ","BUJE INTERIOR COUREL Y CUENCA REPUESTO                                ",0,0,08/06/2026 13:22:37
13408347,08/06/2026 10:48:58,08/06/2026 10:49:34,rodriguezt,6419,00:02:55,00:00:36,175,36,En Tiempo,1,12,0,00:31:13,1873,Excedido,"63-152         ",63-152 - LAVATORIO PARED EMBUTIR CR MONOC. SORIA,0,0,08/06/2026 13:49:34
13408347,08/06/2026 10:48:58,08/06/2026 10:49:34,rodriguezt,6419,00:02:55,00:00:36,175,36,En Tiempo,2,12,0,00:31:13,1873,Excedido,"70-205         ",70-205 - BIDE MONOCOMANDO STEEL,0,0,08/06/2026 13:49:34
13408347,08/06/2026 10:48:58,08/06/2026 10:49:34,rodriguezt,6419,00:02:55,00:00:36,175,36,En Tiempo,2,12,0,00:31:13,1873,Excedido,"80-205         ",80-205 - DUCHA EMB. C/TRANSF. MONOC STEEL,0,0,08/06/2026 13:49:34
13408347,08/06/2026 10:48:58,08/06/2026 10:49:34,rodriguezt,6419,00:02:55,00:00:36,175,36,En Tiempo,1,12,0,00:31:13,1873,Excedido,"20-160         ",20-160 - MONOCOMANDO MESADA COCINA DIQUE,0,0,08/06/2026 13:49:34
13408347,08/06/2026 10:48:58,08/06/2026 10:49:34,rodriguezt,6419,00:02:55,00:00:36,175,36,En Tiempo,1,12,0,00:31:13,1873,Excedido,"22-178         ",22-178 - MONOCOMANDO DE COCINA P/AGUA FILTRADA VITA,0,0,08/06/2026 13:49:34
13408347,08/06/2026 10:48:58,08/06/2026 10:49:34,rodriguezt,6419,00:02:55,00:00:36,175,36,En Tiempo,1,12,0,00:31:13,1873,Excedido,"20-134         ",20-134 - MONOCOMANDO COCINA BETIS,0,0,08/06/2026 13:49:34
13408347,08/06/2026 10:48:58,08/06/2026 10:49:34,rodriguezt,6419,00:02:55,00:00:36,175,36,En Tiempo,2,12,0,00:31:13,1873,Excedido,"BCH12          ",BCH12 - BACHA DE APOYAR BLANCA 460x320x140,0,0,08/06/2026 13:49:34
13408347,08/06/2026 10:48:58,08/06/2026 10:49:34,rodriguezt,6419,00:02:55,00:00:36,175,36,En Tiempo,1,12,0,00:31:13,1873,Excedido,"51-122         ",51-122 - MESADA BIMANDO CR C.CERAM VALENCIA,0,0,08/06/2026 13:49:34
13408347,08/06/2026 10:48:58,08/06/2026 10:49:34,rodriguezt,6419,00:02:55,00:00:36,175,36,En Tiempo,2,12,0,00:31:13,1873,Excedido,"62-100NI       ",62-100NI - LAVATORIO DE PARED NICKEL C.CERAM FABRIC,0,0,08/06/2026 13:49:34
13408347,08/06/2026 10:48:58,08/06/2026 10:49:34,rodriguezt,6419,00:02:55,00:00:36,175,36,En Tiempo,1,12,0,00:31:13,1873,Excedido,"80-166         ","DUCHA EMB. C/TRANSF. CR C.CERAM ADRA PLUS                             ",0,0,08/06/2026 13:49:34
13408347,08/06/2026 10:48:58,08/06/2026 10:49:34,rodriguezt,6419,00:02:55,00:00:36,175,36,En Tiempo,1,12,0,00:31:13,1873,Excedido,"70-162         ",70-162 - BIDE CR C.CERAM LINEA ADRA,0,0,08/06/2026 13:49:34
13408347,08/06/2026 10:48:58,08/06/2026 10:49:34,rodriguezt,6419,00:02:55,00:00:36,175,36,En Tiempo,1,12,0,00:31:13,1873,Excedido,"60-162         ",60-162 - LAVATORIO CR C.CERAM LINEA ADRA,0,0,08/06/2026 13:49:34
13408395,08/06/2026 10:50:28,08/06/2026 10:51:26,rodriguezt,6419,00:02:17,00:00:58,137,58,En Tiempo,1,11,0,00:00:54,54,Logico,"51-131         ",51-131 - MESADA BIMANDO CR C.CERAM MALLORCA,0,0,08/06/2026 13:51:26
13408395,08/06/2026 10:50:28,08/06/2026 10:51:26,rodriguezt,6419,00:02:17,00:00:58,137,58,En Tiempo,1,11,0,00:00:54,54,Logico,"20-134         ",20-134 - MONOCOMANDO COCINA BETIS,0,0,08/06/2026 13:51:26
13408395,08/06/2026 10:50:28,08/06/2026 10:51:26,rodriguezt,6419,00:02:17,00:00:58,137,58,En Tiempo,1,11,0,00:00:54,54,Logico,"83-133         ",83-133 - DUCHA EXT. C/TRANSF. MONOCOMANDO LUGO,0,0,08/06/2026 13:51:26
13408395,08/06/2026 10:50:28,08/06/2026 10:51:26,rodriguezt,6419,00:02:17,00:00:58,137,58,En Tiempo,1,11,0,00:00:54,54,Logico,"20-160         ",20-160 - MONOCOMANDO MESADA COCINA DIQUE,0,0,08/06/2026 13:51:26
13408395,08/06/2026 10:50:28,08/06/2026 10:51:26,rodriguezt,6419,00:02:17,00:00:58,137,58,En Tiempo,1,11,0,00:00:54,54,Logico,"20-147         ",20-147 - MONOCOMANDO DE COCINA SWIFT,0,0,08/06/2026 13:51:26
13408395,08/06/2026 10:50:28,08/06/2026 10:51:26,rodriguezt,6419,00:02:17,00:00:58,137,58,En Tiempo,1,11,0,00:00:54,54,Logico,"A1250          ",A1250 - COLUMNA DE DUCHA CROMO,0,0,08/06/2026 13:51:26
13408395,08/06/2026 10:50:28,08/06/2026 10:51:26,rodriguezt,6419,00:02:17,00:00:58,137,58,En Tiempo,1,11,0,00:00:54,54,Logico,"60-205         ",60-205 - LAVATORIO MONOC BAJO STEEL,0,0,08/06/2026 13:51:26
13408395,08/06/2026 10:50:28,08/06/2026 10:51:26,rodriguezt,6419,00:02:17,00:00:58,137,58,En Tiempo,1,11,0,00:00:54,54,Logico,"70-205         ",70-205 - BIDE MONOCOMANDO STEEL,0,0,08/06/2026 13:51:26
13408395,08/06/2026 10:50:28,08/06/2026 10:51:26,rodriguezt,6419,00:02:17,00:00:58,137,58,En Tiempo,1,11,0,00:00:54,54,Logico,"52-121         ",52-121 - GRIFERIA REBATIBLE P/LLENADO DE OLLAS MARBELLA,0,0,08/06/2026 13:51:26
13408395,08/06/2026 10:50:28,08/06/2026 10:51:26,rodriguezt,6419,00:02:17,00:00:58,137,58,En Tiempo,1,11,0,00:00:54,54,Logico,"83-205         ",83-205 - DUCHA EXT C/TRANSF MONOC STEEL PICO CURVO,0,0,08/06/2026 13:51:26
13408395,08/06/2026 10:50:28,08/06/2026 10:51:26,rodriguezt,6419,00:02:17,00:00:58,137,58,En Tiempo,1,11,0,00:00:54,54,Logico,"11030          ","PERCHA LINEA 11000                                                    ",0,0,08/06/2026 13:51:26
13408446,08/06/2026 10:52:03,08/06/2026 11:15:25,acejas,6417,00:03:31,00:23:22,211,1402,Fuera de Tiempo,8,9,0,00:43:32,2612,Excedido,"BID102-1       ","BIDE 1 AGUJERO BLANCO LINEA LOFT                                      ",0,0,08/06/2026 13:53:00
13408446,08/06/2026 10:52:03,08/06/2026 11:15:25,acejas,6417,00:03:31,00:23:22,211,1402,Fuera de Tiempo,1,9,0,00:43:32,2612,Excedido,"INO104N-1      ","INODORO BLACK C/ASIENTO LINEA STONE                                   ",0,0,08/06/2026 13:53:00
13408446,08/06/2026 10:52:03,08/06/2026 11:15:25,acejas,6417,00:03:31,00:23:22,211,1402,Fuera de Tiempo,10,9,0,00:43:32,2612,Excedido,"INO102-1       ","INODORO BLANCO C/ASIENTO LINEA LOFT                                   ",0,0,08/06/2026 13:58:00
13408446,08/06/2026 10:52:03,08/06/2026 11:15:25,acejas,6417,00:03:31,00:23:22,211,1402,Fuera de Tiempo,8,9,0,00:43:32,2612,Excedido,"INO104-1       ","INODORO BLANCO C/ASIENTO LINEA STONE                                  ",0,0,08/06/2026 14:02:32
13408446,08/06/2026 10:52:03,08/06/2026 11:15:25,acejas,6417,00:03:31,00:23:22,211,1402,Fuera de Tiempo,4,9,0,00:43:32,2612,Excedido,"BID104-1       ","BIDE 1 AGUJERO BLANCO LINEA STONE                                     ",0,0,08/06/2026 14:15:25
13408446,08/06/2026 10:52:03,08/06/2026 11:15:25,acejas,6417,00:03:31,00:23:22,211,1402,Fuera de Tiempo,2,9,0,00:43:32,2612,Excedido,"BID104-3       ","BIDE 3 AGUJEROS BLANCO LINEA STONE                                    ",0,0,08/06/2026 14:15:25
13408446,08/06/2026 10:52:03,08/06/2026 11:15:25,acejas,6417,00:03:31,00:23:22,211,1402,Fuera de Tiempo,1,9,0,00:43:32,2612,Excedido,"INO104N-1      ","INODORO BLACK C/ASIENTO LINEA STONE                                   ",0,0,08/06/2026 14:15:25
13408446,08/06/2026 10:52:03,08/06/2026 11:15:25,acejas,6417,00:03:31,00:23:22,211,1402,Fuera de Tiempo,2,9,0,00:43:32,2612,Excedido,"INO104N-2      ","DEPOSITO C/DESCARGA DUAL BLACK LINEA STONE                            ",0,0,08/06/2026 14:15:25
13408446,08/06/2026 10:52:03,08/06/2026 11:15:25,acejas,6417,00:03:31,00:23:22,211,1402,Fuera de Tiempo,8,9,0,00:43:32,2612,Excedido,"INO104-2       ","DEPOSITO C/DESCARGA DUAL BLANCO LINEA STONE                           ",0,0,08/06/2026 14:15:25
13408446,08/06/2026 10:52:03,08/06/2026 11:15:25,acejas,6417,00:03:31,00:23:22,211,1402,Fuera de Tiempo,10,9,0,00:43:32,2612,Excedido,"INO102-2       ","DEPOSITO C/DESCARGA DUAL BLANCO LINEA LOFT                            ",0,0,08/06/2026 14:15:25
13408450,08/06/2026 10:52:12,08/06/2026 10:52:42,rodriguezt,6419,00:02:43,00:00:30,163,30,En Tiempo,1,11,0,00:00:46,46,Logico,"PDU103         ","PISO DUCHA RESINA POLIESTER BLANCA 1600x700x25                        ",0,0,08/06/2026 13:52:42
13408450,08/06/2026 10:52:12,08/06/2026 10:52:42,rodriguezt,6419,00:02:43,00:00:30,163,30,En Tiempo,1,11,0,00:00:46,46,Logico,"PDU120         ","DESAGUE P/PISO DE DUCHA                                               ",0,0,08/06/2026 13:52:42
13408450,08/06/2026 10:52:12,08/06/2026 10:52:42,rodriguezt,6419,00:02:43,00:00:30,163,30,En Tiempo,4,11,0,00:00:46,46,Logico,"62-122         ",62-122 - LAVATORIO PARED C.CERAM CR VALENCIA,0,0,08/06/2026 13:52:42
13408450,08/06/2026 10:52:12,08/06/2026 10:52:42,rodriguezt,6419,00:02:43,00:00:30,163,30,En Tiempo,1,11,0,00:00:46,46,Logico,"BCH19          ","BACHA DE APOYAR BLANCA 365x235x120                                    ",0,0,08/06/2026 13:52:42
13408450,08/06/2026 10:52:12,08/06/2026 10:52:42,rodriguezt,6419,00:02:43,00:00:30,163,30,En Tiempo,1,11,0,00:00:46,46,Logico,"80-329         ",80-329 - DUCHA DE EMB 3 FUNCIONES CASTILLA,0,0,08/06/2026 13:52:42
13408450,08/06/2026 10:52:12,08/06/2026 10:52:42,rodriguezt,6419,00:02:43,00:00:30,163,30,En Tiempo,1,11,0,00:00:46,46,Logico,"85-201NI       ",85-201NI - DUCHA EMB C/TRANSF Y DUCHADOR C.CERAM BEAT NICKEL,0,0,08/06/2026 13:52:42
13408450,08/06/2026 10:52:12,08/06/2026 10:52:42,rodriguezt,6419,00:02:43,00:00:30,163,30,En Tiempo,1,11,0,00:00:46,46,Logico,"17030G         ",17030G - PERCHA LINEA FABRIC GOLD,0,0,08/06/2026 13:52:42
13408450,08/06/2026 10:52:12,08/06/2026 10:52:42,rodriguezt,6419,00:02:43,00:00:30,163,30,En Tiempo,1,11,0,00:00:46,46,Logico,"60-121         ",60-121 - LAVATORIO C.CERAM CR MARBELLA,0,0,08/06/2026 13:52:42
13408450,08/06/2026 10:52:12,08/06/2026 10:52:42,rodriguezt,6419,00:02:43,00:00:30,163,30,En Tiempo,2,11,0,00:00:46,46,Logico,"20-147         ",20-147 - MONOCOMANDO DE COCINA SWIFT,0,0,08/06/2026 13:52:42
13408450,08/06/2026 10:52:12,08/06/2026 10:52:42,rodriguezt,6419,00:02:43,00:00:30,163,30,En Tiempo,2,11,0,00:00:46,46,Logico,"70-205         ",70-205 - BIDE MONOCOMANDO STEEL,0,0,08/06/2026 13:52:42
13408450,08/06/2026 10:52:12,08/06/2026 10:52:42,rodriguezt,6419,00:02:43,00:00:30,163,30,En Tiempo,1,11,0,00:00:46,46,Logico,"21100          ",21100 - ESTANTE ORGANIZADOR RECTANGULAR 25x12x7,0,0,08/06/2026 13:52:42
13409378,08/06/2026 11:23:39,08/06/2026 11:28:30,rodriguezt,6419,00:08:17,00:04:51,497,291,En Tiempo,3,32,0,00:30:57,1857,Excedido,"16030          ",16030 - PERCHA LINEA 16000,0,0,08/06/2026 14:28:30
13409378,08/06/2026 11:23:39,08/06/2026 11:28:30,rodriguezt,6419,00:08:17,00:04:51,497,291,En Tiempo,1,32,0,00:30:57,1857,Excedido,"16040          ",16040 - PORTA ROLLO ACCESORIOS LINEA 16000,0,0,08/06/2026 14:28:30
13409378,08/06/2026 11:23:39,08/06/2026 11:28:30,rodriguezt,6419,00:08:17,00:04:51,497,291,En Tiempo,1,32,0,00:30:57,1857,Excedido,"16050          ",16050 - JABONERA ACCESORIOS LINEA 16000,0,0,08/06/2026 14:28:30
13409378,08/06/2026 11:23:39,08/06/2026 11:28:30,rodriguezt,6419,00:08:17,00:04:51,497,291,En Tiempo,2,32,0,00:30:57,1857,Excedido,"30-132         ",30-132 - COCINA MESADA MONOC. C/DUCHADOR EXTENSIBLE VIGO,0,0,08/06/2026 14:28:30
13409378,08/06/2026 11:23:39,08/06/2026 11:28:30,rodriguezt,6419,00:08:17,00:04:51,497,291,En Tiempo,1,32,0,00:30:57,1857,Excedido,"80-203N        ","DUCHA EMB C/TRANSF. MONOCOMANDO ADRA BLACK PLUS                       ",0,0,08/06/2026 14:28:30
13409378,08/06/2026 11:23:39,08/06/2026 11:28:30,rodriguezt,6419,00:08:17,00:04:51,497,291,En Tiempo,1,32,0,00:30:57,1857,Excedido,"80-205         ",80-205 - DUCHA EMB. C/TRANSF. MONOC STEEL,0,0,08/06/2026 14:28:30
13409378,08/06/2026 11:23:39,08/06/2026 11:28:30,rodriguezt,6419,00:08:17,00:04:51,497,291,En Tiempo,9,32,0,00:30:57,1857,Excedido,"70-152         ",70-152 - BIDE MONOCOMANDO CR C/TRANSFERENCIA SORIA,0,0,08/06/2026 14:28:30
13409378,08/06/2026 11:23:39,08/06/2026 11:28:30,rodriguezt,6419,00:08:17,00:04:51,497,291,En Tiempo,8,32,0,00:30:57,1857,Excedido,"80-152         ",80-152 - DUCHA EMB. CR C/TRANSF. MONOCOMANDO SORIA,0,0,08/06/2026 14:28:30
13409378,08/06/2026 11:23:39,08/06/2026 11:28:30,rodriguezt,6419,00:08:17,00:04:51,497,291,En Tiempo,10,32,0,00:30:57,1857,Excedido,"61-152         ",61-152 - LAVATORIO MONOCOMANDO CROMO ALTO SORIA,0,0,08/06/2026 14:28:30
13409378,08/06/2026 11:23:39,08/06/2026 11:28:30,rodriguezt,6419,00:08:17,00:04:51,497,291,En Tiempo,2,32,0,00:30:57,1857,Excedido,"61-176         ",61-176 - LAVATORIO MONOC ALTO CR RIO,0,0,08/06/2026 14:28:30
13409378,08/06/2026 11:23:39,08/06/2026 11:28:30,rodriguezt,6419,00:08:17,00:04:51,497,291,En Tiempo,30,32,0,00:30:57,1857,Excedido,"20-122         ","MONOCOMANDO COCINA CR C/PICO EXTRAIBLE VALENCIA                       ",0,0,08/06/2026 14:28:30
13409378,08/06/2026 11:23:39,08/06/2026 11:28:30,rodriguezt,6419,00:08:17,00:04:51,497,291,En Tiempo,1,32,0,00:30:57,1857,Excedido,"17040C         ",17040C - PORTA ROLLO LINEA FABRIC CROMO,0,0,08/06/2026 14:28:30
13409378,08/06/2026 11:23:39,08/06/2026 11:28:30,rodriguezt,6419,00:08:17,00:04:51,497,291,En Tiempo,2,32,0,00:30:57,1857,Excedido,"63-183         ","LAVATORIO PARED EMB MONOCOMANDO MAT                                   ",0,0,08/06/2026 14:28:30
13409378,08/06/2026 11:23:39,08/06/2026 11:28:30,rodriguezt,6419,00:08:17,00:04:51,497,291,En Tiempo,5,32,0,00:30:57,1857,Excedido,"61-183         ","LAVATORIO MONOCOMANDO ALTO MAT                                        ",0,0,08/06/2026 14:28:30
13409378,08/06/2026 11:23:39,08/06/2026 11:28:30,rodriguezt,6419,00:08:17,00:04:51,497,291,En Tiempo,1,32,0,00:30:57,1857,Excedido,"22004N         ","SET DE 4 PIEZAS LINEA 22000 BLACK                                     ",0,0,08/06/2026 14:28:30
13409378,08/06/2026 11:23:39,08/06/2026 11:28:30,rodriguezt,6419,00:08:17,00:04:51,497,291,En Tiempo,1,32,0,00:30:57,1857,Excedido,"17010C         ",17010C - TOALLERO BARRAL LINEA FABRIC CROMO,0,0,08/06/2026 14:28:30
13409378,08/06/2026 11:23:39,08/06/2026 11:28:30,rodriguezt,6419,00:08:17,00:04:51,497,291,En Tiempo,10,32,0,00:30:57,1857,Excedido,"16006          ",16006 - SET 6 PIEZAS ACCESORIOS LINEA 16000,0,0,08/06/2026 14:28:30
13409378,08/06/2026 11:23:39,08/06/2026 11:28:30,rodriguezt,6419,00:08:17,00:04:51,497,291,En Tiempo,4,32,0,00:30:57,1857,Excedido,"20-134         ",20-134 - MONOCOMANDO COCINA BETIS,0,0,08/06/2026 14:28:30
13409378,08/06/2026 11:23:39,08/06/2026 11:28:30,rodriguezt,6419,00:08:17,00:04:51,497,291,En Tiempo,2,32,0,00:30:57,1857,Excedido,"17030G         ",17030G - PERCHA LINEA FABRIC GOLD,0,0,08/06/2026 14:28:30
13409378,08/06/2026 11:23:39,08/06/2026 11:28:30,rodriguezt,6419,00:08:17,00:04:51,497,291,En Tiempo,8,32,0,00:30:57,1857,Excedido,"BCH09          ",BCH09 - BACHA DE APOYAR RECTANGULAR 610x410x115,0,0,08/06/2026 14:28:30
13409378,08/06/2026 11:23:39,08/06/2026 11:28:30,rodriguezt,6419,00:08:17,00:04:51,497,291,En Tiempo,1,32,0,00:30:57,1857,Excedido,"51-190         ",51-190 - MESADA BIMANDO C.CERAM BLACK VELVET,0,0,08/06/2026 14:28:30
13409378,08/06/2026 11:23:39,08/06/2026 11:28:30,rodriguezt,6419,00:08:17,00:04:51,497,291,En Tiempo,1,32,0,00:30:57,1857,Excedido,"70-122         ",70-122 - BIDE C.CERAM CR VALENCIA,0,0,08/06/2026 14:28:30
13409378,08/06/2026 11:23:39,08/06/2026 11:28:30,rodriguezt,6419,00:08:17,00:04:51,497,291,En Tiempo,1,32,0,00:30:57,1857,Excedido,"60-122         ",60-122 - LAVATORIO C.CERAM CR VALENCIA,0,0,08/06/2026 14:28:30
13409378,08/06/2026 11:23:39,08/06/2026 11:28:30,rodriguezt,6419,00:08:17,00:04:51,497,291,En Tiempo,1,32,0,00:30:57,1857,Excedido,"70-162N        ",70-162N - BIDE BLACK C.CERAM LINEA ADRA,0,0,08/06/2026 14:28:30
13409378,08/06/2026 11:23:39,08/06/2026 11:28:30,rodriguezt,6419,00:08:17,00:04:51,497,291,En Tiempo,2,32,0,00:30:57,1857,Excedido,"60-203         ",60-203 - LAVATORIO MONOCOMANDO BAJO ADRA,0,0,08/06/2026 14:28:30
13409378,08/06/2026 11:23:39,08/06/2026 11:28:30,rodriguezt,6419,00:08:17,00:04:51,497,291,En Tiempo,1,32,0,00:30:57,1857,Excedido,"61-203         ",61-203 - LAVATORIO MONOCOMANDO ALTO ADRA,0,0,08/06/2026 14:28:30
13409378,08/06/2026 11:23:39,08/06/2026 11:28:30,rodriguezt,6419,00:08:17,00:04:51,497,291,En Tiempo,1,32,0,00:30:57,1857,Excedido,"62-162         ",62-162 - LAVATORIO DE PARED CR C.CERAM ADRA,0,0,08/06/2026 14:28:30
13409378,08/06/2026 11:23:39,08/06/2026 11:28:30,rodriguezt,6419,00:08:17,00:04:51,497,291,En Tiempo,2,32,0,00:30:57,1857,Excedido,"60-058         ",60-058 - LAVATORIO CR C.STD MALBA,0,0,08/06/2026 14:28:30
13409378,08/06/2026 11:23:39,08/06/2026 11:28:30,rodriguezt,6419,00:08:17,00:04:51,497,291,En Tiempo,1,32,0,00:30:57,1857,Excedido,"D439           ",D439 - KIT DE DUCHA MANUAL,0,0,08/06/2026 14:28:30
13409378,08/06/2026 11:23:39,08/06/2026 11:28:30,rodriguezt,6419,00:08:17,00:04:51,497,291,En Tiempo,2,32,0,00:30:57,1857,Excedido,"80-166         ","DUCHA EMB. C/TRANSF. CR C.CERAM ADRA PLUS                             ",0,0,08/06/2026 14:28:30
13409378,08/06/2026 11:23:39,08/06/2026 11:28:30,rodriguezt,6419,00:08:17,00:04:51,497,291,En Tiempo,2,32,0,00:30:57,1857,Excedido,"51-058         ",51-058 - COCINA MESADA CR C.STD MALBA,0,0,08/06/2026 14:28:30
13409378,08/06/2026 11:23:39,08/06/2026 11:28:30,rodriguezt,6419,00:08:17,00:04:51,497,291,En Tiempo,1,32,0,00:30:57,1857,Excedido,"80-138         ",80-138 - DUCHA EMB. C/TRANSF. CR C.CERAM VALENCIA PLUS,0,0,08/06/2026 14:28:30
13410380,08/06/2026 11:54:40,08/06/2026 11:54:58,rodriguezt,6419,00:00:47,00:00:18,47,18,En Tiempo,2,2,0,00:26:10,1570,Excedido,"51-190         ",51-190 - MESADA BIMANDO C.CERAM BLACK VELVET,0,0,08/06/2026 14:54:58
13410380,08/06/2026 11:54:40,08/06/2026 11:54:58,rodriguezt,6419,00:00:47,00:00:18,47,18,En Tiempo,3,2,0,00:26:10,1570,Excedido,"20-122         ","MONOCOMANDO COCINA CR C/PICO EXTRAIBLE VALENCIA                       ",0,0,08/06/2026 14:54:58
13410399,08/06/2026 11:55:15,08/06/2026 11:55:27,rodriguezt,6419,00:00:39,00:00:12,39,12,En Tiempo,1,1,0,00:00:17,17,Logico,"20-140         ",20-140 - MONOCOMANDO DE COCINA LINEA CUINA,0,0,08/06/2026 14:55:27
13410410,08/06/2026 11:55:41,08/06/2026 11:55:49,rodriguezt,6419,00:00:47,00:00:08,47,8,En Tiempo,1,3,0,00:00:14,14,Logico,"80-175DG       ",80-175DG - DUCHA EMB C/TRANSF. PULSE DARK GOLD C.CERAM,0,0,08/06/2026 14:55:49
13410410,08/06/2026 11:55:41,08/06/2026 11:55:49,rodriguezt,6419,00:00:47,00:00:08,47,8,En Tiempo,1,3,0,00:00:14,14,Logico,"62-175DG       ",62-175DG - LAVATORIO DE PARED PULSE DARK GOLD C.CERAM,0,0,08/06/2026 14:55:49
13410410,08/06/2026 11:55:41,08/06/2026 11:55:49,rodriguezt,6419,00:00:47,00:00:08,47,8,En Tiempo,1,3,0,00:00:14,14,Logico,"70-175DG       ",70-175DG - BIDE PULSE DARK GOLD C.CERAM,0,0,08/06/2026 14:55:49
13410423,08/06/2026 11:56:03,08/06/2026 11:56:13,rodriguezt,6419,00:01:16,00:00:10,76,10,En Tiempo,1,6,0,00:00:14,14,Logico,"80-166         ","DUCHA EMB. C/TRANSF. CR C.CERAM ADRA PLUS                             ",0,0,08/06/2026 14:56:13
13410423,08/06/2026 11:56:03,08/06/2026 11:56:13,rodriguezt,6419,00:01:16,00:00:10,76,10,En Tiempo,1,6,0,00:00:14,14,Logico,"60-100G        ",60-100G - LAVATORIO GOLD C.CERAM FABRIC,0,0,08/06/2026 14:56:13
13410423,08/06/2026 11:56:03,08/06/2026 11:56:13,rodriguezt,6419,00:01:16,00:00:10,76,10,En Tiempo,1,6,0,00:00:14,14,Logico,"60-122         ",60-122 - LAVATORIO C.CERAM CR VALENCIA,0,0,08/06/2026 14:56:13
13410423,08/06/2026 11:56:03,08/06/2026 11:56:13,rodriguezt,6419,00:01:16,00:00:10,76,10,En Tiempo,1,6,0,00:00:14,14,Logico,"52-121         ",52-121 - GRIFERIA REBATIBLE P/LLENADO DE OLLAS MARBELLA,0,0,08/06/2026 14:56:13
13410423,08/06/2026 11:56:03,08/06/2026 11:56:13,rodriguezt,6419,00:01:16,00:00:10,76,10,En Tiempo,1,6,0,00:00:14,14,Logico,"60-198         ",60-198 - LAVATORIO CR C.CERAM PURA,0,0,08/06/2026 14:56:13
13410423,08/06/2026 11:56:03,08/06/2026 11:56:13,rodriguezt,6419,00:01:16,00:00:10,76,10,En Tiempo,1,6,0,00:00:14,14,Logico,"62-199N        ",62-199N - LAVATORIO DE PARED BLACK C.CERAM LIVE,0,0,08/06/2026 14:56:13
13410435,08/06/2026 11:56:26,08/06/2026 11:56:37,rodriguezt,6419,00:00:47,00:00:11,47,11,En Tiempo,4,2,0,00:00:13,13,Logico,"60-058         ",60-058 - LAVATORIO CR C.STD MALBA,0,0,08/06/2026 14:56:37
13410435,08/06/2026 11:56:26,08/06/2026 11:56:37,rodriguezt,6419,00:00:47,00:00:11,47,11,En Tiempo,1,2,0,00:00:13,13,Logico,"84-203         ","DUCHA EXT C/COLUMNA Y TRANSF CR ADRA                                  ",0,0,08/06/2026 14:56:37
13410480,08/06/2026 11:58:06,08/06/2026 11:58:33,rodriguezt,6419,00:01:41,00:00:27,101,27,En Tiempo,2,7,0,00:01:29,89,Logico,"944/CR         ",944/CR - JGO COC.PARED EMB.CRUZ CR/CR ARES,0,0,08/06/2026 14:58:33
13410480,08/06/2026 11:58:06,08/06/2026 11:58:33,rodriguezt,6419,00:01:41,00:00:27,101,27,En Tiempo,2,7,0,00:01:29,89,Logico,"814/CRC        ",814/CRC - MESADA P.FUNDIDO CR/CR C.CERAM. ARES,0,0,08/06/2026 14:58:33
13410480,08/06/2026 11:58:06,08/06/2026 11:58:33,rodriguezt,6419,00:01:41,00:00:27,101,27,En Tiempo,3,7,0,00:01:29,89,Logico,"20-160         ",20-160 - MONOCOMANDO MESADA COCINA DIQUE,0,0,08/06/2026 14:58:33
13410480,08/06/2026 11:58:06,08/06/2026 11:58:33,rodriguezt,6419,00:01:41,00:00:27,101,27,En Tiempo,2,7,0,00:01:29,89,Logico,"05-010         ","LAVATORIO BAJO TEMPORIZADO TECNO                                      ",0,0,08/06/2026 14:58:33
13410480,08/06/2026 11:58:06,08/06/2026 11:58:33,rodriguezt,6419,00:01:41,00:00:27,101,27,En Tiempo,2,7,0,00:01:29,89,Logico,"20-172         ",20-172 - COCINA MESADA MONOC. COLORS NEGRO,0,0,08/06/2026 14:58:33
13410480,08/06/2026 11:58:06,08/06/2026 11:58:33,rodriguezt,6419,00:01:41,00:00:27,101,27,En Tiempo,2,7,0,00:01:29,89,Logico,"54-130         ",54-130 - MONOCOMANDO COCINA PARED EXT BILBAO,0,0,08/06/2026 14:58:33
13410480,08/06/2026 11:58:06,08/06/2026 11:58:33,rodriguezt,6419,00:01:41,00:00:27,101,27,En Tiempo,2,7,0,00:01:29,89,Logico,"910/M          ","910/M - JGO.MDA.P.CANO CROMO ""DIQUE""",0,0,08/06/2026 14:58:33
13410503,08/06/2026 11:58:56,08/06/2026 11:59:13,rodriguezt,6419,00:01:46,00:00:17,106,17,En Tiempo,1,8,0,00:00:23,23,Logico,"60-162         ",60-162 - LAVATORIO CR C.CERAM LINEA ADRA,0,0,08/06/2026 14:59:13
13410503,08/06/2026 11:58:56,08/06/2026 11:59:13,rodriguezt,6419,00:01:46,00:00:17,106,17,En Tiempo,2,8,0,00:00:23,23,Logico,"80-168         ",80-168 - DUCHA EMB C/TRANSF MONOC CR WAVE,0,0,08/06/2026 14:59:13
13410503,08/06/2026 11:58:56,08/06/2026 11:59:13,rodriguezt,6419,00:01:46,00:00:17,106,17,En Tiempo,2,8,0,00:00:23,23,Logico,"20-122S        ","MONOCOMANDO COCINA INOX C/PICO EXTRAIBLE VALENCIA                     ",0,0,08/06/2026 14:59:13
13410503,08/06/2026 11:58:56,08/06/2026 11:59:13,rodriguezt,6419,00:01:46,00:00:17,106,17,En Tiempo,1,8,0,00:00:23,23,Logico,"20-160         ",20-160 - MONOCOMANDO MESADA COCINA DIQUE,0,0,08/06/2026 14:59:13
13410503,08/06/2026 11:58:56,08/06/2026 11:59:13,rodriguezt,6419,00:01:46,00:00:17,106,17,En Tiempo,1,8,0,00:00:23,23,Logico,"80-205         ",80-205 - DUCHA EMB. C/TRANSF. MONOC STEEL,0,0,08/06/2026 14:59:13
13410503,08/06/2026 11:58:56,08/06/2026 11:59:13,rodriguezt,6419,00:01:46,00:00:17,106,17,En Tiempo,1,8,0,00:00:23,23,Logico,"63-180         ",63-180 - LAVATORIO MONOC. DE PARED VERA,0,0,08/06/2026 14:59:13
13410503,08/06/2026 11:58:56,08/06/2026 11:59:13,rodriguezt,6419,00:01:46,00:00:17,106,17,En Tiempo,1,8,0,00:00:23,23,Logico,"61-205         ",61-205 - LAVATORIO MONOC ALTO STEEL,0,0,08/06/2026 14:59:13
13410503,08/06/2026 11:58:56,08/06/2026 11:59:13,rodriguezt,6419,00:01:46,00:00:17,106,17,En Tiempo,1,8,0,00:00:23,23,Logico,"70-200C        ",70-200C - BIDE MONOCOMANDO CR FABRIC,0,0,08/06/2026 14:59:13
13410752,08/06/2026 12:08:09,08/06/2026 14:42:53,acejas,6417,00:08:36,02:34:44,516,9284,Fuera de Tiempo,4,90,0,00:52:44,3164,Excedido,"19010          ",19010 - TOALLERO BARRAL LINEA 19000,0,0,08/06/2026 16:06:11
13410752,08/06/2026 12:08:09,08/06/2026 14:42:53,acejas,6417,00:08:36,02:34:44,516,9284,Fuera de Tiempo,2,90,0,00:52:44,3164,Excedido,"19030          ",19030 - PERCHA LINEA 19000,0,0,08/06/2026 16:06:11
13410752,08/06/2026 12:08:09,08/06/2026 14:42:53,acejas,6417,00:08:36,02:34:44,516,9284,Fuera de Tiempo,3,90,0,00:52:44,3164,Excedido,"19050          ",19050 - JABONERA LINEA 19000,0,0,08/06/2026 16:06:11
13410752,08/06/2026 12:08:09,08/06/2026 14:42:53,acejas,6417,00:08:36,02:34:44,516,9284,Fuera de Tiempo,1,90,0,00:52:44,3164,Excedido,"19060          ",19060 - VASO PORTA CEPILLO LINEA 19000,0,0,08/06/2026 16:06:11
13410752,08/06/2026 12:08:09,08/06/2026 14:42:53,acejas,6417,00:08:36,02:34:44,516,9284,Fuera de Tiempo,1,90,0,00:52:44,3164,Excedido,"20060GR        ",20060GR - PORTA VASO Y CEPILLO GRAFITO LINEA PULSE,0,0,08/06/2026 16:06:11
13410752,08/06/2026 12:08:09,08/06/2026 14:42:53,acejas,6417,00:08:36,02:34:44,516,9284,Fuera de Tiempo,1,90,0,00:52:44,3164,Excedido,"20050GR        ",20050GR - JABONERA GRAFITO LINEA PULSE   ,0,0,08/06/2026 16:06:11
13410752,08/06/2026 12:08:09,08/06/2026 14:42:53,acejas,6417,00:08:36,02:34:44,516,9284,Fuera de Tiempo,1,90,0,00:52:44,3164,Excedido,"20040GR        ",20040GR - PORTA ROLLO GRAFITO LINEA PULSE,0,0,08/06/2026 16:06:11
13410752,08/06/2026 12:08:09,08/06/2026 14:42:53,acejas,6417,00:08:36,02:34:44,516,9284,Fuera de Tiempo,3,90,0,00:52:44,3164,Excedido,"30-132         ",30-132 - COCINA MESADA MONOC. C/DUCHADOR EXTENSIBLE VIGO,0,0,08/06/2026 16:06:11
13410752,08/06/2026 12:08:09,08/06/2026 14:42:53,acejas,6417,00:08:36,02:34:44,516,9284,Fuera de Tiempo,1,90,0,00:52:44,3164,Excedido,"80-193         ",80-193 - DUCHA EMB. C/TRANSF. MONOCOMANDO MORA,0,0,08/06/2026 16:06:11
13410752,08/06/2026 12:08:09,08/06/2026 14:42:53,acejas,6417,00:08:36,02:34:44,516,9284,Fuera de Tiempo,2,90,0,00:52:44,3164,Excedido,"70-193         ",70-193 - BIDE MONOCOMANDO MORA,0,0,08/06/2026 16:06:11
13410752,08/06/2026 12:08:09,08/06/2026 14:42:53,acejas,6417,00:08:36,02:34:44,516,9284,Fuera de Tiempo,1,90,0,00:52:44,3164,Excedido,"84-180         ",84-180 - GRIFERIA DE PIE P/BAÑERA EXENTA VERA,0,0,08/06/2026 16:06:11
13410752,08/06/2026 12:08:09,08/06/2026 14:42:53,acejas,6417,00:08:36,02:34:44,516,9284,Fuera de Tiempo,2,90,0,00:52:44,3164,Excedido,"20020DG        ",20020DG - TOALLERO DE ARO DARK GOLD LINEA PULSE,0,0,08/06/2026 16:06:11
13410752,08/06/2026 12:08:09,08/06/2026 14:42:53,acejas,6417,00:08:36,02:34:44,516,9284,Fuera de Tiempo,2,90,0,00:52:44,3164,Excedido,"20030DG        ",20030DG - PERCHA DARK GOLD LINEA PULSE,0,0,08/06/2026 16:06:11
13410752,08/06/2026 12:08:09,08/06/2026 14:42:53,acejas,6417,00:08:36,02:34:44,516,9284,Fuera de Tiempo,2,90,0,00:52:44,3164,Excedido,"20040DG        ",20040DG - PORTA ROLLO DARK GOLD LINEA PULSE,0,0,08/06/2026 16:06:11
13410752,08/06/2026 12:08:09,08/06/2026 14:42:53,acejas,6417,00:08:36,02:34:44,516,9284,Fuera de Tiempo,2,90,0,00:52:44,3164,Excedido,"70-200G        ",70-200G - BIDE MONOCOMANDO GOLD FABRIC,0,0,08/06/2026 16:06:11
13410752,08/06/2026 12:08:09,08/06/2026 14:42:53,acejas,6417,00:08:36,02:34:44,516,9284,Fuera de Tiempo,1,90,0,00:52:44,3164,Excedido,"20-122         ","MONOCOMANDO COCINA CR C/PICO EXTRAIBLE VALENCIA                       ",0,0,08/06/2026 16:06:11
13410752,08/06/2026 12:08:09,08/06/2026 14:42:53,acejas,6417,00:08:36,02:34:44,516,9284,Fuera de Tiempo,1,90,0,00:52:44,3164,Excedido,"61-200G        ",61-200G - LAVATORIO MONOC ALTO GOLD FABRIC,0,0,08/06/2026 16:06:11
13410752,08/06/2026 12:08:09,08/06/2026 14:42:53,acejas,6417,00:08:36,02:34:44,516,9284,Fuera de Tiempo,3,90,0,00:52:44,3164,Excedido,"60-200G        ",60-200G - LAVATORIO MONOC BAJO GOLD FABRIC,0,0,08/06/2026 16:06:11
13410752,08/06/2026 12:08:09,08/06/2026 14:42:53,acejas,6417,00:08:36,02:34:44,516,9284,Fuera de Tiempo,1,90,0,00:52:44,3164,Excedido,"18060          ",18060 - PORTA VASO Y CEPILLO NIQUEL LINEA BEAT,0,0,08/06/2026 16:06:11
13410752,08/06/2026 12:08:09,08/06/2026 14:42:53,acejas,6417,00:08:36,02:34:44,516,9284,Fuera de Tiempo,1,90,0,00:52:44,3164,Excedido,"18050          ",18050 - JABONERA NIQUEL LINEA BEAT,0,0,08/06/2026 16:06:11
13410752,08/06/2026 12:08:09,08/06/2026 14:42:53,acejas,6417,00:08:36,02:34:44,516,9284,Fuera de Tiempo,4,90,0,00:52:44,3164,Excedido,"18040          ",18040 - PORTA ROLLO NIQUEL LINEA BEAT,0,0,08/06/2026 16:06:11
13410752,08/06/2026 12:08:09,08/06/2026 14:42:53,acejas,6417,00:08:36,02:34:44,516,9284,Fuera de Tiempo,1,90,0,00:52:44,3164,Excedido,"70-152         ",70-152 - BIDE MONOCOMANDO CR C/TRANSFERENCIA SORIA,0,0,08/06/2026 16:06:11
13410752,08/06/2026 12:08:09,08/06/2026 14:42:53,acejas,6417,00:08:36,02:34:44,516,9284,Fuera de Tiempo,2,90,0,00:52:44,3164,Excedido,"80-152         ",80-152 - DUCHA EMB. CR C/TRANSF. MONOCOMANDO SORIA,0,0,08/06/2026 16:06:11
13410752,08/06/2026 12:08:09,08/06/2026 14:42:53,acejas,6417,00:08:36,02:34:44,516,9284,Fuera de Tiempo,1,90,0,00:52:44,3164,Excedido,"18010          ",18010 - TOALLERO BARRAL NIQUEL LINEA BEAT,0,0,08/06/2026 16:06:11
13410752,08/06/2026 12:08:09,08/06/2026 14:42:53,acejas,6417,00:08:36,02:34:44,516,9284,Fuera de Tiempo,2,90,0,00:52:44,3164,Excedido,"18020          ",18020 - TOALLERO DE ARO NIQUEL LINEA BEAT,0,0,08/06/2026 16:06:11
13410752,08/06/2026 12:08:09,08/06/2026 14:42:53,acejas,6417,00:08:36,02:34:44,516,9284,Fuera de Tiempo,1,90,0,00:52:44,3164,Excedido,"61-180         ",61-180 - LAVATORIO MONOCOMANDO ALTO VERA,0,0,08/06/2026 16:06:11
13410752,08/06/2026 12:08:09,08/06/2026 14:42:53,acejas,6417,00:08:36,02:34:44,516,9284,Fuera de Tiempo,2,90,0,00:52:44,3164,Excedido,"60-180         ",60-180 - LAVATORIO MONOCOMANDO BAJO VERA,0,0,08/06/2026 16:06:11
13410752,08/06/2026 12:08:09,08/06/2026 14:42:53,acejas,6417,00:08:36,02:34:44,516,9284,Fuera de Tiempo,1,90,0,00:52:44,3164,Excedido,"60-193         ",60-193 - LAVATORIO MONOCOMANDO BAJO MORA,0,0,08/06/2026 16:06:11
13410752,08/06/2026 12:08:09,08/06/2026 14:42:53,acejas,6417,00:08:36,02:34:44,516,9284,Fuera de Tiempo,1,90,0,00:52:44,3164,Excedido,"20-168N        ",20-168N - MONOCOMANDO COCINA BLACK WAVE,0,0,08/06/2026 16:06:11
13410752,08/06/2026 12:08:09,08/06/2026 14:42:53,acejas,6417,00:08:36,02:34:44,516,9284,Fuera de Tiempo,1,90,0,00:52:44,3164,Excedido,"20020GR        ",20020GR - TOALLERO DE ARO GRAFITO LINEA PULSE,0,0,08/06/2026 16:06:11
13410752,08/06/2026 12:08:09,08/06/2026 14:42:53,acejas,6417,00:08:36,02:34:44,516,9284,Fuera de Tiempo,1,90,0,00:52:44,3164,Excedido,"20-122N        ",20-122N - MONOCOMANDO COCINA C/PICO EXTRAIBLE VALENCIA BLACK,0,0,08/06/2026 16:06:11
13410752,08/06/2026 12:08:09,08/06/2026 14:42:53,acejas,6417,00:08:36,02:34:44,516,9284,Fuera de Tiempo,2,90,0,00:52:44,3164,Excedido,"20-146         ",20-146 - MONOCOMANDO DE COCINA CR LINEA MOVE,0,0,08/06/2026 16:06:11
13410752,08/06/2026 12:08:09,08/06/2026 14:42:53,acejas,6417,00:08:36,02:34:44,516,9284,Fuera de Tiempo,1,90,0,00:52:44,3164,Excedido,"70-168N        ",70-168N - BIDE MONOC BLACK WAVE,0,0,08/06/2026 16:06:11
13410752,08/06/2026 12:08:09,08/06/2026 14:42:53,acejas,6417,00:08:36,02:34:44,516,9284,Fuera de Tiempo,1,90,0,00:52:44,3164,Excedido,"83-203         ",83-203 - DUCHA EXT C/TRANSF. MONOCOMANDO ADRA,0,0,08/06/2026 16:06:11
13410752,08/06/2026 12:08:09,08/06/2026 14:42:53,acejas,6417,00:08:36,02:34:44,516,9284,Fuera de Tiempo,1,90,0,00:52:44,3164,Excedido,"80-203P        ",80-203P - DUCHA EMB C/TRANSF. MONOCOMANDO ADRA PLUS,0,0,08/06/2026 16:06:11
13410752,08/06/2026 12:08:09,08/06/2026 14:42:53,acejas,6417,00:08:36,02:34:44,516,9284,Fuera de Tiempo,2,90,0,00:52:44,3164,Excedido,"70-203         ",70-203 - BIDE MONOCOMANDO ADRA,0,0,08/06/2026 16:06:11
13410752,08/06/2026 12:08:09,08/06/2026 14:42:53,acejas,6417,00:08:36,02:34:44,516,9284,Fuera de Tiempo,2,90,0,00:52:44,3164,Excedido,"20010DG        ",20010DG - TOALLERO BARRAL DARK GOLD LINEA PULSE,0,0,08/06/2026 16:06:11
13410752,08/06/2026 12:08:09,08/06/2026 14:42:53,acejas,6417,00:08:36,02:34:44,516,9284,Fuera de Tiempo,1,90,0,00:52:44,3164,Excedido,"20010GR        ",20010GR - TOALLERO BARRAL GRAFITO LINEA PULSE  ,0,0,08/06/2026 16:06:11
13410752,08/06/2026 12:08:09,08/06/2026 14:42:53,acejas,6417,00:08:36,02:34:44,516,9284,Fuera de Tiempo,1,90,0,00:52:44,3164,Excedido,"70-199N        ",70-199N - BIDE BLACK C.CERAM LIVE,0,0,08/06/2026 16:06:11
13410752,08/06/2026 12:08:09,08/06/2026 14:42:53,acejas,6417,00:08:36,02:34:44,516,9284,Fuera de Tiempo,4,90,0,00:52:44,3164,Excedido,"80-201NI       ",80-201NI - DUCHA EMB C/TRANSF C.CERAM BEAT NICKEL,0,0,08/06/2026 16:06:11
13410752,08/06/2026 12:08:09,08/06/2026 14:42:53,acejas,6417,00:08:36,02:34:44,516,9284,Fuera de Tiempo,3,90,0,00:52:44,3164,Excedido,"70-201NI       ",70-201NI - BIDE CR C.CERAM BEAT NICKEL,0,0,08/06/2026 16:06:11
13410752,08/06/2026 12:08:09,08/06/2026 14:42:53,acejas,6417,00:08:36,02:34:44,516,9284,Fuera de Tiempo,5,90,0,00:52:44,3164,Excedido,"60-201NI       ",60-201NI - LAVATORIO C.CERAM BEAT NICKEL,0,0,08/06/2026 16:06:11
13410752,08/06/2026 12:08:09,08/06/2026 14:42:53,acejas,6417,00:08:36,02:34:44,516,9284,Fuera de Tiempo,5,90,0,00:52:44,3164,Excedido,"62-201NI       ",62-201NI - LAVATORIO DE PARED C.CERAM BEAT NICKEL,0,0,08/06/2026 16:06:11
13410752,08/06/2026 12:08:09,08/06/2026 14:42:53,acejas,6417,00:08:36,02:34:44,516,9284,Fuera de Tiempo,3,90,0,00:52:44,3164,Excedido,"60-203         ",60-203 - LAVATORIO MONOCOMANDO BAJO ADRA,0,0,08/06/2026 16:06:11
13410752,08/06/2026 12:08:09,08/06/2026 14:42:53,acejas,6417,00:08:36,02:34:44,516,9284,Fuera de Tiempo,4,90,0,00:52:44,3164,Excedido,"61-203         ",61-203 - LAVATORIO MONOCOMANDO ALTO ADRA,0,0,08/06/2026 16:06:11
13410752,08/06/2026 12:08:09,08/06/2026 14:42:53,acejas,6417,00:08:36,02:34:44,516,9284,Fuera de Tiempo,2,90,0,00:52:44,3164,Excedido,"62-162N        ",62-162N - LAVATORIO DE PARED BLACK C.CERAM ADRA,0,0,08/06/2026 16:06:11
13410752,08/06/2026 12:08:09,08/06/2026 14:42:53,acejas,6417,00:08:36,02:34:44,516,9284,Fuera de Tiempo,2,90,0,00:52:44,3164,Excedido,"70-162N        ",70-162N - BIDE BLACK C.CERAM LINEA ADRA,0,0,08/06/2026 16:06:11
13410752,08/06/2026 12:08:09,08/06/2026 14:42:53,acejas,6417,00:08:36,02:34:44,516,9284,Fuera de Tiempo,1,90,0,00:52:44,3164,Excedido,"60-190         ",60-190 - LAVATORIO C.CERAM BLACK VELVET,0,0,08/06/2026 16:06:11
13410752,08/06/2026 12:08:09,08/06/2026 14:42:53,acejas,6417,00:08:36,02:34:44,516,9284,Fuera de Tiempo,2,90,0,00:52:44,3164,Excedido,"80-166N        ",80-166N - DUCHA EMB. C/TRANSF. BLACK C.CERAM ADRA PLUS,0,0,08/06/2026 16:06:11
13410752,08/06/2026 12:08:09,08/06/2026 14:42:53,acejas,6417,00:08:36,02:34:44,516,9284,Fuera de Tiempo,1,90,0,00:52:44,3164,Excedido,"62-190         ",62-190 - LAVATORIO PARED EMB. C.CERAM BLACK VELVET,0,0,08/06/2026 16:06:11
13410752,08/06/2026 12:08:09,08/06/2026 14:42:53,acejas,6417,00:08:36,02:34:44,516,9284,Fuera de Tiempo,1,90,0,00:52:44,3164,Excedido,"80-153         ",80-153 - DUCHA EMB. C/TRANSF. CR C.CERAM CASTILLA,0,0,08/06/2026 16:06:11
13410752,08/06/2026 12:08:09,08/06/2026 14:42:53,acejas,6417,00:08:36,02:34:44,516,9284,Fuera de Tiempo,1,90,0,00:52:44,3164,Excedido,"60-153         ",60-153 - LAVATORIO CR C.CERAMICO CASTILLA,0,0,08/06/2026 16:06:11
13410752,08/06/2026 12:08:09,08/06/2026 14:42:53,acejas,6417,00:08:36,02:34:44,516,9284,Fuera de Tiempo,2,90,0,00:52:44,3164,Excedido,"70-153         ",70-153 - BIDE CR C.CERAM CASTILLA,0,0,08/06/2026 16:06:11
13410752,08/06/2026 12:08:09,08/06/2026 14:42:53,acejas,6417,00:08:36,02:34:44,516,9284,Fuera de Tiempo,1,90,0,00:52:44,3164,Excedido,"70-190         ",70-190 - BIDE C.CERAM BLACK VELVET,0,0,08/06/2026 16:06:11
13410752,08/06/2026 12:08:09,08/06/2026 14:42:53,acejas,6417,00:08:36,02:34:44,516,9284,Fuera de Tiempo,3,90,0,00:52:44,3164,Excedido,"80-190P        ",80-190P - DUCHA EMB. C/TRANSF. C.CERAM BLACK VELVET PLUS,0,0,08/06/2026 16:06:11
13410752,08/06/2026 12:08:09,08/06/2026 14:42:53,acejas,6417,00:08:36,02:34:44,516,9284,Fuera de Tiempo,1,90,0,00:52:44,3164,Excedido,"62-153         ",62-153 - LAVATORIO PARED EMB. C.CERAM CASTILLA,0,0,08/06/2026 16:06:11
13410752,08/06/2026 12:08:09,08/06/2026 14:42:53,acejas,6417,00:08:36,02:34:44,516,9284,Fuera de Tiempo,4,90,0,00:52:44,3164,Excedido,"60-100G        ",60-100G - LAVATORIO GOLD C.CERAM FABRIC,0,0,08/06/2026 16:06:11
13410752,08/06/2026 12:08:09,08/06/2026 14:42:53,acejas,6417,00:08:36,02:34:44,516,9284,Fuera de Tiempo,3,90,0,00:52:44,3164,Excedido,"70-100G        ",70-100G - BIDE GOLD C.CERAM FABRIC,0,0,08/06/2026 16:06:11
13410752,08/06/2026 12:08:09,08/06/2026 14:42:53,acejas,6417,00:08:36,02:34:44,516,9284,Fuera de Tiempo,1,90,0,00:52:44,3164,Excedido,"70-100N        ",70-100N - BIDE BLACK C.CERAM FABRIC,0,0,08/06/2026 16:06:11
13410752,08/06/2026 12:08:09,08/06/2026 14:42:53,acejas,6417,00:08:36,02:34:44,516,9284,Fuera de Tiempo,4,90,0,00:52:44,3164,Excedido,"60-100N        ",60-100N - LAVATORIO BLACK C.CERAM FABRIC,0,0,08/06/2026 16:06:11
13410752,08/06/2026 12:08:09,08/06/2026 14:42:53,acejas,6417,00:08:36,02:34:44,516,9284,Fuera de Tiempo,1,90,0,00:52:44,3164,Excedido,"62-100G        ",62-100G - LAVATORIO DE PARED GOLD C.CERAM FABRIC,0,0,08/06/2026 16:06:11
13410752,08/06/2026 12:08:09,08/06/2026 14:42:53,acejas,6417,00:08:36,02:34:44,516,9284,Fuera de Tiempo,1,90,0,00:52:44,3164,Excedido,"80-100G        ",80-100G - DUCHA EMB. C/TRANSF. GOLD C.CERAM FABRIC,0,0,08/06/2026 16:06:11
13410752,08/06/2026 12:08:09,08/06/2026 14:42:53,acejas,6417,00:08:36,02:34:44,516,9284,Fuera de Tiempo,1,90,0,00:52:44,3164,Excedido,"70-135         ",70-135 - BIDE C.CERAM SANTANDER,0,0,08/06/2026 16:06:11
13410752,08/06/2026 12:08:09,08/06/2026 14:42:53,acejas,6417,00:08:36,02:34:44,516,9284,Fuera de Tiempo,1,90,0,00:52:44,3164,Excedido,"60-135         ",60-135 - LAVATORIO C.CERAM SANTANDER,0,0,08/06/2026 16:06:11
13410752,08/06/2026 12:08:09,08/06/2026 14:42:53,acejas,6417,00:08:36,02:34:44,516,9284,Fuera de Tiempo,1,90,0,00:52:44,3164,Excedido,"85-168         ",85-168 - DUCHA MONOC C/TRANSF Y DUCHADOR CR WAVE,0,0,08/06/2026 16:06:11
13410752,08/06/2026 12:08:09,08/06/2026 14:42:53,acejas,6417,00:08:36,02:34:44,516,9284,Fuera de Tiempo,1,90,0,00:52:44,3164,Excedido,"80-168         ",80-168 - DUCHA EMB C/TRANSF MONOC CR WAVE,0,0,08/06/2026 16:06:11
13410752,08/06/2026 12:08:09,08/06/2026 14:42:53,acejas,6417,00:08:36,02:34:44,516,9284,Fuera de Tiempo,1,90,0,00:52:44,3164,Excedido,"60-175DG       ",60-175DG - LAVATORIO PULSE DARK GOLD C.CERAM,0,0,08/06/2026 16:06:11
13410752,08/06/2026 12:08:09,08/06/2026 14:42:53,acejas,6417,00:08:36,02:34:44,516,9284,Fuera de Tiempo,2,90,0,00:52:44,3164,Excedido,"70-175DG       ",70-175DG - BIDE PULSE DARK GOLD C.CERAM,0,0,08/06/2026 16:06:11
13410752,08/06/2026 12:08:09,08/06/2026 14:42:53,acejas,6417,00:08:36,02:34:44,516,9284,Fuera de Tiempo,1,90,0,00:52:44,3164,Excedido,"62-175DG       ",62-175DG - LAVATORIO DE PARED PULSE DARK GOLD C.CERAM,0,0,08/06/2026 16:06:11
13410752,08/06/2026 12:08:09,08/06/2026 14:42:53,acejas,6417,00:08:36,02:34:44,516,9284,Fuera de Tiempo,2,90,0,00:52:44,3164,Excedido,"80-175DG       ",80-175DG - DUCHA EMB C/TRANSF. PULSE DARK GOLD C.CERAM,0,0,08/06/2026 16:06:11
13410752,08/06/2026 12:08:09,08/06/2026 14:42:53,acejas,6417,00:08:36,02:34:44,516,9284,Fuera de Tiempo,1,90,0,00:52:44,3164,Excedido,"62-175GR       ",62-175GR - LAVATORIO DE PARED PULSE GRAFITO C.CERAM,0,0,08/06/2026 16:06:11
13410752,08/06/2026 12:08:09,08/06/2026 14:42:53,acejas,6417,00:08:36,02:34:44,516,9284,Fuera de Tiempo,1,90,0,00:52:44,3164,Excedido,"85-168N        ",85-168N - DUCHA MONOC C/TRANSF Y DUCHADOR BLACK WAVE,0,0,08/06/2026 16:06:11
13410752,08/06/2026 12:08:09,08/06/2026 14:42:53,acejas,6417,00:08:36,02:34:44,516,9284,Fuera de Tiempo,2,90,0,00:52:44,3164,Excedido,"80-200G        ",80-200G - DUCHA EMB. MONOC. 3 FUNCIONES GOLD FABRIC,0,0,08/06/2026 16:06:11
13410752,08/06/2026 12:08:09,08/06/2026 14:42:53,acejas,6417,00:08:36,02:34:44,516,9284,Fuera de Tiempo,1,90,0,00:52:44,3164,Excedido,"BCH04/1        ",BCH04/1 - BACHA DE APOYAR CUADRADA 1 AG 420x420x125,0,0,08/06/2026 16:06:11
13410752,08/06/2026 12:08:09,08/06/2026 14:42:53,acejas,6417,00:08:36,02:34:44,516,9284,Fuera de Tiempo,1,90,0,00:52:44,3164,Excedido,"BCH02          ",BCH02 - BACHA DE APOYAR CIRCULAR 1 AG. 415x145,0,0,08/06/2026 16:06:11
13410752,08/06/2026 12:08:09,08/06/2026 14:42:53,acejas,6417,00:08:36,02:34:44,516,9284,Fuera de Tiempo,1,90,0,00:52:44,3164,Excedido,"BCH03/3        ",BCH03/3 - BACHA DE APOYAR RECTANGULAR 3 AG 500x420x130,0,0,08/06/2026 16:06:11
13410752,08/06/2026 12:08:09,08/06/2026 14:42:53,acejas,6417,00:08:36,02:34:44,516,9284,Fuera de Tiempo,1,90,0,00:52:44,3164,Excedido,"BCH04/3        ",BCH04/3 - BACHA DE APOYAR CUADRADA 3 AG 420x420x125,0,0,08/06/2026 16:06:11
13410752,08/06/2026 12:08:09,08/06/2026 14:42:53,acejas,6417,00:08:36,02:34:44,516,9284,Fuera de Tiempo,2,90,0,00:52:44,3164,Excedido,"BAI01NI        ",BAI01NI - BACHA EMB COCINA C/ACCESORIOS 750x450x220 NICKEL BRUSHED,0,0,08/06/2026 16:06:11
13410752,08/06/2026 12:08:09,08/06/2026 14:42:53,acejas,6417,00:08:36,02:34:44,516,9284,Fuera de Tiempo,1,90,0,00:52:44,3164,Excedido,"BAI01N         ",BAI01N - BACHA EMB COCINA C/ACCESORIOS 750x450x220 BLACK GUN BRUSHED,0,0,08/06/2026 16:06:11
13410752,08/06/2026 12:08:09,08/06/2026 14:42:53,acejas,6417,00:08:36,02:34:44,516,9284,Fuera de Tiempo,7,90,0,00:52:44,3164,Excedido,"BID104-1       ","BIDE 1 AGUJERO BLANCO LINEA STONE                                     ",0,0,08/06/2026 16:23:57
13410752,08/06/2026 12:08:09,08/06/2026 14:42:53,acejas,6417,00:08:36,02:34:44,516,9284,Fuera de Tiempo,3,90,0,00:52:44,3164,Excedido,"BID104-3       ","BIDE 3 AGUJEROS BLANCO LINEA STONE                                    ",0,0,08/06/2026 16:23:57
13410752,08/06/2026 12:08:09,08/06/2026 14:42:53,acejas,6417,00:08:36,02:34:44,516,9284,Fuera de Tiempo,12,90,0,00:52:44,3164,Excedido,"INO104-2       ","DEPOSITO C/DESCARGA DUAL BLANCO LINEA STONE                           ",0,0,08/06/2026 16:23:57
13410752,08/06/2026 12:08:09,08/06/2026 14:42:53,acejas,6417,00:08:36,02:34:44,516,9284,Fuera de Tiempo,9,90,0,00:52:44,3164,Excedido,"INO102-1       ","INODORO BLANCO C/ASIENTO LINEA LOFT                                   ",0,0,08/06/2026 16:46:48
13410752,08/06/2026 12:08:09,08/06/2026 14:42:53,acejas,6417,00:08:36,02:34:44,516,9284,Fuera de Tiempo,3,90,0,00:52:44,3164,Excedido,"INO104-2       ","DEPOSITO C/DESCARGA DUAL BLANCO LINEA STONE                           ",0,0,08/06/2026 16:46:48
13410752,08/06/2026 12:08:09,08/06/2026 14:42:53,acejas,6417,00:08:36,02:34:44,516,9284,Fuera de Tiempo,4,90,0,00:52:44,3164,Excedido,"INO104-2       ","DEPOSITO C/DESCARGA DUAL BLANCO LINEA STONE                           ",0,0,08/06/2026 17:06:10
13410752,08/06/2026 12:08:09,08/06/2026 14:42:53,acejas,6417,00:08:36,02:34:44,516,9284,Fuera de Tiempo,2,90,0,00:52:44,3164,Excedido,"BID102-1       ","BIDE 1 AGUJERO BLANCO LINEA LOFT                                      ",0,0,08/06/2026 17:06:10
13410752,08/06/2026 12:08:09,08/06/2026 14:42:53,acejas,6417,00:08:36,02:34:44,516,9284,Fuera de Tiempo,8,90,0,00:52:44,3164,Excedido,"INO104-1       ","INODORO BLANCO C/ASIENTO LINEA STONE                                  ",0,0,08/06/2026 17:06:10
13410752,08/06/2026 12:08:09,08/06/2026 14:42:53,acejas,6417,00:08:36,02:34:44,516,9284,Fuera de Tiempo,3,90,0,00:52:44,3164,Excedido,"INO102-2       ","DEPOSITO C/DESCARGA DUAL BLANCO LINEA LOFT                            ",0,0,08/06/2026 17:32:23
13410752,08/06/2026 12:08:09,08/06/2026 14:42:53,acejas,6417,00:08:36,02:34:44,516,9284,Fuera de Tiempo,9,90,0,00:52:44,3164,Excedido,"INO104-1       ","INODORO BLANCO C/ASIENTO LINEA STONE                                  ",0,0,08/06/2026 17:32:23
13410752,08/06/2026 12:08:09,08/06/2026 14:42:53,acejas,6417,00:08:36,02:34:44,516,9284,Fuera de Tiempo,5,90,0,00:52:44,3164,Excedido,"INO104-1       ","INODORO BLANCO C/ASIENTO LINEA STONE                                  ",0,0,08/06/2026 17:39:58
13410752,08/06/2026 12:08:09,08/06/2026 14:42:53,acejas,6417,00:08:36,02:34:44,516,9284,Fuera de Tiempo,3,90,0,00:52:44,3164,Excedido,"BCH11BM        ",BCH11BM - BACHA DE APOYAR REDONDA BLANCO MATE 400x400x125,0,0,08/06/2026 17:42:53
13410752,08/06/2026 12:08:09,08/06/2026 14:42:53,acejas,6417,00:08:36,02:34:44,516,9284,Fuera de Tiempo,3,90,0,00:52:44,3164,Excedido,"BCH18          ",BCH18 - BACHA DE APOYAR SIMIL MARMOL 460x320x140,0,0,08/06/2026 17:42:53
13410752,08/06/2026 12:08:09,08/06/2026 14:42:53,acejas,6417,00:08:36,02:34:44,516,9284,Fuera de Tiempo,2,90,0,00:52:44,3164,Excedido,"BCH07          ",BCH07 - BACHA DE APOYAR OVALADA 400x330x150,0,0,08/06/2026 17:42:53
13410752,08/06/2026 12:08:09,08/06/2026 14:42:53,acejas,6417,00:08:36,02:34:44,516,9284,Fuera de Tiempo,1,90,0,00:52:44,3164,Excedido,"BID102-1       ","BIDE 1 AGUJERO BLANCO LINEA LOFT                                      ",0,0,08/06/2026 17:42:53
13410752,08/06/2026 12:08:09,08/06/2026 14:42:53,acejas,6417,00:08:36,02:34:44,516,9284,Fuera de Tiempo,4,90,0,00:52:44,3164,Excedido,"BID102-3       ","BIDE 3 AGUJEROS BLANCO LINEA LOFT                                     ",0,0,08/06/2026 17:42:53
13410752,08/06/2026 12:08:09,08/06/2026 14:42:53,acejas,6417,00:08:36,02:34:44,516,9284,Fuera de Tiempo,6,90,0,00:52:44,3164,Excedido,"INO102-2       ","DEPOSITO C/DESCARGA DUAL BLANCO LINEA LOFT                            ",0,0,08/06/2026 17:42:53
13411807,08/06/2026 12:49:49,08/06/2026 12:49:57,gsoderquvist,6415,00:00:39,00:00:08,39,8,En Tiempo,1,1,0,02:27:12,8832,Excedido,"BCH12          ",BCH12 - BACHA DE APOYAR BLANCA 460x320x140,0,0,08/06/2026 15:49:57
13411809,08/06/2026 12:50:00,08/06/2026 12:50:06,gsoderquvist,6415,00:00:39,00:00:06,39,6,En Tiempo,1,1,0,00:00:03,3,Logico,"80-200N        ",80-200N - DUCHA EMB. MONOC. 3 FUNCIONES BLACK FABRIC,0,0,08/06/2026 15:50:06
13411813,08/06/2026 12:50:09,08/06/2026 12:50:17,gsoderquvist,6415,00:00:39,00:00:08,39,8,En Tiempo,1,1,0,00:00:03,3,Logico,"51-190         ",51-190 - MESADA BIMANDO C.CERAM BLACK VELVET,0,0,08/06/2026 15:50:17
13411959,08/06/2026 12:57:37,08/06/2026 12:57:45,gsoderquvist,6415,00:01:04,00:00:08,64,8,En Tiempo,40,1,0,00:07:20,440,Excedido,"1340           ","QUEINOX MACHO MOVIL MH 1/2"" x 40                                      ",0,0,08/06/2026 15:57:45
13412101,08/06/2026 13:06:02,08/06/2026 13:09:36,gsoderquvist,6415,00:00:48,00:03:34,48,214,Fuera de Tiempo,10,1,0,00:08:17,497,Excedido,"A814           ",A814 - DUCHA C/BRAZO Y CAMPANA CR,0,0,08/06/2026 16:09:36
13412230,08/06/2026 13:10:45,08/06/2026 13:12:55,gsoderquvist,6415,00:00:47,00:02:10,47,130,Fuera de Tiempo,1,3,0,00:01:09,69,Logico,"RS050          ","10 ORING 2-015 ØI14  ØS1,78                                           ",0,0,08/06/2026 16:12:55
13412230,08/06/2026 13:10:45,08/06/2026 13:12:55,gsoderquvist,6415,00:00:47,00:02:10,47,130,Fuera de Tiempo,1,3,0,00:01:09,69,Logico,"RS120          ","10 ORING 2-014 ØI12.42 ØS1.78                                         ",0,0,08/06/2026 16:12:55
13412230,08/06/2026 13:10:45,08/06/2026 13:12:55,gsoderquvist,6415,00:00:47,00:02:10,47,130,Fuera de Tiempo,1,3,0,00:01:09,69,Logico,"20-131         ",20-131 - MONOCOMANDO COCINA MALLORCA,0,0,08/06/2026 16:12:55
13412304,08/06/2026 13:13:16,08/06/2026 13:13:43,gsoderquvist,6415,00:00:39,00:00:27,39,27,En Tiempo,1,1,0,00:00:21,21,Logico,"RA1204G        ",RA1204G - PICO DE DUCHA FABRIC GOLD,0,0,08/06/2026 16:13:43
13412340,08/06/2026 13:14:55,08/06/2026 13:15:17,gsoderquvist,6415,00:00:49,00:00:22,49,22,En Tiempo,3,3,0,00:01:12,72,Logico,"90-166         ",90-166 - PACK GRIF. ADRA PLUS (Lav-Bide-Ducha c/t Plus),0,0,08/06/2026 16:15:17
13412340,08/06/2026 13:14:55,08/06/2026 13:15:17,gsoderquvist,6415,00:00:49,00:00:22,49,22,En Tiempo,1,3,0,00:01:12,72,Logico,"RU879          ",RU879 - VASO ESMERILADO REDONDO REPUESTO,0,0,08/06/2026 16:15:17
13412340,08/06/2026 13:14:55,08/06/2026 13:15:17,gsoderquvist,6415,00:00:49,00:00:22,49,22,En Tiempo,2,3,0,00:01:12,72,Logico,"RU878          ",RU878 - VIDRIO JABONERA REDONADA REPUESTO,0,0,08/06/2026 16:15:17
13412400,08/06/2026 13:17:24,08/06/2026 13:24:12,gsoderquvist,6415,00:01:41,00:06:48,101,408,Fuera de Tiempo,4,5,0,00:02:07,127,Logico,"17030G         ",17030G - PERCHA LINEA FABRIC GOLD,0,0,08/06/2026 16:24:12
13412400,08/06/2026 13:17:24,08/06/2026 13:24:12,gsoderquvist,6415,00:01:41,00:06:48,101,408,Fuera de Tiempo,1,5,0,00:02:07,127,Logico,"17040G         ",17040G - PORTA ROLLO LINEA FABRIC GOLD,0,0,08/06/2026 16:24:12
13412400,08/06/2026 13:17:24,08/06/2026 13:24:12,gsoderquvist,6415,00:01:41,00:06:48,101,408,Fuera de Tiempo,5,5,0,00:02:07,127,Logico,"17030C         ",17030C - PERCHA LINEA FABRIC CROMO,0,0,08/06/2026 16:24:12
13412400,08/06/2026 13:17:24,08/06/2026 13:24:12,gsoderquvist,6415,00:01:41,00:06:48,101,408,Fuera de Tiempo,1,5,0,00:02:07,127,Logico,"17010G         ",17010G - TOALLERO BARRAL LINEA FABRIC GOLD,0,0,08/06/2026 16:24:12
13412400,08/06/2026 13:17:24,08/06/2026 13:24:12,gsoderquvist,6415,00:01:41,00:06:48,101,408,Fuera de Tiempo,6,5,0,00:02:07,127,Logico,"61-205         ",61-205 - LAVATORIO MONOC ALTO STEEL,0,0,08/06/2026 16:24:12
13412812,08/06/2026 13:33:31,08/06/2026 13:47:23,gsoderquvist,6415,00:06:14,00:13:52,374,832,Fuera de Tiempo,2,8,0,00:09:19,559,Excedido,"62-175G        ",62-175G - LAVATORIO DE PARED GOLD C.CERAM PULSE,0,0,08/06/2026 16:47:23
13412812,08/06/2026 13:33:31,08/06/2026 13:47:23,gsoderquvist,6415,00:06:14,00:13:52,374,832,Fuera de Tiempo,40,8,0,00:09:19,559,Excedido,"70-198         ",70-198 - BIDE CR C.CERAM PURA,0,0,08/06/2026 16:47:23
13412812,08/06/2026 13:33:31,08/06/2026 13:47:23,gsoderquvist,6415,00:06:14,00:13:52,374,832,Fuera de Tiempo,15,8,0,00:09:19,559,Excedido,"80-198         ",80-198 - DUCHA EMB. C/TRANSF. CR C.CERAM PURA,0,0,08/06/2026 16:47:23
13412812,08/06/2026 13:33:31,08/06/2026 13:47:23,gsoderquvist,6415,00:06:14,00:13:52,374,832,Fuera de Tiempo,50,8,0,00:09:19,559,Excedido,"60-198         ",60-198 - LAVATORIO CR C.CERAM PURA,0,0,08/06/2026 16:47:23
13412812,08/06/2026 13:33:31,08/06/2026 13:47:23,gsoderquvist,6415,00:06:14,00:13:52,374,832,Fuera de Tiempo,28,8,0,00:09:19,559,Excedido,"80-198P        ",80-198P - DUCHA DE EMBUTIR C/TRANSF PLUS PURA,0,0,08/06/2026 16:47:23
13412812,08/06/2026 13:33:31,08/06/2026 13:47:23,gsoderquvist,6415,00:06:14,00:13:52,374,832,Fuera de Tiempo,10,8,0,00:09:19,559,Excedido,"62-198         ",62-198 - LAVATORIO DE PARED CR C.CERAM PURA,0,0,08/06/2026 16:47:23
13412812,08/06/2026 13:33:31,08/06/2026 13:47:23,gsoderquvist,6415,00:06:14,00:13:52,374,832,Fuera de Tiempo,14,8,0,00:09:19,559,Excedido,"61-176         ",61-176 - LAVATORIO MONOC ALTO CR RIO,0,0,08/06/2026 16:47:23
13412812,08/06/2026 13:33:31,08/06/2026 13:47:23,gsoderquvist,6415,00:06:14,00:13:52,374,832,Fuera de Tiempo,2,8,0,00:09:19,559,Excedido,"60-200C        ",60-200C - LAVATORIO MONOC BAJO CR FABRIC,0,0,08/06/2026 16:47:23
13412970,08/06/2026 13:38:19,08/06/2026 13:39:16,rodriguezt,6419,00:03:28,00:00:57,208,57,En Tiempo,2,11,0,01:39:06,5946,Excedido,"20-172         ",20-172 - COCINA MESADA MONOC. COLORS NEGRO,0,0,08/06/2026 16:39:16
13412970,08/06/2026 13:38:19,08/06/2026 13:39:16,rodriguezt,6419,00:03:28,00:00:57,208,57,En Tiempo,2,11,0,01:39:06,5946,Excedido,"60-193         ",60-193 - LAVATORIO MONOCOMANDO BAJO MORA,0,0,08/06/2026 16:39:16
13412970,08/06/2026 13:38:19,08/06/2026 13:39:16,rodriguezt,6419,00:03:28,00:00:57,208,57,En Tiempo,4,11,0,01:39:06,5946,Excedido,"20-162         ",20-162 - MONOCOMANDO COCINA ADRA,0,0,08/06/2026 16:39:16
13412970,08/06/2026 13:38:19,08/06/2026 13:39:16,rodriguezt,6419,00:03:28,00:00:57,208,57,En Tiempo,6,11,0,01:39:06,5946,Excedido,"20-134         ",20-134 - MONOCOMANDO COCINA BETIS,0,0,08/06/2026 16:39:16
13412970,08/06/2026 13:38:19,08/06/2026 13:39:16,rodriguezt,6419,00:03:28,00:00:57,208,57,En Tiempo,2,11,0,01:39:06,5946,Excedido,"934/CR         ",934/CR - J.PARED C/EXT CRUZ CR/CR ARES,0,0,08/06/2026 16:39:16
13412970,08/06/2026 13:38:19,08/06/2026 13:39:16,rodriguezt,6419,00:03:28,00:00:57,208,57,En Tiempo,2,11,0,01:39:06,5946,Excedido,"61-203         ",61-203 - LAVATORIO MONOCOMANDO ALTO ADRA,0,0,08/06/2026 16:39:16
13412970,08/06/2026 13:38:19,08/06/2026 13:39:16,rodriguezt,6419,00:03:28,00:00:57,208,57,En Tiempo,4,11,0,01:39:06,5946,Excedido,"80-058         ",80-058 - DUCHA EMB. C/TRANSF. CR C.STD MALBA,0,0,08/06/2026 16:39:16
13412970,08/06/2026 13:38:19,08/06/2026 13:39:16,rodriguezt,6419,00:03:28,00:00:57,208,57,En Tiempo,2,11,0,01:39:06,5946,Excedido,"70-058         ",70-058 - BIDE CR C.STD MALBA,0,0,08/06/2026 16:39:16
13412970,08/06/2026 13:38:19,08/06/2026 13:39:16,rodriguezt,6419,00:03:28,00:00:57,208,57,En Tiempo,3,11,0,01:39:06,5946,Excedido,"80-166         ","DUCHA EMB. C/TRANSF. CR C.CERAM ADRA PLUS                             ",0,0,08/06/2026 16:39:16
13412970,08/06/2026 13:38:19,08/06/2026 13:39:16,rodriguezt,6419,00:03:28,00:00:57,208,57,En Tiempo,1,11,0,01:39:06,5946,Excedido,"70-162         ",70-162 - BIDE CR C.CERAM LINEA ADRA,0,0,08/06/2026 16:39:16
13412970,08/06/2026 13:38:19,08/06/2026 13:39:16,rodriguezt,6419,00:03:28,00:00:57,208,57,En Tiempo,10,11,0,01:39:06,5946,Excedido,"51-058         ",51-058 - COCINA MESADA CR C.STD MALBA,0,0,08/06/2026 16:39:16
13413077,08/06/2026 13:41:28,08/06/2026 13:42:09,rodriguezt,6419,00:02:11,00:00:41,131,41,En Tiempo,2,8,0,00:02:12,132,Logico,"80-057         ",80-057 - DUCHA EMB. C/TRANSF. C.STD VERIN PLUS,0,0,08/06/2026 16:42:09
13413077,08/06/2026 13:41:28,08/06/2026 13:42:09,rodriguezt,6419,00:02:11,00:00:41,131,41,En Tiempo,3,8,0,00:02:12,132,Logico,"70-057         ",70-057 - BIDE C.STD VERIN PLUS,0,0,08/06/2026 16:42:09
13413077,08/06/2026 13:41:28,08/06/2026 13:42:09,rodriguezt,6419,00:02:11,00:00:41,131,41,En Tiempo,3,8,0,00:02:12,132,Logico,"60-057         ",60-057 - LAVATORIO C.STD VERIN PLUS,0,0,08/06/2026 16:42:09
13413077,08/06/2026 13:41:28,08/06/2026 13:42:09,rodriguezt,6419,00:02:11,00:00:41,131,41,En Tiempo,2,8,0,00:02:12,132,Logico,"70-010         ",70-010 - BIDE BL/CR LORCA,0,0,08/06/2026 16:42:09
13413077,08/06/2026 13:41:28,08/06/2026 13:42:09,rodriguezt,6419,00:02:11,00:00:41,131,41,En Tiempo,2,8,0,00:02:12,132,Logico,"60-010         ",60-010 - LAVATORIO BL/CR LORCA,0,0,08/06/2026 16:42:09
13413077,08/06/2026 13:41:28,08/06/2026 13:42:09,rodriguezt,6419,00:02:11,00:00:41,131,41,En Tiempo,3,8,0,00:02:12,132,Logico,"80-162         ",80-162 - DUCHA EMB. C/TRANSF. CR C.CERAM ADRA,0,0,08/06/2026 16:42:09
13413077,08/06/2026 13:41:28,08/06/2026 13:42:09,rodriguezt,6419,00:02:11,00:00:41,131,41,En Tiempo,4,8,0,00:02:12,132,Logico,"60-162         ",60-162 - LAVATORIO CR C.CERAM LINEA ADRA,0,0,08/06/2026 16:42:09
13413077,08/06/2026 13:41:28,08/06/2026 13:42:09,rodriguezt,6419,00:02:11,00:00:41,131,41,En Tiempo,2,8,0,00:02:12,132,Logico,"90-010         ",90-010 - PACK GRIF.BL/CR LORCA (Lavatorio-Bide-Ducha c/t),0,0,08/06/2026 16:42:09
13413447,08/06/2026 13:53:55,08/06/2026 13:54:41,gsoderquvist,6415,00:00:56,00:00:46,56,46,En Tiempo,10,2,0,00:06:32,392,Excedido,"BAI01NI        ",BAI01NI - BACHA EMB COCINA C/ACCESORIOS 750x450x220 NICKEL BRUSHED,0,0,08/06/2026 16:54:41
13413447,08/06/2026 13:53:55,08/06/2026 13:54:41,gsoderquvist,6415,00:00:56,00:00:46,56,46,En Tiempo,4,2,0,00:06:32,392,Excedido,"70-168         ",70-168 - BIDE MONOC CR WAVE,0,0,08/06/2026 16:54:41
13414089,08/06/2026 14:13:58,08/06/2026 14:17:17,rodriguezt,6419,00:08:41,00:03:19,521,199,En Tiempo,2,21,0,00:31:49,1909,Excedido,"70-133         ",70-133 - BIDE MONOCOMANDO LUGO,0,0,08/06/2026 17:17:17
13414089,08/06/2026 14:13:58,08/06/2026 14:17:17,rodriguezt,6419,00:08:41,00:03:19,521,199,En Tiempo,2,21,0,00:31:49,1909,Excedido,"20-146N        ",20-146N - MONOCOMANDO DE COCINA BLACK LINEA MOVE,0,0,08/06/2026 17:17:17
13414089,08/06/2026 14:13:58,08/06/2026 14:17:17,rodriguezt,6419,00:08:41,00:03:19,521,199,En Tiempo,4,21,0,00:31:49,1909,Excedido,"83-133         ",83-133 - DUCHA EXT. C/TRANSF. MONOCOMANDO LUGO,0,0,08/06/2026 17:17:17
13414089,08/06/2026 14:13:58,08/06/2026 14:17:17,rodriguezt,6419,00:08:41,00:03:19,521,199,En Tiempo,3,21,0,00:31:49,1909,Excedido,"60-133         ",60-133 - LAVATORIO MONOCOMANDO LUGO,0,0,08/06/2026 17:17:17
13414089,08/06/2026 14:13:58,08/06/2026 14:17:17,rodriguezt,6419,00:08:41,00:03:19,521,199,En Tiempo,4,21,0,00:31:49,1909,Excedido,"54-203         ","COCINA PARED EXT C.CERAM ADRA MONOCOMANDO                             ",0,0,08/06/2026 17:17:17
13414089,08/06/2026 14:13:58,08/06/2026 14:17:17,rodriguezt,6419,00:08:41,00:03:19,521,199,En Tiempo,4,21,0,00:31:49,1909,Excedido,"51-058         ",51-058 - COCINA MESADA CR C.STD MALBA,0,0,08/06/2026 17:17:17
13414089,08/06/2026 14:13:58,08/06/2026 14:17:17,rodriguezt,6419,00:08:41,00:03:19,521,199,En Tiempo,4,21,0,00:31:49,1909,Excedido,"61-203         ",61-203 - LAVATORIO MONOCOMANDO ALTO ADRA,0,0,08/06/2026 17:17:17
13414089,08/06/2026 14:13:58,08/06/2026 14:17:17,rodriguezt,6419,00:08:41,00:03:19,521,199,En Tiempo,3,21,0,00:31:49,1909,Excedido,"60-162N        ",60-162N - LAVATORIO BLACK C.CERAM LINEA ADRA,0,0,08/06/2026 17:17:17
13414089,08/06/2026 14:13:58,08/06/2026 14:17:17,rodriguezt,6419,00:08:41,00:03:19,521,199,En Tiempo,2,21,0,00:31:49,1909,Excedido,"70-122         ",70-122 - BIDE C.CERAM CR VALENCIA,0,0,08/06/2026 17:17:17
13414089,08/06/2026 14:13:58,08/06/2026 14:17:17,rodriguezt,6419,00:08:41,00:03:19,521,199,En Tiempo,1,21,0,00:31:49,1909,Excedido,"80-122         ",80-122 - DUCHA EMB.C/TRANSF. C.CERAM CR VALENCIA,0,0,08/06/2026 17:17:17
13414089,08/06/2026 14:13:58,08/06/2026 14:17:17,rodriguezt,6419,00:08:41,00:03:19,521,199,En Tiempo,2,21,0,00:31:49,1909,Excedido,"70-162N        ",70-162N - BIDE BLACK C.CERAM LINEA ADRA,0,0,08/06/2026 17:17:17
13414089,08/06/2026 14:13:58,08/06/2026 14:17:17,rodriguezt,6419,00:08:41,00:03:19,521,199,En Tiempo,2,21,0,00:31:49,1909,Excedido,"80-166N        ",80-166N - DUCHA EMB. C/TRANSF. BLACK C.CERAM ADRA PLUS,0,0,08/06/2026 17:17:17
13414089,08/06/2026 14:13:58,08/06/2026 14:17:17,rodriguezt,6419,00:08:41,00:03:19,521,199,En Tiempo,2,21,0,00:31:49,1909,Excedido,"61-203N        ","LAVATORIO MONOCOMANDO ALTO ADRA BLACK                                 ",0,0,08/06/2026 17:17:17
13414089,08/06/2026 14:13:58,08/06/2026 14:17:17,rodriguezt,6419,00:08:41,00:03:19,521,199,En Tiempo,5,21,0,00:31:49,1909,Excedido,"80-209P        ","DUCHA EMB C/TRANSF CR C.CERAM CADIZ PLUS                              ",0,0,08/06/2026 17:17:17
13414089,08/06/2026 14:13:58,08/06/2026 14:17:17,rodriguezt,6419,00:08:41,00:03:19,521,199,En Tiempo,10,21,0,00:31:49,1909,Excedido,"60-208         ",60-208 - LAVATORIO CR C.STD LITE,0,0,08/06/2026 17:17:17
13414089,08/06/2026 14:13:58,08/06/2026 14:17:17,rodriguezt,6419,00:08:41,00:03:19,521,199,En Tiempo,10,21,0,00:31:49,1909,Excedido,"70-209         ",70-209 - BIDE CR C.CERAM CADIZ,0,0,08/06/2026 17:17:17
13414089,08/06/2026 14:13:58,08/06/2026 14:17:17,rodriguezt,6419,00:08:41,00:03:19,521,199,En Tiempo,5,21,0,00:31:49,1909,Excedido,"80-209         ","DUCHA EMB C/TRANSF CR C.CERAM CADIZ                                   ",0,0,08/06/2026 17:17:17
13414089,08/06/2026 14:13:58,08/06/2026 14:17:17,rodriguezt,6419,00:08:41,00:03:19,521,199,En Tiempo,10,21,0,00:31:49,1909,Excedido,"80-208         ",80-208 - DUCHA EMB. C/TRANSF.CR C.STD LITE,0,0,08/06/2026 17:17:17
13414089,08/06/2026 14:13:58,08/06/2026 14:17:17,rodriguezt,6419,00:08:41,00:03:19,521,199,En Tiempo,10,21,0,00:31:49,1909,Excedido,"70-208         ",70-208 - BIDE CR C.STD LITE,0,0,08/06/2026 17:17:17
13414089,08/06/2026 14:13:58,08/06/2026 14:17:17,rodriguezt,6419,00:08:41,00:03:19,521,199,En Tiempo,10,21,0,00:31:49,1909,Excedido,"60-209         ",60-209 - LAVATORIO CR C.CERAM CADIZ,0,0,08/06/2026 17:17:17
13414089,08/06/2026 14:13:58,08/06/2026 14:17:17,rodriguezt,6419,00:08:41,00:03:19,521,199,En Tiempo,1,21,0,00:31:49,1909,Excedido,"51-002         ",51-002 - COCINA MESADA RENACER,0,0,08/06/2026 17:17:17
13414300,08/06/2026 14:19:36,08/06/2026 14:21:21,rodriguezt,6419,00:02:47,00:01:45,167,105,En Tiempo,1,11,0,00:02:19,139,Logico,"80-176         ",80-176 - DUCHA EMB C/TRANSF MONOC CR RIO,0,0,08/06/2026 17:21:21
13414300,08/06/2026 14:19:36,08/06/2026 14:21:21,rodriguezt,6419,00:02:47,00:01:45,167,105,En Tiempo,4,11,0,00:02:19,139,Logico,"60-176         ","LAVATORIO MONOCOMANDO BAJO CR RIO                                     ",0,0,08/06/2026 17:21:21
13414300,08/06/2026 14:19:36,08/06/2026 14:21:21,rodriguezt,6419,00:02:47,00:01:45,167,105,En Tiempo,3,11,0,00:02:19,139,Logico,"70-176N        ",70-176N - BIDE MONOC C/TRANSF BLACK RIO,0,0,08/06/2026 17:21:21
13414300,08/06/2026 14:19:36,08/06/2026 14:21:21,rodriguezt,6419,00:02:47,00:01:45,167,105,En Tiempo,1,11,0,00:02:19,139,Logico,"80-176N        ",80-176N - DUCHA EMB C/TRANSF MONOC BLACK RIO,0,0,08/06/2026 17:21:21
13414300,08/06/2026 14:19:36,08/06/2026 14:21:21,rodriguezt,6419,00:02:47,00:01:45,167,105,En Tiempo,1,11,0,00:02:19,139,Logico,"84-203         ","DUCHA EXT C/COLUMNA Y TRANSF CR ADRA                                  ",0,0,08/06/2026 17:21:21
13414300,08/06/2026 14:19:36,08/06/2026 14:21:21,rodriguezt,6419,00:02:47,00:01:45,167,105,En Tiempo,2,11,0,00:02:19,139,Logico,"17020N         ",17020N - TOALLERO DE ARO LINEA FABRIC BLACK,0,0,08/06/2026 17:21:21
13414300,08/06/2026 14:19:36,08/06/2026 14:21:21,rodriguezt,6419,00:02:47,00:01:45,167,105,En Tiempo,3,11,0,00:02:19,139,Logico,"17040N         ",17040N - PORTA ROLLO LINEA FABRIC BLACK,0,0,08/06/2026 17:21:21
13414300,08/06/2026 14:19:36,08/06/2026 14:21:21,rodriguezt,6419,00:02:47,00:01:45,167,105,En Tiempo,2,11,0,00:02:19,139,Logico,"60-203         ",60-203 - LAVATORIO MONOCOMANDO BAJO ADRA,0,0,08/06/2026 17:21:21
13414300,08/06/2026 14:19:36,08/06/2026 14:21:21,rodriguezt,6419,00:02:47,00:01:45,167,105,En Tiempo,3,11,0,00:02:19,139,Logico,"70-162         ",70-162 - BIDE CR C.CERAM LINEA ADRA,0,0,08/06/2026 17:21:21
13414300,08/06/2026 14:19:36,08/06/2026 14:21:21,rodriguezt,6419,00:02:47,00:01:45,167,105,En Tiempo,5,11,0,00:02:19,139,Logico,"60-162         ",60-162 - LAVATORIO CR C.CERAM LINEA ADRA,0,0,08/06/2026 17:21:21
13414300,08/06/2026 14:19:36,08/06/2026 14:21:21,rodriguezt,6419,00:02:47,00:01:45,167,105,En Tiempo,2,11,0,00:02:19,139,Logico,"RA1205         ",RA1205 - 10 BUJES INTERIOR NYLON,0,0,08/06/2026 17:21:21
13414396,08/06/2026 14:23:06,08/06/2026 14:23:50,rodriguezt,6419,00:02:57,00:00:44,177,44,En Tiempo,1,10,0,00:01:45,105,Logico,"910/M          ","910/M - JGO.MDA.P.CANO CROMO ""DIQUE""",0,0,08/06/2026 17:23:50
13414396,08/06/2026 14:23:06,08/06/2026 14:23:50,rodriguezt,6419,00:02:57,00:00:44,177,44,En Tiempo,1,10,0,00:01:45,105,Logico,"60-002         ",60-002 - LAVATORIO RENACER,0,0,08/06/2026 17:23:50
13414396,08/06/2026 14:23:06,08/06/2026 14:23:50,rodriguezt,6419,00:02:57,00:00:44,177,44,En Tiempo,5,10,0,00:01:45,105,Logico,"934/CR         ",934/CR - J.PARED C/EXT CRUZ CR/CR ARES,0,0,08/06/2026 17:23:50
13414396,08/06/2026 14:23:06,08/06/2026 14:23:50,rodriguezt,6419,00:02:57,00:00:44,177,44,En Tiempo,5,10,0,00:01:45,105,Logico,"814/CR         ",814/CR - MESADA P.FUNDIDO CR/CR ARES,0,0,08/06/2026 17:23:50
13414396,08/06/2026 14:23:06,08/06/2026 14:23:50,rodriguezt,6419,00:02:57,00:00:44,177,44,En Tiempo,3,10,0,00:01:45,105,Logico,"20-160         ",20-160 - MONOCOMANDO MESADA COCINA DIQUE,0,0,08/06/2026 17:23:50
13414396,08/06/2026 14:23:06,08/06/2026 14:23:50,rodriguezt,6419,00:02:57,00:00:44,177,44,En Tiempo,2,10,0,00:01:45,105,Logico,"20-121         ",20-121 - COCINA MSDA MONOC.P. REDONDO MARBELLA,0,0,08/06/2026 17:23:50
13414396,08/06/2026 14:23:06,08/06/2026 14:23:50,rodriguezt,6419,00:02:57,00:00:44,177,44,En Tiempo,1,10,0,00:01:45,105,Logico,"20-205         ",20-205 - MONOCOMANDO DE COCINA STEEL,0,0,08/06/2026 17:23:50
13414396,08/06/2026 14:23:06,08/06/2026 14:23:50,rodriguezt,6419,00:02:57,00:00:44,177,44,En Tiempo,1,10,0,00:01:45,105,Logico,"60-130         ",60-130 - LAVATORIO MONOCOMANDO BAJO BILBAO,0,0,08/06/2026 17:23:50
13414396,08/06/2026 14:23:06,08/06/2026 14:23:50,rodriguezt,6419,00:02:57,00:00:44,177,44,En Tiempo,10,10,0,00:01:45,105,Logico,"8030           ",8030 - PERCHA LINEA 8000,0,0,08/06/2026 17:23:50
13414396,08/06/2026 14:23:06,08/06/2026 14:23:50,rodriguezt,6419,00:02:57,00:00:44,177,44,En Tiempo,1,10,0,00:01:45,105,Logico,"A816           ","A816 - DUCHA 6"" C/BRAZO Y CAMPANA CR",0,0,08/06/2026 17:23:50
13414532,08/06/2026 14:27:41,08/06/2026 14:30:45,gsoderquvist,6415,00:01:41,00:03:04,101,184,Fuera de Tiempo,6,5,0,00:33:00,1980,Excedido,"INO102-1       ","INODORO BLANCO C/ASIENTO LINEA LOFT                                   ",0,0,08/06/2026 17:30:45
13414532,08/06/2026 14:27:41,08/06/2026 14:30:45,gsoderquvist,6415,00:01:41,00:03:04,101,184,Fuera de Tiempo,4,5,0,00:33:00,1980,Excedido,"BID102-1       ","BIDE 1 AGUJERO BLANCO LINEA LOFT                                      ",0,0,08/06/2026 17:30:45
13414532,08/06/2026 14:27:41,08/06/2026 14:30:45,gsoderquvist,6415,00:01:41,00:03:04,101,184,Fuera de Tiempo,6,5,0,00:33:00,1980,Excedido,"INO102-2       ","DEPOSITO C/DESCARGA DUAL BLANCO LINEA LOFT                            ",0,0,08/06/2026 17:30:45
13414532,08/06/2026 14:27:41,08/06/2026 14:30:45,gsoderquvist,6415,00:01:41,00:03:04,101,184,Fuera de Tiempo,2,5,0,00:33:00,1980,Excedido,"BCH12          ",BCH12 - BACHA DE APOYAR BLANCA 460x320x140,0,0,08/06/2026 17:30:45
13414532,08/06/2026 14:27:41,08/06/2026 14:30:45,gsoderquvist,6415,00:01:41,00:03:04,101,184,Fuera de Tiempo,4,5,0,00:33:00,1980,Excedido,"BCH01          ",BCH01 - BACHA DE APOYAR CIRCULAR 320x145,0,0,08/06/2026 17:30:45
13414963,08/06/2026 14:41:36,08/06/2026 14:42:05,gsoderquvist,6415,00:00:55,00:00:29,55,29,En Tiempo,1,3,0,00:10:51,651,Excedido,"60-205         ",60-205 - LAVATORIO MONOC BAJO STEEL,0,0,08/06/2026 17:42:05
13414963,08/06/2026 14:41:36,08/06/2026 14:42:05,gsoderquvist,6415,00:00:55,00:00:29,55,29,En Tiempo,5,3,0,00:10:51,651,Excedido,"A1250          ",A1250 - COLUMNA DE DUCHA CROMO,0,0,08/06/2026 17:42:05
13414963,08/06/2026 14:41:36,08/06/2026 14:42:05,gsoderquvist,6415,00:00:55,00:00:29,55,29,En Tiempo,3,3,0,00:10:51,651,Excedido,"80-100C        ",80-100C - DUCHA EMB. C/TRANSF. CR C.CERAM FABRIC,0,0,08/06/2026 17:42:05
13415024,08/06/2026 14:43:46,08/06/2026 14:54:07,gsoderquvist,6415,00:01:22,00:10:21,82,621,Fuera de Tiempo,1,5,0,00:01:41,101,Logico,"RA1204NI       ",RA1204NI - PICO CAÑO BAÑERA FABRIC NICKEL,0,0,08/06/2026 17:54:07
13415024,08/06/2026 14:43:46,08/06/2026 14:54:07,gsoderquvist,6415,00:01:22,00:10:21,82,621,Fuera de Tiempo,1,5,0,00:01:41,101,Logico,"60-176N        ","LAVATORIO MONOCOMANDO BAJO BLACK RIO                                  ",0,0,08/06/2026 17:54:07
13415024,08/06/2026 14:43:46,08/06/2026 14:54:07,gsoderquvist,6415,00:01:22,00:10:21,82,621,Fuera de Tiempo,1,5,0,00:01:41,101,Logico,"16010BL        ",16010BL - TOALLERO BARRAL LINEA 16000 BLACK,0,0,08/06/2026 17:54:07
13415024,08/06/2026 14:43:46,08/06/2026 14:54:07,gsoderquvist,6415,00:01:22,00:10:21,82,621,Fuera de Tiempo,5,5,0,00:01:41,101,Logico,"16030BL        ",16030BL - PERCHA LINEA 16000 BLACK,0,0,08/06/2026 17:54:07
13415024,08/06/2026 14:43:46,08/06/2026 14:54:07,gsoderquvist,6415,00:01:22,00:10:21,82,621,Fuera de Tiempo,2,5,0,00:01:41,101,Logico,"16040BL        ",16040BL - PORTA ROLLO ACCESORIOS LINEA 16000 BLACK,0,0,08/06/2026 17:54:07
13415596,08/06/2026 15:04:49,08/06/2026 15:04:55,gsoderquvist,6415,00:00:40,00:00:06,40,6,En Tiempo,2,1,0,00:10:42,642,Excedido,"BCH01          ",BCH01 - BACHA DE APOYAR CIRCULAR 320x145,0,0,08/06/2026 18:04:55
13415619,08/06/2026 15:05:37,08/06/2026 15:05:55,gsoderquvist,6415,00:00:47,00:00:18,47,18,En Tiempo,2,2,0,00:00:42,42,Logico,"BCH01          ",BCH01 - BACHA DE APOYAR CIRCULAR 320x145,0,0,08/06/2026 18:05:55
13415619,08/06/2026 15:05:37,08/06/2026 15:05:55,gsoderquvist,6415,00:00:47,00:00:18,47,18,En Tiempo,3,2,0,00:00:42,42,Logico,"61-176         ",61-176 - LAVATORIO MONOC ALTO CR RIO,0,0,08/06/2026 18:05:55
13415733,08/06/2026 15:09:30,08/06/2026 15:10:05,gsoderquvist,6415,00:01:47,00:00:35,107,35,En Tiempo,2,8,0,00:03:35,215,Logico,"60-162N        ",60-162N - LAVATORIO BLACK C.CERAM LINEA ADRA,0,0,08/06/2026 18:10:05
13415733,08/06/2026 15:09:30,08/06/2026 15:10:05,gsoderquvist,6415,00:01:47,00:00:35,107,35,En Tiempo,2,8,0,00:03:35,215,Logico,"70-162N        ",70-162N - BIDE BLACK C.CERAM LINEA ADRA,0,0,08/06/2026 18:10:05
13415733,08/06/2026 15:09:30,08/06/2026 15:10:05,gsoderquvist,6415,00:01:47,00:00:35,107,35,En Tiempo,2,8,0,00:03:35,215,Logico,"80-166N        ",80-166N - DUCHA EMB. C/TRANSF. BLACK C.CERAM ADRA PLUS,0,0,08/06/2026 18:10:05
13415733,08/06/2026 15:09:30,08/06/2026 15:10:05,gsoderquvist,6415,00:01:47,00:00:35,107,35,En Tiempo,1,8,0,00:03:35,215,Logico,"80-168         ",80-168 - DUCHA EMB C/TRANSF MONOC CR WAVE,0,0,08/06/2026 18:10:05
13415733,08/06/2026 15:09:30,08/06/2026 15:10:05,gsoderquvist,6415,00:01:47,00:00:35,107,35,En Tiempo,2,8,0,00:03:35,215,Logico,"85-168         ",85-168 - DUCHA MONOC C/TRANSF Y DUCHADOR CR WAVE,0,0,08/06/2026 18:10:05
13415733,08/06/2026 15:09:30,08/06/2026 15:10:05,gsoderquvist,6415,00:01:47,00:00:35,107,35,En Tiempo,1,8,0,00:03:35,215,Logico,"61-168         ",61-168 - LAVATORIO MONOC ALTO CR WAVE,0,0,08/06/2026 18:10:05
13415733,08/06/2026 15:09:30,08/06/2026 15:10:05,gsoderquvist,6415,00:01:47,00:00:35,107,35,En Tiempo,1,8,0,00:03:35,215,Logico,"70-168         ",70-168 - BIDE MONOC CR WAVE,0,0,08/06/2026 18:10:05
13415733,08/06/2026 15:09:30,08/06/2026 15:10:05,gsoderquvist,6415,00:01:47,00:00:35,107,35,En Tiempo,1,8,0,00:03:35,215,Logico,"60-168         ",60-168 - LAVATORIO MONOC BAJO CR WAVE,0,0,08/06/2026 18:10:05
13415801,08/06/2026 15:11:50,08/06/2026 15:12:56,gsoderquvist,6415,00:03:30,00:01:06,210,66,En Tiempo,2,14,0,00:01:45,105,Logico,"62-163         ",62-163 - LAVATORIO PARED EMB. C.CERAM SENA,0,0,08/06/2026 18:12:56
13415801,08/06/2026 15:11:50,08/06/2026 15:12:56,gsoderquvist,6415,00:03:30,00:01:06,210,66,En Tiempo,1,14,0,00:01:45,105,Logico,"80-200N        ",80-200N - DUCHA EMB. MONOC. 3 FUNCIONES BLACK FABRIC,0,0,08/06/2026 18:12:56
13415801,08/06/2026 15:11:50,08/06/2026 15:12:56,gsoderquvist,6415,00:03:30,00:01:06,210,66,En Tiempo,2,14,0,00:01:45,105,Logico,"60-163         ",60-163 - LAVATORIO CR C.CERAM SENA,0,0,08/06/2026 18:12:56
13415801,08/06/2026 15:11:50,08/06/2026 15:12:56,gsoderquvist,6415,00:03:30,00:01:06,210,66,En Tiempo,2,14,0,00:01:45,105,Logico,"70-163         ",70-163 - BIDE CR C.CERAM SENA,0,0,08/06/2026 18:12:56
13415801,08/06/2026 15:11:50,08/06/2026 15:12:56,gsoderquvist,6415,00:03:30,00:01:06,210,66,En Tiempo,1,14,0,00:01:45,105,Logico,"20-122         ","MONOCOMANDO COCINA CR C/PICO EXTRAIBLE VALENCIA                       ",0,0,08/06/2026 18:12:56
13415801,08/06/2026 15:11:50,08/06/2026 15:12:56,gsoderquvist,6415,00:03:30,00:01:06,210,66,En Tiempo,2,14,0,00:01:45,105,Logico,"80-205         ",80-205 - DUCHA EMB. C/TRANSF. MONOC STEEL,0,0,08/06/2026 18:12:56
13415801,08/06/2026 15:11:50,08/06/2026 15:12:56,gsoderquvist,6415,00:03:30,00:01:06,210,66,En Tiempo,1,14,0,00:01:45,105,Logico,"20-190         ",20-190 - COCINA MESADA MONOC BLACK VELVET,0,0,08/06/2026 18:12:56
13415801,08/06/2026 15:11:50,08/06/2026 15:12:56,gsoderquvist,6415,00:03:30,00:01:06,210,66,En Tiempo,2,14,0,00:01:45,105,Logico,"17020G         ",17020G - TOALLERO DE ARO LINEA FABRIC GOLD,0,0,08/06/2026 18:12:56
13415801,08/06/2026 15:11:50,08/06/2026 15:12:56,gsoderquvist,6415,00:03:30,00:01:06,210,66,En Tiempo,2,14,0,00:01:45,105,Logico,"17040N         ",17040N - PORTA ROLLO LINEA FABRIC BLACK,0,0,08/06/2026 18:12:56
13415801,08/06/2026 15:11:50,08/06/2026 15:12:56,gsoderquvist,6415,00:03:30,00:01:06,210,66,En Tiempo,1,14,0,00:01:45,105,Logico,"70-200N        ",70-200N - BIDE MONOCOMANDO BLACK FABRIC,0,0,08/06/2026 18:12:56
13415801,08/06/2026 15:11:50,08/06/2026 15:12:56,gsoderquvist,6415,00:03:30,00:01:06,210,66,En Tiempo,1,14,0,00:01:45,105,Logico,"61-200N        ",61-200N - LAVATORIO MONOC ALTO FABRIC BLACK,0,0,08/06/2026 18:12:56
13415801,08/06/2026 15:11:50,08/06/2026 15:12:56,gsoderquvist,6415,00:03:30,00:01:06,210,66,En Tiempo,1,14,0,00:01:45,105,Logico,"80-152         ",80-152 - DUCHA EMB. CR C/TRANSF. MONOCOMANDO SORIA,0,0,08/06/2026 18:12:56
13415801,08/06/2026 15:11:50,08/06/2026 15:12:56,gsoderquvist,6415,00:03:30,00:01:06,210,66,En Tiempo,2,14,0,00:01:45,105,Logico,"18020          ",18020 - TOALLERO DE ARO NIQUEL LINEA BEAT,0,0,08/06/2026 18:12:56
13415801,08/06/2026 15:11:50,08/06/2026 15:12:56,gsoderquvist,6415,00:03:30,00:01:06,210,66,En Tiempo,2,14,0,00:01:45,105,Logico,"20-172         ",20-172 - COCINA MESADA MONOC. COLORS NEGRO,0,0,08/06/2026 18:12:56
13416126,08/06/2026 15:21:59,08/06/2026 15:22:15,gsoderquvist,6415,00:01:08,00:00:16,68,16,En Tiempo,1,5,0,00:09:03,543,Excedido,"60-162         ",60-162 - LAVATORIO CR C.CERAM LINEA ADRA,0,0,08/06/2026 18:22:15
13416126,08/06/2026 15:21:59,08/06/2026 15:22:15,gsoderquvist,6415,00:01:08,00:00:16,68,16,En Tiempo,1,5,0,00:09:03,543,Excedido,"80-166         ","DUCHA EMB. C/TRANSF. CR C.CERAM ADRA PLUS                             ",0,0,08/06/2026 18:22:15
13416126,08/06/2026 15:21:59,08/06/2026 15:22:15,gsoderquvist,6415,00:01:08,00:00:16,68,16,En Tiempo,1,5,0,00:09:03,543,Excedido,"70-162         ",70-162 - BIDE CR C.CERAM LINEA ADRA,0,0,08/06/2026 18:22:15
13416126,08/06/2026 15:21:59,08/06/2026 15:22:15,gsoderquvist,6415,00:01:08,00:00:16,68,16,En Tiempo,2,5,0,00:09:03,543,Excedido,"12006          ","SET DE 6 PIEZAS LINEA 12000                                           ",0,0,08/06/2026 18:22:15
13416126,08/06/2026 15:21:59,08/06/2026 15:22:15,gsoderquvist,6415,00:01:08,00:00:16,68,16,En Tiempo,1,5,0,00:09:03,543,Excedido,"3006SS         ",3006SS - SET DE 6 PIEZAS LINEA 3000 SS,0,0,08/06/2026 18:22:15
13416183,08/06/2026 15:23:48,08/06/2026 15:24:03,gsoderquvist,6415,00:00:41,00:00:15,41,15,En Tiempo,3,1,0,00:01:33,93,Logico,"80-166         ","DUCHA EMB. C/TRANSF. CR C.CERAM ADRA PLUS                             ",0,0,08/06/2026 18:24:03
13416250,08/06/2026 15:25:45,08/06/2026 15:28:23,gsoderquvist,6415,00:01:10,00:02:38,70,158,Fuera de Tiempo,16,2,0,00:01:42,102,Logico,"61-176N        ",61-176N - LAVATORIO MONOC ALTO BLACK RIO,0,0,08/06/2026 18:28:23
13416250,08/06/2026 15:25:45,08/06/2026 15:28:23,gsoderquvist,6415,00:01:10,00:02:38,70,158,Fuera de Tiempo,12,2,0,00:01:42,102,Logico,"70-176N        ",70-176N - BIDE MONOC C/TRANSF BLACK RIO,0,0,08/06/2026 18:28:23
13416463,08/06/2026 15:33:34,08/06/2026 15:34:03,gsoderquvist,6415,00:00:59,00:00:29,59,29,En Tiempo,10,2,0,00:05:11,311,Logico,"21-160         ","MONOCOMANDO DUO COCINA CROMO DIQUE                                    ",0,0,08/06/2026 18:34:03
13416463,08/06/2026 15:33:34,08/06/2026 15:34:03,gsoderquvist,6415,00:00:59,00:00:29,59,29,En Tiempo,6,2,0,00:05:11,311,Logico,"20-122S        ","MONOCOMANDO COCINA INOX C/PICO EXTRAIBLE VALENCIA                     ",0,0,08/06/2026 18:34:03
13416464,08/06/2026 15:33:34,08/06/2026 15:35:02,rodriguezt,6419,00:04:25,00:01:28,265,88,En Tiempo,2,13,0,01:09:44,4184,Excedido,"20-172         ",20-172 - COCINA MESADA MONOC. COLORS NEGRO,0,0,08/06/2026 18:35:02
13416464,08/06/2026 15:33:34,08/06/2026 15:35:02,rodriguezt,6419,00:04:25,00:01:28,265,88,En Tiempo,2,13,0,01:09:44,4184,Excedido,"20-184         ","MONOCOMANDO DE COCINA CR SUV                                          ",0,0,08/06/2026 18:35:02
13416464,08/06/2026 15:33:34,08/06/2026 15:35:02,rodriguezt,6419,00:04:25,00:01:28,265,88,En Tiempo,4,13,0,01:09:44,4184,Excedido,"20-147         ",20-147 - MONOCOMANDO DE COCINA SWIFT,0,0,08/06/2026 18:35:02
13416464,08/06/2026 15:33:34,08/06/2026 15:35:02,rodriguezt,6419,00:04:25,00:01:28,265,88,En Tiempo,4,13,0,01:09:44,4184,Excedido,"20-146N        ",20-146N - MONOCOMANDO DE COCINA BLACK LINEA MOVE,0,0,08/06/2026 18:35:02
13416464,08/06/2026 15:33:34,08/06/2026 15:35:02,rodriguezt,6419,00:04:25,00:01:28,265,88,En Tiempo,4,13,0,01:09:44,4184,Excedido,"20-146         ",20-146 - MONOCOMANDO DE COCINA CR LINEA MOVE,0,0,08/06/2026 18:35:02
13416464,08/06/2026 15:33:34,08/06/2026 15:35:02,rodriguezt,6419,00:04:25,00:01:28,265,88,En Tiempo,4,13,0,01:09:44,4184,Excedido,"20-134         ",20-134 - MONOCOMANDO COCINA BETIS,0,0,08/06/2026 18:35:02
13416464,08/06/2026 15:33:34,08/06/2026 15:35:02,rodriguezt,6419,00:04:25,00:01:28,265,88,En Tiempo,4,13,0,01:09:44,4184,Excedido,"20-102         ","20-102 - MONOCOMANDO MESADA CROMO ""RENACER""",0,0,08/06/2026 18:35:02
13416464,08/06/2026 15:33:34,08/06/2026 15:35:02,rodriguezt,6419,00:04:25,00:01:28,265,88,En Tiempo,4,13,0,01:09:44,4184,Excedido,"51-058         ",51-058 - COCINA MESADA CR C.STD MALBA,0,0,08/06/2026 18:35:02
13416464,08/06/2026 15:33:34,08/06/2026 15:35:02,rodriguezt,6419,00:04:25,00:01:28,265,88,En Tiempo,4,13,0,01:09:44,4184,Excedido,"80-058         ",80-058 - DUCHA EMB. C/TRANSF. CR C.STD MALBA,0,0,08/06/2026 18:35:02
13416464,08/06/2026 15:33:34,08/06/2026 15:35:02,rodriguezt,6419,00:04:25,00:01:28,265,88,En Tiempo,4,13,0,01:09:44,4184,Excedido,"51-190         ",51-190 - MESADA BIMANDO C.CERAM BLACK VELVET,0,0,08/06/2026 18:35:02
13416464,08/06/2026 15:33:34,08/06/2026 15:35:02,rodriguezt,6419,00:04:25,00:01:28,265,88,En Tiempo,2,13,0,01:09:44,4184,Excedido,"51-131         ",51-131 - MESADA BIMANDO CR C.CERAM MALLORCA,0,0,08/06/2026 18:35:02
13416464,08/06/2026 15:33:34,08/06/2026 15:35:02,rodriguezt,6419,00:04:25,00:01:28,265,88,En Tiempo,4,13,0,01:09:44,4184,Excedido,"51-001N        ","51-001N - COCINA MESADA ""CROMO Y""",0,0,08/06/2026 18:35:02
13416464,08/06/2026 15:33:34,08/06/2026 15:35:02,rodriguezt,6419,00:04:25,00:01:28,265,88,En Tiempo,4,13,0,01:09:44,4184,Excedido,"51-057         ",51-057 - COCINA MESADA CR C.STD VERIN PLUS,0,0,08/06/2026 18:35:02
13416545,08/06/2026 15:36:18,08/06/2026 15:39:31,rodriguezt,6419,00:07:28,00:03:13,448,193,En Tiempo,1,29,0,00:01:16,76,Logico,"20-121         ",20-121 - COCINA MSDA MONOC.P. REDONDO MARBELLA,0,0,08/06/2026 18:39:31
13416545,08/06/2026 15:36:18,08/06/2026 15:39:31,rodriguezt,6419,00:07:28,00:03:13,448,193,En Tiempo,3,29,0,00:01:16,76,Logico,"70-010         ",70-010 - BIDE BL/CR LORCA,0,0,08/06/2026 18:39:31
13416545,08/06/2026 15:36:18,08/06/2026 15:39:31,rodriguezt,6419,00:07:28,00:03:13,448,193,En Tiempo,3,29,0,00:01:16,76,Logico,"70-059         ",70-059 - BIDE BL/CR C.STD MALBA,0,0,08/06/2026 18:39:31
13416545,08/06/2026 15:36:18,08/06/2026 15:39:31,rodriguezt,6419,00:07:28,00:03:13,448,193,En Tiempo,5,29,0,00:01:16,76,Logico,"60-059         ",60-059 - LAVATORIO BL/CR C.STD MALBA,0,0,08/06/2026 18:39:31
13416545,08/06/2026 15:36:18,08/06/2026 15:39:31,rodriguezt,6419,00:07:28,00:03:13,448,193,En Tiempo,5,29,0,00:01:16,76,Logico,"80-059         ",80-059 - DUCHA EMB. C/TRANSF.BL/CR C.STD MALBA,0,0,08/06/2026 18:39:31
13416545,08/06/2026 15:36:18,08/06/2026 15:39:31,rodriguezt,6419,00:07:28,00:03:13,448,193,En Tiempo,2,29,0,00:01:16,76,Logico,"80-002         ",80-002 - DUCHA EMB C/TRANSF. RENACER,0,0,08/06/2026 18:39:31
13416545,08/06/2026 15:36:18,08/06/2026 15:39:31,rodriguezt,6419,00:07:28,00:03:13,448,193,En Tiempo,2,29,0,00:01:16,76,Logico,"50-002         ",50-002 - MESADA PICO FUNDIDO RENACER CROMO,0,0,08/06/2026 18:39:31
13416545,08/06/2026 15:36:18,08/06/2026 15:39:31,rodriguezt,6419,00:07:28,00:03:13,448,193,En Tiempo,4,29,0,00:01:16,76,Logico,"423            ","423 - DUCHA EMB. C/TRANSF.CR ""DIQUE""",0,0,08/06/2026 18:39:31
13416545,08/06/2026 15:36:18,08/06/2026 15:39:31,rodriguezt,6419,00:07:28,00:03:13,448,193,En Tiempo,3,29,0,00:01:16,76,Logico,"203            ","203 - LAVATORIO CROMO ""DIQUE""",0,0,08/06/2026 18:39:31
13416545,08/06/2026 15:36:18,08/06/2026 15:39:31,rodriguezt,6419,00:07:28,00:03:13,448,193,En Tiempo,2,29,0,00:01:16,76,Logico,"60-002         ",60-002 - LAVATORIO RENACER,0,0,08/06/2026 18:39:31
13416545,08/06/2026 15:36:18,08/06/2026 15:39:31,rodriguezt,6419,00:07:28,00:03:13,448,193,En Tiempo,1,29,0,00:01:16,76,Logico,"51-002         ",51-002 - COCINA MESADA RENACER,0,0,08/06/2026 18:39:31
13416545,08/06/2026 15:36:18,08/06/2026 15:39:31,rodriguezt,6419,00:07:28,00:03:13,448,193,En Tiempo,3,29,0,00:01:16,76,Logico,"910/M          ","910/M - JGO.MDA.P.CANO CROMO ""DIQUE""",0,0,08/06/2026 18:39:31
13416545,08/06/2026 15:36:18,08/06/2026 15:39:31,rodriguezt,6419,00:07:28,00:03:13,448,193,En Tiempo,5,29,0,00:01:16,76,Logico,"919/M          ",919/M - JGO.MDA.P.CANO CROMO LAZA,0,0,08/06/2026 18:39:31
13416545,08/06/2026 15:36:18,08/06/2026 15:39:31,rodriguezt,6419,00:07:28,00:03:13,448,193,En Tiempo,2,29,0,00:01:16,76,Logico,"215            ","215 - LAVATORIO CROMO ""MURCIA""",0,0,08/06/2026 18:39:31
13416545,08/06/2026 15:36:18,08/06/2026 15:39:31,rodriguezt,6419,00:07:28,00:03:13,448,193,En Tiempo,2,29,0,00:01:16,76,Logico,"835            ",835 - JGO.MDA. P.FUNDIDO CR MURCIA,0,0,08/06/2026 18:39:31
13416545,08/06/2026 15:36:18,08/06/2026 15:39:31,rodriguezt,6419,00:07:28,00:03:13,448,193,En Tiempo,2,29,0,00:01:16,76,Logico,"835/C          ",835/C - JGO.MDA.P.FUND. CR C.CERAM. MURCIA,0,0,08/06/2026 18:39:31
13416545,08/06/2026 15:36:18,08/06/2026 15:39:31,rodriguezt,6419,00:07:28,00:03:13,448,193,En Tiempo,3,29,0,00:01:16,76,Logico,"51-107         ",51-107 - JGO. MESADA CR C.CERAM BEDIA,0,0,08/06/2026 18:39:31
13416545,08/06/2026 15:36:18,08/06/2026 15:39:31,rodriguezt,6419,00:07:28,00:03:13,448,193,En Tiempo,1,29,0,00:01:16,76,Logico,"80-122         ",80-122 - DUCHA EMB.C/TRANSF. C.CERAM CR VALENCIA,0,0,08/06/2026 18:39:31
13416545,08/06/2026 15:36:18,08/06/2026 15:39:31,rodriguezt,6419,00:07:28,00:03:13,448,193,En Tiempo,1,29,0,00:01:16,76,Logico,"60-122         ",60-122 - LAVATORIO C.CERAM CR VALENCIA,0,0,08/06/2026 18:39:31
13416545,08/06/2026 15:36:18,08/06/2026 15:39:31,rodriguezt,6419,00:07:28,00:03:13,448,193,En Tiempo,6,29,0,00:01:16,76,Logico,"309            ","309 - BIDE CROMO ""LAZA""",0,0,08/06/2026 18:39:31
13416545,08/06/2026 15:36:18,08/06/2026 15:39:31,rodriguezt,6419,00:07:28,00:03:13,448,193,En Tiempo,6,29,0,00:01:16,76,Logico,"209            ",209 - LAVATORIO CROMO LAZA,0,0,08/06/2026 18:39:31
13416545,08/06/2026 15:36:18,08/06/2026 15:39:31,rodriguezt,6419,00:07:28,00:03:13,448,193,En Tiempo,6,29,0,00:01:16,76,Logico,"429            ","429 - DUCHA EMB.C/TRANSF.CR ""LAZA""",0,0,08/06/2026 18:39:31
13416545,08/06/2026 15:36:18,08/06/2026 15:39:31,rodriguezt,6419,00:07:28,00:03:13,448,193,En Tiempo,5,29,0,00:01:16,76,Logico,"939            ",939 - JGO.COCINA C/EXTENSIBLE CR LAZA,0,0,08/06/2026 18:39:31
13416545,08/06/2026 15:36:18,08/06/2026 15:39:31,rodriguezt,6419,00:07:28,00:03:13,448,193,En Tiempo,6,29,0,00:01:16,76,Logico,"60-001N        ","60-001N - LAVATORIO ""CROMO Y""",0,0,08/06/2026 18:39:31
13416545,08/06/2026 15:36:18,08/06/2026 15:39:31,rodriguezt,6419,00:07:28,00:03:13,448,193,En Tiempo,6,29,0,00:01:16,76,Logico,"80-001N        ","80-001N - DUCHA EMB. C/TRANSF. ""CROMO Y""",0,0,08/06/2026 18:39:31
13416545,08/06/2026 15:36:18,08/06/2026 15:39:31,rodriguezt,6419,00:07:28,00:03:13,448,193,En Tiempo,6,29,0,00:01:16,76,Logico,"70-001N        ","70-001N - BIDE ""CROMO Y""",0,0,08/06/2026 18:39:31
13416545,08/06/2026 15:36:18,08/06/2026 15:39:31,rodriguezt,6419,00:07:28,00:03:13,448,193,En Tiempo,2,29,0,00:01:16,76,Logico,"214/CR         ",214/CR - LAVATORIO CR/CR ARES,0,0,08/06/2026 18:39:31
13416545,08/06/2026 15:36:18,08/06/2026 15:39:31,rodriguezt,6419,00:07:28,00:03:13,448,193,En Tiempo,2,29,0,00:01:16,76,Logico,"814/CR         ",814/CR - MESADA P.FUNDIDO CR/CR ARES,0,0,08/06/2026 18:39:31
13416545,08/06/2026 15:36:18,08/06/2026 15:39:31,rodriguezt,6419,00:07:28,00:03:13,448,193,En Tiempo,2,29,0,00:01:16,76,Logico,"70-121         ",70-121 - BIDE C.CERAM CR MARBELLA,0,0,08/06/2026 18:39:31
13416625,08/06/2026 15:38:50,08/06/2026 15:38:55,gsoderquvist,6415,00:00:40,00:00:05,40,5,En Tiempo,2,1,0,00:04:47,287,Logico,"70-176N        ",70-176N - BIDE MONOC C/TRANSF BLACK RIO,0,0,08/06/2026 18:38:55
13416630,08/06/2026 15:38:59,08/06/2026 15:39:05,gsoderquvist,6415,00:00:41,00:00:06,41,6,En Tiempo,3,1,0,00:00:04,4,Logico,"54-203         ","COCINA PARED EXT C.CERAM ADRA MONOCOMANDO                             ",0,0,08/06/2026 18:39:05
13416713,08/06/2026 15:41:17,08/06/2026 15:41:25,gsoderquvist,6415,00:00:47,00:00:08,47,8,En Tiempo,1,3,0,00:02:12,132,Logico,"60-203N        ","LAVATORIO MONOCOMANDO BAJO ADRA BLACK                                 ",0,0,08/06/2026 18:41:25
13416713,08/06/2026 15:41:17,08/06/2026 15:41:25,gsoderquvist,6415,00:00:47,00:00:08,47,8,En Tiempo,1,3,0,00:02:12,132,Logico,"83-203N        ",83-203N - DUCHA EXT C/TRANSF. MONOCOMANDO ADRA BLACK,0,0,08/06/2026 18:41:25
13416713,08/06/2026 15:41:17,08/06/2026 15:41:25,gsoderquvist,6415,00:00:47,00:00:08,47,8,En Tiempo,1,3,0,00:02:12,132,Logico,"70-203N        ","BIDE MONOCOMANDO ADRA BLACK                                           ",0,0,08/06/2026 18:41:25
13417011,08/06/2026 15:50:19,08/06/2026 15:51:43,gsoderquvist,6415,00:02:14,00:01:24,134,84,En Tiempo,1,9,0,00:08:54,534,Excedido,"BID104N-1      ","BIDE 1 AGUJERO BLACK LINEA STONE                                      ",0,0,08/06/2026 18:51:43
13417011,08/06/2026 15:50:19,08/06/2026 15:51:43,gsoderquvist,6415,00:02:14,00:01:24,134,84,En Tiempo,1,9,0,00:08:54,534,Excedido,"INO104-2       ","DEPOSITO C/DESCARGA DUAL BLANCO LINEA STONE                           ",0,0,08/06/2026 18:51:43
13417011,08/06/2026 15:50:19,08/06/2026 15:51:43,gsoderquvist,6415,00:02:14,00:01:24,134,84,En Tiempo,1,9,0,00:08:54,534,Excedido,"INO104N-1      ","INODORO BLACK C/ASIENTO LINEA STONE                                   ",0,0,08/06/2026 18:51:43
13417011,08/06/2026 15:50:19,08/06/2026 15:51:43,gsoderquvist,6415,00:02:14,00:01:24,134,84,En Tiempo,1,9,0,00:08:54,534,Excedido,"BCH18          ",BCH18 - BACHA DE APOYAR SIMIL MARMOL 460x320x140,0,0,08/06/2026 18:51:43
13417011,08/06/2026 15:50:19,08/06/2026 15:51:43,gsoderquvist,6415,00:02:14,00:01:24,134,84,En Tiempo,10,9,0,00:08:54,534,Excedido,"84-203ST       ","DUCHA EXT C/COLUMNA CR ADRA                                           ",0,0,08/06/2026 18:51:43
13417011,08/06/2026 15:50:19,08/06/2026 15:51:43,gsoderquvist,6415,00:02:14,00:01:24,134,84,En Tiempo,1,9,0,00:08:54,534,Excedido,"70-203         ",70-203 - BIDE MONOCOMANDO ADRA,0,0,08/06/2026 18:51:43
13417011,08/06/2026 15:50:19,08/06/2026 15:51:43,gsoderquvist,6415,00:02:14,00:01:24,134,84,En Tiempo,1,9,0,00:08:54,534,Excedido,"30-132         ",30-132 - COCINA MESADA MONOC. C/DUCHADOR EXTENSIBLE VIGO,0,0,08/06/2026 18:51:43
13417011,08/06/2026 15:50:19,08/06/2026 15:51:43,gsoderquvist,6415,00:02:14,00:01:24,134,84,En Tiempo,1,9,0,00:08:54,534,Excedido,"80-168         ",80-168 - DUCHA EMB C/TRANSF MONOC CR WAVE,0,0,08/06/2026 18:51:43
13417011,08/06/2026 15:50:19,08/06/2026 15:51:43,gsoderquvist,6415,00:02:14,00:01:24,134,84,En Tiempo,1,9,0,00:08:54,534,Excedido,"61-203         ",61-203 - LAVATORIO MONOCOMANDO ALTO ADRA,0,0,08/06/2026 18:51:43
13417182,08/06/2026 15:55:27,08/06/2026 15:57:21,gsoderquvist,6415,00:03:19,00:01:54,199,114,En Tiempo,74,3,0,00:03:44,224,Logico,"10030CR        ","PERCHA LINEA 10000 MINIMALISTA                                        ",0,0,08/06/2026 18:57:21
13417182,08/06/2026 15:55:27,08/06/2026 15:57:21,gsoderquvist,6415,00:03:19,00:01:54,199,114,En Tiempo,33,3,0,00:03:44,224,Logico,"10010CR        ","TOALLERO BARRAL LINEA 10000 MINIMALISTA                               ",0,0,08/06/2026 18:57:21
13417182,08/06/2026 15:55:27,08/06/2026 15:57:21,gsoderquvist,6415,00:03:19,00:01:54,199,114,En Tiempo,54,3,0,00:03:44,224,Logico,"10040CR        ","PORTA ROLLO LINEA 10000 MINIMALISTA                                   ",0,0,08/06/2026 18:57:21
13418299,08/06/2026 16:35:20,08/06/2026 16:36:20,gsoderquvist,6415,00:00:58,00:01:00,58,60,Fuera de Tiempo,6,3,0,00:37:59,2279,Excedido,"934            ",934 - JGO.PARED PICO U C/EXT CRUZ BL/CR ARES,0,0,08/06/2026 19:36:20
13418299,08/06/2026 16:35:20,08/06/2026 16:36:20,gsoderquvist,6415,00:00:58,00:01:00,58,60,Fuera de Tiempo,3,3,0,00:37:59,2279,Excedido,"934/CR         ",934/CR - J.PARED C/EXT CRUZ CR/CR ARES,0,0,08/06/2026 19:36:20
13418299,08/06/2026 16:35:20,08/06/2026 16:36:20,gsoderquvist,6415,00:00:58,00:01:00,58,60,Fuera de Tiempo,6,3,0,00:37:59,2279,Excedido,"933            ",933 - JGO PARED C/EXT CR DIQUE,0,0,08/06/2026 19:36:20
13418330,08/06/2026 16:37:09,08/06/2026 16:44:33,gsoderquvist,6415,00:02:55,00:07:24,175,444,Fuera de Tiempo,3,12,0,00:00:49,49,Logico,"21-160         ","MONOCOMANDO DUO COCINA CROMO DIQUE                                    ",0,0,08/06/2026 19:44:33
13418330,08/06/2026 16:37:09,08/06/2026 16:44:33,gsoderquvist,6415,00:02:55,00:07:24,175,444,Fuera de Tiempo,1,12,0,00:00:49,49,Logico,"60-205         ",60-205 - LAVATORIO MONOC BAJO STEEL,0,0,08/06/2026 19:44:33
13418330,08/06/2026 16:37:09,08/06/2026 16:44:33,gsoderquvist,6415,00:02:55,00:07:24,175,444,Fuera de Tiempo,2,12,0,00:00:49,49,Logico,"83-176         ",83-176 - DUCHA EXT. C/TRANSF. MONOC CR RIO,0,0,08/06/2026 19:44:33
13418330,08/06/2026 16:37:09,08/06/2026 16:44:33,gsoderquvist,6415,00:02:55,00:07:24,175,444,Fuera de Tiempo,1,12,0,00:00:49,49,Logico,"60-176         ","LAVATORIO MONOCOMANDO BAJO CR RIO                                     ",0,0,08/06/2026 19:44:33
13418330,08/06/2026 16:37:09,08/06/2026 16:44:33,gsoderquvist,6415,00:02:55,00:07:24,175,444,Fuera de Tiempo,2,12,0,00:00:49,49,Logico,"70-176         ",70-176 - BIDE MONOC C/TRANSF CR RIO,0,0,08/06/2026 19:44:33
13418330,08/06/2026 16:37:09,08/06/2026 16:44:33,gsoderquvist,6415,00:02:55,00:07:24,175,444,Fuera de Tiempo,3,12,0,00:00:49,49,Logico,"20-205         ",20-205 - MONOCOMANDO DE COCINA STEEL,0,0,08/06/2026 19:44:33
13418330,08/06/2026 16:37:09,08/06/2026 16:44:33,gsoderquvist,6415,00:02:55,00:07:24,175,444,Fuera de Tiempo,2,12,0,00:00:49,49,Logico,"20-146N        ",20-146N - MONOCOMANDO DE COCINA BLACK LINEA MOVE,0,0,08/06/2026 19:44:33
13418330,08/06/2026 16:37:09,08/06/2026 16:44:33,gsoderquvist,6415,00:02:55,00:07:24,175,444,Fuera de Tiempo,3,12,0,00:00:49,49,Logico,"20-146         ",20-146 - MONOCOMANDO DE COCINA CR LINEA MOVE,0,0,08/06/2026 19:44:33
13418330,08/06/2026 16:37:09,08/06/2026 16:44:33,gsoderquvist,6415,00:02:55,00:07:24,175,444,Fuera de Tiempo,1,12,0,00:00:49,49,Logico,"83-203         ",83-203 - DUCHA EXT C/TRANSF. MONOCOMANDO ADRA,0,0,08/06/2026 19:44:33
13418330,08/06/2026 16:37:09,08/06/2026 16:44:33,gsoderquvist,6415,00:02:55,00:07:24,175,444,Fuera de Tiempo,2,12,0,00:00:49,49,Logico,"51-057         ",51-057 - COCINA MESADA CR C.STD VERIN PLUS,0,0,08/06/2026 19:44:33
13418330,08/06/2026 16:37:09,08/06/2026 16:44:33,gsoderquvist,6415,00:02:55,00:07:24,175,444,Fuera de Tiempo,2,12,0,00:00:49,49,Logico,"203            ","203 - LAVATORIO CROMO ""DIQUE""",0,0,08/06/2026 19:44:33
13418330,08/06/2026 16:37:09,08/06/2026 16:44:33,gsoderquvist,6415,00:02:55,00:07:24,175,444,Fuera de Tiempo,3,12,0,00:00:49,49,Logico,"403            ",403 - DUCHA EXT. C/TRANSF.CR DIQUE,0,0,08/06/2026 19:44:33
13421201,08/07/2026 06:12:39,08/07/2026 06:28:40,gsoderquvist,6415,00:01:53,00:16:01,113,961,Fuera de Tiempo,1,9,0,,,Excedido,"203            ","203 - LAVATORIO CROMO ""DIQUE""",0,0,08/07/2026 09:28:40
13421201,08/07/2026 06:12:39,08/07/2026 06:28:40,gsoderquvist,6415,00:01:53,00:16:01,113,961,Fuera de Tiempo,1,9,0,,,Excedido,"80-180         ",80-180 - DUCHA EMB. C/TRANSF. MONOCOMANDO VERA,0,0,08/07/2026 09:28:40
13421201,08/07/2026 06:12:39,08/07/2026 06:28:40,gsoderquvist,6415,00:01:53,00:16:01,113,961,Fuera de Tiempo,1,9,0,,,Excedido,"20-134         ",20-134 - MONOCOMANDO COCINA BETIS,0,0,08/07/2026 09:28:40
13421201,08/07/2026 06:12:39,08/07/2026 06:28:40,gsoderquvist,6415,00:01:53,00:16:01,113,961,Fuera de Tiempo,2,9,0,,,Excedido,"12006          ","SET DE 6 PIEZAS LINEA 12000                                           ",0,0,08/07/2026 09:28:40
13421201,08/07/2026 06:12:39,08/07/2026 06:28:40,gsoderquvist,6415,00:01:53,00:16:01,113,961,Fuera de Tiempo,1,9,0,,,Excedido,"70-180         ",70-180 - BIDE MONOCOMANDO C/TRANSF. VERA,0,0,08/07/2026 09:28:40
13421201,08/07/2026 06:12:39,08/07/2026 06:28:40,gsoderquvist,6415,00:01:53,00:16:01,113,961,Fuera de Tiempo,2,9,0,,,Excedido,"3040           ",3040 - PORTA ROLLO LINEA 3000,0,0,08/07/2026 09:28:40
13421201,08/07/2026 06:12:39,08/07/2026 06:28:40,gsoderquvist,6415,00:01:53,00:16:01,113,961,Fuera de Tiempo,1,9,0,,,Excedido,"11040          ","PORTA ROLLO LINEA 11000                                               ",0,0,08/07/2026 09:28:40
13421201,08/07/2026 06:12:39,08/07/2026 06:28:40,gsoderquvist,6415,00:01:53,00:16:01,113,961,Fuera de Tiempo,1,9,0,,,Excedido,"A813           ",A813 - DUCHA C/BRAZO Y CAMPANA CR 3 FUNCIONES,0,0,08/07/2026 09:28:40
13421201,08/07/2026 06:12:39,08/07/2026 06:28:40,gsoderquvist,6415,00:01:53,00:16:01,113,961,Fuera de Tiempo,3,9,0,,,Excedido,"A819           ",A819 - DUCHADOR ANTICALCAREO C/FLEXIBLE Y SOPORTE,0,0,08/07/2026 09:28:40
13421203,08/07/2026 06:12:57,08/07/2026 06:31:06,acejas,6417,00:09:14,00:18:09,554,1089,Fuera de Tiempo,2,32,0,,,Excedido,"A996           ",A996 - DUCHA 8' CUADRADA CR C/BRAZO Y CAMPANA,0,0,08/07/2026 09:31:06
13421203,08/07/2026 06:12:57,08/07/2026 06:31:06,acejas,6417,00:09:14,00:18:09,554,1089,Fuera de Tiempo,2,32,0,,,Excedido,"A815           ","A815 - DUCHA 8"" C/BRAZO Y CAMPANA CR",0,0,08/07/2026 09:31:06
13421203,08/07/2026 06:12:57,08/07/2026 06:31:06,acejas,6417,00:09:14,00:18:09,554,1089,Fuera de Tiempo,3,32,0,,,Excedido,"3010           ",3010 - TOALLERO BARRAL LINEA 3000,0,0,08/07/2026 09:31:06
13421203,08/07/2026 06:12:57,08/07/2026 06:31:06,acejas,6417,00:09:14,00:18:09,554,1089,Fuera de Tiempo,6,32,0,,,Excedido,"3030           ",3030 - PERCHA LINEA 3000,0,0,08/07/2026 09:31:06
13421203,08/07/2026 06:12:57,08/07/2026 06:31:06,acejas,6417,00:09:14,00:18:09,554,1089,Fuera de Tiempo,4,32,0,,,Excedido,"3050           ",3050 - JABONERA LINEA 3000,0,0,08/07/2026 09:31:06
13421203,08/07/2026 06:12:57,08/07/2026 06:31:06,acejas,6417,00:09:14,00:18:09,554,1089,Fuera de Tiempo,4,32,0,,,Excedido,"8020           ",8020 - TOALLERO DE ARO LINEA 8000,0,0,08/07/2026 09:31:06
13421203,08/07/2026 06:12:57,08/07/2026 06:31:06,acejas,6417,00:09:14,00:18:09,554,1089,Fuera de Tiempo,2,32,0,,,Excedido,"8010           ",8010 - TOALLERO BARRAL LINEA 8000,0,0,08/07/2026 09:31:06
13421203,08/07/2026 06:12:57,08/07/2026 06:31:06,acejas,6417,00:09:14,00:18:09,554,1089,Fuera de Tiempo,5,32,0,,,Excedido,"8030           ",8030 - PERCHA LINEA 8000,0,0,08/07/2026 09:31:06
13421203,08/07/2026 06:12:57,08/07/2026 06:31:06,acejas,6417,00:09:14,00:18:09,554,1089,Fuera de Tiempo,6,32,0,,,Excedido,"8040           ",8040 - PORTA ROLLO LINEA 8000,0,0,08/07/2026 09:31:06
13421203,08/07/2026 06:12:57,08/07/2026 06:31:06,acejas,6417,00:09:14,00:18:09,554,1089,Fuera de Tiempo,1,32,0,,,Excedido,"60-152         ",60-152 - LAVATORIO CR MONOCOMANDO BAJO SORIA,0,0,08/07/2026 09:31:06
13421203,08/07/2026 06:12:57,08/07/2026 06:31:06,acejas,6417,00:09:14,00:18:09,554,1089,Fuera de Tiempo,2,32,0,,,Excedido,"8006           ",8006 - SET DE 6 PIEZAS LINEA 8000,0,0,08/07/2026 09:31:06
13421203,08/07/2026 06:12:57,08/07/2026 06:31:06,acejas,6417,00:09:14,00:18:09,554,1089,Fuera de Tiempo,4,32,0,,,Excedido,"8005           ",8005 - SET DE 5 PIEZAS LINEA 8000,0,0,08/07/2026 09:31:06
13421203,08/07/2026 06:12:57,08/07/2026 06:31:06,acejas,6417,00:09:14,00:18:09,554,1089,Fuera de Tiempo,3,32,0,,,Excedido,"3005           ",3005 - SET DE 5 PIEZAS LINEA 3000,0,0,08/07/2026 09:31:06
13421203,08/07/2026 06:12:57,08/07/2026 06:31:06,acejas,6417,00:09:14,00:18:09,554,1089,Fuera de Tiempo,2,32,0,,,Excedido,"70-121         ",70-121 - BIDE C.CERAM CR MARBELLA,0,0,08/07/2026 09:31:06
13421203,08/07/2026 06:12:57,08/07/2026 06:31:06,acejas,6417,00:09:14,00:18:09,554,1089,Fuera de Tiempo,2,32,0,,,Excedido,"60-121         ",60-121 - LAVATORIO C.CERAM CR MARBELLA,0,0,08/07/2026 09:31:06
13421203,08/07/2026 06:12:57,08/07/2026 06:31:06,acejas,6417,00:09:14,00:18:09,554,1089,Fuera de Tiempo,3,32,0,,,Excedido,"933            ",933 - JGO PARED C/EXT CR DIQUE,0,0,08/07/2026 09:31:06
13421203,08/07/2026 06:12:57,08/07/2026 06:31:06,acejas,6417,00:09:14,00:18:09,554,1089,Fuera de Tiempo,3,32,0,,,Excedido,"51-131         ",51-131 - MESADA BIMANDO CR C.CERAM MALLORCA,0,0,08/07/2026 09:31:06
13421203,08/07/2026 06:12:57,08/07/2026 06:31:06,acejas,6417,00:09:14,00:18:09,554,1089,Fuera de Tiempo,2,32,0,,,Excedido,"214/CR         ",214/CR - LAVATORIO CR/CR ARES,0,0,08/07/2026 09:31:06
13421203,08/07/2026 06:12:57,08/07/2026 06:31:06,acejas,6417,00:09:14,00:18:09,554,1089,Fuera de Tiempo,2,32,0,,,Excedido,"53-001N        ","53-001N - COCINA PARED EXTERIOR PICO ALTO ""CROMO Y""",0,0,08/07/2026 09:31:06
13421203,08/07/2026 06:12:57,08/07/2026 06:31:06,acejas,6417,00:09:14,00:18:09,554,1089,Fuera de Tiempo,4,32,0,,,Excedido,"54-203         ","COCINA PARED EXT C.CERAM ADRA MONOCOMANDO                             ",0,0,08/07/2026 09:31:06
13421203,08/07/2026 06:12:57,08/07/2026 06:31:06,acejas,6417,00:09:14,00:18:09,554,1089,Fuera de Tiempo,2,32,0,,,Excedido,"70-058         ",70-058 - BIDE CR C.STD MALBA,0,0,08/07/2026 09:31:06
13421203,08/07/2026 06:12:57,08/07/2026 06:31:06,acejas,6417,00:09:14,00:18:09,554,1089,Fuera de Tiempo,3,32,0,,,Excedido,"53-002         ",53-002 - COCINA PARED EXT. P.ALTO RENACER,0,0,08/07/2026 09:31:06
13421203,08/07/2026 06:12:57,08/07/2026 06:31:06,acejas,6417,00:09:14,00:18:09,554,1089,Fuera de Tiempo,1,32,0,,,Excedido,"70-002         ",70-002 - BIDE RENACER,0,0,08/07/2026 09:31:06
13421203,08/07/2026 06:12:57,08/07/2026 06:31:06,acejas,6417,00:09:14,00:18:09,554,1089,Fuera de Tiempo,3,32,0,,,Excedido,"60-002         ",60-002 - LAVATORIO RENACER,0,0,08/07/2026 09:31:06
13421203,08/07/2026 06:12:57,08/07/2026 06:31:06,acejas,6417,00:09:14,00:18:09,554,1089,Fuera de Tiempo,1,32,0,,,Excedido,"80-136         ",80-136 - DUCHA EMB. C/TRANSF. CR C.C. MARBELLA PLUS,0,0,08/07/2026 09:31:06
13421203,08/07/2026 06:12:57,08/07/2026 06:31:06,acejas,6417,00:09:14,00:18:09,554,1089,Fuera de Tiempo,6,32,0,,,Excedido,"RA967          ",RA967 - CAMPANA VALENCIA - MALLORCA,0,0,08/07/2026 09:31:06
13421203,08/07/2026 06:12:57,08/07/2026 06:31:06,acejas,6417,00:09:14,00:18:09,554,1089,Fuera de Tiempo,2,32,0,,,Excedido,"RA803          ",RA803 - BOLSITA CON 10 TUERCAS DE 3/4 EN POLIAMIDA LAV/B,0,0,08/07/2026 09:31:06
13421203,08/07/2026 06:12:57,08/07/2026 06:31:06,acejas,6417,00:09:14,00:18:09,554,1089,Fuera de Tiempo,2,32,0,,,Excedido,"70-057         ",70-057 - BIDE C.STD VERIN PLUS,0,0,08/07/2026 09:31:06
13421203,08/07/2026 06:12:57,08/07/2026 06:31:06,acejas,6417,00:09:14,00:18:09,554,1089,Fuera de Tiempo,2,32,0,,,Excedido,"60-057         ",60-057 - LAVATORIO C.STD VERIN PLUS,0,0,08/07/2026 09:31:06
13421203,08/07/2026 06:12:57,08/07/2026 06:31:06,acejas,6417,00:09:14,00:18:09,554,1089,Fuera de Tiempo,1,32,0,,,Excedido,"80-166         ","DUCHA EMB. C/TRANSF. CR C.CERAM ADRA PLUS                             ",0,0,08/07/2026 09:31:06
13421203,08/07/2026 06:12:57,08/07/2026 06:31:06,acejas,6417,00:09:14,00:18:09,554,1089,Fuera de Tiempo,2,32,0,,,Excedido,"70-162         ",70-162 - BIDE CR C.CERAM LINEA ADRA,0,0,08/07/2026 09:31:06
13421203,08/07/2026 06:12:57,08/07/2026 06:31:06,acejas,6417,00:09:14,00:18:09,554,1089,Fuera de Tiempo,2,32,0,,,Excedido,"60-162         ",60-162 - LAVATORIO CR C.CERAM LINEA ADRA,0,0,08/07/2026 09:31:06
13421205,08/07/2026 06:13:29,08/07/2026 06:39:28,rodriguezt,6419,00:08:17,00:25:59,497,1559,Fuera de Tiempo,20,34,0,,,Excedido,"F1342          ","F1342 - JUEGO DE 2 FLEXIBLES 1/2"" x 40 cm AC.INOX.P/ MONOCOMANDO",0,0,08/07/2026 09:39:28
13421205,08/07/2026 06:13:29,08/07/2026 06:39:28,rodriguezt,6419,00:08:17,00:25:59,497,1559,Fuera de Tiempo,4,34,0,,,Excedido,"RA004          ",RA004 - CABEZAL P/TRANSF. BIDET Y DUCHA EMBUTIR,0,0,08/07/2026 09:39:28
13421205,08/07/2026 06:13:29,08/07/2026 06:39:28,rodriguezt,6419,00:08:17,00:25:59,497,1559,Fuera de Tiempo,8,34,0,,,Excedido,"RU878          ",RU878 - VIDRIO JABONERA REDONADA REPUESTO,0,0,08/07/2026 09:39:28
13421205,08/07/2026 06:13:29,08/07/2026 06:39:28,rodriguezt,6419,00:08:17,00:25:59,497,1559,Fuera de Tiempo,6,34,0,,,Excedido,"RA235          ",RA235 - CONJ. FIJACION MONOC P/MESADA 2 ESPARRAGO,0,0,08/07/2026 09:39:28
13421205,08/07/2026 06:13:29,08/07/2026 06:39:28,rodriguezt,6419,00:08:17,00:25:59,497,1559,Fuera de Tiempo,20,34,0,,,Excedido,"F1319          ","F1319 - JUEGO DE 2 FLEXIBLES 1/2"" x 30 cm AC.INOX.P/ MONOCOMANDO",0,0,08/07/2026 09:39:28
13421205,08/07/2026 06:13:29,08/07/2026 06:39:28,rodriguezt,6419,00:08:17,00:25:59,497,1559,Fuera de Tiempo,3,34,0,,,Excedido,"60-002         ",60-002 - LAVATORIO RENACER,0,0,08/07/2026 09:39:28
13421205,08/07/2026 06:13:29,08/07/2026 06:39:28,rodriguezt,6419,00:08:17,00:25:59,497,1559,Fuera de Tiempo,2,34,0,,,Excedido,"60-122         ",60-122 - LAVATORIO C.CERAM CR VALENCIA,0,0,08/07/2026 09:39:28
13421205,08/07/2026 06:13:29,08/07/2026 06:39:28,rodriguezt,6419,00:08:17,00:25:59,497,1559,Fuera de Tiempo,2,34,0,,,Excedido,"60-153         ",60-153 - LAVATORIO CR C.CERAMICO CASTILLA,0,0,08/07/2026 09:39:28
13421205,08/07/2026 06:13:29,08/07/2026 06:39:28,rodriguezt,6419,00:08:17,00:25:59,497,1559,Fuera de Tiempo,1,34,0,,,Excedido,"60-190         ",60-190 - LAVATORIO C.CERAM BLACK VELVET,0,0,08/07/2026 09:39:28
13421205,08/07/2026 06:13:29,08/07/2026 06:39:28,rodriguezt,6419,00:08:17,00:25:59,497,1559,Fuera de Tiempo,1,34,0,,,Excedido,"80-190P        ",80-190P - DUCHA EMB. C/TRANSF. C.CERAM BLACK VELVET PLUS,0,0,08/07/2026 09:39:28
13421205,08/07/2026 06:13:29,08/07/2026 06:39:28,rodriguezt,6419,00:08:17,00:25:59,497,1559,Fuera de Tiempo,1,34,0,,,Excedido,"70-190         ",70-190 - BIDE C.CERAM BLACK VELVET,0,0,08/07/2026 09:39:28
13421205,08/07/2026 06:13:29,08/07/2026 06:39:28,rodriguezt,6419,00:08:17,00:25:59,497,1559,Fuera de Tiempo,1,34,0,,,Excedido,"80-135         ",80-135 - DUCHA EMB. C/TRANSF. C.CERAM SANTANDER,0,0,08/07/2026 09:39:28
13421205,08/07/2026 06:13:29,08/07/2026 06:39:28,rodriguezt,6419,00:08:17,00:25:59,497,1559,Fuera de Tiempo,2,34,0,,,Excedido,"70-135         ",70-135 - BIDE C.CERAM SANTANDER,0,0,08/07/2026 09:39:28
13421205,08/07/2026 06:13:29,08/07/2026 06:39:28,rodriguezt,6419,00:08:17,00:25:59,497,1559,Fuera de Tiempo,6,34,0,,,Excedido,"20-102         ","20-102 - MONOCOMANDO MESADA CROMO ""RENACER""",0,0,08/07/2026 09:39:28
13421205,08/07/2026 06:13:29,08/07/2026 06:39:28,rodriguezt,6419,00:08:17,00:25:59,497,1559,Fuera de Tiempo,4,34,0,,,Excedido,"20-134         ",20-134 - MONOCOMANDO COCINA BETIS,0,0,08/07/2026 09:39:28
13421205,08/07/2026 06:13:29,08/07/2026 06:39:28,rodriguezt,6419,00:08:17,00:25:59,497,1559,Fuera de Tiempo,4,34,0,,,Excedido,"60-133         ",60-133 - LAVATORIO MONOCOMANDO LUGO,0,0,08/07/2026 09:39:28
13421205,08/07/2026 06:13:29,08/07/2026 06:39:28,rodriguezt,6419,00:08:17,00:25:59,497,1559,Fuera de Tiempo,2,34,0,,,Excedido,"70-121         ",70-121 - BIDE C.CERAM CR MARBELLA,0,0,08/07/2026 09:39:28
13421205,08/07/2026 06:13:29,08/07/2026 06:39:28,rodriguezt,6419,00:08:17,00:25:59,497,1559,Fuera de Tiempo,1,34,0,,,Excedido,"61-176N        ",61-176N - LAVATORIO MONOC ALTO BLACK RIO,0,0,08/07/2026 09:39:28
13421205,08/07/2026 06:13:29,08/07/2026 06:39:28,rodriguezt,6419,00:08:17,00:25:59,497,1559,Fuera de Tiempo,1,34,0,,,Excedido,"60-176N        ","LAVATORIO MONOCOMANDO BAJO BLACK RIO                                  ",0,0,08/07/2026 09:39:28
13421205,08/07/2026 06:13:29,08/07/2026 06:39:28,rodriguezt,6419,00:08:17,00:25:59,497,1559,Fuera de Tiempo,2,34,0,,,Excedido,"60-176         ","LAVATORIO MONOCOMANDO BAJO CR RIO                                     ",0,0,08/07/2026 09:39:28
13421205,08/07/2026 06:13:29,08/07/2026 06:39:28,rodriguezt,6419,00:08:17,00:25:59,497,1559,Fuera de Tiempo,2,34,0,,,Excedido,"61-176         ",61-176 - LAVATORIO MONOC ALTO CR RIO,0,0,08/07/2026 09:39:28
13421205,08/07/2026 06:13:29,08/07/2026 06:39:28,rodriguezt,6419,00:08:17,00:25:59,497,1559,Fuera de Tiempo,2,34,0,,,Excedido,"20-122         ","MONOCOMANDO COCINA CR C/PICO EXTRAIBLE VALENCIA                       ",0,0,08/07/2026 09:39:28
13421205,08/07/2026 06:13:29,08/07/2026 06:39:28,rodriguezt,6419,00:08:17,00:25:59,497,1559,Fuera de Tiempo,2,34,0,,,Excedido,"12004N         ","SET DE 4 PIEZAS LINEA 12000 BLACK                                     ",0,0,08/07/2026 09:39:28
13421205,08/07/2026 06:13:29,08/07/2026 06:39:28,rodriguezt,6419,00:08:17,00:25:59,497,1559,Fuera de Tiempo,2,34,0,,,Excedido,"20-172         ",20-172 - COCINA MESADA MONOC. COLORS NEGRO,0,0,08/07/2026 09:39:28
13421205,08/07/2026 06:13:29,08/07/2026 06:39:28,rodriguezt,6419,00:08:17,00:25:59,497,1559,Fuera de Tiempo,1,34,0,,,Excedido,"20-170         ",20-170 - COCINA MESADA MONOC. COLORS AZUL,0,0,08/07/2026 09:39:28
13421205,08/07/2026 06:13:29,08/07/2026 06:39:28,rodriguezt,6419,00:08:17,00:25:59,497,1559,Fuera de Tiempo,3,34,0,,,Excedido,"60-130         ",60-130 - LAVATORIO MONOCOMANDO BAJO BILBAO,0,0,08/07/2026 09:39:28
13421205,08/07/2026 06:13:29,08/07/2026 06:39:28,rodriguezt,6419,00:08:17,00:25:59,497,1559,Fuera de Tiempo,2,34,0,,,Excedido,"61-130         ",61-130 - LAVATORIO MONOCOMANDO ALTO BILBAO,0,0,08/07/2026 09:39:28
13421205,08/07/2026 06:13:29,08/07/2026 06:39:28,rodriguezt,6419,00:08:17,00:25:59,497,1559,Fuera de Tiempo,1,34,0,,,Excedido,"83-130         ",83-130 - DUCHA EXT. C/TRANSF. MONOCOMANDO BILBAO,0,0,08/07/2026 09:39:28
13421205,08/07/2026 06:13:29,08/07/2026 06:39:28,rodriguezt,6419,00:08:17,00:25:59,497,1559,Fuera de Tiempo,4,34,0,,,Excedido,"1340G          ","QUEINOX GAS MH. 1/2""x40 APROBADO POR IGA                              ",0,0,08/07/2026 09:39:28
13421205,08/07/2026 06:13:29,08/07/2026 06:39:28,rodriguezt,6419,00:08:17,00:25:59,497,1559,Fuera de Tiempo,5,34,0,,,Excedido,"1360G          ","QUEINOX GAS MH 1/2""x60 APROBADO POR IGA                               ",0,0,08/07/2026 09:39:28
13421205,08/07/2026 06:13:29,08/07/2026 06:39:28,rodriguezt,6419,00:08:17,00:25:59,497,1559,Fuera de Tiempo,4,34,0,,,Excedido,"13100G         ","QUEINOX GAS MH 1/2""x100 APROBADO POR IGA                              ",0,0,08/07/2026 09:39:28
13421205,08/07/2026 06:13:29,08/07/2026 06:39:28,rodriguezt,6419,00:08:17,00:25:59,497,1559,Fuera de Tiempo,6,34,0,,,Excedido,"3040           ",3040 - PORTA ROLLO LINEA 3000,0,0,08/07/2026 09:39:28
13421205,08/07/2026 06:13:29,08/07/2026 06:39:28,rodriguezt,6419,00:08:17,00:25:59,497,1559,Fuera de Tiempo,2,34,0,,,Excedido,"3020           ",3020 - TOALLERO DE ARO LINEA 3000,0,0,08/07/2026 09:39:28
13421205,08/07/2026 06:13:29,08/07/2026 06:39:28,rodriguezt,6419,00:08:17,00:25:59,497,1559,Fuera de Tiempo,4,34,0,,,Excedido,"3010           ",3010 - TOALLERO BARRAL LINEA 3000,0,0,08/07/2026 09:39:28
13421255,08/07/2026 06:25:14,08/07/2026 06:26:24,rodriguezt,6419,00:03:30,00:01:10,210,70,En Tiempo,1,14,0,23:45:46,-854,Logico,"BAI01NI        ",BAI01NI - BACHA EMB COCINA C/ACCESORIOS 750x450x220 NICKEL BRUSHED,0,0,08/07/2026 09:26:24
13421255,08/07/2026 06:25:14,08/07/2026 06:26:24,rodriguezt,6419,00:03:30,00:01:10,210,70,En Tiempo,2,14,0,23:45:46,-854,Logico,"BCH11BM        ",BCH11BM - BACHA DE APOYAR REDONDA BLANCO MATE 400x400x125,0,0,08/07/2026 09:26:24
13421255,08/07/2026 06:25:14,08/07/2026 06:26:24,rodriguezt,6419,00:03:30,00:01:10,210,70,En Tiempo,4,14,0,23:45:46,-854,Logico,"BCH06          ",BCH06 - BACHA DE APOYAR CIRCULAR 415x135,0,0,08/07/2026 09:26:24
13421255,08/07/2026 06:25:14,08/07/2026 06:26:24,rodriguezt,6419,00:03:30,00:01:10,210,70,En Tiempo,1,14,0,23:45:46,-854,Logico,"70-205         ",70-205 - BIDE MONOCOMANDO STEEL,0,0,08/07/2026 09:26:24
13421255,08/07/2026 06:25:14,08/07/2026 06:26:24,rodriguezt,6419,00:03:30,00:01:10,210,70,En Tiempo,2,14,0,23:45:46,-854,Logico,"61-205         ",61-205 - LAVATORIO MONOC ALTO STEEL,0,0,08/07/2026 09:26:24
13421255,08/07/2026 06:25:14,08/07/2026 06:26:24,rodriguezt,6419,00:03:30,00:01:10,210,70,En Tiempo,1,14,0,23:45:46,-854,Logico,"18040          ",18040 - PORTA ROLLO NIQUEL LINEA BEAT,0,0,08/07/2026 09:26:24
13421255,08/07/2026 06:25:14,08/07/2026 06:26:24,rodriguezt,6419,00:03:30,00:01:10,210,70,En Tiempo,2,14,0,23:45:46,-854,Logico,"61-180         ",61-180 - LAVATORIO MONOCOMANDO ALTO VERA,0,0,08/07/2026 09:26:24
13421255,08/07/2026 06:25:14,08/07/2026 06:26:24,rodriguezt,6419,00:03:30,00:01:10,210,70,En Tiempo,1,14,0,23:45:46,-854,Logico,"22-178         ",22-178 - MONOCOMANDO DE COCINA P/AGUA FILTRADA VITA,0,0,08/07/2026 09:26:24
13421255,08/07/2026 06:25:14,08/07/2026 06:26:24,rodriguezt,6419,00:03:30,00:01:10,210,70,En Tiempo,1,14,0,23:45:46,-854,Logico,"3006           ",3006 - SET DE 6 PIEZAS LINEA 3000,0,0,08/07/2026 09:26:24
13421255,08/07/2026 06:25:14,08/07/2026 06:26:24,rodriguezt,6419,00:03:30,00:01:10,210,70,En Tiempo,2,14,0,23:45:46,-854,Logico,"13006          ","SET DE 6 PIEZAS LINEA 13000                                           ",0,0,08/07/2026 09:26:24
13421255,08/07/2026 06:25:14,08/07/2026 06:26:24,rodriguezt,6419,00:03:30,00:01:10,210,70,En Tiempo,1,14,0,23:45:46,-854,Logico,"214/CR         ",214/CR - LAVATORIO CR/CR ARES,0,0,08/07/2026 09:26:24
13421255,08/07/2026 06:25:14,08/07/2026 06:26:24,rodriguezt,6419,00:03:30,00:01:10,210,70,En Tiempo,1,14,0,23:45:46,-854,Logico,"70-122         ",70-122 - BIDE C.CERAM CR VALENCIA,0,0,08/07/2026 09:26:24
13421255,08/07/2026 06:25:14,08/07/2026 06:26:24,rodriguezt,6419,00:03:30,00:01:10,210,70,En Tiempo,1,14,0,23:45:46,-854,Logico,"70-162N        ",70-162N - BIDE BLACK C.CERAM LINEA ADRA,0,0,08/07/2026 09:26:24
13421255,08/07/2026 06:25:14,08/07/2026 06:26:24,rodriguezt,6419,00:03:30,00:01:10,210,70,En Tiempo,1,14,0,23:45:46,-854,Logico,"80-166N        ",80-166N - DUCHA EMB. C/TRANSF. BLACK C.CERAM ADRA PLUS,0,0,08/07/2026 09:26:24
13421290,08/07/2026 06:31:55,08/07/2026 06:32:29,gsoderquvist,6415,00:01:21,00:00:34,81,34,En Tiempo,1,5,0,00:03:15,195,Logico,"60-162         ",60-162 - LAVATORIO CR C.CERAM LINEA ADRA,0,0,08/07/2026 09:32:29
13421290,08/07/2026 06:31:55,08/07/2026 06:32:29,gsoderquvist,6415,00:01:21,00:00:34,81,34,En Tiempo,2,5,0,00:03:15,195,Logico,"203            ","203 - LAVATORIO CROMO ""DIQUE""",0,0,08/07/2026 09:32:29
13421290,08/07/2026 06:31:55,08/07/2026 06:32:29,gsoderquvist,6415,00:01:21,00:00:34,81,34,En Tiempo,2,5,0,00:03:15,195,Logico,"20-147         ",20-147 - MONOCOMANDO DE COCINA SWIFT,0,0,08/07/2026 09:32:29
13421290,08/07/2026 06:31:55,08/07/2026 06:32:29,gsoderquvist,6415,00:01:21,00:00:34,81,34,En Tiempo,2,5,0,00:03:15,195,Logico,"20-205         ",20-205 - MONOCOMANDO DE COCINA STEEL,0,0,08/07/2026 09:32:29
13421290,08/07/2026 06:31:55,08/07/2026 06:32:29,gsoderquvist,6415,00:01:21,00:00:34,81,34,En Tiempo,1,5,0,00:03:15,195,Logico,"3006SS         ",3006SS - SET DE 6 PIEZAS LINEA 3000 SS,0,0,08/07/2026 09:32:29
13421313,08/07/2026 06:34:29,08/07/2026 06:35:54,acejas,6417,00:01:52,00:01:25,112,85,En Tiempo,10,6,0,00:03:23,203,Logico,"81-180         ",81-180 - DUCHA EMB. S/TRANSF. MONOCOMANDO VERA,0,0,08/07/2026 09:35:54
13421313,08/07/2026 06:34:29,08/07/2026 06:35:54,acejas,6417,00:01:52,00:01:25,112,85,En Tiempo,1,6,0,00:03:23,203,Logico,"60-203         ",60-203 - LAVATORIO MONOCOMANDO BAJO ADRA,0,0,08/07/2026 09:35:54
13421313,08/07/2026 06:34:29,08/07/2026 06:35:54,acejas,6417,00:01:52,00:01:25,112,85,En Tiempo,2,6,0,00:03:23,203,Logico,"3030           ",3030 - PERCHA LINEA 3000,0,0,08/07/2026 09:35:54
13421313,08/07/2026 06:34:29,08/07/2026 06:35:54,acejas,6417,00:01:52,00:01:25,112,85,En Tiempo,1,6,0,00:03:23,203,Logico,"61-205         ",61-205 - LAVATORIO MONOC ALTO STEEL,0,0,08/07/2026 09:35:54
13421313,08/07/2026 06:34:29,08/07/2026 06:35:54,acejas,6417,00:01:52,00:01:25,112,85,En Tiempo,1,6,0,00:03:23,203,Logico,"70-203         ",70-203 - BIDE MONOCOMANDO ADRA,0,0,08/07/2026 09:35:54
13421313,08/07/2026 06:34:29,08/07/2026 06:35:54,acejas,6417,00:01:52,00:01:25,112,85,En Tiempo,1,6,0,00:03:23,203,Logico,"RU878          ",RU878 - VIDRIO JABONERA REDONADA REPUESTO,0,0,08/07/2026 09:35:54
13421320,08/07/2026 06:35:18,08/07/2026 06:35:25,gsoderquvist,6415,00:00:40,00:00:07,40,7,En Tiempo,2,1,0,00:02:49,169,Logico,"20-172         ",20-172 - COCINA MESADA MONOC. COLORS NEGRO,0,0,08/07/2026 09:35:25
13421326,08/07/2026 06:36:12,08/07/2026 06:42:07,gsoderquvist,6415,00:02:14,00:05:55,134,355,Fuera de Tiempo,3,9,0,00:00:47,47,Logico,"13030          ","PERCHA LINEA 13000                                                    ",0,0,08/07/2026 09:42:07
13421326,08/07/2026 06:36:12,08/07/2026 06:42:07,gsoderquvist,6415,00:02:14,00:05:55,134,355,Fuera de Tiempo,1,9,0,00:00:47,47,Logico,"84-203         ","DUCHA EXT C/COLUMNA Y TRANSF CR ADRA                                  ",0,0,08/07/2026 09:42:07
13421326,08/07/2026 06:36:12,08/07/2026 06:42:07,gsoderquvist,6415,00:02:14,00:05:55,134,355,Fuera de Tiempo,1,9,0,00:00:47,47,Logico,"933            ",933 - JGO PARED C/EXT CR DIQUE,0,0,08/07/2026 09:42:07
13421326,08/07/2026 06:36:12,08/07/2026 06:42:07,gsoderquvist,6415,00:02:14,00:05:55,134,355,Fuera de Tiempo,1,9,0,00:00:47,47,Logico,"60-199N        ",60-199N - LAVATORIO BLACK C.CERAM LIVE,0,0,08/07/2026 09:42:07
13421326,08/07/2026 06:36:12,08/07/2026 06:42:07,gsoderquvist,6415,00:02:14,00:05:55,134,355,Fuera de Tiempo,3,9,0,00:00:47,47,Logico,"303            ","303 - BIDET CROMO ""DIQUE""",0,0,08/07/2026 09:42:07
13421326,08/07/2026 06:36:12,08/07/2026 06:42:07,gsoderquvist,6415,00:02:14,00:05:55,134,355,Fuera de Tiempo,3,9,0,00:00:47,47,Logico,"70-057         ",70-057 - BIDE C.STD VERIN PLUS,0,0,08/07/2026 09:42:07
13421326,08/07/2026 06:36:12,08/07/2026 06:42:07,gsoderquvist,6415,00:02:14,00:05:55,134,355,Fuera de Tiempo,3,9,0,00:00:47,47,Logico,"60-057         ",60-057 - LAVATORIO C.STD VERIN PLUS,0,0,08/07/2026 09:42:07
13421326,08/07/2026 06:36:12,08/07/2026 06:42:07,gsoderquvist,6415,00:02:14,00:05:55,134,355,Fuera de Tiempo,2,9,0,00:00:47,47,Logico,"RA023          ",RA023 - SOPAPA LAVATORIO / BIDET CROMO,0,0,08/07/2026 09:42:07
13421326,08/07/2026 06:36:12,08/07/2026 06:42:07,gsoderquvist,6415,00:02:14,00:05:55,134,355,Fuera de Tiempo,4,9,0,00:00:47,47,Logico,"RA025          ",RA025 - DUCHITA DE BIDE BRONCE FABRIC CROMO,0,0,08/07/2026 09:42:07
13421332,08/07/2026 06:37:08,08/07/2026 06:39:51,acejas,6417,00:01:57,00:02:43,117,163,Fuera de Tiempo,1,6,0,00:01:14,74,Logico,"20-135B        ",20-135B - MONOCOMANDO COCINA MESADA SANTANDER WHITE,0,0,08/07/2026 09:39:51
13421332,08/07/2026 06:37:08,08/07/2026 06:39:51,acejas,6417,00:01:57,00:02:43,117,163,Fuera de Tiempo,3,6,0,00:01:14,74,Logico,"51-107         ",51-107 - JGO. MESADA CR C.CERAM BEDIA,0,0,08/07/2026 09:39:51
13421332,08/07/2026 06:37:08,08/07/2026 06:39:51,acejas,6417,00:01:57,00:02:43,117,163,Fuera de Tiempo,2,6,0,00:01:14,74,Logico,"22-178         ",22-178 - MONOCOMANDO DE COCINA P/AGUA FILTRADA VITA,0,0,08/07/2026 09:39:51
13421332,08/07/2026 06:37:08,08/07/2026 06:39:51,acejas,6417,00:01:57,00:02:43,117,163,Fuera de Tiempo,6,6,0,00:01:14,74,Logico,"20-122N        ",20-122N - MONOCOMANDO COCINA C/PICO EXTRAIBLE VALENCIA BLACK,0,0,08/07/2026 09:39:51
13421332,08/07/2026 06:37:08,08/07/2026 06:39:51,acejas,6417,00:01:57,00:02:43,117,163,Fuera de Tiempo,10,6,0,00:01:14,74,Logico,"20-147         ",20-147 - MONOCOMANDO DE COCINA SWIFT,0,0,08/07/2026 09:39:51
13421332,08/07/2026 06:37:08,08/07/2026 06:39:51,acejas,6417,00:01:57,00:02:43,117,163,Fuera de Tiempo,3,6,0,00:01:14,74,Logico,"20-150         ",20-150 - MONOCOMANDO MESADA COCINA TOLEDO,0,0,08/07/2026 09:39:51
13421361,08/07/2026 06:41:41,08/07/2026 06:45:57,rodriguezt,6419,00:06:56,00:04:16,416,256,En Tiempo,3,21,0,00:02:13,133,Logico,"52-121N        ",52-121N - GRIFERIA REBATIBLE LLENADO DE OLLAS MARBELLA BLACK,0,0,08/07/2026 09:45:57
13421361,08/07/2026 06:41:41,08/07/2026 06:45:57,rodriguezt,6419,00:06:56,00:04:16,416,256,En Tiempo,2,21,0,00:02:13,133,Logico,"30-132         ",30-132 - COCINA MESADA MONOC. C/DUCHADOR EXTENSIBLE VIGO,0,0,08/07/2026 09:45:57
13421361,08/07/2026 06:41:41,08/07/2026 06:45:57,rodriguezt,6419,00:06:56,00:04:16,416,256,En Tiempo,2,21,0,00:02:13,133,Logico,"61-200N        ",61-200N - LAVATORIO MONOC ALTO FABRIC BLACK,0,0,08/07/2026 09:45:57
13421361,08/07/2026 06:41:41,08/07/2026 06:45:57,rodriguezt,6419,00:06:56,00:04:16,416,256,En Tiempo,4,21,0,00:02:13,133,Logico,"18040          ",18040 - PORTA ROLLO NIQUEL LINEA BEAT,0,0,08/07/2026 09:45:57
13421361,08/07/2026 06:41:41,08/07/2026 06:45:57,rodriguezt,6419,00:06:56,00:04:16,416,256,En Tiempo,4,21,0,00:02:13,133,Logico,"18010          ",18010 - TOALLERO BARRAL NIQUEL LINEA BEAT,0,0,08/07/2026 09:45:57
13421361,08/07/2026 06:41:41,08/07/2026 06:45:57,rodriguezt,6419,00:06:56,00:04:16,416,256,En Tiempo,6,21,0,00:02:13,133,Logico,"18020          ",18020 - TOALLERO DE ARO NIQUEL LINEA BEAT,0,0,08/07/2026 09:45:57
13421361,08/07/2026 06:41:41,08/07/2026 06:45:57,rodriguezt,6419,00:06:56,00:04:16,416,256,En Tiempo,3,21,0,00:02:13,133,Logico,"70-180         ",70-180 - BIDE MONOCOMANDO C/TRANSF. VERA,0,0,08/07/2026 09:45:57
13421361,08/07/2026 06:41:41,08/07/2026 06:45:57,rodriguezt,6419,00:06:56,00:04:16,416,256,En Tiempo,2,21,0,00:02:13,133,Logico,"70-176         ",70-176 - BIDE MONOC C/TRANSF CR RIO,0,0,08/07/2026 09:45:57
13421361,08/07/2026 06:41:41,08/07/2026 06:45:57,rodriguezt,6419,00:06:56,00:04:16,416,256,En Tiempo,2,21,0,00:02:13,133,Logico,"20-146         ",20-146 - MONOCOMANDO DE COCINA CR LINEA MOVE,0,0,08/07/2026 09:45:57
13421361,08/07/2026 06:41:41,08/07/2026 06:45:57,rodriguezt,6419,00:06:56,00:04:16,416,256,En Tiempo,3,21,0,00:02:13,133,Logico,"20-134         ",20-134 - MONOCOMANDO COCINA BETIS,0,0,08/07/2026 09:45:57
13421361,08/07/2026 06:41:41,08/07/2026 06:45:57,rodriguezt,6419,00:06:56,00:04:16,416,256,En Tiempo,1,21,0,00:02:13,133,Logico,"BCH11N         ",BCH11N - BACHA DE APOYAR REDONDA NEGRO MATE 400x400x125,0,0,08/07/2026 09:45:57
13421361,08/07/2026 06:41:41,08/07/2026 06:45:57,rodriguezt,6419,00:06:56,00:04:16,416,256,En Tiempo,3,21,0,00:02:13,133,Logico,"BCH04/1        ",BCH04/1 - BACHA DE APOYAR CUADRADA 1 AG 420x420x125,0,0,08/07/2026 09:45:57
13421361,08/07/2026 06:41:41,08/07/2026 06:45:57,rodriguezt,6419,00:06:56,00:04:16,416,256,En Tiempo,2,21,0,00:02:13,133,Logico,"62-100G        ",62-100G - LAVATORIO DE PARED GOLD C.CERAM FABRIC,0,0,08/07/2026 09:45:57
13421361,08/07/2026 06:41:41,08/07/2026 06:45:57,rodriguezt,6419,00:06:56,00:04:16,416,256,En Tiempo,4,21,0,00:02:13,133,Logico,"60-100G        ",60-100G - LAVATORIO GOLD C.CERAM FABRIC,0,0,08/07/2026 09:45:57
13421361,08/07/2026 06:41:41,08/07/2026 06:45:57,rodriguezt,6419,00:06:56,00:04:16,416,256,En Tiempo,4,21,0,00:02:13,133,Logico,"60-100N        ",60-100N - LAVATORIO BLACK C.CERAM FABRIC,0,0,08/07/2026 09:45:57
13421361,08/07/2026 06:41:41,08/07/2026 06:45:57,rodriguezt,6419,00:06:56,00:04:16,416,256,En Tiempo,2,21,0,00:02:13,133,Logico,"62-100NI       ",62-100NI - LAVATORIO DE PARED NICKEL C.CERAM FABRIC,0,0,08/07/2026 09:45:57
13421361,08/07/2026 06:41:41,08/07/2026 06:45:57,rodriguezt,6419,00:06:56,00:04:16,416,256,En Tiempo,2,21,0,00:02:13,133,Logico,"80-353NI       ",80-353NI - DUCHA DE EMB 3 FUNCIONES BEAT NICKEL,0,0,08/07/2026 09:45:57
13421361,08/07/2026 06:41:41,08/07/2026 06:45:57,rodriguezt,6419,00:06:56,00:04:16,416,256,En Tiempo,2,21,0,00:02:13,133,Logico,"80-199N        ",80-199N - DUCHA EMB. C/TRANSF. BLACK C.CERAM LIVE,0,0,08/07/2026 09:45:57
13421361,08/07/2026 06:41:41,08/07/2026 06:45:57,rodriguezt,6419,00:06:56,00:04:16,416,256,En Tiempo,2,21,0,00:02:13,133,Logico,"70-199N        ",70-199N - BIDE BLACK C.CERAM LIVE,0,0,08/07/2026 09:45:57
13421361,08/07/2026 06:41:41,08/07/2026 06:45:57,rodriguezt,6419,00:06:56,00:04:16,416,256,En Tiempo,4,21,0,00:02:13,133,Logico,"60-199N        ",60-199N - LAVATORIO BLACK C.CERAM LIVE,0,0,08/07/2026 09:45:57
13421361,08/07/2026 06:41:41,08/07/2026 06:45:57,rodriguezt,6419,00:06:56,00:04:16,416,256,En Tiempo,6,21,0,00:02:13,133,Logico,"62-122         ",62-122 - LAVATORIO PARED C.CERAM CR VALENCIA,0,0,08/07/2026 09:45:57
13421373,08/07/2026 06:43:58,08/07/2026 06:45:37,acejas,6417,00:00:59,00:01:39,59,99,Fuera de Tiempo,12,2,0,00:04:07,247,Logico,"3006           ",3006 - SET DE 6 PIEZAS LINEA 3000,0,0,08/07/2026 09:45:37
13421373,08/07/2026 06:43:58,08/07/2026 06:45:37,acejas,6417,00:00:59,00:01:39,59,99,Fuera de Tiempo,12,2,0,00:04:07,247,Logico,"3005           ",3005 - SET DE 5 PIEZAS LINEA 3000,0,0,08/07/2026 09:45:37
13421389,08/07/2026 06:46:08,08/07/2026 06:48:05,acejas,6417,00:00:56,00:01:57,56,117,Fuera de Tiempo,1,3,0,00:00:31,31,Logico,"RA773C         ",RA773C - CAMPANA C/BUJE ARES/BEDIA/MURCIA,0,0,08/07/2026 09:48:05
13421389,08/07/2026 06:46:08,08/07/2026 06:48:05,acejas,6417,00:00:56,00:01:57,56,117,Fuera de Tiempo,1,3,0,00:00:31,31,Logico,"RA874          ",RA874 - 10 BUJES SUJETA CAMPANA DE BAÑO NEGRO,0,0,08/07/2026 09:48:05
13421389,08/07/2026 06:46:08,08/07/2026 06:48:05,acejas,6417,00:00:56,00:01:57,56,117,Fuera de Tiempo,6,3,0,00:00:31,31,Logico,"83-133         ",83-133 - DUCHA EXT. C/TRANSF. MONOCOMANDO LUGO,0,0,08/07/2026 09:48:05
13421404,08/07/2026 06:48:17,08/07/2026 06:48:28,gsoderquvist,6415,00:00:47,00:00:11,47,11,En Tiempo,1,3,0,00:06:10,370,Excedido,"LG02N61        ",LG02N61 - LAVATORIO MONOC ALTO BLACK GINEBRA,0,0,08/07/2026 09:48:28
13421404,08/07/2026 06:48:17,08/07/2026 06:48:28,gsoderquvist,6415,00:00:47,00:00:11,47,11,En Tiempo,1,3,0,00:06:10,370,Excedido,"LG02C61        ",LG02C61 - LAVATORIO MONOC ALTO CROMO GINEBRA,0,0,08/07/2026 09:48:28
13421404,08/07/2026 06:48:17,08/07/2026 06:48:28,gsoderquvist,6415,00:00:47,00:00:11,47,11,En Tiempo,2,3,0,00:06:10,370,Excedido,"LG02N20        ","MONOCOMANDO COCINA BLACK GINEBRA                                      ",0,0,08/07/2026 09:48:28
13421411,08/07/2026 06:49:09,08/07/2026 06:51:24,gsoderquvist,6415,00:00:41,00:02:15,41,135,Fuera de Tiempo,4,1,0,00:00:41,41,Logico,"63-180         ",63-180 - LAVATORIO MONOC. DE PARED VERA,0,0,08/07/2026 09:51:24
13421420,08/07/2026 06:50:40,08/07/2026 06:57:50,acejas,6417,00:05:37,00:07:10,337,430,Fuera de Tiempo,100,10,0,00:02:35,155,Logico,"RA001          ",RA001 - CABEZAL STD NO ASCENDENTE,0,0,08/07/2026 09:57:50
13421420,08/07/2026 06:50:40,08/07/2026 06:57:50,acejas,6417,00:05:37,00:07:10,337,430,Fuera de Tiempo,2,10,0,00:02:35,155,Logico,"70-059         ",70-059 - BIDE BL/CR C.STD MALBA,0,0,08/07/2026 09:57:50
13421420,08/07/2026 06:50:40,08/07/2026 06:57:50,acejas,6417,00:05:37,00:07:10,337,430,Fuera de Tiempo,4,10,0,00:02:35,155,Logico,"60-059         ",60-059 - LAVATORIO BL/CR C.STD MALBA,0,0,08/07/2026 09:57:50
13421420,08/07/2026 06:50:40,08/07/2026 06:57:50,acejas,6417,00:05:37,00:07:10,337,430,Fuera de Tiempo,3,10,0,00:02:35,155,Logico,"80-059         ",80-059 - DUCHA EMB. C/TRANSF.BL/CR C.STD MALBA,0,0,08/07/2026 09:57:50
13421420,08/07/2026 06:50:40,08/07/2026 06:57:50,acejas,6417,00:05:37,00:07:10,337,430,Fuera de Tiempo,4,10,0,00:02:35,155,Logico,"51-059         ",51-059 - COCINA MESADA BL/CR C.STD MALBA,0,0,08/07/2026 09:57:50
13421420,08/07/2026 06:50:40,08/07/2026 06:57:50,acejas,6417,00:05:37,00:07:10,337,430,Fuera de Tiempo,3,10,0,00:02:35,155,Logico,"429            ","429 - DUCHA EMB.C/TRANSF.CR ""LAZA""",0,0,08/07/2026 09:57:50
13421420,08/07/2026 06:50:40,08/07/2026 06:57:50,acejas,6417,00:05:37,00:07:10,337,430,Fuera de Tiempo,2,10,0,00:02:35,155,Logico,"949            ",949 - JGO.COC.PARED.EMB. CR LAZA,0,0,08/07/2026 09:57:50
13421420,08/07/2026 06:50:40,08/07/2026 06:57:50,acejas,6417,00:05:37,00:07:10,337,430,Fuera de Tiempo,2,10,0,00:02:35,155,Logico,"209            ",209 - LAVATORIO CROMO LAZA,0,0,08/07/2026 09:57:50
13421420,08/07/2026 06:50:40,08/07/2026 06:57:50,acejas,6417,00:05:37,00:07:10,337,430,Fuera de Tiempo,3,10,0,00:02:35,155,Logico,"939            ",939 - JGO.COCINA C/EXTENSIBLE CR LAZA,0,0,08/07/2026 09:57:50
13421420,08/07/2026 06:50:40,08/07/2026 06:57:50,acejas,6417,00:05:37,00:07:10,337,430,Fuera de Tiempo,1,10,0,00:02:35,155,Logico,"469            ","469 - DUCHA EMB. S/TRANSF.CR ""LAZA""",0,0,08/07/2026 09:57:50
13421429,08/07/2026 06:52:00,08/07/2026 06:58:34,gsoderquvist,6415,00:01:24,00:06:34,84,394,Fuera de Tiempo,1,3,0,00:00:36,36,Logico,"21200          ",21200 - ESQUINERO ORGANIZADOR 19x19x7,0,0,08/07/2026 09:58:34
13421429,08/07/2026 06:52:00,08/07/2026 06:58:34,gsoderquvist,6415,00:01:24,00:06:34,84,394,Fuera de Tiempo,26,3,0,00:00:36,36,Logico,"12004N         ","SET DE 4 PIEZAS LINEA 12000 BLACK                                     ",0,0,08/07/2026 09:58:34
13421429,08/07/2026 06:52:00,08/07/2026 06:58:34,gsoderquvist,6415,00:01:24,00:06:34,84,394,Fuera de Tiempo,10,3,0,00:00:36,36,Logico,"21100N         ",21100N - ESTANTE ORGANIZADOR RECTANGULAR BLACK 25x12x7,0,0,08/07/2026 09:58:34
13421501,08/07/2026 07:01:12,08/07/2026 07:02:30,gsoderquvist,6415,00:01:06,00:01:18,66,78,Fuera de Tiempo,6,3,0,00:02:38,158,Logico,"LG01C20        ",LG01C20 - MONOCOMANDO COCINA CR LUCERNA,0,0,08/07/2026 10:02:30
13421501,08/07/2026 07:01:12,08/07/2026 07:02:30,gsoderquvist,6415,00:01:06,00:01:18,66,78,Fuera de Tiempo,6,3,0,00:02:38,158,Logico,"LG02C20        ","MONOCOMANDO COCINA CR GINEBRA                                         ",0,0,08/07/2026 10:02:30
13421501,08/07/2026 07:01:12,08/07/2026 07:02:30,gsoderquvist,6415,00:01:06,00:01:18,66,78,Fuera de Tiempo,4,3,0,00:02:38,158,Logico,"LG05C20        ","MONOCOMANDO DE COCINA CR BLAUEN                                       ",0,0,08/07/2026 10:02:30
13421503,08/07/2026 07:01:16,08/07/2026 07:02:18,rodriguezt,6419,00:00:49,00:01:02,49,62,Fuera de Tiempo,2,3,0,00:15:19,919,Excedido,"BCH18          ",BCH18 - BACHA DE APOYAR SIMIL MARMOL 460x320x140,0,0,08/07/2026 10:02:18
13421503,08/07/2026 07:01:16,08/07/2026 07:02:18,rodriguezt,6419,00:00:49,00:01:02,49,62,Fuera de Tiempo,2,3,0,00:15:19,919,Excedido,"62-175DG       ",62-175DG - LAVATORIO DE PARED PULSE DARK GOLD C.CERAM,0,0,08/07/2026 10:02:18
13421503,08/07/2026 07:01:16,08/07/2026 07:02:18,rodriguezt,6419,00:00:49,00:01:02,49,62,Fuera de Tiempo,1,3,0,00:15:19,919,Excedido,"20-184         ","MONOCOMANDO DE COCINA CR SUV                                          ",0,0,08/07/2026 10:02:18
13421506,08/07/2026 07:01:37,08/07/2026 07:10:03,rodriguezt,6419,00:06:05,00:08:26,365,506,Fuera de Tiempo,4,29,0,23:59:19,-41,Logico,"61-168         ",61-168 - LAVATORIO MONOC ALTO CR WAVE,0,0,08/07/2026 10:10:03
13421506,08/07/2026 07:01:37,08/07/2026 07:10:03,rodriguezt,6419,00:06:05,00:08:26,365,506,Fuera de Tiempo,4,29,0,23:59:19,-41,Logico,"70-168         ",70-168 - BIDE MONOC CR WAVE,0,0,08/07/2026 10:10:03
13421506,08/07/2026 07:01:37,08/07/2026 07:10:03,rodriguezt,6419,00:06:05,00:08:26,365,506,Fuera de Tiempo,1,29,0,23:59:19,-41,Logico,"70-193         ",70-193 - BIDE MONOCOMANDO MORA,0,0,08/07/2026 10:10:03
13421506,08/07/2026 07:01:37,08/07/2026 07:10:03,rodriguezt,6419,00:06:05,00:08:26,365,506,Fuera de Tiempo,1,29,0,23:59:19,-41,Logico,"61-200G        ",61-200G - LAVATORIO MONOC ALTO GOLD FABRIC,0,0,08/07/2026 10:10:03
13421506,08/07/2026 07:01:37,08/07/2026 07:10:03,rodriguezt,6419,00:06:05,00:08:26,365,506,Fuera de Tiempo,3,29,0,23:59:19,-41,Logico,"20-121         ",20-121 - COCINA MSDA MONOC.P. REDONDO MARBELLA,0,0,08/07/2026 10:10:03
13421506,08/07/2026 07:01:37,08/07/2026 07:10:03,rodriguezt,6419,00:06:05,00:08:26,365,506,Fuera de Tiempo,1,29,0,23:59:19,-41,Logico,"70-152         ",70-152 - BIDE MONOCOMANDO CR C/TRANSFERENCIA SORIA,0,0,08/07/2026 10:10:03
13421506,08/07/2026 07:01:37,08/07/2026 07:10:03,rodriguezt,6419,00:06:05,00:08:26,365,506,Fuera de Tiempo,2,29,0,23:59:19,-41,Logico,"80-152         ",80-152 - DUCHA EMB. CR C/TRANSF. MONOCOMANDO SORIA,0,0,08/07/2026 10:10:03
13421506,08/07/2026 07:01:37,08/07/2026 07:10:03,rodriguezt,6419,00:06:05,00:08:26,365,506,Fuera de Tiempo,4,29,0,23:59:19,-41,Logico,"61-180         ",61-180 - LAVATORIO MONOCOMANDO ALTO VERA,0,0,08/07/2026 10:10:03
13421506,08/07/2026 07:01:37,08/07/2026 07:10:03,rodriguezt,6419,00:06:05,00:08:26,365,506,Fuera de Tiempo,3,29,0,23:59:19,-41,Logico,"70-180         ",70-180 - BIDE MONOCOMANDO C/TRANSF. VERA,0,0,08/07/2026 10:10:03
13421506,08/07/2026 07:01:37,08/07/2026 07:10:03,rodriguezt,6419,00:06:05,00:08:26,365,506,Fuera de Tiempo,2,29,0,23:59:19,-41,Logico,"20-150         ",20-150 - MONOCOMANDO MESADA COCINA TOLEDO,0,0,08/07/2026 10:10:03
13421506,08/07/2026 07:01:37,08/07/2026 07:10:03,rodriguezt,6419,00:06:05,00:08:26,365,506,Fuera de Tiempo,1,29,0,23:59:19,-41,Logico,"60-193         ",60-193 - LAVATORIO MONOCOMANDO BAJO MORA,0,0,08/07/2026 10:10:03
13421506,08/07/2026 07:01:37,08/07/2026 07:10:03,rodriguezt,6419,00:06:05,00:08:26,365,506,Fuera de Tiempo,3,29,0,23:59:19,-41,Logico,"11006          ","SET DE 6 PIEZAS LINEA 11000                                           ",0,0,08/07/2026 10:10:03
13421506,08/07/2026 07:01:37,08/07/2026 07:10:03,rodriguezt,6419,00:06:05,00:08:26,365,506,Fuera de Tiempo,6,29,0,23:59:19,-41,Logico,"3006           ",3006 - SET DE 6 PIEZAS LINEA 3000,0,0,08/07/2026 10:10:03
13421506,08/07/2026 07:01:37,08/07/2026 07:10:03,rodriguezt,6419,00:06:05,00:08:26,365,506,Fuera de Tiempo,4,29,0,23:59:19,-41,Logico,"60-133         ",60-133 - LAVATORIO MONOCOMANDO LUGO,0,0,08/07/2026 10:10:03
13421506,08/07/2026 07:01:37,08/07/2026 07:10:03,rodriguezt,6419,00:06:05,00:08:26,365,506,Fuera de Tiempo,3,29,0,23:59:19,-41,Logico,"BCH07          ",BCH07 - BACHA DE APOYAR OVALADA 400x330x150,0,0,08/07/2026 10:10:03
13421506,08/07/2026 07:01:37,08/07/2026 07:10:03,rodriguezt,6419,00:06:05,00:08:26,365,506,Fuera de Tiempo,2,29,0,23:59:19,-41,Logico,"BCH18          ",BCH18 - BACHA DE APOYAR SIMIL MARMOL 460x320x140,0,0,08/07/2026 10:10:03
13421506,08/07/2026 07:01:37,08/07/2026 07:10:03,rodriguezt,6419,00:06:05,00:08:26,365,506,Fuera de Tiempo,2,29,0,23:59:19,-41,Logico,"80-180         ",80-180 - DUCHA EMB. C/TRANSF. MONOCOMANDO VERA,0,0,08/07/2026 10:10:03
13421506,08/07/2026 07:01:37,08/07/2026 07:10:03,rodriguezt,6419,00:06:05,00:08:26,365,506,Fuera de Tiempo,3,29,0,23:59:19,-41,Logico,"934/CR         ",934/CR - J.PARED C/EXT CRUZ CR/CR ARES,0,0,08/07/2026 10:10:03
13421506,08/07/2026 07:01:37,08/07/2026 07:10:03,rodriguezt,6419,00:06:05,00:08:26,365,506,Fuera de Tiempo,1,29,0,23:59:19,-41,Logico,"80-100G        ",80-100G - DUCHA EMB. C/TRANSF. GOLD C.CERAM FABRIC,0,0,08/07/2026 10:10:03
13421506,08/07/2026 07:01:37,08/07/2026 07:10:03,rodriguezt,6419,00:06:05,00:08:26,365,506,Fuera de Tiempo,2,29,0,23:59:19,-41,Logico,"70-153         ",70-153 - BIDE CR C.CERAM CASTILLA,0,0,08/07/2026 10:10:03
13421506,08/07/2026 07:01:37,08/07/2026 07:10:03,rodriguezt,6419,00:06:05,00:08:26,365,506,Fuera de Tiempo,2,29,0,23:59:19,-41,Logico,"80-153         ",80-153 - DUCHA EMB. C/TRANSF. CR C.CERAM CASTILLA,0,0,08/07/2026 10:10:03
13421506,08/07/2026 07:01:37,08/07/2026 07:10:03,rodriguezt,6419,00:06:05,00:08:26,365,506,Fuera de Tiempo,1,29,0,23:59:19,-41,Logico,"60-153         ",60-153 - LAVATORIO CR C.CERAMICO CASTILLA,0,0,08/07/2026 10:10:03
13421506,08/07/2026 07:01:37,08/07/2026 07:10:03,rodriguezt,6419,00:06:05,00:08:26,365,506,Fuera de Tiempo,3,29,0,23:59:19,-41,Logico,"60-203         ",60-203 - LAVATORIO MONOCOMANDO BAJO ADRA,0,0,08/07/2026 10:10:03
13421506,08/07/2026 07:01:37,08/07/2026 07:10:03,rodriguezt,6419,00:06:05,00:08:26,365,506,Fuera de Tiempo,2,29,0,23:59:19,-41,Logico,"51-107         ",51-107 - JGO. MESADA CR C.CERAM BEDIA,0,0,08/07/2026 10:10:03
13421506,08/07/2026 07:01:37,08/07/2026 07:10:03,rodriguezt,6419,00:06:05,00:08:26,365,506,Fuera de Tiempo,4,29,0,23:59:19,-41,Logico,"80-168         ",80-168 - DUCHA EMB C/TRANSF MONOC CR WAVE,0,0,08/07/2026 10:10:03
13421506,08/07/2026 07:01:37,08/07/2026 07:10:03,rodriguezt,6419,00:06:05,00:08:26,365,506,Fuera de Tiempo,1,29,0,23:59:19,-41,Logico,"70-199         ",70-199 - BIDE CR C.CERAM LIVE,0,0,08/07/2026 10:10:03
13421506,08/07/2026 07:01:37,08/07/2026 07:10:03,rodriguezt,6419,00:06:05,00:08:26,365,506,Fuera de Tiempo,1,29,0,23:59:19,-41,Logico,"60-199         ",60-199 - LAVATORIO CR C.CERAM LIVE,0,0,08/07/2026 10:10:03
13421506,08/07/2026 07:01:37,08/07/2026 07:10:03,rodriguezt,6419,00:06:05,00:08:26,365,506,Fuera de Tiempo,2,29,0,23:59:19,-41,Logico,"80-138         ",80-138 - DUCHA EMB. C/TRANSF. CR C.CERAM VALENCIA PLUS,0,0,08/07/2026 10:10:03
13421506,08/07/2026 07:01:37,08/07/2026 07:10:03,rodriguezt,6419,00:06:05,00:08:26,365,506,Fuera de Tiempo,3,29,0,23:59:19,-41,Logico,"AB-001         ",AB-001 - AGARRADERA ACERO INOX CROMADO 30 CM SAFE,0,0,08/07/2026 10:10:03
13421534,08/07/2026 07:05:48,08/07/2026 07:26:06,acejas,6417,00:10:54,00:20:18,654,1218,Fuera de Tiempo,100,12,0,00:07:58,478,Excedido,"RA001          ",RA001 - CABEZAL STD NO ASCENDENTE,0,0,08/07/2026 10:26:06
13421534,08/07/2026 07:05:48,08/07/2026 07:26:06,acejas,6417,00:10:54,00:20:18,654,1218,Fuera de Tiempo,20,12,0,00:07:58,478,Excedido,"RA920N         ",RA920N - VOLANTE BLACK VELVET,0,0,08/07/2026 10:26:06
13421534,08/07/2026 07:05:48,08/07/2026 07:26:06,acejas,6417,00:10:54,00:20:18,654,1218,Fuera de Tiempo,30,12,0,00:07:58,478,Excedido,"RA1169         ",RA1169 - CAMPANA BLACK VELVET,0,0,08/07/2026 10:26:06
13421534,08/07/2026 07:05:48,08/07/2026 07:26:06,acejas,6417,00:10:54,00:20:18,654,1218,Fuera de Tiempo,20,12,0,00:07:58,478,Excedido,"RA1268G        ",RA1268G - CAMPANA LAVATORIO / DUCHA FABRIC GOLD,0,0,08/07/2026 10:26:06
13421534,08/07/2026 07:05:48,08/07/2026 07:26:06,acejas,6417,00:10:54,00:20:18,654,1218,Fuera de Tiempo,31,12,0,00:07:58,478,Excedido,"RA023G         ",RA023G - SOPAPA LAVATORIO / BIDE FABRIC GOLD,0,0,08/07/2026 10:26:06
13421534,08/07/2026 07:05:48,08/07/2026 07:26:06,acejas,6417,00:10:54,00:20:18,654,1218,Fuera de Tiempo,10,12,0,00:07:58,478,Excedido,"RA1198         ",RA1198 - FLEXIBLE EXTENSIBLE PARA MONOC VIGO,0,0,08/07/2026 10:26:06
13421534,08/07/2026 07:05:48,08/07/2026 07:26:06,acejas,6417,00:10:54,00:20:18,654,1218,Fuera de Tiempo,80,12,0,00:07:58,478,Excedido,"RA1189         ",RA1189 - SET PROLONGADOR P/VASTAGO Y CAMPANA (x3),0,0,08/07/2026 10:26:06
13421534,08/07/2026 07:05:48,08/07/2026 07:26:06,acejas,6417,00:10:54,00:20:18,654,1218,Fuera de Tiempo,5,12,0,00:07:58,478,Excedido,"RA1088         ",RA1088 - TRANSFERENCIA COMPLETA DUCHA EMB. SORIA,0,0,08/07/2026 10:26:06
13421534,08/07/2026 07:05:48,08/07/2026 07:26:06,acejas,6417,00:10:54,00:20:18,654,1218,Fuera de Tiempo,10,12,0,00:07:58,478,Excedido,"RA1069         ",RA1069 - VOLANTE CASTILLA STD,0,0,08/07/2026 10:26:06
13421534,08/07/2026 07:05:48,08/07/2026 07:26:06,acejas,6417,00:10:54,00:20:18,654,1218,Fuera de Tiempo,20,12,0,00:07:58,478,Excedido,"RU879          ",RU879 - VASO ESMERILADO REDONDO REPUESTO,0,0,08/07/2026 10:26:06
13421534,08/07/2026 07:05:48,08/07/2026 07:26:06,acejas,6417,00:10:54,00:20:18,654,1218,Fuera de Tiempo,10,12,0,00:07:58,478,Excedido,"RA1203N        ",RA1203N - VOLANTE FABRIC BLACK,0,0,08/07/2026 10:26:06
13421534,08/07/2026 07:05:48,08/07/2026 07:26:06,acejas,6417,00:10:54,00:20:18,654,1218,Fuera de Tiempo,10,12,0,00:07:58,478,Excedido,"RA1224         ",RA1224 - TRANSFERENCIA COMPLETA DUCHA EMB VERA,0,0,08/07/2026 10:26:06
13421554,08/07/2026 07:09:23,08/07/2026 07:33:39,gsoderquvist,6415,00:04:34,00:24:16,274,1456,Fuera de Tiempo,4,17,0,00:06:53,413,Excedido,"BCH04/1        ",BCH04/1 - BACHA DE APOYAR CUADRADA 1 AG 420x420x125,0,0,08/07/2026 10:33:39
13421554,08/07/2026 07:09:23,08/07/2026 07:33:39,gsoderquvist,6415,00:04:34,00:24:16,274,1456,Fuera de Tiempo,2,17,0,00:06:53,413,Excedido,"BCH13          ",BCH13 - BACHA DE APOYAR BLANCA RECTANGULAR 465x260x125,0,0,08/07/2026 10:33:39
13421554,08/07/2026 07:09:23,08/07/2026 07:33:39,gsoderquvist,6415,00:04:34,00:24:16,274,1456,Fuera de Tiempo,4,17,0,00:06:53,413,Excedido,"BCH01          ",BCH01 - BACHA DE APOYAR CIRCULAR 320x145,0,0,08/07/2026 10:33:39
13421554,08/07/2026 07:09:23,08/07/2026 07:33:39,gsoderquvist,6415,00:04:34,00:24:16,274,1456,Fuera de Tiempo,1,17,0,00:06:53,413,Excedido,"BCH03/3        ",BCH03/3 - BACHA DE APOYAR RECTANGULAR 3 AG 500x420x130,0,0,08/07/2026 10:33:39
13421554,08/07/2026 07:09:23,08/07/2026 07:33:39,gsoderquvist,6415,00:04:34,00:24:16,274,1456,Fuera de Tiempo,2,17,0,00:06:53,413,Excedido,"60-057         ",60-057 - LAVATORIO C.STD VERIN PLUS,0,0,08/07/2026 10:33:39
13421554,08/07/2026 07:09:23,08/07/2026 07:33:39,gsoderquvist,6415,00:04:34,00:24:16,274,1456,Fuera de Tiempo,1,17,0,00:06:53,413,Excedido,"70-199         ",70-199 - BIDE CR C.CERAM LIVE,0,0,08/07/2026 10:33:39
13421554,08/07/2026 07:09:23,08/07/2026 07:33:39,gsoderquvist,6415,00:04:34,00:24:16,274,1456,Fuera de Tiempo,1,17,0,00:06:53,413,Excedido,"60-203         ",60-203 - LAVATORIO MONOCOMANDO BAJO ADRA,0,0,08/07/2026 10:33:39
13421554,08/07/2026 07:09:23,08/07/2026 07:33:39,gsoderquvist,6415,00:04:34,00:24:16,274,1456,Fuera de Tiempo,2,17,0,00:06:53,413,Excedido,"61-203         ",61-203 - LAVATORIO MONOCOMANDO ALTO ADRA,0,0,08/07/2026 10:33:39
13421554,08/07/2026 07:09:23,08/07/2026 07:33:39,gsoderquvist,6415,00:04:34,00:24:16,274,1456,Fuera de Tiempo,1,17,0,00:06:53,413,Excedido,"70-122         ",70-122 - BIDE C.CERAM CR VALENCIA,0,0,08/07/2026 10:33:39
13421554,08/07/2026 07:09:23,08/07/2026 07:33:39,gsoderquvist,6415,00:04:34,00:24:16,274,1456,Fuera de Tiempo,1,17,0,00:06:53,413,Excedido,"80-122         ",80-122 - DUCHA EMB.C/TRANSF. C.CERAM CR VALENCIA,0,0,08/07/2026 10:33:39
13421554,08/07/2026 07:09:23,08/07/2026 07:33:39,gsoderquvist,6415,00:04:34,00:24:16,274,1456,Fuera de Tiempo,1,17,0,00:06:53,413,Excedido,"60-122         ",60-122 - LAVATORIO C.CERAM CR VALENCIA,0,0,08/07/2026 10:33:39
13421554,08/07/2026 07:09:23,08/07/2026 07:33:39,gsoderquvist,6415,00:04:34,00:24:16,274,1456,Fuera de Tiempo,3,17,0,00:06:53,413,Excedido,"20-160         ",20-160 - MONOCOMANDO MESADA COCINA DIQUE,0,0,08/07/2026 10:33:39
13421554,08/07/2026 07:09:23,08/07/2026 07:33:39,gsoderquvist,6415,00:04:34,00:24:16,274,1456,Fuera de Tiempo,1,17,0,00:06:53,413,Excedido,"83-133         ",83-133 - DUCHA EXT. C/TRANSF. MONOCOMANDO LUGO,0,0,08/07/2026 10:33:39
13421554,08/07/2026 07:09:23,08/07/2026 07:33:39,gsoderquvist,6415,00:04:34,00:24:16,274,1456,Fuera de Tiempo,2,17,0,00:06:53,413,Excedido,"20-162         ",20-162 - MONOCOMANDO COCINA ADRA,0,0,08/07/2026 10:33:39
13421554,08/07/2026 07:09:23,08/07/2026 07:33:39,gsoderquvist,6415,00:04:34,00:24:16,274,1456,Fuera de Tiempo,1,17,0,00:06:53,413,Excedido,"70-176         ",70-176 - BIDE MONOC C/TRANSF CR RIO,0,0,08/07/2026 10:33:39
13421554,08/07/2026 07:09:23,08/07/2026 07:33:39,gsoderquvist,6415,00:04:34,00:24:16,274,1456,Fuera de Tiempo,2,17,0,00:06:53,413,Excedido,"60-176         ","LAVATORIO MONOCOMANDO BAJO CR RIO                                     ",0,0,08/07/2026 10:33:39
13421554,08/07/2026 07:09:23,08/07/2026 07:33:39,gsoderquvist,6415,00:04:34,00:24:16,274,1456,Fuera de Tiempo,3,17,0,00:06:53,413,Excedido,"AB-002         ",AB-002 - AGARRADERA ACERO INOX CROMADO 40 CM SAFE,0,0,08/07/2026 10:33:39
13421581,08/07/2026 07:12:20,08/07/2026 07:13:45,rodriguezt,6419,00:02:24,00:01:25,144,85,En Tiempo,5,7,0,00:02:17,137,Logico,"919/M          ",919/M - JGO.MDA.P.CANO CROMO LAZA,0,0,08/07/2026 10:13:45
13421581,08/07/2026 07:12:20,08/07/2026 07:13:45,rodriguezt,6419,00:02:24,00:01:25,144,85,En Tiempo,5,7,0,00:02:17,137,Logico,"209            ",209 - LAVATORIO CROMO LAZA,0,0,08/07/2026 10:13:45
13421581,08/07/2026 07:12:20,08/07/2026 07:13:45,rodriguezt,6419,00:02:24,00:01:25,144,85,En Tiempo,5,7,0,00:02:17,137,Logico,"309            ","309 - BIDE CROMO ""LAZA""",0,0,08/07/2026 10:13:45
13421581,08/07/2026 07:12:20,08/07/2026 07:13:45,rodriguezt,6419,00:02:24,00:01:25,144,85,En Tiempo,5,7,0,00:02:17,137,Logico,"60-045         ",60-045 - LAVATORIO CR/CR C.STD CRUZ,0,0,08/07/2026 10:13:45
13421581,08/07/2026 07:12:20,08/07/2026 07:13:45,rodriguezt,6419,00:02:24,00:01:25,144,85,En Tiempo,5,7,0,00:02:17,137,Logico,"429            ","429 - DUCHA EMB.C/TRANSF.CR ""LAZA""",0,0,08/07/2026 10:13:45
13421581,08/07/2026 07:12:20,08/07/2026 07:13:45,rodriguezt,6419,00:02:24,00:01:25,144,85,En Tiempo,5,7,0,00:02:17,137,Logico,"80-045         ",80-045 - DUCHA EMB.C/TRANSF CR  C.STD CRUZ,0,0,08/07/2026 10:13:45
13421581,08/07/2026 07:12:20,08/07/2026 07:13:45,rodriguezt,6419,00:02:24,00:01:25,144,85,En Tiempo,5,7,0,00:02:17,137,Logico,"70-045         ",70-045 - BIDE CROMO C.STD CRUZ,0,0,08/07/2026 10:13:45
13421608,08/07/2026 07:14:41,08/07/2026 07:20:06,rodriguezt,6419,00:05:09,00:05:25,309,325,Fuera de Tiempo,2,16,0,00:00:56,56,Logico,"LG07C20        ","MONOCOMANDO DE COCINA CR ZURICH                                       ",0,0,08/07/2026 10:20:06
13421608,08/07/2026 07:14:41,08/07/2026 07:20:06,rodriguezt,6419,00:05:09,00:05:25,309,325,Fuera de Tiempo,2,16,0,00:00:56,56,Logico,"LG02C60        ",LG02C60 - LAVATORIO MONOC CR GINEBRA,0,0,08/07/2026 10:20:06
13421608,08/07/2026 07:14:41,08/07/2026 07:20:06,rodriguezt,6419,00:05:09,00:05:25,309,325,Fuera de Tiempo,6,16,0,00:00:56,56,Logico,"LG01C60        ",LG01C60 - LAVATORIO MONOC CR LUCERNA,0,0,08/07/2026 10:20:06
13421608,08/07/2026 07:14:41,08/07/2026 07:20:06,rodriguezt,6419,00:05:09,00:05:25,309,325,Fuera de Tiempo,4,16,0,00:00:56,56,Logico,"LG02N20        ","MONOCOMANDO COCINA BLACK GINEBRA                                      ",0,0,08/07/2026 10:20:06
13421608,08/07/2026 07:14:41,08/07/2026 07:20:06,rodriguezt,6419,00:05:09,00:05:25,309,325,Fuera de Tiempo,4,16,0,00:00:56,56,Logico,"LG02C20        ","MONOCOMANDO COCINA CR GINEBRA                                         ",0,0,08/07/2026 10:20:06
13421608,08/07/2026 07:14:41,08/07/2026 07:20:06,rodriguezt,6419,00:05:09,00:05:25,309,325,Fuera de Tiempo,6,16,0,00:00:56,56,Logico,"LG01C20        ",LG01C20 - MONOCOMANDO COCINA CR LUCERNA,0,0,08/07/2026 10:20:06
13421608,08/07/2026 07:14:41,08/07/2026 07:20:06,rodriguezt,6419,00:05:09,00:05:25,309,325,Fuera de Tiempo,2,16,0,00:00:56,56,Logico,"LG05C20        ","MONOCOMANDO DE COCINA CR BLAUEN                                       ",0,0,08/07/2026 10:20:06
13421608,08/07/2026 07:14:41,08/07/2026 07:20:06,rodriguezt,6419,00:05:09,00:05:25,309,325,Fuera de Tiempo,2,16,0,00:00:56,56,Logico,"LG05S20        ","MONOCOMANDO DE COCINA BRUSH BLAUEN                                    ",0,0,08/07/2026 10:20:06
13421608,08/07/2026 07:14:41,08/07/2026 07:20:06,rodriguezt,6419,00:05:09,00:05:25,309,325,Fuera de Tiempo,3,16,0,00:00:56,56,Logico,"LG03C80        ",LG03C80 - DUCHA EMB. C/TRANSF. CR C.STD BERNA,0,0,08/07/2026 10:20:06
13421608,08/07/2026 07:14:41,08/07/2026 07:20:06,rodriguezt,6419,00:05:09,00:05:25,309,325,Fuera de Tiempo,3,16,0,00:00:56,56,Logico,"LG03C70        ",LG03C70 - BIDE CR C.STD BERNA,0,0,08/07/2026 10:20:06
13421608,08/07/2026 07:14:41,08/07/2026 07:20:06,rodriguezt,6419,00:05:09,00:05:25,309,325,Fuera de Tiempo,3,16,0,00:00:56,56,Logico,"LG03C60        ",LG03C60 - LAVATORIO CR C.STD BERNA,0,0,08/07/2026 10:20:06
13421608,08/07/2026 07:14:41,08/07/2026 07:20:06,rodriguezt,6419,00:05:09,00:05:25,309,325,Fuera de Tiempo,3,16,0,00:00:56,56,Logico,"LG03N80        ",LG03N80 - DUCHA C/TRANSF BLACK C.STD BERNA,0,0,08/07/2026 10:20:06
13421608,08/07/2026 07:14:41,08/07/2026 07:20:06,rodriguezt,6419,00:05:09,00:05:25,309,325,Fuera de Tiempo,3,16,0,00:00:56,56,Logico,"LG03N60        ",LG03N60 - LAVATORIO BLACK C.STD BERNA,0,0,08/07/2026 10:20:06
13421608,08/07/2026 07:14:41,08/07/2026 07:20:06,rodriguezt,6419,00:05:09,00:05:25,309,325,Fuera de Tiempo,4,16,0,00:00:56,56,Logico,"LG04C80        ",LG04C80 - DUCHA EMB. C/TRANSF. CR C.CERAM DAVOS,0,0,08/07/2026 10:20:06
13421608,08/07/2026 07:14:41,08/07/2026 07:20:06,rodriguezt,6419,00:05:09,00:05:25,309,325,Fuera de Tiempo,3,16,0,00:00:56,56,Logico,"LG04C60        ",LG04C60 - LAVATORIO CR C.CERAM DAVOS,0,0,08/07/2026 10:20:06
13421608,08/07/2026 07:14:41,08/07/2026 07:20:06,rodriguezt,6419,00:05:09,00:05:25,309,325,Fuera de Tiempo,3,16,0,00:00:56,56,Logico,"LG04C70        ",LG04C70 - BIDE CR C.CERAM DAVOS,0,0,08/07/2026 10:20:06
13421677,08/07/2026 07:21:10,08/07/2026 07:21:48,rodriguezt,6419,00:00:39,00:00:38,39,38,En Tiempo,1,1,0,00:01:04,64,Logico,"60-168N        ",60-168N - LAVATORIO MONOC BAJO BLACK WAVE,0,0,08/07/2026 10:21:48
13421751,08/07/2026 07:26:36,08/07/2026 07:27:15,acejas,6417,00:00:53,00:00:39,53,39,En Tiempo,20,1,0,00:00:30,30,Logico,"RA1030         ",RA1030 - PICO ROCIADOR P/ MONOC COCINA CUINA,0,0,08/07/2026 10:27:15
13421752,08/07/2026 07:26:37,08/07/2026 07:27:06,rodriguezt,6419,00:01:06,00:00:29,66,29,En Tiempo,6,3,0,00:04:49,289,Logico,"RA877          ",RA877 - 10 TORNILLOS P/VOLANTE GRIFERIA,0,0,08/07/2026 10:27:06
13421752,08/07/2026 07:26:37,08/07/2026 07:27:06,rodriguezt,6419,00:01:06,00:00:29,66,29,En Tiempo,6,3,0,00:04:49,289,Logico,"RA871          ",RA871 - 10 TAPAS CHICAS CR P/VOLANTE,0,0,08/07/2026 10:27:06
13421752,08/07/2026 07:26:37,08/07/2026 07:27:06,rodriguezt,6419,00:01:06,00:00:29,66,29,En Tiempo,6,3,0,00:04:49,289,Logico,"RA876          ",RA876 - 10 BUJES ESTRIADO P/VOLANTE,0,0,08/07/2026 10:27:06
13421777,08/07/2026 07:28:03,08/07/2026 07:29:33,acejas,6417,00:01:03,00:01:30,63,90,Fuera de Tiempo,30,1,0,00:00:48,48,Logico,"RA773C         ",RA773C - CAMPANA C/BUJE ARES/BEDIA/MURCIA,0,0,08/07/2026 10:29:33
13421832,08/07/2026 07:31:59,08/07/2026 07:45:18,rodriguezt,6419,00:07:44,00:13:19,464,799,Fuera de Tiempo,2,42,0,00:04:53,293,Logico,"60-162         ",60-162 - LAVATORIO CR C.CERAM LINEA ADRA,0,0,08/07/2026 10:45:18
13421832,08/07/2026 07:31:59,08/07/2026 07:45:18,rodriguezt,6419,00:07:44,00:13:19,464,799,Fuera de Tiempo,1,42,0,00:04:53,293,Logico,"80-166         ","DUCHA EMB. C/TRANSF. CR C.CERAM ADRA PLUS                             ",0,0,08/07/2026 10:45:18
13421832,08/07/2026 07:31:59,08/07/2026 07:45:18,rodriguezt,6419,00:07:44,00:13:19,464,799,Fuera de Tiempo,1,42,0,00:04:53,293,Logico,"60-002         ",60-002 - LAVATORIO RENACER,0,0,08/07/2026 10:45:18
13421832,08/07/2026 07:31:59,08/07/2026 07:45:18,rodriguezt,6419,00:07:44,00:13:19,464,799,Fuera de Tiempo,1,42,0,00:04:53,293,Logico,"70-002         ",70-002 - BIDE RENACER,0,0,08/07/2026 10:45:18
13421832,08/07/2026 07:31:59,08/07/2026 07:45:18,rodriguezt,6419,00:07:44,00:13:19,464,799,Fuera de Tiempo,1,42,0,00:04:53,293,Logico,"51-107         ",51-107 - JGO. MESADA CR C.CERAM BEDIA,0,0,08/07/2026 10:45:18
13421832,08/07/2026 07:31:59,08/07/2026 07:45:18,rodriguezt,6419,00:07:44,00:13:19,464,799,Fuera de Tiempo,1,42,0,00:04:53,293,Logico,"61-203         ",61-203 - LAVATORIO MONOCOMANDO ALTO ADRA,0,0,08/07/2026 10:45:18
13421832,08/07/2026 07:31:59,08/07/2026 07:45:18,rodriguezt,6419,00:07:44,00:13:19,464,799,Fuera de Tiempo,1,42,0,00:04:53,293,Logico,"70-162N        ",70-162N - BIDE BLACK C.CERAM LINEA ADRA,0,0,08/07/2026 10:45:18
13421832,08/07/2026 07:31:59,08/07/2026 07:45:18,rodriguezt,6419,00:07:44,00:13:19,464,799,Fuera de Tiempo,1,42,0,00:04:53,293,Logico,"80-122         ",80-122 - DUCHA EMB.C/TRANSF. C.CERAM CR VALENCIA,0,0,08/07/2026 10:45:18
13421832,08/07/2026 07:31:59,08/07/2026 07:45:18,rodriguezt,6419,00:07:44,00:13:19,464,799,Fuera de Tiempo,1,42,0,00:04:53,293,Logico,"60-122         ",60-122 - LAVATORIO C.CERAM CR VALENCIA,0,0,08/07/2026 10:45:18
13421832,08/07/2026 07:31:59,08/07/2026 07:45:18,rodriguezt,6419,00:07:44,00:13:19,464,799,Fuera de Tiempo,1,42,0,00:04:53,293,Logico,"51-190         ",51-190 - MESADA BIMANDO C.CERAM BLACK VELVET,0,0,08/07/2026 10:45:18
13421832,08/07/2026 07:31:59,08/07/2026 07:45:18,rodriguezt,6419,00:07:44,00:13:19,464,799,Fuera de Tiempo,1,42,0,00:04:53,293,Logico,"20-131         ",20-131 - MONOCOMANDO COCINA MALLORCA,0,0,08/07/2026 10:45:18
13421832,08/07/2026 07:31:59,08/07/2026 07:45:18,rodriguezt,6419,00:07:44,00:13:19,464,799,Fuera de Tiempo,2,42,0,00:04:53,293,Logico,"814/CR         ",814/CR - MESADA P.FUNDIDO CR/CR ARES,0,0,08/07/2026 10:45:18
13421832,08/07/2026 07:31:59,08/07/2026 07:45:18,rodriguezt,6419,00:07:44,00:13:19,464,799,Fuera de Tiempo,1,42,0,00:04:53,293,Logico,"214/CR         ",214/CR - LAVATORIO CR/CR ARES,0,0,08/07/2026 10:45:18
13421832,08/07/2026 07:31:59,08/07/2026 07:45:18,rodriguezt,6419,00:07:44,00:13:19,464,799,Fuera de Tiempo,1,42,0,00:04:53,293,Logico,"BCH07          ",BCH07 - BACHA DE APOYAR OVALADA 400x330x150,0,0,08/07/2026 10:45:18
13421832,08/07/2026 07:31:59,08/07/2026 07:45:18,rodriguezt,6419,00:07:44,00:13:19,464,799,Fuera de Tiempo,3,42,0,00:04:53,293,Logico,"17030G         ",17030G - PERCHA LINEA FABRIC GOLD,0,0,08/07/2026 10:45:18
13421832,08/07/2026 07:31:59,08/07/2026 07:45:18,rodriguezt,6419,00:07:44,00:13:19,464,799,Fuera de Tiempo,2,42,0,00:04:53,293,Logico,"54-203         ","COCINA PARED EXT C.CERAM ADRA MONOCOMANDO                             ",0,0,08/07/2026 10:45:18
13421832,08/07/2026 07:31:59,08/07/2026 07:45:18,rodriguezt,6419,00:07:44,00:13:19,464,799,Fuera de Tiempo,1,42,0,00:04:53,293,Logico,"17010N         ",17010N - TOALLERO BARRAL LINEA FABRIC BLACK,0,0,08/07/2026 10:45:18
13421832,08/07/2026 07:31:59,08/07/2026 07:45:18,rodriguezt,6419,00:07:44,00:13:19,464,799,Fuera de Tiempo,1,42,0,00:04:53,293,Logico,"20010GR        ",20010GR - TOALLERO BARRAL GRAFITO LINEA PULSE  ,0,0,08/07/2026 10:45:18
13421832,08/07/2026 07:31:59,08/07/2026 07:45:18,rodriguezt,6419,00:07:44,00:13:19,464,799,Fuera de Tiempo,1,42,0,00:04:53,293,Logico,"80-168         ",80-168 - DUCHA EMB C/TRANSF MONOC CR WAVE,0,0,08/07/2026 10:45:18
13421832,08/07/2026 07:31:59,08/07/2026 07:45:18,rodriguezt,6419,00:07:44,00:13:19,464,799,Fuera de Tiempo,1,42,0,00:04:53,293,Logico,"85-168         ",85-168 - DUCHA MONOC C/TRANSF Y DUCHADOR CR WAVE,0,0,08/07/2026 10:45:18
13421832,08/07/2026 07:31:59,08/07/2026 07:45:18,rodriguezt,6419,00:07:44,00:13:19,464,799,Fuera de Tiempo,1,42,0,00:04:53,293,Logico,"61-176         ",61-176 - LAVATORIO MONOC ALTO CR RIO,0,0,08/07/2026 10:45:18
13421832,08/07/2026 07:31:59,08/07/2026 07:45:18,rodriguezt,6419,00:07:44,00:13:19,464,799,Fuera de Tiempo,1,42,0,00:04:53,293,Logico,"60-176N        ","LAVATORIO MONOCOMANDO BAJO BLACK RIO                                  ",0,0,08/07/2026 10:45:18
13421832,08/07/2026 07:31:59,08/07/2026 07:45:18,rodriguezt,6419,00:07:44,00:13:19,464,799,Fuera de Tiempo,1,42,0,00:04:53,293,Logico,"17010G         ",17010G - TOALLERO BARRAL LINEA FABRIC GOLD,0,0,08/07/2026 10:45:18
13421832,08/07/2026 07:31:59,08/07/2026 07:45:18,rodriguezt,6419,00:07:44,00:13:19,464,799,Fuera de Tiempo,6,42,0,00:04:53,293,Logico,"01-010         ","VALVULA P/MINGITORIO TEMPORIZADA TECNO                                ",0,0,08/07/2026 10:45:18
13421832,08/07/2026 07:31:59,08/07/2026 07:45:18,rodriguezt,6419,00:07:44,00:13:19,464,799,Fuera de Tiempo,2,42,0,00:04:53,293,Logico,"21-160         ","MONOCOMANDO DUO COCINA CROMO DIQUE                                    ",0,0,08/07/2026 10:45:18
13421832,08/07/2026 07:31:59,08/07/2026 07:45:18,rodriguezt,6419,00:07:44,00:13:19,464,799,Fuera de Tiempo,5,42,0,00:04:53,293,Logico,"30-132         ",30-132 - COCINA MESADA MONOC. C/DUCHADOR EXTENSIBLE VIGO,0,0,08/07/2026 10:45:18
13421832,08/07/2026 07:31:59,08/07/2026 07:45:18,rodriguezt,6419,00:07:44,00:13:19,464,799,Fuera de Tiempo,2,42,0,00:04:53,293,Logico,"61-205         ",61-205 - LAVATORIO MONOC ALTO STEEL,0,0,08/07/2026 10:45:18
13421832,08/07/2026 07:31:59,08/07/2026 07:45:18,rodriguezt,6419,00:07:44,00:13:19,464,799,Fuera de Tiempo,1,42,0,00:04:53,293,Logico,"70-168         ",70-168 - BIDE MONOC CR WAVE,0,0,08/07/2026 10:45:18
13421832,08/07/2026 07:31:59,08/07/2026 07:45:18,rodriguezt,6419,00:07:44,00:13:19,464,799,Fuera de Tiempo,1,42,0,00:04:53,293,Logico,"52-121         ",52-121 - GRIFERIA REBATIBLE P/LLENADO DE OLLAS MARBELLA,0,0,08/07/2026 10:45:18
13421832,08/07/2026 07:31:59,08/07/2026 07:45:18,rodriguezt,6419,00:07:44,00:13:19,464,799,Fuera de Tiempo,1,42,0,00:04:53,293,Logico,"20020GR        ",20020GR - TOALLERO DE ARO GRAFITO LINEA PULSE,0,0,08/07/2026 10:45:18
13421832,08/07/2026 07:31:59,08/07/2026 07:45:18,rodriguezt,6419,00:07:44,00:13:19,464,799,Fuera de Tiempo,1,42,0,00:04:53,293,Logico,"21200          ",21200 - ESQUINERO ORGANIZADOR 19x19x7,0,0,08/07/2026 10:45:18
13421832,08/07/2026 07:31:59,08/07/2026 07:45:18,rodriguezt,6419,00:07:44,00:13:19,464,799,Fuera de Tiempo,1,42,0,00:04:53,293,Logico,"20030GR        ",20030GR - PERCHA GRAFITO LINEA PULSE  ,0,0,08/07/2026 10:45:18
13421832,08/07/2026 07:31:59,08/07/2026 07:45:18,rodriguezt,6419,00:07:44,00:13:19,464,799,Fuera de Tiempo,1,42,0,00:04:53,293,Logico,"20040GR        ",20040GR - PORTA ROLLO GRAFITO LINEA PULSE,0,0,08/07/2026 10:45:18
13421832,08/07/2026 07:31:59,08/07/2026 07:45:18,rodriguezt,6419,00:07:44,00:13:19,464,799,Fuera de Tiempo,3,42,0,00:04:53,293,Logico,"3030           ",3030 - PERCHA LINEA 3000,0,0,08/07/2026 10:45:18
13421832,08/07/2026 07:31:59,08/07/2026 07:45:18,rodriguezt,6419,00:07:44,00:13:19,464,799,Fuera de Tiempo,2,42,0,00:04:53,293,Logico,"3020           ",3020 - TOALLERO DE ARO LINEA 3000,0,0,08/07/2026 10:45:18
13421832,08/07/2026 07:31:59,08/07/2026 07:45:18,rodriguezt,6419,00:07:44,00:13:19,464,799,Fuera de Tiempo,2,42,0,00:04:53,293,Logico,"3040           ",3040 - PORTA ROLLO LINEA 3000,0,0,08/07/2026 10:45:18
13421832,08/07/2026 07:31:59,08/07/2026 07:45:18,rodriguezt,6419,00:07:44,00:13:19,464,799,Fuera de Tiempo,4,42,0,00:04:53,293,Logico,"11030          ","PERCHA LINEA 11000                                                    ",0,0,08/07/2026 10:45:18
13421832,08/07/2026 07:31:59,08/07/2026 07:45:18,rodriguezt,6419,00:07:44,00:13:19,464,799,Fuera de Tiempo,4,42,0,00:04:53,293,Logico,"11040          ","PORTA ROLLO LINEA 11000                                               ",0,0,08/07/2026 10:45:18
13421832,08/07/2026 07:31:59,08/07/2026 07:45:18,rodriguezt,6419,00:07:44,00:13:19,464,799,Fuera de Tiempo,4,42,0,00:04:53,293,Logico,"A816           ","A816 - DUCHA 6"" C/BRAZO Y CAMPANA CR",0,0,08/07/2026 10:45:18
13421832,08/07/2026 07:31:59,08/07/2026 07:45:18,rodriguezt,6419,00:07:44,00:13:19,464,799,Fuera de Tiempo,1,42,0,00:04:53,293,Logico,"A819           ",A819 - DUCHADOR ANTICALCAREO C/FLEXIBLE Y SOPORTE,0,0,08/07/2026 10:45:18
13421832,08/07/2026 07:31:59,08/07/2026 07:45:18,rodriguezt,6419,00:07:44,00:13:19,464,799,Fuera de Tiempo,1,42,0,00:04:53,293,Logico,"A842           ",A842 - DUCHADOR ANTICALCAREO 5 FUNCIONES C/SOPORTE Y FLEX,0,0,08/07/2026 10:45:18
13421832,08/07/2026 07:31:59,08/07/2026 07:45:18,rodriguezt,6419,00:07:44,00:13:19,464,799,Fuera de Tiempo,1,42,0,00:04:53,293,Logico,"31-010         ",31-010 - CANILLA DE PARED P.ALTO BL/CR LORCA,0,0,08/07/2026 10:45:18
13422023,08/07/2026 07:47:19,08/07/2026 07:54:24,rodriguezt,6419,00:05:07,00:07:05,307,425,Fuera de Tiempo,2,20,0,00:02:01,121,Logico,"21-160         ","MONOCOMANDO DUO COCINA CROMO DIQUE                                    ",0,0,08/07/2026 10:54:24
13422023,08/07/2026 07:47:19,08/07/2026 07:54:24,rodriguezt,6419,00:05:07,00:07:05,307,425,Fuera de Tiempo,2,20,0,00:02:01,121,Logico,"01-010         ","VALVULA P/MINGITORIO TEMPORIZADA TECNO                                ",0,0,08/07/2026 10:54:24
13422023,08/07/2026 07:47:19,08/07/2026 07:54:24,rodriguezt,6419,00:05:07,00:07:05,307,425,Fuera de Tiempo,2,20,0,00:02:01,121,Logico,"21100          ",21100 - ESTANTE ORGANIZADOR RECTANGULAR 25x12x7,0,0,08/07/2026 10:54:24
13422023,08/07/2026 07:47:19,08/07/2026 07:54:24,rodriguezt,6419,00:05:07,00:07:05,307,425,Fuera de Tiempo,1,20,0,00:02:01,121,Logico,"84-203ST       ","DUCHA EXT C/COLUMNA CR ADRA                                           ",0,0,08/07/2026 10:54:24
13422023,08/07/2026 07:47:19,08/07/2026 07:54:24,rodriguezt,6419,00:05:07,00:07:05,307,425,Fuera de Tiempo,2,20,0,00:02:01,121,Logico,"60-176         ","LAVATORIO MONOCOMANDO BAJO CR RIO                                     ",0,0,08/07/2026 10:54:24
13422023,08/07/2026 07:47:19,08/07/2026 07:54:24,rodriguezt,6419,00:05:07,00:07:05,307,425,Fuera de Tiempo,1,20,0,00:02:01,121,Logico,"61-183         ","LAVATORIO MONOCOMANDO ALTO MAT                                        ",0,0,08/07/2026 10:54:24
13422023,08/07/2026 07:47:19,08/07/2026 07:54:24,rodriguezt,6419,00:05:07,00:07:05,307,425,Fuera de Tiempo,1,20,0,00:02:01,121,Logico,"70-183         ","BIDE MONOCOMANDO C/TRANSF MAT                                         ",0,0,08/07/2026 10:54:24
13422023,08/07/2026 07:47:19,08/07/2026 07:54:24,rodriguezt,6419,00:05:07,00:07:05,307,425,Fuera de Tiempo,1,20,0,00:02:01,121,Logico,"60-183         ","LAVATORIO MONOCOMANDO BAJO MAT                                        ",0,0,08/07/2026 10:54:24
13422023,08/07/2026 07:47:19,08/07/2026 07:54:24,rodriguezt,6419,00:05:07,00:07:05,307,425,Fuera de Tiempo,1,20,0,00:02:01,121,Logico,"83-203         ",83-203 - DUCHA EXT C/TRANSF. MONOCOMANDO ADRA,0,0,08/07/2026 10:54:24
13422023,08/07/2026 07:47:19,08/07/2026 07:54:24,rodriguezt,6419,00:05:07,00:07:05,307,425,Fuera de Tiempo,1,20,0,00:02:01,121,Logico,"63-183         ","LAVATORIO PARED EMB MONOCOMANDO MAT                                   ",0,0,08/07/2026 10:54:24
13422023,08/07/2026 07:47:19,08/07/2026 07:54:24,rodriguezt,6419,00:05:07,00:07:05,307,425,Fuera de Tiempo,1,20,0,00:02:01,121,Logico,"80-183         ","DUCHA EMB C/TRANSF MONOCOMANDO MAT                                    ",0,0,08/07/2026 10:54:24
13422023,08/07/2026 07:47:19,08/07/2026 07:54:24,rodriguezt,6419,00:05:07,00:07:05,307,425,Fuera de Tiempo,1,20,0,00:02:01,121,Logico,"85-183         ","DUCHA EMB C/TRANSF Y DUCHADOR MONOC MAT                               ",0,0,08/07/2026 10:54:24
13422023,08/07/2026 07:47:19,08/07/2026 07:54:24,rodriguezt,6419,00:05:07,00:07:05,307,425,Fuera de Tiempo,8,20,0,00:02:01,121,Logico,"20-160         ",20-160 - MONOCOMANDO MESADA COCINA DIQUE,0,0,08/07/2026 10:54:24
13422023,08/07/2026 07:47:19,08/07/2026 07:54:24,rodriguezt,6419,00:05:07,00:07:05,307,425,Fuera de Tiempo,2,20,0,00:02:01,121,Logico,"51-131         ",51-131 - MESADA BIMANDO CR C.CERAM MALLORCA,0,0,08/07/2026 10:54:24
13422023,08/07/2026 07:47:19,08/07/2026 07:54:24,rodriguezt,6419,00:05:07,00:07:05,307,425,Fuera de Tiempo,1,20,0,00:02:01,121,Logico,"70-162N        ",70-162N - BIDE BLACK C.CERAM LINEA ADRA,0,0,08/07/2026 10:54:24
13422023,08/07/2026 07:47:19,08/07/2026 07:54:24,rodriguezt,6419,00:05:07,00:07:05,307,425,Fuera de Tiempo,1,20,0,00:02:01,121,Logico,"80-138         ",80-138 - DUCHA EMB. C/TRANSF. CR C.CERAM VALENCIA PLUS,0,0,08/07/2026 10:54:24
13422023,08/07/2026 07:47:19,08/07/2026 07:54:24,rodriguezt,6419,00:05:07,00:07:05,307,425,Fuera de Tiempo,4,20,0,00:02:01,121,Logico,"RA1189         ",RA1189 - SET PROLONGADOR P/VASTAGO Y CAMPANA (x3),0,0,08/07/2026 10:54:24
13422023,08/07/2026 07:47:19,08/07/2026 07:54:24,rodriguezt,6419,00:05:07,00:07:05,307,425,Fuera de Tiempo,2,20,0,00:02:01,121,Logico,"RA846          ",RA846 - PICO DUCHA RODA / MARBELLA / VALENCIA,0,0,08/07/2026 10:54:24
13422023,08/07/2026 07:47:19,08/07/2026 07:54:24,rodriguezt,6419,00:05:07,00:07:05,307,425,Fuera de Tiempo,1,20,0,00:02:01,121,Logico,"81-201NI       ",81-201NI - DUCHA EMB S/TRANSF C.CERAM NICKEL BEAT,0,0,08/07/2026 10:54:24
13422023,08/07/2026 07:47:19,08/07/2026 07:54:24,rodriguezt,6419,00:05:07,00:07:05,307,425,Fuera de Tiempo,1,20,0,00:02:01,121,Logico,"BAI01NI        ",BAI01NI - BACHA EMB COCINA C/ACCESORIOS 750x450x220 NICKEL BRUSHED,0,0,08/07/2026 10:54:24
13422082,08/07/2026 07:51:51,08/07/2026 07:54:32,gsoderquvist,6415,00:07:24,00:02:41,444,161,En Tiempo,1,38,0,00:18:12,1092,Excedido,"INO104-1       ","INODORO BLANCO C/ASIENTO LINEA STONE                                  ",0,0,08/07/2026 10:54:32
13422082,08/07/2026 07:51:51,08/07/2026 07:54:32,gsoderquvist,6415,00:07:24,00:02:41,444,161,En Tiempo,1,38,0,00:18:12,1092,Excedido,"INO104-2       ","DEPOSITO C/DESCARGA DUAL BLANCO LINEA STONE                           ",0,0,08/07/2026 10:54:32
13422082,08/07/2026 07:51:51,08/07/2026 07:54:32,gsoderquvist,6415,00:07:24,00:02:41,444,161,En Tiempo,1,38,0,00:18:12,1092,Excedido,"BID104-1       ","BIDE 1 AGUJERO BLANCO LINEA STONE                                     ",0,0,08/07/2026 10:54:32
13422082,08/07/2026 07:51:51,08/07/2026 07:54:32,gsoderquvist,6415,00:07:24,00:02:41,444,161,En Tiempo,1,38,0,00:18:12,1092,Excedido,"70-168         ",70-168 - BIDE MONOC CR WAVE,0,0,08/07/2026 10:54:32
13422082,08/07/2026 07:51:51,08/07/2026 07:54:32,gsoderquvist,6415,00:07:24,00:02:41,444,161,En Tiempo,1,38,0,00:18:12,1092,Excedido,"83-193         ",83-193 - DUCHA EXT. C/TRANSF. MONOCOMANDO MORA,0,0,08/07/2026 10:54:32
13422082,08/07/2026 07:51:51,08/07/2026 07:54:32,gsoderquvist,6415,00:07:24,00:02:41,444,161,En Tiempo,1,38,0,00:18:12,1092,Excedido,"80-193         ",80-193 - DUCHA EMB. C/TRANSF. MONOCOMANDO MORA,0,0,08/07/2026 10:54:32
13422082,08/07/2026 07:51:51,08/07/2026 07:54:32,gsoderquvist,6415,00:07:24,00:02:41,444,161,En Tiempo,10,38,0,00:18:12,1092,Excedido,"20-184         ","MONOCOMANDO DE COCINA CR SUV                                          ",0,0,08/07/2026 10:54:32
13422082,08/07/2026 07:51:51,08/07/2026 07:54:32,gsoderquvist,6415,00:07:24,00:02:41,444,161,En Tiempo,2,38,0,00:18:12,1092,Excedido,"70-193         ",70-193 - BIDE MONOCOMANDO MORA,0,0,08/07/2026 10:54:32
13422082,08/07/2026 07:51:51,08/07/2026 07:54:32,gsoderquvist,6415,00:07:24,00:02:41,444,161,En Tiempo,1,38,0,00:18:12,1092,Excedido,"60-176N        ","LAVATORIO MONOCOMANDO BAJO BLACK RIO                                  ",0,0,08/07/2026 10:54:32
13422082,08/07/2026 07:51:51,08/07/2026 07:54:32,gsoderquvist,6415,00:07:24,00:02:41,444,161,En Tiempo,1,38,0,00:18:12,1092,Excedido,"61-176N        ",61-176N - LAVATORIO MONOC ALTO BLACK RIO,0,0,08/07/2026 10:54:32
13422082,08/07/2026 07:51:51,08/07/2026 07:54:32,gsoderquvist,6415,00:07:24,00:02:41,444,161,En Tiempo,1,38,0,00:18:12,1092,Excedido,"70-180         ",70-180 - BIDE MONOCOMANDO C/TRANSF. VERA,0,0,08/07/2026 10:54:32
13422082,08/07/2026 07:51:51,08/07/2026 07:54:32,gsoderquvist,6415,00:07:24,00:02:41,444,161,En Tiempo,1,38,0,00:18:12,1092,Excedido,"83-176N        ",83-176N - DUCHA EXT. C/TRANSF. MONOC BLACK RIO,0,0,08/07/2026 10:54:32
13422082,08/07/2026 07:51:51,08/07/2026 07:54:32,gsoderquvist,6415,00:07:24,00:02:41,444,161,En Tiempo,1,38,0,00:18:12,1092,Excedido,"70-176N        ",70-176N - BIDE MONOC C/TRANSF BLACK RIO,0,0,08/07/2026 10:54:32
13422082,08/07/2026 07:51:51,08/07/2026 07:54:32,gsoderquvist,6415,00:07:24,00:02:41,444,161,En Tiempo,2,38,0,00:18:12,1092,Excedido,"83-203         ",83-203 - DUCHA EXT C/TRANSF. MONOCOMANDO ADRA,0,0,08/07/2026 10:54:32
13422082,08/07/2026 07:51:51,08/07/2026 07:54:32,gsoderquvist,6415,00:07:24,00:02:41,444,161,En Tiempo,2,38,0,00:18:12,1092,Excedido,"70-203         ",70-203 - BIDE MONOCOMANDO ADRA,0,0,08/07/2026 10:54:32
13422082,08/07/2026 07:51:51,08/07/2026 07:54:32,gsoderquvist,6415,00:07:24,00:02:41,444,161,En Tiempo,1,38,0,00:18:12,1092,Excedido,"61-183         ","LAVATORIO MONOCOMANDO ALTO MAT                                        ",0,0,08/07/2026 10:54:32
13422082,08/07/2026 07:51:51,08/07/2026 07:54:32,gsoderquvist,6415,00:07:24,00:02:41,444,161,En Tiempo,2,38,0,00:18:12,1092,Excedido,"70-183         ","BIDE MONOCOMANDO C/TRANSF MAT                                         ",0,0,08/07/2026 10:54:32
13422082,08/07/2026 07:51:51,08/07/2026 07:54:32,gsoderquvist,6415,00:07:24,00:02:41,444,161,En Tiempo,1,38,0,00:18:12,1092,Excedido,"60-183         ","LAVATORIO MONOCOMANDO BAJO MAT                                        ",0,0,08/07/2026 10:54:32
13422082,08/07/2026 07:51:51,08/07/2026 07:54:32,gsoderquvist,6415,00:07:24,00:02:41,444,161,En Tiempo,1,38,0,00:18:12,1092,Excedido,"85-183         ","DUCHA EMB C/TRANSF Y DUCHADOR MONOC MAT                               ",0,0,08/07/2026 10:54:32
13422082,08/07/2026 07:51:51,08/07/2026 07:54:32,gsoderquvist,6415,00:07:24,00:02:41,444,161,En Tiempo,2,38,0,00:18:12,1092,Excedido,"3006           ",3006 - SET DE 6 PIEZAS LINEA 3000,0,0,08/07/2026 10:54:32
13422082,08/07/2026 07:51:51,08/07/2026 07:54:32,gsoderquvist,6415,00:07:24,00:02:41,444,161,En Tiempo,2,38,0,00:18:12,1092,Excedido,"19006          ",19006 - SET DE 6 PIEZAS LINEA 19000,0,0,08/07/2026 10:54:32
13422082,08/07/2026 07:51:51,08/07/2026 07:54:32,gsoderquvist,6415,00:07:24,00:02:41,444,161,En Tiempo,2,38,0,00:18:12,1092,Excedido,"10005BL        ","SET DE 5 PIEZAS LINEA 10000 BLACK                                     ",0,0,08/07/2026 10:54:32
13422082,08/07/2026 07:51:51,08/07/2026 07:54:32,gsoderquvist,6415,00:07:24,00:02:41,444,161,En Tiempo,1,38,0,00:18:12,1092,Excedido,"BCH12          ",BCH12 - BACHA DE APOYAR BLANCA 460x320x140,0,0,08/07/2026 10:54:32
13422082,08/07/2026 07:51:51,08/07/2026 07:54:32,gsoderquvist,6415,00:07:24,00:02:41,444,161,En Tiempo,1,38,0,00:18:12,1092,Excedido,"BCH18          ",BCH18 - BACHA DE APOYAR SIMIL MARMOL 460x320x140,0,0,08/07/2026 10:54:32
13422082,08/07/2026 07:51:51,08/07/2026 07:54:32,gsoderquvist,6415,00:07:24,00:02:41,444,161,En Tiempo,1,38,0,00:18:12,1092,Excedido,"BCH06          ",BCH06 - BACHA DE APOYAR CIRCULAR 415x135,0,0,08/07/2026 10:54:32
13422082,08/07/2026 07:51:51,08/07/2026 07:54:32,gsoderquvist,6415,00:07:24,00:02:41,444,161,En Tiempo,1,38,0,00:18:12,1092,Excedido,"BCH10          ",BCH10 - BACHA DE APOYAR NEGRO MATE 460x320x140,0,0,08/07/2026 10:54:32
13422082,08/07/2026 07:51:51,08/07/2026 07:54:32,gsoderquvist,6415,00:07:24,00:02:41,444,161,En Tiempo,1,38,0,00:18:12,1092,Excedido,"BCH11N         ",BCH11N - BACHA DE APOYAR REDONDA NEGRO MATE 400x400x125,0,0,08/07/2026 10:54:32
13422082,08/07/2026 07:51:51,08/07/2026 07:54:32,gsoderquvist,6415,00:07:24,00:02:41,444,161,En Tiempo,1,38,0,00:18:12,1092,Excedido,"BCH11BM        ",BCH11BM - BACHA DE APOYAR REDONDA BLANCO MATE 400x400x125,0,0,08/07/2026 10:54:32
13422082,08/07/2026 07:51:51,08/07/2026 07:54:32,gsoderquvist,6415,00:07:24,00:02:41,444,161,En Tiempo,1,38,0,00:18:12,1092,Excedido,"81-180         ",81-180 - DUCHA EMB. S/TRANSF. MONOCOMANDO VERA,0,0,08/07/2026 10:54:32
13422082,08/07/2026 07:51:51,08/07/2026 07:54:32,gsoderquvist,6415,00:07:24,00:02:41,444,161,En Tiempo,2,38,0,00:18:12,1092,Excedido,"60-057         ",60-057 - LAVATORIO C.STD VERIN PLUS,0,0,08/07/2026 10:54:32
13422082,08/07/2026 07:51:51,08/07/2026 07:54:32,gsoderquvist,6415,00:07:24,00:02:41,444,161,En Tiempo,1,38,0,00:18:12,1092,Excedido,"80-162         ",80-162 - DUCHA EMB. C/TRANSF. CR C.CERAM ADRA,0,0,08/07/2026 10:54:32
13422082,08/07/2026 07:51:51,08/07/2026 07:54:32,gsoderquvist,6415,00:07:24,00:02:41,444,161,En Tiempo,1,38,0,00:18:12,1092,Excedido,"60-162         ",60-162 - LAVATORIO CR C.CERAM LINEA ADRA,0,0,08/07/2026 10:54:32
13422082,08/07/2026 07:51:51,08/07/2026 07:54:32,gsoderquvist,6415,00:07:24,00:02:41,444,161,En Tiempo,2,38,0,00:18:12,1092,Excedido,"60-058         ",60-058 - LAVATORIO CR C.STD MALBA,0,0,08/07/2026 10:54:32
13422082,08/07/2026 07:51:51,08/07/2026 07:54:32,gsoderquvist,6415,00:07:24,00:02:41,444,161,En Tiempo,1,38,0,00:18:12,1092,Excedido,"60-001N        ","60-001N - LAVATORIO ""CROMO Y""",0,0,08/07/2026 10:54:32
13422082,08/07/2026 07:51:51,08/07/2026 07:54:32,gsoderquvist,6415,00:07:24,00:02:41,444,161,En Tiempo,1,38,0,00:18:12,1092,Excedido,"70-001N        ","70-001N - BIDE ""CROMO Y""",0,0,08/07/2026 10:54:32
13422082,08/07/2026 07:51:51,08/07/2026 07:54:32,gsoderquvist,6415,00:07:24,00:02:41,444,161,En Tiempo,2,38,0,00:18:12,1092,Excedido,"80-121         ",80-121 - DUCHA EMB. C/TRANSF. CR C.C. MARBELLA,0,0,08/07/2026 10:54:32
13422082,08/07/2026 07:51:51,08/07/2026 07:54:32,gsoderquvist,6415,00:07:24,00:02:41,444,161,En Tiempo,2,38,0,00:18:12,1092,Excedido,"60-121         ",60-121 - LAVATORIO C.CERAM CR MARBELLA,0,0,08/07/2026 10:54:32
13422082,08/07/2026 07:51:51,08/07/2026 07:54:32,gsoderquvist,6415,00:07:24,00:02:41,444,161,En Tiempo,1,38,0,00:18:12,1092,Excedido,"80-168         ",80-168 - DUCHA EMB C/TRANSF MONOC CR WAVE,0,0,08/07/2026 10:54:32
13422152,08/07/2026 07:57:12,08/07/2026 07:59:58,acejas,6417,00:04:34,00:02:46,274,166,En Tiempo,2,17,0,00:27:39,1659,Excedido,"53-010         ",53-010 - COCINA PARED EXT. P.ALTO BL/CR LORCA,0,0,08/07/2026 10:59:58
13422152,08/07/2026 07:57:12,08/07/2026 07:59:58,acejas,6417,00:04:34,00:02:46,274,166,En Tiempo,2,17,0,00:27:39,1659,Excedido,"55-010         ",55-010 - COCINA PARED EMB. P.ALTO BL/CR LORCA,0,0,08/07/2026 10:59:58
13422152,08/07/2026 07:57:12,08/07/2026 07:59:58,acejas,6417,00:04:34,00:02:46,274,166,En Tiempo,2,17,0,00:27:39,1659,Excedido,"51-010         ",51-010 - COCINA MESADA BL/CR LORCA,0,0,08/07/2026 10:59:58
13422152,08/07/2026 07:57:12,08/07/2026 07:59:58,acejas,6417,00:04:34,00:02:46,274,166,En Tiempo,2,17,0,00:27:39,1659,Excedido,"70-010         ",70-010 - BIDE BL/CR LORCA,0,0,08/07/2026 10:59:58
13422152,08/07/2026 07:57:12,08/07/2026 07:59:58,acejas,6417,00:04:34,00:02:46,274,166,En Tiempo,2,17,0,00:27:39,1659,Excedido,"80-010         ",80-010 - DUCHA EMB. C/TRANSF. BL/CR LORCA,0,0,08/07/2026 10:59:58
13422152,08/07/2026 07:57:12,08/07/2026 07:59:58,acejas,6417,00:04:34,00:02:46,274,166,En Tiempo,2,17,0,00:27:39,1659,Excedido,"60-010         ",60-010 - LAVATORIO BL/CR LORCA,0,0,08/07/2026 10:59:58
13422152,08/07/2026 07:57:12,08/07/2026 07:59:58,acejas,6417,00:04:34,00:02:46,274,166,En Tiempo,2,17,0,00:27:39,1659,Excedido,"56-010         ",56-010 - COCINA PARED EMB. P.BAJO BL/CR LORCA,0,0,08/07/2026 10:59:58
13422152,08/07/2026 07:57:12,08/07/2026 07:59:58,acejas,6417,00:04:34,00:02:46,274,166,En Tiempo,2,17,0,00:27:39,1659,Excedido,"53-001N        ","53-001N - COCINA PARED EXTERIOR PICO ALTO ""CROMO Y""",0,0,08/07/2026 10:59:58
13422152,08/07/2026 07:57:12,08/07/2026 07:59:58,acejas,6417,00:04:34,00:02:46,274,166,En Tiempo,2,17,0,00:27:39,1659,Excedido,"55-001N        ","55-001N - COCINA PARED EMBUTIR PICO ALTO ""CROMO Y""",0,0,08/07/2026 10:59:58
13422152,08/07/2026 07:57:12,08/07/2026 07:59:58,acejas,6417,00:04:34,00:02:46,274,166,En Tiempo,2,17,0,00:27:39,1659,Excedido,"80-001N        ","80-001N - DUCHA EMB. C/TRANSF. ""CROMO Y""",0,0,08/07/2026 10:59:58
13422152,08/07/2026 07:57:12,08/07/2026 07:59:58,acejas,6417,00:04:34,00:02:46,274,166,En Tiempo,2,17,0,00:27:39,1659,Excedido,"51-001N        ","51-001N - COCINA MESADA ""CROMO Y""",0,0,08/07/2026 10:59:58
13422152,08/07/2026 07:57:12,08/07/2026 07:59:58,acejas,6417,00:04:34,00:02:46,274,166,En Tiempo,2,17,0,00:27:39,1659,Excedido,"70-001N        ","70-001N - BIDE ""CROMO Y""",0,0,08/07/2026 10:59:58
13422152,08/07/2026 07:57:12,08/07/2026 07:59:58,acejas,6417,00:04:34,00:02:46,274,166,En Tiempo,2,17,0,00:27:39,1659,Excedido,"60-001N        ","60-001N - LAVATORIO ""CROMO Y""",0,0,08/07/2026 10:59:58
13422152,08/07/2026 07:57:12,08/07/2026 07:59:58,acejas,6417,00:04:34,00:02:46,274,166,En Tiempo,2,17,0,00:27:39,1659,Excedido,"90-010         ",90-010 - PACK GRIF.BL/CR LORCA (Lavatorio-Bide-Ducha c/t),0,0,08/07/2026 10:59:58
13422152,08/07/2026 07:57:12,08/07/2026 07:59:58,acejas,6417,00:04:34,00:02:46,274,166,En Tiempo,2,17,0,00:27:39,1659,Excedido,"31-001N        ","31-001N - CANILLA DE PARED P.ALTO ""CROMO Y""",0,0,08/07/2026 10:59:58
13422152,08/07/2026 07:57:12,08/07/2026 07:59:58,acejas,6417,00:04:34,00:02:46,274,166,En Tiempo,2,17,0,00:27:39,1659,Excedido,"33-001N        ","33-001N - CANILLA MESADA ""CROMO Y""",0,0,08/07/2026 10:59:58
13422152,08/07/2026 07:57:12,08/07/2026 07:59:58,acejas,6417,00:04:34,00:02:46,274,166,En Tiempo,2,17,0,00:27:39,1659,Excedido,"56-001N        ","56-001N - COCINA PARED EMBUTIR PICO BAJO ""CROMO Y""",0,0,08/07/2026 10:59:58
13422292,08/07/2026 08:06:49,08/07/2026 08:07:05,acejas,6417,00:00:46,00:00:16,46,16,En Tiempo,2,2,0,00:06:51,411,Excedido,"70-100G        ",70-100G - BIDE GOLD C.CERAM FABRIC,0,0,08/07/2026 11:07:05
13422292,08/07/2026 08:06:49,08/07/2026 08:07:05,acejas,6417,00:00:46,00:00:16,46,16,En Tiempo,2,2,0,00:06:51,411,Excedido,"60-100G        ",60-100G - LAVATORIO GOLD C.CERAM FABRIC,0,0,08/07/2026 11:07:05
13422306,08/07/2026 08:07:30,08/07/2026 08:07:57,acejas,6417,00:00:49,00:00:27,49,27,En Tiempo,1,3,0,00:00:25,25,Logico,"70-100G        ",70-100G - BIDE GOLD C.CERAM FABRIC,0,0,08/07/2026 11:07:57
13422306,08/07/2026 08:07:30,08/07/2026 08:07:57,acejas,6417,00:00:49,00:00:27,49,27,En Tiempo,1,3,0,00:00:25,25,Logico,"60-100G        ",60-100G - LAVATORIO GOLD C.CERAM FABRIC,0,0,08/07/2026 11:07:57
13422306,08/07/2026 08:07:30,08/07/2026 08:07:57,acejas,6417,00:00:49,00:00:27,49,27,En Tiempo,3,3,0,00:00:25,25,Logico,"80-200G        ",80-200G - DUCHA EMB. MONOC. 3 FUNCIONES GOLD FABRIC,0,0,08/07/2026 11:07:57
13422330,08/07/2026 08:08:39,08/07/2026 08:10:10,acejas,6417,00:01:09,00:01:31,69,91,Fuera de Tiempo,1,4,0,00:00:42,42,Logico,"85-183         ","DUCHA EMB C/TRANSF Y DUCHADOR MONOC MAT                               ",0,0,08/07/2026 11:10:10
13422330,08/07/2026 08:08:39,08/07/2026 08:10:10,acejas,6417,00:01:09,00:01:31,69,91,Fuera de Tiempo,2,4,0,00:00:42,42,Logico,"70-183         ","BIDE MONOCOMANDO C/TRANSF MAT                                         ",0,0,08/07/2026 11:10:10
13422330,08/07/2026 08:08:39,08/07/2026 08:10:10,acejas,6417,00:01:09,00:01:31,69,91,Fuera de Tiempo,2,4,0,00:00:42,42,Logico,"61-183         ","LAVATORIO MONOCOMANDO ALTO MAT                                        ",0,0,08/07/2026 11:10:10
13422330,08/07/2026 08:08:39,08/07/2026 08:10:10,acejas,6417,00:01:09,00:01:31,69,91,Fuera de Tiempo,5,4,0,00:00:42,42,Logico,"910/M          ","910/M - JGO.MDA.P.CANO CROMO ""DIQUE""",0,0,08/07/2026 11:10:10
13422615,08/07/2026 08:21:51,08/07/2026 08:30:19,acejas,6417,00:01:41,00:08:28,101,508,Fuera de Tiempo,5,5,0,00:11:41,701,Excedido,"INO104-1       ","INODORO BLANCO C/ASIENTO LINEA STONE                                  ",0,0,08/07/2026 11:25:13
13422615,08/07/2026 08:21:51,08/07/2026 08:30:19,acejas,6417,00:01:41,00:08:28,101,508,Fuera de Tiempo,5,5,0,00:11:41,701,Excedido,"INO104-2       ","DEPOSITO C/DESCARGA DUAL BLANCO LINEA STONE                           ",0,0,08/07/2026 11:25:13
13422615,08/07/2026 08:21:51,08/07/2026 08:30:19,acejas,6417,00:01:41,00:08:28,101,508,Fuera de Tiempo,2,5,0,00:11:41,701,Excedido,"BID103-1       ","BIDE 1 AGUJERO BLANCO LINEA URBAN                                     ",0,0,08/07/2026 11:25:13
13422615,08/07/2026 08:21:51,08/07/2026 08:30:19,acejas,6417,00:01:41,00:08:28,101,508,Fuera de Tiempo,1,5,0,00:11:41,701,Excedido,"BID103-1       ","BIDE 1 AGUJERO BLANCO LINEA URBAN                                     ",0,0,08/07/2026 11:30:19
13422615,08/07/2026 08:21:51,08/07/2026 08:30:19,acejas,6417,00:01:41,00:08:28,101,508,Fuera de Tiempo,4,5,0,00:11:41,701,Excedido,"INO103-1       ","INODORO BLANCO C/ASIENTO LINEA URBAN                                  ",0,0,08/07/2026 11:30:19
13422615,08/07/2026 08:21:51,08/07/2026 08:30:19,acejas,6417,00:01:41,00:08:28,101,508,Fuera de Tiempo,4,5,0,00:11:41,701,Excedido,"INO103-2       ","DEPOSITO C/DESCARGA DUAL BLANCO LINEA URBAN                           ",0,0,08/07/2026 11:30:19
13422780,08/07/2026 08:29:22,08/07/2026 08:54:13,gsoderquvist,6415,00:03:02,00:24:51,182,1491,Fuera de Tiempo,100,3,0,00:34:50,2090,Excedido,"LG03C70        ",LG03C70 - BIDE CR C.STD BERNA,0,0,08/07/2026 11:54:13
13422780,08/07/2026 08:29:22,08/07/2026 08:54:13,gsoderquvist,6415,00:03:02,00:24:51,182,1491,Fuera de Tiempo,50,3,0,00:34:50,2090,Excedido,"LG03C80        ",LG03C80 - DUCHA EMB. C/TRANSF. CR C.STD BERNA,0,0,08/07/2026 11:54:13
13422780,08/07/2026 08:29:22,08/07/2026 08:54:13,gsoderquvist,6415,00:03:02,00:24:51,182,1491,Fuera de Tiempo,100,3,0,00:34:50,2090,Excedido,"LG03C60        ",LG03C60 - LAVATORIO CR C.STD BERNA,0,0,08/07/2026 11:54:13
13422987,08/07/2026 08:39:47,08/07/2026 14:44:11,ascirica,6414,00:09:37,06:04:24,577,21864,Fuera de Tiempo,9,16,0,,,Excedido,"INO102-1       ","INODORO BLANCO C/ASIENTO LINEA LOFT                                   ",0,0,08/07/2026 11:40:06
13422987,08/07/2026 08:39:47,08/07/2026 14:44:11,ascirica,6414,00:09:37,06:04:24,577,21864,Fuera de Tiempo,9,16,0,,,Excedido,"INO102-1       ","INODORO BLANCO C/ASIENTO LINEA LOFT                                   ",0,0,08/07/2026 11:41:24
13422987,08/07/2026 08:39:47,08/07/2026 14:44:11,ascirica,6414,00:09:37,06:04:24,577,21864,Fuera de Tiempo,9,16,0,,,Excedido,"INO102-1       ","INODORO BLANCO C/ASIENTO LINEA LOFT                                   ",0,0,08/07/2026 11:42:19
13422987,08/07/2026 08:39:47,08/07/2026 14:44:11,ascirica,6414,00:09:37,06:04:24,577,21864,Fuera de Tiempo,9,16,0,,,Excedido,"INO102-1       ","INODORO BLANCO C/ASIENTO LINEA LOFT                                   ",0,0,08/07/2026 11:43:16
13422987,08/07/2026 08:39:47,08/07/2026 14:44:11,ascirica,6414,00:09:37,06:04:24,577,21864,Fuera de Tiempo,9,16,0,,,Excedido,"INO102-1       ","INODORO BLANCO C/ASIENTO LINEA LOFT                                   ",0,0,08/07/2026 11:44:38
13422987,08/07/2026 08:39:47,08/07/2026 14:44:11,ascirica,6414,00:09:37,06:04:24,577,21864,Fuera de Tiempo,9,16,0,,,Excedido,"INO102-1       ","INODORO BLANCO C/ASIENTO LINEA LOFT                                   ",0,0,08/07/2026 11:47:00
13422987,08/07/2026 08:39:47,08/07/2026 14:44:11,ascirica,6414,00:09:37,06:04:24,577,21864,Fuera de Tiempo,9,16,0,,,Excedido,"INO102-1       ","INODORO BLANCO C/ASIENTO LINEA LOFT                                   ",0,0,08/07/2026 11:47:57
13422987,08/07/2026 08:39:47,08/07/2026 14:44:11,ascirica,6414,00:09:37,06:04:24,577,21864,Fuera de Tiempo,7,16,0,,,Excedido,"INO102-1       ","INODORO BLANCO C/ASIENTO LINEA LOFT                                   ",0,0,08/07/2026 12:17:57
13422987,08/07/2026 08:39:47,08/07/2026 14:44:11,ascirica,6414,00:09:37,06:04:24,577,21864,Fuera de Tiempo,22,16,0,,,Excedido,"INO102-2       ","DEPOSITO C/DESCARGA DUAL BLANCO LINEA LOFT                            ",0,0,08/07/2026 12:17:57
13422987,08/07/2026 08:39:47,08/07/2026 14:44:11,ascirica,6414,00:09:37,06:04:24,577,21864,Fuera de Tiempo,2,16,0,,,Excedido,"INO104-2       ","DEPOSITO C/DESCARGA DUAL BLANCO LINEA STONE                           ",0,0,08/07/2026 12:17:57
13422987,08/07/2026 08:39:47,08/07/2026 14:44:11,ascirica,6414,00:09:37,06:04:24,577,21864,Fuera de Tiempo,48,16,0,,,Excedido,"INO102-2       ","DEPOSITO C/DESCARGA DUAL BLANCO LINEA LOFT                            ",0,0,08/07/2026 12:26:38
13422987,08/07/2026 08:39:47,08/07/2026 14:44:11,ascirica,6414,00:09:37,06:04:24,577,21864,Fuera de Tiempo,48,16,0,,,Excedido,"INO104-2       ","DEPOSITO C/DESCARGA DUAL BLANCO LINEA STONE                           ",0,0,08/07/2026 12:37:13
13422987,08/07/2026 08:39:47,08/07/2026 14:44:11,ascirica,6414,00:09:37,06:04:24,577,21864,Fuera de Tiempo,8,16,0,,,Excedido,"INO103-1       ","INODORO BLANCO C/ASIENTO LINEA URBAN                                  ",0,0,08/07/2026 13:48:59
13422987,08/07/2026 08:39:47,08/07/2026 14:44:11,ascirica,6414,00:09:37,06:04:24,577,21864,Fuera de Tiempo,8,16,0,,,Excedido,"INO104N-2      ","DEPOSITO C/DESCARGA DUAL BLACK LINEA STONE                            ",0,0,08/07/2026 13:48:59
13422987,08/07/2026 08:39:47,08/07/2026 14:44:11,ascirica,6414,00:09:37,06:04:24,577,21864,Fuera de Tiempo,35,16,0,,,Excedido,"INO103-2       ","DEPOSITO C/DESCARGA DUAL BLANCO LINEA URBAN                           ",0,0,08/07/2026 13:53:36
13422987,08/07/2026 08:39:47,08/07/2026 14:44:11,ascirica,6414,00:09:37,06:04:24,577,21864,Fuera de Tiempo,12,16,0,,,Excedido,"INO104N-2      ","DEPOSITO C/DESCARGA DUAL BLACK LINEA STONE                            ",0,0,08/07/2026 13:53:36
13422987,08/07/2026 08:39:47,08/07/2026 14:44:11,ascirica,6414,00:09:37,06:04:24,577,21864,Fuera de Tiempo,9,16,0,,,Excedido,"INO103-1       ","INODORO BLANCO C/ASIENTO LINEA URBAN                                  ",0,0,08/07/2026 14:08:22
13422987,08/07/2026 08:39:47,08/07/2026 14:44:11,ascirica,6414,00:09:37,06:04:24,577,21864,Fuera de Tiempo,9,16,0,,,Excedido,"INO104-1       ","INODORO BLANCO C/ASIENTO LINEA STONE                                  ",0,0,08/07/2026 14:11:49
13422987,08/07/2026 08:39:47,08/07/2026 14:44:11,ascirica,6414,00:09:37,06:04:24,577,21864,Fuera de Tiempo,9,16,0,,,Excedido,"INO103-1       ","INODORO BLANCO C/ASIENTO LINEA URBAN                                  ",0,0,08/07/2026 14:13:47
13422987,08/07/2026 08:39:47,08/07/2026 14:44:11,ascirica,6414,00:09:37,06:04:24,577,21864,Fuera de Tiempo,9,16,0,,,Excedido,"INO103-1       ","INODORO BLANCO C/ASIENTO LINEA URBAN                                  ",0,0,08/07/2026 15:25:44
13422987,08/07/2026 08:39:47,08/07/2026 14:44:11,ascirica,6414,00:09:37,06:04:24,577,21864,Fuera de Tiempo,1,16,0,,,Excedido,"INO104-1       ","INODORO BLANCO C/ASIENTO LINEA STONE                                  ",0,0,08/07/2026 15:25:44
13422987,08/07/2026 08:39:47,08/07/2026 14:44:11,ascirica,6414,00:09:37,06:04:24,577,21864,Fuera de Tiempo,5,16,0,,,Excedido,"BID104N-1      ","BIDE 1 AGUJERO BLACK LINEA STONE                                      ",0,0,08/07/2026 15:52:16
13422987,08/07/2026 08:39:47,08/07/2026 14:44:11,ascirica,6414,00:09:37,06:04:24,577,21864,Fuera de Tiempo,5,16,0,,,Excedido,"BID104N-3      ","BIDE 3 AGUJEROS BLACK LINEA STONE                                     ",0,0,08/07/2026 15:52:16
13422987,08/07/2026 08:39:47,08/07/2026 14:44:11,ascirica,6414,00:09:37,06:04:24,577,21864,Fuera de Tiempo,15,16,0,,,Excedido,"INO104-1       ","INODORO BLANCO C/ASIENTO LINEA STONE                                  ",0,0,08/07/2026 16:08:05
13422987,08/07/2026 08:39:47,08/07/2026 14:44:11,ascirica,6414,00:09:37,06:04:24,577,21864,Fuera de Tiempo,15,16,0,,,Excedido,"INO104-1       ","INODORO BLANCO C/ASIENTO LINEA STONE                                  ",0,0,08/07/2026 16:19:12
13422987,08/07/2026 08:39:47,08/07/2026 14:44:11,ascirica,6414,00:09:37,06:04:24,577,21864,Fuera de Tiempo,5,16,0,,,Excedido,"INO104-1       ","INODORO BLANCO C/ASIENTO LINEA STONE                                  ",0,0,08/07/2026 16:26:17
13422987,08/07/2026 08:39:47,08/07/2026 14:44:11,ascirica,6414,00:09:37,06:04:24,577,21864,Fuera de Tiempo,10,16,0,,,Excedido,"INO104N-1      ","INODORO BLACK C/ASIENTO LINEA STONE                                   ",0,0,08/07/2026 16:26:17
13422987,08/07/2026 08:39:47,08/07/2026 14:44:11,ascirica,6414,00:09:37,06:04:24,577,21864,Fuera de Tiempo,5,16,0,,,Excedido,"INO104-1       ","INODORO BLANCO C/ASIENTO LINEA STONE                                  ",0,0,08/07/2026 16:28:31
13422987,08/07/2026 08:39:47,08/07/2026 14:44:11,ascirica,6414,00:09:37,06:04:24,577,21864,Fuera de Tiempo,10,16,0,,,Excedido,"INO104N-1      ","INODORO BLACK C/ASIENTO LINEA STONE                                   ",0,0,08/07/2026 16:28:31
13422987,08/07/2026 08:39:47,08/07/2026 14:44:11,ascirica,6414,00:09:37,06:04:24,577,21864,Fuera de Tiempo,5,16,0,,,Excedido,"BID104-1       ","BIDE 1 AGUJERO BLANCO LINEA STONE                                     ",0,0,08/07/2026 17:13:22
13422987,08/07/2026 08:39:47,08/07/2026 14:44:11,ascirica,6414,00:09:37,06:04:24,577,21864,Fuera de Tiempo,5,16,0,,,Excedido,"BID104-3       ","BIDE 3 AGUJEROS BLANCO LINEA STONE                                    ",0,0,08/07/2026 17:13:22
13422987,08/07/2026 08:39:47,08/07/2026 14:44:11,ascirica,6414,00:09:37,06:04:24,577,21864,Fuera de Tiempo,10,16,0,,,Excedido,"BID102-1       ","BIDE 1 AGUJERO BLANCO LINEA LOFT                                      ",0,0,08/07/2026 17:19:49
13422987,08/07/2026 08:39:47,08/07/2026 14:44:11,ascirica,6414,00:09:37,06:04:24,577,21864,Fuera de Tiempo,10,16,0,,,Excedido,"BID102-1       ","BIDE 1 AGUJERO BLANCO LINEA LOFT                                      ",0,0,08/07/2026 17:22:23
13422987,08/07/2026 08:39:47,08/07/2026 14:44:11,ascirica,6414,00:09:37,06:04:24,577,21864,Fuera de Tiempo,10,16,0,,,Excedido,"BID102-3       ","BIDE 3 AGUJEROS BLANCO LINEA LOFT                                     ",0,0,08/07/2026 17:25:21
13422987,08/07/2026 08:39:47,08/07/2026 14:44:11,ascirica,6414,00:09:37,06:04:24,577,21864,Fuera de Tiempo,10,16,0,,,Excedido,"BID102-3       ","BIDE 3 AGUJEROS BLANCO LINEA LOFT                                     ",0,0,08/07/2026 17:28:50
13422987,08/07/2026 08:39:47,08/07/2026 14:44:11,ascirica,6414,00:09:37,06:04:24,577,21864,Fuera de Tiempo,10,16,0,,,Excedido,"BID103-3       ","BIDE 3 AGUJEROS BLANCO LINEA URBAN                                    ",0,0,08/07/2026 17:34:57
13422987,08/07/2026 08:39:47,08/07/2026 14:44:11,ascirica,6414,00:09:37,06:04:24,577,21864,Fuera de Tiempo,10,16,0,,,Excedido,"BID103-1       ","BIDE 1 AGUJERO BLANCO LINEA URBAN                                     ",0,0,08/07/2026 17:37:58
13422987,08/07/2026 08:39:47,08/07/2026 14:44:11,ascirica,6414,00:09:37,06:04:24,577,21864,Fuera de Tiempo,10,16,0,,,Excedido,"BID104-1       ","BIDE 1 AGUJERO BLANCO LINEA STONE                                     ",0,0,08/07/2026 17:41:22
13422987,08/07/2026 08:39:47,08/07/2026 14:44:11,ascirica,6414,00:09:37,06:04:24,577,21864,Fuera de Tiempo,10,16,0,,,Excedido,"BID104-3       ","BIDE 3 AGUJEROS BLANCO LINEA STONE                                    ",0,0,08/07/2026 17:44:11
13423018,08/07/2026 08:41:25,08/07/2026 08:48:46,rodriguezt,6419,00:02:05,00:07:21,125,441,Fuera de Tiempo,63,2,0,00:47:01,2821,Excedido,"203            ","203 - LAVATORIO CROMO ""DIQUE""",0,0,08/07/2026 11:48:46
13423018,08/07/2026 08:41:25,08/07/2026 08:48:46,rodriguezt,6419,00:02:05,00:07:21,125,441,Fuera de Tiempo,72,2,0,00:47:01,2821,Excedido,"51-058         ",51-058 - COCINA MESADA CR C.STD MALBA,0,0,08/07/2026 11:48:46
13423208,08/07/2026 08:49:20,08/07/2026 08:49:28,acejas,6417,00:00:40,00:00:08,40,8,En Tiempo,2,1,0,00:19:01,1141,Excedido,"85-168         ",85-168 - DUCHA MONOC C/TRANSF Y DUCHADOR CR WAVE,0,0,08/07/2026 11:49:28
13423244,08/07/2026 08:50:55,08/07/2026 08:51:28,acejas,6417,00:00:39,00:00:33,39,33,En Tiempo,1,1,0,00:01:27,87,Logico,"60-162         ",60-162 - LAVATORIO CR C.CERAM LINEA ADRA,0,0,08/07/2026 11:51:28
13423270,08/07/2026 08:51:54,08/07/2026 08:52:01,acejas,6417,00:00:39,00:00:07,39,7,En Tiempo,1,1,0,00:00:26,26,Logico,"314/CR         ",314/CR - BIDE CROMO ARES,0,0,08/07/2026 11:52:01
13423307,08/07/2026 08:53:06,08/07/2026 08:53:15,acejas,6417,00:00:44,00:00:09,44,9,En Tiempo,1,2,0,00:01:05,65,Logico,"70-133         ",70-133 - BIDE MONOCOMANDO LUGO,0,0,08/07/2026 11:53:15
13423307,08/07/2026 08:53:06,08/07/2026 08:53:15,acejas,6417,00:00:44,00:00:09,44,9,En Tiempo,1,2,0,00:01:05,65,Logico,"214/CR         ",214/CR - LAVATORIO CR/CR ARES,0,0,08/07/2026 11:53:15
13423342,08/07/2026 08:54:16,08/07/2026 08:57:06,acejas,6417,00:00:55,00:02:50,55,170,Fuera de Tiempo,3,3,0,00:01:01,61,Logico,"80-166         ","DUCHA EMB. C/TRANSF. CR C.CERAM ADRA PLUS                             ",0,0,08/07/2026 11:57:06
13423342,08/07/2026 08:54:16,08/07/2026 08:57:06,acejas,6417,00:00:55,00:02:50,55,170,Fuera de Tiempo,3,3,0,00:01:01,61,Logico,"70-162         ",70-162 - BIDE CR C.CERAM LINEA ADRA,0,0,08/07/2026 11:57:06
13423342,08/07/2026 08:54:16,08/07/2026 08:57:06,acejas,6417,00:00:55,00:02:50,55,170,Fuera de Tiempo,3,3,0,00:01:01,61,Logico,"60-162         ",60-162 - LAVATORIO CR C.CERAM LINEA ADRA,0,0,08/07/2026 11:57:06
13423410,08/07/2026 08:57:26,08/07/2026 09:03:42,acejas,6417,00:01:10,00:06:16,70,376,Fuera de Tiempo,3,4,0,00:00:20,20,Logico,"60-203         ",60-203 - LAVATORIO MONOCOMANDO BAJO ADRA,0,0,08/07/2026 12:03:42
13423410,08/07/2026 08:57:26,08/07/2026 09:03:42,acejas,6417,00:01:10,00:06:16,70,376,Fuera de Tiempo,3,4,0,00:00:20,20,Logico,"80-166         ","DUCHA EMB. C/TRANSF. CR C.CERAM ADRA PLUS                             ",0,0,08/07/2026 12:03:42
13423410,08/07/2026 08:57:26,08/07/2026 09:03:42,acejas,6417,00:01:10,00:06:16,70,376,Fuera de Tiempo,3,4,0,00:00:20,20,Logico,"70-162         ",70-162 - BIDE CR C.CERAM LINEA ADRA,0,0,08/07/2026 12:03:42
13423410,08/07/2026 08:57:26,08/07/2026 09:03:42,acejas,6417,00:01:10,00:06:16,70,376,Fuera de Tiempo,3,4,0,00:00:20,20,Logico,"60-162         ",60-162 - LAVATORIO CR C.CERAM LINEA ADRA,0,0,08/07/2026 12:03:42
13423598,08/07/2026 09:04:55,08/07/2026 09:05:19,gkiriczuk,6409,00:00:39,00:00:24,39,24,En Tiempo,1,1,0,,,Excedido,"80-166         ","DUCHA EMB. C/TRANSF. CR C.CERAM ADRA PLUS                             ",0,0,08/07/2026 12:05:19
13423621,08/07/2026 09:05:48,08/07/2026 09:05:58,gkiriczuk,6409,00:00:40,00:00:10,40,10,En Tiempo,2,1,0,00:00:29,29,Logico,"20-147         ",20-147 - MONOCOMANDO DE COCINA SWIFT,0,0,08/07/2026 12:05:58
13423701,08/07/2026 09:09:10,08/07/2026 09:12:43,acejas,6417,00:00:55,00:03:33,55,213,Fuera de Tiempo,3,3,0,00:05:28,328,Logico,"70-152         ",70-152 - BIDE MONOCOMANDO CR C/TRANSFERENCIA SORIA,0,0,08/07/2026 12:09:31
13423701,08/07/2026 09:09:10,08/07/2026 09:12:43,acejas,6417,00:00:55,00:03:33,55,213,Fuera de Tiempo,2,3,0,00:05:28,328,Logico,"80-152         ",80-152 - DUCHA EMB. CR C/TRANSF. MONOCOMANDO SORIA,0,0,08/07/2026 12:09:31
13423701,08/07/2026 09:09:10,08/07/2026 09:12:43,acejas,6417,00:00:55,00:03:33,55,213,Fuera de Tiempo,3,3,0,00:05:28,328,Logico,"61-152         ",61-152 - LAVATORIO MONOCOMANDO CROMO ALTO SORIA,0,0,08/07/2026 12:09:31
13423701,08/07/2026 09:09:10,08/07/2026 09:12:43,acejas,6417,00:00:55,00:03:33,55,213,Fuera de Tiempo,1,3,0,00:05:28,328,Logico,"61-152         ",61-152 - LAVATORIO MONOCOMANDO CROMO ALTO SORIA,0,0,08/07/2026 12:12:43
13424004,08/07/2026 09:22:02,08/07/2026 09:22:33,acejas,6417,00:00:49,00:00:31,49,31,En Tiempo,2,3,0,00:09:19,559,Excedido,"61-200C        ",61-200C - LAVATORIO MONOC ALTO CR FABRIC,0,0,08/07/2026 12:22:33
13424004,08/07/2026 09:22:02,08/07/2026 09:22:33,acejas,6417,00:00:49,00:00:31,49,31,En Tiempo,1,3,0,00:09:19,559,Excedido,"70-200C        ",70-200C - BIDE MONOCOMANDO CR FABRIC,0,0,08/07/2026 12:22:33
13424004,08/07/2026 09:22:02,08/07/2026 09:22:33,acejas,6417,00:00:49,00:00:31,49,31,En Tiempo,3,3,0,00:09:19,559,Excedido,"70-203         ",70-203 - BIDE MONOCOMANDO ADRA,0,0,08/07/2026 12:22:33
13424091,08/07/2026 09:25:58,08/07/2026 09:29:55,gsoderquvist,6415,00:06:05,00:03:57,365,237,En Tiempo,2,30,0,00:31:45,1905,Excedido,"20-202NI       ",20-202NI - MONOCOMANDO COCINA NICKEL HOOP,0,0,08/07/2026 12:29:55
13424091,08/07/2026 09:25:58,08/07/2026 09:29:55,gsoderquvist,6415,00:06:05,00:03:57,365,237,En Tiempo,1,30,0,00:31:45,1905,Excedido,"61-168         ",61-168 - LAVATORIO MONOC ALTO CR WAVE,0,0,08/07/2026 12:29:55
13424091,08/07/2026 09:25:58,08/07/2026 09:29:55,gsoderquvist,6415,00:06:05,00:03:57,365,237,En Tiempo,2,30,0,00:31:45,1905,Excedido,"70-168         ",70-168 - BIDE MONOC CR WAVE,0,0,08/07/2026 12:29:55
13424091,08/07/2026 09:25:58,08/07/2026 09:29:55,gsoderquvist,6415,00:06:05,00:03:57,365,237,En Tiempo,4,30,0,00:31:45,1905,Excedido,"60-168         ",60-168 - LAVATORIO MONOC BAJO CR WAVE,0,0,08/07/2026 12:29:55
13424091,08/07/2026 09:25:58,08/07/2026 09:29:55,gsoderquvist,6415,00:06:05,00:03:57,365,237,En Tiempo,1,30,0,00:31:45,1905,Excedido,"30-121         ",30-121 - COCINA MSDA MONOC.P. CUADRADO MARBELLA,0,0,08/07/2026 12:29:55
13424091,08/07/2026 09:25:58,08/07/2026 09:29:55,gsoderquvist,6415,00:06:05,00:03:57,365,237,En Tiempo,1,30,0,00:31:45,1905,Excedido,"61-200G        ",61-200G - LAVATORIO MONOC ALTO GOLD FABRIC,0,0,08/07/2026 12:29:55
13424091,08/07/2026 09:25:58,08/07/2026 09:29:55,gsoderquvist,6415,00:06:05,00:03:57,365,237,En Tiempo,1,30,0,00:31:45,1905,Excedido,"70-200G        ",70-200G - BIDE MONOCOMANDO GOLD FABRIC,0,0,08/07/2026 12:29:55
13424091,08/07/2026 09:25:58,08/07/2026 09:29:55,gsoderquvist,6415,00:06:05,00:03:57,365,237,En Tiempo,2,30,0,00:31:45,1905,Excedido,"70-176         ",70-176 - BIDE MONOC C/TRANSF CR RIO,0,0,08/07/2026 12:29:55
13424091,08/07/2026 09:25:58,08/07/2026 09:29:55,gsoderquvist,6415,00:06:05,00:03:57,365,237,En Tiempo,3,30,0,00:31:45,1905,Excedido,"20-122         ","MONOCOMANDO COCINA CR C/PICO EXTRAIBLE VALENCIA                       ",0,0,08/07/2026 12:29:55
13424091,08/07/2026 09:25:58,08/07/2026 09:29:55,gsoderquvist,6415,00:06:05,00:03:57,365,237,En Tiempo,2,30,0,00:31:45,1905,Excedido,"80-176         ",80-176 - DUCHA EMB C/TRANSF MONOC CR RIO,0,0,08/07/2026 12:29:55
13424091,08/07/2026 09:25:58,08/07/2026 09:29:55,gsoderquvist,6415,00:06:05,00:03:57,365,237,En Tiempo,10,30,0,00:31:45,1905,Excedido,"12006          ","SET DE 6 PIEZAS LINEA 12000                                           ",0,0,08/07/2026 12:29:55
13424091,08/07/2026 09:25:58,08/07/2026 09:29:55,gsoderquvist,6415,00:06:05,00:03:57,365,237,En Tiempo,1,30,0,00:31:45,1905,Excedido,"80-203P        ",80-203P - DUCHA EMB C/TRANSF. MONOCOMANDO ADRA PLUS,0,0,08/07/2026 12:29:55
13424091,08/07/2026 09:25:58,08/07/2026 09:29:55,gsoderquvist,6415,00:06:05,00:03:57,365,237,En Tiempo,4,30,0,00:31:45,1905,Excedido,"20-102         ","20-102 - MONOCOMANDO MESADA CROMO ""RENACER""",0,0,08/07/2026 12:29:55
13424091,08/07/2026 09:25:58,08/07/2026 09:29:55,gsoderquvist,6415,00:06:05,00:03:57,365,237,En Tiempo,1,30,0,00:31:45,1905,Excedido,"BCH01          ",BCH01 - BACHA DE APOYAR CIRCULAR 320x145,0,0,08/07/2026 12:29:55
13424091,08/07/2026 09:25:58,08/07/2026 09:29:55,gsoderquvist,6415,00:06:05,00:03:57,365,237,En Tiempo,5,30,0,00:31:45,1905,Excedido,"BCH19          ","BACHA DE APOYAR BLANCA 365x235x120                                    ",0,0,08/07/2026 12:29:55
13424091,08/07/2026 09:25:58,08/07/2026 09:29:55,gsoderquvist,6415,00:06:05,00:03:57,365,237,En Tiempo,2,30,0,00:31:45,1905,Excedido,"85-168         ",85-168 - DUCHA MONOC C/TRANSF Y DUCHADOR CR WAVE,0,0,08/07/2026 12:29:55
13424091,08/07/2026 09:25:58,08/07/2026 09:29:55,gsoderquvist,6415,00:06:05,00:03:57,365,237,En Tiempo,1,30,0,00:31:45,1905,Excedido,"80-100G        ",80-100G - DUCHA EMB. C/TRANSF. GOLD C.CERAM FABRIC,0,0,08/07/2026 12:29:55
13424091,08/07/2026 09:25:58,08/07/2026 09:29:55,gsoderquvist,6415,00:06:05,00:03:57,365,237,En Tiempo,1,30,0,00:31:45,1905,Excedido,"70-100G        ",70-100G - BIDE GOLD C.CERAM FABRIC,0,0,08/07/2026 12:29:55
13424091,08/07/2026 09:25:58,08/07/2026 09:29:55,gsoderquvist,6415,00:06:05,00:03:57,365,237,En Tiempo,1,30,0,00:31:45,1905,Excedido,"60-100G        ",60-100G - LAVATORIO GOLD C.CERAM FABRIC,0,0,08/07/2026 12:29:55
13424091,08/07/2026 09:25:58,08/07/2026 09:29:55,gsoderquvist,6415,00:06:05,00:03:57,365,237,En Tiempo,4,30,0,00:31:45,1905,Excedido,"60-203         ",60-203 - LAVATORIO MONOCOMANDO BAJO ADRA,0,0,08/07/2026 12:29:55
13424091,08/07/2026 09:25:58,08/07/2026 09:29:55,gsoderquvist,6415,00:06:05,00:03:57,365,237,En Tiempo,1,30,0,00:31:45,1905,Excedido,"61-203         ",61-203 - LAVATORIO MONOCOMANDO ALTO ADRA,0,0,08/07/2026 12:29:55
13424091,08/07/2026 09:25:58,08/07/2026 09:29:55,gsoderquvist,6415,00:06:05,00:03:57,365,237,En Tiempo,1,30,0,00:31:45,1905,Excedido,"80-100C        ",80-100C - DUCHA EMB. C/TRANSF. CR C.CERAM FABRIC,0,0,08/07/2026 12:29:55
13424091,08/07/2026 09:25:58,08/07/2026 09:29:55,gsoderquvist,6415,00:06:05,00:03:57,365,237,En Tiempo,1,30,0,00:31:45,1905,Excedido,"70-100C        ",70-100C - BIDE CR C.CERAM FABRIC,0,0,08/07/2026 12:29:55
13424091,08/07/2026 09:25:58,08/07/2026 09:29:55,gsoderquvist,6415,00:06:05,00:03:57,365,237,En Tiempo,1,30,0,00:31:45,1905,Excedido,"80-200G        ",80-200G - DUCHA EMB. MONOC. 3 FUNCIONES GOLD FABRIC,0,0,08/07/2026 12:29:55
13424091,08/07/2026 09:25:58,08/07/2026 09:29:55,gsoderquvist,6415,00:06:05,00:03:57,365,237,En Tiempo,2,30,0,00:31:45,1905,Excedido,"62-162         ",62-162 - LAVATORIO DE PARED CR C.CERAM ADRA,0,0,08/07/2026 12:29:55
13424091,08/07/2026 09:25:58,08/07/2026 09:29:55,gsoderquvist,6415,00:06:05,00:03:57,365,237,En Tiempo,4,30,0,00:31:45,1905,Excedido,"80-057         ",80-057 - DUCHA EMB. C/TRANSF. C.STD VERIN PLUS,0,0,08/07/2026 12:29:55
13424091,08/07/2026 09:25:58,08/07/2026 09:29:55,gsoderquvist,6415,00:06:05,00:03:57,365,237,En Tiempo,1,30,0,00:31:45,1905,Excedido,"60-057         ",60-057 - LAVATORIO C.STD VERIN PLUS,0,0,08/07/2026 12:29:55
13424091,08/07/2026 09:25:58,08/07/2026 09:29:55,gsoderquvist,6415,00:06:05,00:03:57,365,237,En Tiempo,1,30,0,00:31:45,1905,Excedido,"70-162         ",70-162 - BIDE CR C.CERAM LINEA ADRA,0,0,08/07/2026 12:29:55
13424091,08/07/2026 09:25:58,08/07/2026 09:29:55,gsoderquvist,6415,00:06:05,00:03:57,365,237,En Tiempo,3,30,0,00:31:45,1905,Excedido,"80-166         ","DUCHA EMB. C/TRANSF. CR C.CERAM ADRA PLUS                             ",0,0,08/07/2026 12:29:55
13424091,08/07/2026 09:25:58,08/07/2026 09:29:55,gsoderquvist,6415,00:06:05,00:03:57,365,237,En Tiempo,5,30,0,00:31:45,1905,Excedido,"60-162         ",60-162 - LAVATORIO CR C.CERAM LINEA ADRA,0,0,08/07/2026 12:29:55
13424345,08/07/2026 09:37:01,08/07/2026 09:39:13,gsoderquvist,6415,00:01:10,00:02:12,70,132,Fuera de Tiempo,20,2,0,00:07:06,426,Excedido,"1330           ","QUEINOX MACHO MOVIL MH 1/2"" x 30                                      ",0,0,08/07/2026 12:39:13
13424345,08/07/2026 09:37:01,08/07/2026 09:39:13,gsoderquvist,6415,00:01:10,00:02:12,70,132,Fuera de Tiempo,10,2,0,00:07:06,426,Excedido,"1350           ","QUEINOX MACHO MOVIL MH 1/2"" x 50                                      ",0,0,08/07/2026 12:39:13
13424408,08/07/2026 09:39:29,08/07/2026 09:39:38,gsoderquvist,6415,00:00:44,00:00:09,44,9,En Tiempo,1,2,0,00:00:16,16,Logico,"62-175G        ",62-175G - LAVATORIO DE PARED GOLD C.CERAM PULSE,0,0,08/07/2026 12:39:38
13424408,08/07/2026 09:39:29,08/07/2026 09:39:38,gsoderquvist,6415,00:00:44,00:00:09,44,9,En Tiempo,1,2,0,00:00:16,16,Logico,"80-175G        ",80-175G - DUCHA EMB C/TRANSF. GOLD C.CERAM PULSE,0,0,08/07/2026 12:39:38
13424520,08/07/2026 09:43:03,08/07/2026 09:44:30,acejas,6417,00:00:48,00:01:27,48,87,Fuera de Tiempo,7,1,0,00:20:30,1230,Excedido,"RA032          ",RA032 - FLEXIBLE PARA CONEXION BIDE,0,0,08/07/2026 12:44:30
13424572,08/07/2026 09:45:03,08/07/2026 09:45:11,acejas,6417,00:00:39,00:00:08,39,8,En Tiempo,1,1,0,00:00:33,33,Logico,"RA1089         ",RA1089 - AIREADOR P/LAVATORIO (ALTO/BAJO) SORIA,0,0,08/07/2026 12:45:11
13424653,08/07/2026 09:47:19,08/07/2026 11:16:13,rodriguezt,6419,00:09:54,01:28:54,594,5334,Fuera de Tiempo,400,10,0,00:58:33,3513,Excedido,"919/M          ",919/M - JGO.MDA.P.CANO CROMO LAZA,0,0,08/07/2026 12:48:24
13424653,08/07/2026 09:47:19,08/07/2026 11:16:13,rodriguezt,6419,00:09:54,01:28:54,594,5334,Fuera de Tiempo,40,10,0,00:58:33,3513,Excedido,"409            ","409 - DUCHA EXT.C/TRANSF.CR ""LAZA""",0,0,08/07/2026 13:56:46
13424653,08/07/2026 09:47:19,08/07/2026 11:16:13,rodriguezt,6419,00:09:54,01:28:54,594,5334,Fuera de Tiempo,90,10,0,00:58:33,3513,Excedido,"309            ","309 - BIDE CROMO ""LAZA""",0,0,08/07/2026 13:56:46
13424653,08/07/2026 09:47:19,08/07/2026 11:16:13,rodriguezt,6419,00:09:54,01:28:54,594,5334,Fuera de Tiempo,150,10,0,00:58:33,3513,Excedido,"209            ",209 - LAVATORIO CROMO LAZA,0,0,08/07/2026 13:56:46
13424653,08/07/2026 09:47:19,08/07/2026 11:16:13,rodriguezt,6419,00:09:54,01:28:54,594,5334,Fuera de Tiempo,90,10,0,00:58:33,3513,Excedido,"429            ","429 - DUCHA EMB.C/TRANSF.CR ""LAZA""",0,0,08/07/2026 13:56:46
13424653,08/07/2026 09:47:19,08/07/2026 11:16:13,rodriguezt,6419,00:09:54,01:28:54,594,5334,Fuera de Tiempo,30,10,0,00:58:33,3513,Excedido,"919/M          ",919/M - JGO.MDA.P.CANO CROMO LAZA,0,0,08/07/2026 13:56:46
13424653,08/07/2026 09:47:19,08/07/2026 11:16:13,rodriguezt,6419,00:09:54,01:28:54,594,5334,Fuera de Tiempo,7,10,0,00:58:33,3513,Excedido,"919/M          ",919/M - JGO.MDA.P.CANO CROMO LAZA,0,0,08/07/2026 14:16:13
13424653,08/07/2026 09:47:19,08/07/2026 11:16:13,rodriguezt,6419,00:09:54,01:28:54,594,5334,Fuera de Tiempo,99,10,0,00:58:33,3513,Excedido,"469            ","469 - DUCHA EMB. S/TRANSF.CR ""LAZA""",0,0,08/07/2026 14:16:13
13424653,08/07/2026 09:47:19,08/07/2026 11:16:13,rodriguezt,6419,00:09:54,01:28:54,594,5334,Fuera de Tiempo,10,10,0,00:58:33,3513,Excedido,"429            ","429 - DUCHA EMB.C/TRANSF.CR ""LAZA""",0,0,08/07/2026 14:16:13
13424653,08/07/2026 09:47:19,08/07/2026 11:16:13,rodriguezt,6419,00:09:54,01:28:54,594,5334,Fuera de Tiempo,100,10,0,00:58:33,3513,Excedido,"20-160         ",20-160 - MONOCOMANDO MESADA COCINA DIQUE,0,0,08/07/2026 14:16:13
13424653,08/07/2026 09:47:19,08/07/2026 11:16:13,rodriguezt,6419,00:09:54,01:28:54,594,5334,Fuera de Tiempo,500,10,0,00:58:33,3513,Excedido,"1330           ","QUEINOX MACHO MOVIL MH 1/2"" x 30                                      ",0,0,08/07/2026 14:16:13
13424653,08/07/2026 09:47:19,08/07/2026 11:16:13,rodriguezt,6419,00:09:54,01:28:54,594,5334,Fuera de Tiempo,300,10,0,00:58:33,3513,Excedido,"1335           ","QUEINOX MACHO MOVIL MH 1/2"" x 35                                      ",0,0,08/07/2026 14:16:13
13424653,08/07/2026 09:47:19,08/07/2026 11:16:13,rodriguezt,6419,00:09:54,01:28:54,594,5334,Fuera de Tiempo,75,10,0,00:58:33,3513,Excedido,"1380G          ","QUEINOX GAS MH 1/2""x80 APROBADO POR IGA                               ",0,0,08/07/2026 14:16:13
13424672,08/07/2026 09:48:02,08/07/2026 09:49:45,acejas,6417,00:00:48,00:01:43,48,103,Fuera de Tiempo,10,1,0,00:02:51,171,Logico,"RA032          ",RA032 - FLEXIBLE PARA CONEXION BIDE,0,0,08/07/2026 12:49:45
13424758,08/07/2026 09:50:53,08/07/2026 09:55:37,acejas,6417,00:02:14,00:04:44,134,284,Fuera de Tiempo,2,6,0,00:01:08,68,Logico,"RA766          ",RA766 - BOLSITA P/CONEXION LAVATORIO BRONCE,0,0,08/07/2026 12:55:37
13424758,08/07/2026 09:50:53,08/07/2026 09:55:37,acejas,6417,00:02:14,00:04:44,134,284,Fuera de Tiempo,1,6,0,00:01:08,68,Logico,"RA076          ",RA076 - TRANSFERENCIA P/DUCHA EXTERIOR COMPLETA,0,0,08/07/2026 12:55:37
13424758,08/07/2026 09:50:53,08/07/2026 09:55:37,acejas,6417,00:02:14,00:04:44,134,284,Fuera de Tiempo,20,6,0,00:01:08,68,Logico,"RA1191         ",RA1191 - 10 CONJ. PROLONGADOR CORTO (TORNILLO+TUBO) VOLANTE,0,0,08/07/2026 12:55:37
13424758,08/07/2026 09:50:53,08/07/2026 09:55:37,acejas,6417,00:02:14,00:04:44,134,284,Fuera de Tiempo,10,6,0,00:01:08,68,Logico,"RA1109         ",RA1109 - (10) JUNTA P/MONOCOMANDO DIQUE,0,0,08/07/2026 12:55:37
13424758,08/07/2026 09:50:53,08/07/2026 09:55:37,acejas,6417,00:02:14,00:04:44,134,284,Fuera de Tiempo,1,6,0,00:01:08,68,Logico,"RA871          ",RA871 - 10 TAPAS CHICAS CR P/VOLANTE,0,0,08/07/2026 12:55:37
13424758,08/07/2026 09:50:53,08/07/2026 09:55:37,acejas,6417,00:02:14,00:04:44,134,284,Fuera de Tiempo,2,6,0,00:01:08,68,Logico,"RA727C         ",RA727C - CONJUNTO BUJE Y AIREADOR CROMO,0,0,08/07/2026 12:55:37
13424919,08/07/2026 09:57:42,08/07/2026 10:03:10,acejas,6417,00:01:46,00:05:28,106,328,Fuera de Tiempo,10,5,0,00:02:05,125,Logico,"RU650          ",RU650 - CAMPANA CONICA P/JUEGOS EXT. Y MESADAS,0,0,08/07/2026 13:03:10
13424919,08/07/2026 09:57:42,08/07/2026 10:03:10,acejas,6417,00:01:46,00:05:28,106,328,Fuera de Tiempo,10,5,0,00:02:05,125,Logico,"RA714B         ",RA714B - VOLANTE LAZA BLANCO COMPLETO,0,0,08/07/2026 13:03:10
13424919,08/07/2026 09:57:42,08/07/2026 10:03:10,acejas,6417,00:01:46,00:05:28,106,328,Fuera de Tiempo,1,5,0,00:02:05,125,Logico,"80-131         ",80-131 - DUCHA EMB. C/TRANSF. CR C.CERAM MALLORCA,0,0,08/07/2026 13:03:10
13424919,08/07/2026 09:57:42,08/07/2026 10:03:10,acejas,6417,00:01:46,00:05:28,106,328,Fuera de Tiempo,2,5,0,00:02:05,125,Logico,"939            ",939 - JGO.COCINA C/EXTENSIBLE CR LAZA,0,0,08/07/2026 13:03:10
13424919,08/07/2026 09:57:42,08/07/2026 10:03:10,acejas,6417,00:01:46,00:05:28,106,328,Fuera de Tiempo,2,5,0,00:02:05,125,Logico,"03-010         ","LAVATORIO ALTO TEMPORIZADO TECNO                                      ",0,0,08/07/2026 13:03:10
13424935,08/07/2026 09:58:44,08/07/2026 09:59:04,gkiriczuk,6409,00:00:48,00:00:20,48,20,En Tiempo,8,1,0,00:52:46,3166,Excedido,"20-147         ",20-147 - MONOCOMANDO DE COCINA SWIFT,0,0,08/07/2026 12:59:04
13425187,08/07/2026 10:09:19,08/07/2026 10:14:25,acejas,6417,00:00:56,00:05:06,56,306,Fuera de Tiempo,4,3,0,00:06:09,369,Excedido,"INO103-1       ","INODORO BLANCO C/ASIENTO LINEA URBAN                                  ",0,0,08/07/2026 13:14:25
13425187,08/07/2026 10:09:19,08/07/2026 10:14:25,acejas,6417,00:00:56,00:05:06,56,306,Fuera de Tiempo,4,3,0,00:06:09,369,Excedido,"INO103-2       ","DEPOSITO C/DESCARGA DUAL BLANCO LINEA URBAN                           ",0,0,08/07/2026 13:14:25
13425187,08/07/2026 10:09:19,08/07/2026 10:14:25,acejas,6417,00:00:56,00:05:06,56,306,Fuera de Tiempo,4,3,0,00:06:09,369,Excedido,"BID103-1       ","BIDE 1 AGUJERO BLANCO LINEA URBAN                                     ",0,0,08/07/2026 13:14:25
13425713,08/07/2026 10:26:13,08/07/2026 10:27:27,acejas,6417,00:01:26,00:01:14,86,74,En Tiempo,2,6,0,00:11:48,708,Excedido,"BID104-3       ","BIDE 3 AGUJEROS BLANCO LINEA STONE                                    ",0,0,08/07/2026 13:27:27
13425713,08/07/2026 10:26:13,08/07/2026 10:27:27,acejas,6417,00:01:26,00:01:14,86,74,En Tiempo,1,6,0,00:11:48,708,Excedido,"INO104-1       ","INODORO BLANCO C/ASIENTO LINEA STONE                                  ",0,0,08/07/2026 13:27:27
13425713,08/07/2026 10:26:13,08/07/2026 10:27:27,acejas,6417,00:01:26,00:01:14,86,74,En Tiempo,1,6,0,00:11:48,708,Excedido,"BID103-3       ","BIDE 3 AGUJEROS BLANCO LINEA URBAN                                    ",0,0,08/07/2026 13:27:27
13425713,08/07/2026 10:26:13,08/07/2026 10:27:27,acejas,6417,00:01:26,00:01:14,86,74,En Tiempo,1,6,0,00:11:48,708,Excedido,"INO103-2       ","DEPOSITO C/DESCARGA DUAL BLANCO LINEA URBAN                           ",0,0,08/07/2026 13:27:27
13425713,08/07/2026 10:26:13,08/07/2026 10:27:27,acejas,6417,00:01:26,00:01:14,86,74,En Tiempo,1,6,0,00:11:48,708,Excedido,"INO103-1       ","INODORO BLANCO C/ASIENTO LINEA URBAN                                  ",0,0,08/07/2026 13:27:27
13425713,08/07/2026 10:26:13,08/07/2026 10:27:27,acejas,6417,00:01:26,00:01:14,86,74,En Tiempo,1,6,0,00:11:48,708,Excedido,"INO104-2       ","DEPOSITO C/DESCARGA DUAL BLANCO LINEA STONE                           ",0,0,08/07/2026 13:27:27
13425799,08/07/2026 10:29:24,08/07/2026 10:29:49,gsoderquvist,6415,00:00:56,00:00:25,56,25,En Tiempo,4,3,0,00:49:46,2986,Excedido,"INO103-1       ","INODORO BLANCO C/ASIENTO LINEA URBAN                                  ",0,0,08/07/2026 13:29:49
13425799,08/07/2026 10:29:24,08/07/2026 10:29:49,gsoderquvist,6415,00:00:56,00:00:25,56,25,En Tiempo,4,3,0,00:49:46,2986,Excedido,"INO103-2       ","DEPOSITO C/DESCARGA DUAL BLANCO LINEA URBAN                           ",0,0,08/07/2026 13:29:49
13425799,08/07/2026 10:29:24,08/07/2026 10:29:49,gsoderquvist,6415,00:00:56,00:00:25,56,25,En Tiempo,4,3,0,00:49:46,2986,Excedido,"BID103-1       ","BIDE 1 AGUJERO BLANCO LINEA URBAN                                     ",0,0,08/07/2026 13:29:49
13426297,08/07/2026 10:48:08,08/07/2026 10:49:14,acejas,6417,00:01:16,00:01:06,76,66,En Tiempo,1,6,0,00:20:41,1241,Excedido,"INO104-1       ","INODORO BLANCO C/ASIENTO LINEA STONE                                  ",0,0,08/07/2026 13:49:14
13426297,08/07/2026 10:48:08,08/07/2026 10:49:14,acejas,6417,00:01:16,00:01:06,76,66,En Tiempo,1,6,0,00:20:41,1241,Excedido,"BID104-3       ","BIDE 3 AGUJEROS BLANCO LINEA STONE                                    ",0,0,08/07/2026 13:49:14
13426297,08/07/2026 10:48:08,08/07/2026 10:49:14,acejas,6417,00:01:16,00:01:06,76,66,En Tiempo,1,6,0,00:20:41,1241,Excedido,"INO104-2       ","DEPOSITO C/DESCARGA DUAL BLANCO LINEA STONE                           ",0,0,08/07/2026 13:49:14
13426297,08/07/2026 10:48:08,08/07/2026 10:49:14,acejas,6417,00:01:16,00:01:06,76,66,En Tiempo,1,6,0,00:20:41,1241,Excedido,"BID103-3       ","BIDE 3 AGUJEROS BLANCO LINEA URBAN                                    ",0,0,08/07/2026 13:49:14
13426297,08/07/2026 10:48:08,08/07/2026 10:49:14,acejas,6417,00:01:16,00:01:06,76,66,En Tiempo,1,6,0,00:20:41,1241,Excedido,"INO103-2       ","DEPOSITO C/DESCARGA DUAL BLANCO LINEA URBAN                           ",0,0,08/07/2026 13:49:14
13426297,08/07/2026 10:48:08,08/07/2026 10:49:14,acejas,6417,00:01:16,00:01:06,76,66,En Tiempo,1,6,0,00:20:41,1241,Excedido,"INO103-1       ","INODORO BLANCO C/ASIENTO LINEA URBAN                                  ",0,0,08/07/2026 13:49:14
13427090,08/07/2026 11:14:57,08/07/2026 11:18:44,gsoderquvist,6415,00:06:17,00:03:47,377,227,En Tiempo,3,25,0,00:45:08,2708,Excedido,"60-162         ",60-162 - LAVATORIO CR C.CERAM LINEA ADRA,0,0,08/07/2026 14:18:44
13427090,08/07/2026 11:14:57,08/07/2026 11:18:44,gsoderquvist,6415,00:06:17,00:03:47,377,227,En Tiempo,1,25,0,00:45:08,2708,Excedido,"70-201NI       ",70-201NI - BIDE CR C.CERAM BEAT NICKEL,0,0,08/07/2026 14:18:44
13427090,08/07/2026 11:14:57,08/07/2026 11:18:44,gsoderquvist,6415,00:06:17,00:03:47,377,227,En Tiempo,1,25,0,00:45:08,2708,Excedido,"BAI01NI        ",BAI01NI - BACHA EMB COCINA C/ACCESORIOS 750x450x220 NICKEL BRUSHED,0,0,08/07/2026 14:18:44
13427090,08/07/2026 11:14:57,08/07/2026 11:18:44,gsoderquvist,6415,00:06:17,00:03:47,377,227,En Tiempo,1,25,0,00:45:08,2708,Excedido,"BCH16          ",BCH16 - BACHA DE APOYAR BLANCA 610x457x254 C/DESAGOTE Y REJILLA,0,0,08/07/2026 14:18:44
13427090,08/07/2026 11:14:57,08/07/2026 11:18:44,gsoderquvist,6415,00:06:17,00:03:47,377,227,En Tiempo,1,25,0,00:45:08,2708,Excedido,"BCH07          ",BCH07 - BACHA DE APOYAR OVALADA 400x330x150,0,0,08/07/2026 14:18:44
13427090,08/07/2026 11:14:57,08/07/2026 11:18:44,gsoderquvist,6415,00:06:17,00:03:47,377,227,En Tiempo,1,25,0,00:45:08,2708,Excedido,"70-122         ",70-122 - BIDE C.CERAM CR VALENCIA,0,0,08/07/2026 14:18:44
13427090,08/07/2026 11:14:57,08/07/2026 11:18:44,gsoderquvist,6415,00:06:17,00:03:47,377,227,En Tiempo,1,25,0,00:45:08,2708,Excedido,"62-190         ",62-190 - LAVATORIO PARED EMB. C.CERAM BLACK VELVET,0,0,08/07/2026 14:18:44
13427090,08/07/2026 11:14:57,08/07/2026 11:18:44,gsoderquvist,6415,00:06:17,00:03:47,377,227,En Tiempo,1,25,0,00:45:08,2708,Excedido,"80-390         ",80-390 - DUCHA DE EMB 3 FUNCIONES BLACK VELVET,0,0,08/07/2026 14:18:44
13427090,08/07/2026 11:14:57,08/07/2026 11:18:44,gsoderquvist,6415,00:06:17,00:03:47,377,227,En Tiempo,3,25,0,00:45:08,2708,Excedido,"70-100G        ",70-100G - BIDE GOLD C.CERAM FABRIC,0,0,08/07/2026 14:18:44
13427090,08/07/2026 11:14:57,08/07/2026 11:18:44,gsoderquvist,6415,00:06:17,00:03:47,377,227,En Tiempo,3,25,0,00:45:08,2708,Excedido,"62-100G        ",62-100G - LAVATORIO DE PARED GOLD C.CERAM FABRIC,0,0,08/07/2026 14:18:44
13427090,08/07/2026 11:14:57,08/07/2026 11:18:44,gsoderquvist,6415,00:06:17,00:03:47,377,227,En Tiempo,2,25,0,00:45:08,2708,Excedido,"80-100G        ",80-100G - DUCHA EMB. C/TRANSF. GOLD C.CERAM FABRIC,0,0,08/07/2026 14:18:44
13427090,08/07/2026 11:14:57,08/07/2026 11:18:44,gsoderquvist,6415,00:06:17,00:03:47,377,227,En Tiempo,2,25,0,00:45:08,2708,Excedido,"62-135         ",62-135 - LAVATORIO P/PARED C.CERAM SANTANDER,0,0,08/07/2026 14:18:44
13427090,08/07/2026 11:14:57,08/07/2026 11:18:44,gsoderquvist,6415,00:06:17,00:03:47,377,227,En Tiempo,1,25,0,00:45:08,2708,Excedido,"80-135         ",80-135 - DUCHA EMB. C/TRANSF. C.CERAM SANTANDER,0,0,08/07/2026 14:18:44
13427090,08/07/2026 11:14:57,08/07/2026 11:18:44,gsoderquvist,6415,00:06:17,00:03:47,377,227,En Tiempo,1,25,0,00:45:08,2708,Excedido,"70-135         ",70-135 - BIDE C.CERAM SANTANDER,0,0,08/07/2026 14:18:44
13427090,08/07/2026 11:14:57,08/07/2026 11:18:44,gsoderquvist,6415,00:06:17,00:03:47,377,227,En Tiempo,1,25,0,00:45:08,2708,Excedido,"20010GR        ",20010GR - TOALLERO BARRAL GRAFITO LINEA PULSE  ,0,0,08/07/2026 14:18:44
13427090,08/07/2026 11:14:57,08/07/2026 11:18:44,gsoderquvist,6415,00:06:17,00:03:47,377,227,En Tiempo,1,25,0,00:45:08,2708,Excedido,"54-203         ","COCINA PARED EXT C.CERAM ADRA MONOCOMANDO                             ",0,0,08/07/2026 14:18:44
13427090,08/07/2026 11:14:57,08/07/2026 11:18:44,gsoderquvist,6415,00:06:17,00:03:47,377,227,En Tiempo,1,25,0,00:45:08,2708,Excedido,"70-175GR       ",70-175GR - BIDE PULSE GRAFITO C.CERAM,0,0,08/07/2026 14:18:44
13427090,08/07/2026 11:14:57,08/07/2026 11:18:44,gsoderquvist,6415,00:06:17,00:03:47,377,227,En Tiempo,3,25,0,00:45:08,2708,Excedido,"61-176N        ",61-176N - LAVATORIO MONOC ALTO BLACK RIO,0,0,08/07/2026 14:18:44
13427090,08/07/2026 11:14:57,08/07/2026 11:18:44,gsoderquvist,6415,00:06:17,00:03:47,377,227,En Tiempo,2,25,0,00:45:08,2708,Excedido,"17020G         ",17020G - TOALLERO DE ARO LINEA FABRIC GOLD,0,0,08/07/2026 14:18:44
13427090,08/07/2026 11:14:57,08/07/2026 11:18:44,gsoderquvist,6415,00:06:17,00:03:47,377,227,En Tiempo,1,25,0,00:45:08,2708,Excedido,"3006SS         ",3006SS - SET DE 6 PIEZAS LINEA 3000 SS,0,0,08/07/2026 14:18:44
13427090,08/07/2026 11:14:57,08/07/2026 11:18:44,gsoderquvist,6415,00:06:17,00:03:47,377,227,En Tiempo,2,25,0,00:45:08,2708,Excedido,"20020GR        ",20020GR - TOALLERO DE ARO GRAFITO LINEA PULSE,0,0,08/07/2026 14:18:44
13427090,08/07/2026 11:14:57,08/07/2026 11:18:44,gsoderquvist,6415,00:06:17,00:03:47,377,227,En Tiempo,1,25,0,00:45:08,2708,Excedido,"20030GR        ",20030GR - PERCHA GRAFITO LINEA PULSE  ,0,0,08/07/2026 14:18:44
13427090,08/07/2026 11:14:57,08/07/2026 11:18:44,gsoderquvist,6415,00:06:17,00:03:47,377,227,En Tiempo,2,25,0,00:45:08,2708,Excedido,"20040GR        ",20040GR - PORTA ROLLO GRAFITO LINEA PULSE,0,0,08/07/2026 14:18:44
13427090,08/07/2026 11:14:57,08/07/2026 11:18:44,gsoderquvist,6415,00:06:17,00:03:47,377,227,En Tiempo,1,25,0,00:45:08,2708,Excedido,"11010          ","TOALLERO BARRAL LINEA 11000                                           ",0,0,08/07/2026 14:18:44
13427090,08/07/2026 11:14:57,08/07/2026 11:18:44,gsoderquvist,6415,00:06:17,00:03:47,377,227,En Tiempo,1,25,0,00:45:08,2708,Excedido,"A1452GR        ",A1452GR - CAÑO DE DUCHA RECTO 150 MM GRAFITO C/BLISTER,0,0,08/07/2026 14:18:44
13428335,08/07/2026 11:58:14,08/07/2026 11:58:25,rodriguezt,6419,00:00:41,00:00:11,41,11,En Tiempo,3,1,0,00:42:01,2521,Excedido,"BCH16          ",BCH16 - BACHA DE APOYAR BLANCA 610x457x254 C/DESAGOTE Y REJILLA,0,0,08/07/2026 14:58:25
13428354,08/07/2026 11:59:05,08/07/2026 11:59:43,rodriguezt,6419,00:02:32,00:00:38,152,38,En Tiempo,3,10,0,00:00:40,40,Logico,"60-205         ",60-205 - LAVATORIO MONOC BAJO STEEL,0,0,08/07/2026 14:59:43
13428354,08/07/2026 11:59:05,08/07/2026 11:59:43,rodriguezt,6419,00:02:32,00:00:38,152,38,En Tiempo,2,10,0,00:00:40,40,Logico,"61-205         ",61-205 - LAVATORIO MONOC ALTO STEEL,0,0,08/07/2026 14:59:43
13428354,08/07/2026 11:59:05,08/07/2026 11:59:43,rodriguezt,6419,00:02:32,00:00:38,152,38,En Tiempo,1,10,0,00:00:40,40,Logico,"80-205         ",80-205 - DUCHA EMB. C/TRANSF. MONOC STEEL,0,0,08/07/2026 14:59:43
13428354,08/07/2026 11:59:05,08/07/2026 11:59:43,rodriguezt,6419,00:02:32,00:00:38,152,38,En Tiempo,2,10,0,00:00:40,40,Logico,"70-183         ","BIDE MONOCOMANDO C/TRANSF MAT                                         ",0,0,08/07/2026 14:59:43
13428354,08/07/2026 11:59:05,08/07/2026 11:59:43,rodriguezt,6419,00:02:32,00:00:38,152,38,En Tiempo,5,10,0,00:00:40,40,Logico,"60-183         ","LAVATORIO MONOCOMANDO BAJO MAT                                        ",0,0,08/07/2026 14:59:43
13428354,08/07/2026 11:59:05,08/07/2026 11:59:43,rodriguezt,6419,00:02:32,00:00:38,152,38,En Tiempo,4,10,0,00:00:40,40,Logico,"70-203         ",70-203 - BIDE MONOCOMANDO ADRA,0,0,08/07/2026 14:59:43
13428354,08/07/2026 11:59:05,08/07/2026 11:59:43,rodriguezt,6419,00:02:32,00:00:38,152,38,En Tiempo,4,10,0,00:00:40,40,Logico,"60-203         ",60-203 - LAVATORIO MONOCOMANDO BAJO ADRA,0,0,08/07/2026 14:59:43
13428354,08/07/2026 11:59:05,08/07/2026 11:59:43,rodriguezt,6419,00:02:32,00:00:38,152,38,En Tiempo,2,10,0,00:00:40,40,Logico,"60-191         ",60-191 - LAVATORIO C.CERAM LINEA PRADO,0,0,08/07/2026 14:59:43
13428354,08/07/2026 11:59:05,08/07/2026 11:59:43,rodriguezt,6419,00:02:32,00:00:38,152,38,En Tiempo,2,10,0,00:00:40,40,Logico,"80-191         ",80-191 - DUCHA EMB. C/TRANSF. C.CERAM PRADO,0,0,08/07/2026 14:59:43
13428354,08/07/2026 11:59:05,08/07/2026 11:59:43,rodriguezt,6419,00:02:32,00:00:38,152,38,En Tiempo,2,10,0,00:00:40,40,Logico,"70-191         ",70-191 - BIDE C.CERAM LINEA PRADO,0,0,08/07/2026 14:59:43
13428381,08/07/2026 12:00:14,08/07/2026 12:01:10,rodriguezt,6419,00:01:26,00:00:56,86,56,En Tiempo,1,6,0,00:00:31,31,Logico,"A1452N         ",A1452N - CAÑO DE DUCHA RECTO 150 MM BLACK C/BLISTER,0,0,08/07/2026 15:01:10
13428381,08/07/2026 12:00:14,08/07/2026 12:01:10,rodriguezt,6419,00:01:26,00:00:56,86,56,En Tiempo,2,6,0,00:00:31,31,Logico,"80-175DG       ",80-175DG - DUCHA EMB C/TRANSF. PULSE DARK GOLD C.CERAM,0,0,08/07/2026 15:01:10
13428381,08/07/2026 12:00:14,08/07/2026 12:01:10,rodriguezt,6419,00:01:26,00:00:56,86,56,En Tiempo,1,6,0,00:00:31,31,Logico,"70-162N        ",70-162N - BIDE BLACK C.CERAM LINEA ADRA,0,0,08/07/2026 15:01:10
13428381,08/07/2026 12:00:14,08/07/2026 12:01:10,rodriguezt,6419,00:01:26,00:00:56,86,56,En Tiempo,1,6,0,00:00:31,31,Logico,"80-203N        ","DUCHA EMB C/TRANSF. MONOCOMANDO ADRA BLACK PLUS                       ",0,0,08/07/2026 15:01:10
13428381,08/07/2026 12:00:14,08/07/2026 12:01:10,rodriguezt,6419,00:01:26,00:00:56,86,56,En Tiempo,1,6,0,00:00:31,31,Logico,"60-183         ","LAVATORIO MONOCOMANDO BAJO MAT                                        ",0,0,08/07/2026 15:01:10
13428381,08/07/2026 12:00:14,08/07/2026 12:01:10,rodriguezt,6419,00:01:26,00:00:56,86,56,En Tiempo,1,6,0,00:00:31,31,Logico,"22004N         ","SET DE 4 PIEZAS LINEA 22000 BLACK                                     ",0,0,08/07/2026 15:01:10
13428404,08/07/2026 12:01:09,08/07/2026 12:03:15,acejas,6417,00:01:09,00:02:06,69,126,Fuera de Tiempo,6,4,0,01:11:55,4315,Excedido,"3030           ",3030 - PERCHA LINEA 3000,0,0,08/07/2026 15:03:15
13428404,08/07/2026 12:01:09,08/07/2026 12:03:15,acejas,6417,00:01:09,00:02:06,69,126,Fuera de Tiempo,1,4,0,01:11:55,4315,Excedido,"949            ",949 - JGO.COC.PARED.EMB. CR LAZA,0,0,08/07/2026 15:03:15
13428404,08/07/2026 12:01:09,08/07/2026 12:03:15,acejas,6417,00:01:09,00:02:06,69,126,Fuera de Tiempo,1,4,0,01:11:55,4315,Excedido,"214/CR         ",214/CR - LAVATORIO CR/CR ARES,0,0,08/07/2026 15:03:15
13428404,08/07/2026 12:01:09,08/07/2026 12:03:15,acejas,6417,00:01:09,00:02:06,69,126,Fuera de Tiempo,2,4,0,01:11:55,4315,Excedido,"314/CR         ",314/CR - BIDE CROMO ARES,0,0,08/07/2026 15:03:15
13428492,08/07/2026 12:06:09,08/07/2026 12:24:49,acejas,6417,00:04:53,00:18:40,293,1120,Fuera de Tiempo,3,19,0,00:02:54,174,Logico,"60-162         ",60-162 - LAVATORIO CR C.CERAM LINEA ADRA,0,0,08/07/2026 15:24:49
13428492,08/07/2026 12:06:09,08/07/2026 12:24:49,acejas,6417,00:04:53,00:18:40,293,1120,Fuera de Tiempo,1,19,0,00:02:54,174,Logico,"80-390         ",80-390 - DUCHA DE EMB 3 FUNCIONES BLACK VELVET,0,0,08/07/2026 15:24:49
13428492,08/07/2026 12:06:09,08/07/2026 12:24:49,acejas,6417,00:04:53,00:18:40,293,1120,Fuera de Tiempo,1,19,0,00:02:54,174,Logico,"70-122         ",70-122 - BIDE C.CERAM CR VALENCIA,0,0,08/07/2026 15:24:49
13428492,08/07/2026 12:06:09,08/07/2026 12:24:49,acejas,6417,00:04:53,00:18:40,293,1120,Fuera de Tiempo,2,19,0,00:02:54,174,Logico,"70-100G        ",70-100G - BIDE GOLD C.CERAM FABRIC,0,0,08/07/2026 15:24:49
13428492,08/07/2026 12:06:09,08/07/2026 12:24:49,acejas,6417,00:04:53,00:18:40,293,1120,Fuera de Tiempo,2,19,0,00:02:54,174,Logico,"62-100G        ",62-100G - LAVATORIO DE PARED GOLD C.CERAM FABRIC,0,0,08/07/2026 15:24:49
13428492,08/07/2026 12:06:09,08/07/2026 12:24:49,acejas,6417,00:04:53,00:18:40,293,1120,Fuera de Tiempo,1,19,0,00:02:54,174,Logico,"80-100G        ",80-100G - DUCHA EMB. C/TRANSF. GOLD C.CERAM FABRIC,0,0,08/07/2026 15:24:49
13428492,08/07/2026 12:06:09,08/07/2026 12:24:49,acejas,6417,00:04:53,00:18:40,293,1120,Fuera de Tiempo,1,19,0,00:02:54,174,Logico,"70-201NI       ",70-201NI - BIDE CR C.CERAM BEAT NICKEL,0,0,08/07/2026 15:24:49
13428492,08/07/2026 12:06:09,08/07/2026 12:24:49,acejas,6417,00:04:53,00:18:40,293,1120,Fuera de Tiempo,2,19,0,00:02:54,174,Logico,"70-176N        ",70-176N - BIDE MONOC C/TRANSF BLACK RIO,0,0,08/07/2026 15:24:49
13428492,08/07/2026 12:06:09,08/07/2026 12:24:49,acejas,6417,00:04:53,00:18:40,293,1120,Fuera de Tiempo,6,19,0,00:02:54,174,Logico,"61-176N        ",61-176N - LAVATORIO MONOC ALTO BLACK RIO,0,0,08/07/2026 15:24:49
13428492,08/07/2026 12:06:09,08/07/2026 12:24:49,acejas,6417,00:04:53,00:18:40,293,1120,Fuera de Tiempo,1,19,0,00:02:54,174,Logico,"16006BL        ",16006BL - SET 6 PIEZAS ACCESORIOS LINEA 16000 BLACK,0,0,08/07/2026 15:24:49
13428492,08/07/2026 12:06:09,08/07/2026 12:24:49,acejas,6417,00:04:53,00:18:40,293,1120,Fuera de Tiempo,1,19,0,00:02:54,174,Logico,"20020GR        ",20020GR - TOALLERO DE ARO GRAFITO LINEA PULSE,0,0,08/07/2026 15:24:49
13428492,08/07/2026 12:06:09,08/07/2026 12:24:49,acejas,6417,00:04:53,00:18:40,293,1120,Fuera de Tiempo,1,19,0,00:02:54,174,Logico,"3006SS         ",3006SS - SET DE 6 PIEZAS LINEA 3000 SS,0,0,08/07/2026 15:24:49
13428492,08/07/2026 12:06:09,08/07/2026 12:24:49,acejas,6417,00:04:53,00:18:40,293,1120,Fuera de Tiempo,3,19,0,00:02:54,174,Logico,"21200          ",21200 - ESQUINERO ORGANIZADOR 19x19x7,0,0,08/07/2026 15:24:49
13428492,08/07/2026 12:06:09,08/07/2026 12:24:49,acejas,6417,00:04:53,00:18:40,293,1120,Fuera de Tiempo,1,19,0,00:02:54,174,Logico,"20030GR        ",20030GR - PERCHA GRAFITO LINEA PULSE  ,0,0,08/07/2026 15:24:49
13428492,08/07/2026 12:06:09,08/07/2026 12:24:49,acejas,6417,00:04:53,00:18:40,293,1120,Fuera de Tiempo,1,19,0,00:02:54,174,Logico,"20040GR        ",20040GR - PORTA ROLLO GRAFITO LINEA PULSE,0,0,08/07/2026 15:24:49
13428492,08/07/2026 12:06:09,08/07/2026 12:24:49,acejas,6417,00:04:53,00:18:40,293,1120,Fuera de Tiempo,1,19,0,00:02:54,174,Logico,"A1452GR        ",A1452GR - CAÑO DE DUCHA RECTO 150 MM GRAFITO C/BLISTER,0,0,08/07/2026 15:24:49
13428492,08/07/2026 12:06:09,08/07/2026 12:24:49,acejas,6417,00:04:53,00:18:40,293,1120,Fuera de Tiempo,2,19,0,00:02:54,174,Logico,"16040BL        ",16040BL - PORTA ROLLO ACCESORIOS LINEA 16000 BLACK,0,0,08/07/2026 15:24:49
13428492,08/07/2026 12:06:09,08/07/2026 12:24:49,acejas,6417,00:04:53,00:18:40,293,1120,Fuera de Tiempo,5,19,0,00:02:54,174,Logico,"16030BL        ",16030BL - PERCHA LINEA 16000 BLACK,0,0,08/07/2026 15:24:49
13428492,08/07/2026 12:06:09,08/07/2026 12:24:49,acejas,6417,00:04:53,00:18:40,293,1120,Fuera de Tiempo,2,19,0,00:02:54,174,Logico,"13030          ","PERCHA LINEA 13000                                                    ",0,0,08/07/2026 15:24:49
13429140,08/07/2026 12:31:32,08/07/2026 12:31:42,acejas,6417,00:00:43,00:00:10,43,10,En Tiempo,5,1,0,00:06:43,403,Excedido,"20-135         ",20-135 - MONOCOMANDO COCINA SANTANDER,0,0,08/07/2026 15:31:42
13429197,08/07/2026 12:33:19,08/07/2026 12:36:29,acejas,6417,00:01:22,00:03:10,82,190,Fuera de Tiempo,4,5,0,00:01:37,97,Logico,"3030           ",3030 - PERCHA LINEA 3000,0,0,08/07/2026 15:36:29
13429197,08/07/2026 12:33:19,08/07/2026 12:36:29,acejas,6417,00:01:22,00:03:10,82,190,Fuera de Tiempo,1,5,0,00:01:37,97,Logico,"3060           ",3060 - PORTA CEPILLO LINEA 3000,0,0,08/07/2026 15:36:29
13429197,08/07/2026 12:33:19,08/07/2026 12:36:29,acejas,6417,00:01:22,00:03:10,82,190,Fuera de Tiempo,2,5,0,00:01:37,97,Logico,"60-176         ","LAVATORIO MONOCOMANDO BAJO CR RIO                                     ",0,0,08/07/2026 15:36:29
13429197,08/07/2026 12:33:19,08/07/2026 12:36:29,acejas,6417,00:01:22,00:03:10,82,190,Fuera de Tiempo,1,5,0,00:01:37,97,Logico,"314/CR         ",314/CR - BIDE CROMO ARES,0,0,08/07/2026 15:36:29
13429197,08/07/2026 12:33:19,08/07/2026 12:36:29,acejas,6417,00:01:22,00:03:10,82,190,Fuera de Tiempo,1,5,0,00:01:37,97,Logico,"949            ",949 - JGO.COC.PARED.EMB. CR LAZA,0,0,08/07/2026 15:36:29
13429375,08/07/2026 12:41:11,08/07/2026 14:51:54,gsoderquvist,6415,00:07:32,02:10:43,452,7843,Fuera de Tiempo,100,78,0,01:22:27,4947,Excedido,"910/M          ","910/M - JGO.MDA.P.CANO CROMO ""DIQUE""",0,0,08/07/2026 17:12:12
13429375,08/07/2026 12:41:11,08/07/2026 14:51:54,gsoderquvist,6415,00:07:32,02:10:43,452,7843,Fuera de Tiempo,100,78,0,01:22:27,4947,Excedido,"51-058         ",51-058 - COCINA MESADA CR C.STD MALBA,0,0,08/07/2026 17:12:12
13429375,08/07/2026 12:41:11,08/07/2026 14:51:54,gsoderquvist,6415,00:07:32,02:10:43,452,7843,Fuera de Tiempo,20,78,0,01:22:27,4947,Excedido,"314/CR         ",314/CR - BIDE CROMO ARES,0,0,08/07/2026 17:12:12
13429375,08/07/2026 12:41:11,08/07/2026 14:51:54,gsoderquvist,6415,00:07:32,02:10:43,452,7843,Fuera de Tiempo,20,78,0,01:22:27,4947,Excedido,"214/CR         ",214/CR - LAVATORIO CR/CR ARES,0,0,08/07/2026 17:12:12
13429375,08/07/2026 12:41:11,08/07/2026 14:51:54,gsoderquvist,6415,00:07:32,02:10:43,452,7843,Fuera de Tiempo,10,78,0,01:22:27,4947,Excedido,"70-002         ",70-002 - BIDE RENACER,0,0,08/07/2026 17:12:12
13429375,08/07/2026 12:41:11,08/07/2026 14:51:54,gsoderquvist,6415,00:07:32,02:10:43,452,7843,Fuera de Tiempo,30,78,0,01:22:27,4947,Excedido,"60-002         ",60-002 - LAVATORIO RENACER,0,0,08/07/2026 17:12:12
13429375,08/07/2026 12:41:11,08/07/2026 14:51:54,gsoderquvist,6415,00:07:32,02:10:43,452,7843,Fuera de Tiempo,50,78,0,01:22:27,4947,Excedido,"51-002         ",51-002 - COCINA MESADA RENACER,0,0,08/07/2026 17:12:12
13429375,08/07/2026 12:41:11,08/07/2026 14:51:54,gsoderquvist,6415,00:07:32,02:10:43,452,7843,Fuera de Tiempo,10,78,0,01:22:27,4947,Excedido,"81-058         ",81-058 - DUCHA EMB. S/TRANSF. CR STD MALBA,0,0,08/07/2026 17:12:12
13429375,08/07/2026 12:41:11,08/07/2026 14:51:54,gsoderquvist,6415,00:07:32,02:10:43,452,7843,Fuera de Tiempo,40,78,0,01:22:27,4947,Excedido,"434/CR         ",434/CR - DUCHA EMB.C/TRANSF CR ARES,0,0,08/07/2026 17:12:12
13429375,08/07/2026 12:41:11,08/07/2026 14:51:54,gsoderquvist,6415,00:07:32,02:10:43,452,7843,Fuera de Tiempo,10,78,0,01:22:27,4947,Excedido,"80-002         ",80-002 - DUCHA EMB C/TRANSF. RENACER,0,0,08/07/2026 17:12:12
13429375,08/07/2026 12:41:11,08/07/2026 14:51:54,gsoderquvist,6415,00:07:32,02:10:43,452,7843,Fuera de Tiempo,10,78,0,01:22:27,4947,Excedido,"914/CR         ",914/CR - JGO.MDA.P.CAÑO CR ARES,0,0,08/07/2026 17:12:12
13429375,08/07/2026 12:41:11,08/07/2026 14:51:54,gsoderquvist,6415,00:07:32,02:10:43,452,7843,Fuera de Tiempo,10,78,0,01:22:27,4947,Excedido,"434/CR         ",434/CR - DUCHA EMB.C/TRANSF CR ARES,0,0,08/07/2026 17:22:24
13429375,08/07/2026 12:41:11,08/07/2026 14:51:54,gsoderquvist,6415,00:07:32,02:10:43,452,7843,Fuera de Tiempo,10,78,0,01:22:27,4947,Excedido,"914/CR         ",914/CR - JGO.MDA.P.CAÑO CR ARES,0,0,08/07/2026 17:22:24
13429375,08/07/2026 12:41:11,08/07/2026 14:51:54,gsoderquvist,6415,00:07:32,02:10:43,452,7843,Fuera de Tiempo,10,78,0,01:22:27,4947,Excedido,"80-002         ",80-002 - DUCHA EMB C/TRANSF. RENACER,0,0,08/07/2026 17:22:24
13429375,08/07/2026 12:41:11,08/07/2026 14:51:54,gsoderquvist,6415,00:07:32,02:10:43,452,7843,Fuera de Tiempo,60,78,0,01:22:27,4947,Excedido,"423            ","423 - DUCHA EMB. C/TRANSF.CR ""DIQUE""",0,0,08/07/2026 17:22:24
13429375,08/07/2026 12:41:11,08/07/2026 14:51:54,gsoderquvist,6415,00:07:32,02:10:43,452,7843,Fuera de Tiempo,30,78,0,01:22:27,4947,Excedido,"303            ","303 - BIDET CROMO ""DIQUE""",0,0,08/07/2026 17:22:24
13429375,08/07/2026 12:41:11,08/07/2026 14:51:54,gsoderquvist,6415,00:07:32,02:10:43,452,7843,Fuera de Tiempo,48,78,0,01:22:27,4947,Excedido,"203            ","203 - LAVATORIO CROMO ""DIQUE""",0,0,08/07/2026 17:22:24
13429375,08/07/2026 12:41:11,08/07/2026 14:51:54,gsoderquvist,6415,00:07:32,02:10:43,452,7843,Fuera de Tiempo,20,78,0,01:22:27,4947,Excedido,"80-058         ",80-058 - DUCHA EMB. C/TRANSF. CR C.STD MALBA,0,0,08/07/2026 17:22:24
13429375,08/07/2026 12:41:11,08/07/2026 14:51:54,gsoderquvist,6415,00:07:32,02:10:43,452,7843,Fuera de Tiempo,30,78,0,01:22:27,4947,Excedido,"80-057         ",80-057 - DUCHA EMB. C/TRANSF. C.STD VERIN PLUS,0,0,08/07/2026 17:22:24
13429375,08/07/2026 12:41:11,08/07/2026 14:51:54,gsoderquvist,6415,00:07:32,02:10:43,452,7843,Fuera de Tiempo,10,78,0,01:22:27,4947,Excedido,"463            ","463 - DUCHA EMB. S/TRANSF.CR ""DIQUE""",0,0,08/07/2026 17:22:24
13429375,08/07/2026 12:41:11,08/07/2026 14:51:54,gsoderquvist,6415,00:07:32,02:10:43,452,7843,Fuera de Tiempo,7,78,0,01:22:27,4947,Excedido,"943            ","943 - J.COCINA PARED EMB. CR ""DIQUE""",0,0,08/07/2026 17:22:24
13429375,08/07/2026 12:41:11,08/07/2026 14:51:54,gsoderquvist,6415,00:07:32,02:10:43,452,7843,Fuera de Tiempo,1,78,0,01:22:27,4947,Excedido,"83-162         ","DUCHA EXT. C/TRANSF. C.CERAM ADRA                                     ",0,0,08/07/2026 17:22:24
13429375,08/07/2026 12:41:11,08/07/2026 14:51:54,gsoderquvist,6415,00:07:32,02:10:43,452,7843,Fuera de Tiempo,3,78,0,01:22:27,4947,Excedido,"60-121         ",60-121 - LAVATORIO C.CERAM CR MARBELLA,0,0,08/07/2026 17:22:24
13429375,08/07/2026 12:41:11,08/07/2026 14:51:54,gsoderquvist,6415,00:07:32,02:10:43,452,7843,Fuera de Tiempo,6,78,0,01:22:27,4947,Excedido,"474/CR         ",474/CR - DUCHA EMB.S/TRANF.CRUZ CR/CR ARES,0,0,08/07/2026 17:22:24
13429375,08/07/2026 12:41:11,08/07/2026 14:51:54,gsoderquvist,6415,00:07:32,02:10:43,452,7843,Fuera de Tiempo,5,78,0,01:22:27,4947,Excedido,"60-045         ",60-045 - LAVATORIO CR/CR C.STD CRUZ,0,0,08/07/2026 17:22:24
13429375,08/07/2026 12:41:11,08/07/2026 14:51:54,gsoderquvist,6415,00:07:32,02:10:43,452,7843,Fuera de Tiempo,4,78,0,01:22:27,4947,Excedido,"80-150         ",80-150 - DUCHA EMB. C/TRANSF. CR C.CERAM TOLEDO,0,0,08/07/2026 17:22:24
13429375,08/07/2026 12:41:11,08/07/2026 14:51:54,gsoderquvist,6415,00:07:32,02:10:43,452,7843,Fuera de Tiempo,1,78,0,01:22:27,4947,Excedido,"70-122         ",70-122 - BIDE C.CERAM CR VALENCIA,0,0,08/07/2026 17:22:24
13429375,08/07/2026 12:41:11,08/07/2026 14:51:54,gsoderquvist,6415,00:07:32,02:10:43,452,7843,Fuera de Tiempo,6,78,0,01:22:27,4947,Excedido,"80-122         ",80-122 - DUCHA EMB.C/TRANSF. C.CERAM CR VALENCIA,0,0,08/07/2026 17:22:24
13429375,08/07/2026 12:41:11,08/07/2026 14:51:54,gsoderquvist,6415,00:07:32,02:10:43,452,7843,Fuera de Tiempo,2,78,0,01:22:27,4947,Excedido,"60-122         ",60-122 - LAVATORIO C.CERAM CR VALENCIA,0,0,08/07/2026 17:22:24
13429375,08/07/2026 12:41:11,08/07/2026 14:51:54,gsoderquvist,6415,00:07:32,02:10:43,452,7843,Fuera de Tiempo,7,78,0,01:22:27,4947,Excedido,"51-107         ",51-107 - JGO. MESADA CR C.CERAM BEDIA,0,0,08/07/2026 17:22:24
13429375,08/07/2026 12:41:11,08/07/2026 14:51:54,gsoderquvist,6415,00:07:32,02:10:43,452,7843,Fuera de Tiempo,1,78,0,01:22:27,4947,Excedido,"80-107         ",80-107 - DUCHA EMB. C/TRANSF. CR C.CERAM BEDIA,0,0,08/07/2026 17:22:24
13429375,08/07/2026 12:41:11,08/07/2026 14:51:54,gsoderquvist,6415,00:07:32,02:10:43,452,7843,Fuera de Tiempo,5,78,0,01:22:27,4947,Excedido,"215            ","215 - LAVATORIO CROMO ""MURCIA""",0,0,08/07/2026 17:22:24
13429375,08/07/2026 12:41:11,08/07/2026 14:51:54,gsoderquvist,6415,00:07:32,02:10:43,452,7843,Fuera de Tiempo,1,78,0,01:22:27,4947,Excedido,"70-199N        ",70-199N - BIDE BLACK C.CERAM LIVE,0,0,08/07/2026 17:22:24
13429375,08/07/2026 12:41:11,08/07/2026 14:51:54,gsoderquvist,6415,00:07:32,02:10:43,452,7843,Fuera de Tiempo,1,78,0,01:22:27,4947,Excedido,"60-199N        ",60-199N - LAVATORIO BLACK C.CERAM LIVE,0,0,08/07/2026 17:22:24
13429375,08/07/2026 12:41:11,08/07/2026 14:51:54,gsoderquvist,6415,00:07:32,02:10:43,452,7843,Fuera de Tiempo,10,78,0,01:22:27,4947,Excedido,"81-057         ",81-057 - DUCHA EMB. S/TRANSF. C.STD VERIN PLUS,0,0,08/07/2026 17:22:24
13429375,08/07/2026 12:41:11,08/07/2026 14:51:54,gsoderquvist,6415,00:07:32,02:10:43,452,7843,Fuera de Tiempo,2,78,0,01:22:27,4947,Excedido,"60-162         ",60-162 - LAVATORIO CR C.CERAM LINEA ADRA,0,0,08/07/2026 17:22:24
13429375,08/07/2026 12:41:11,08/07/2026 14:51:54,gsoderquvist,6415,00:07:32,02:10:43,452,7843,Fuera de Tiempo,1,78,0,01:22:27,4947,Excedido,"80-162         ",80-162 - DUCHA EMB. C/TRANSF. CR C.CERAM ADRA,0,0,08/07/2026 17:22:24
13429375,08/07/2026 12:41:11,08/07/2026 14:51:54,gsoderquvist,6415,00:07:32,02:10:43,452,7843,Fuera de Tiempo,20,78,0,01:22:27,4947,Excedido,"60-057         ",60-057 - LAVATORIO C.STD VERIN PLUS,0,0,08/07/2026 17:22:24
13429375,08/07/2026 12:41:11,08/07/2026 14:51:54,gsoderquvist,6415,00:07:32,02:10:43,452,7843,Fuera de Tiempo,1,78,0,01:22:27,4947,Excedido,"80-138         ",80-138 - DUCHA EMB. C/TRANSF. CR C.CERAM VALENCIA PLUS,0,0,08/07/2026 17:22:24
13429375,08/07/2026 12:41:11,08/07/2026 14:51:54,gsoderquvist,6415,00:07:32,02:10:43,452,7843,Fuera de Tiempo,8,78,0,01:22:27,4947,Excedido,"453            ",453 - DUCHA EXT. S/TRANSF.CR DIQUE,0,0,08/07/2026 17:22:24
13429375,08/07/2026 12:41:11,08/07/2026 14:51:54,gsoderquvist,6415,00:07:32,02:10:43,452,7843,Fuera de Tiempo,40,78,0,01:22:27,4947,Excedido,"60-058         ",60-058 - LAVATORIO CR C.STD MALBA,0,0,08/07/2026 17:22:24
13429375,08/07/2026 12:41:11,08/07/2026 14:51:54,gsoderquvist,6415,00:07:32,02:10:43,452,7843,Fuera de Tiempo,10,78,0,01:22:27,4947,Excedido,"933            ",933 - JGO PARED C/EXT CR DIQUE,0,0,08/07/2026 17:22:24
13429375,08/07/2026 12:41:11,08/07/2026 14:51:54,gsoderquvist,6415,00:07:32,02:10:43,452,7843,Fuera de Tiempo,100,78,0,01:22:27,4947,Excedido,"20-134         ",20-134 - MONOCOMANDO COCINA BETIS,0,0,08/07/2026 17:29:57
13429375,08/07/2026 12:41:11,08/07/2026 14:51:54,gsoderquvist,6415,00:07:32,02:10:43,452,7843,Fuera de Tiempo,30,78,0,01:22:27,4947,Excedido,"12006          ","SET DE 6 PIEZAS LINEA 12000                                           ",0,0,08/07/2026 17:29:57
13429375,08/07/2026 12:41:11,08/07/2026 14:51:54,gsoderquvist,6415,00:07:32,02:10:43,452,7843,Fuera de Tiempo,10,78,0,01:22:27,4947,Excedido,"8006           ",8006 - SET DE 6 PIEZAS LINEA 8000,0,0,08/07/2026 17:29:57
13429375,08/07/2026 12:41:11,08/07/2026 14:51:54,gsoderquvist,6415,00:07:32,02:10:43,452,7843,Fuera de Tiempo,10,78,0,01:22:27,4947,Excedido,"8005           ",8005 - SET DE 5 PIEZAS LINEA 8000,0,0,08/07/2026 17:29:57
13429375,08/07/2026 12:41:11,08/07/2026 14:51:54,gsoderquvist,6415,00:07:32,02:10:43,452,7843,Fuera de Tiempo,10,78,0,01:22:27,4947,Excedido,"20-147         ",20-147 - MONOCOMANDO DE COCINA SWIFT,0,0,08/07/2026 17:29:57
13429375,08/07/2026 12:41:11,08/07/2026 14:51:54,gsoderquvist,6415,00:07:32,02:10:43,452,7843,Fuera de Tiempo,40,78,0,01:22:27,4947,Excedido,"8040           ",8040 - PORTA ROLLO LINEA 8000,0,0,08/07/2026 17:29:57
13429375,08/07/2026 12:41:11,08/07/2026 14:51:54,gsoderquvist,6415,00:07:32,02:10:43,452,7843,Fuera de Tiempo,30,78,0,01:22:27,4947,Excedido,"8020           ",8020 - TOALLERO DE ARO LINEA 8000,0,0,08/07/2026 17:29:57
13429375,08/07/2026 12:41:11,08/07/2026 14:51:54,gsoderquvist,6415,00:07:32,02:10:43,452,7843,Fuera de Tiempo,30,78,0,01:22:27,4947,Excedido,"3040           ",3040 - PORTA ROLLO LINEA 3000,0,0,08/07/2026 17:29:57
13429375,08/07/2026 12:41:11,08/07/2026 14:51:54,gsoderquvist,6415,00:07:32,02:10:43,452,7843,Fuera de Tiempo,10,78,0,01:22:27,4947,Excedido,"3050           ",3050 - JABONERA LINEA 3000,0,0,08/07/2026 17:29:57
13429375,08/07/2026 12:41:11,08/07/2026 14:51:54,gsoderquvist,6415,00:07:32,02:10:43,452,7843,Fuera de Tiempo,10,78,0,01:22:27,4947,Excedido,"3030           ",3030 - PERCHA LINEA 3000,0,0,08/07/2026 17:29:57
13429375,08/07/2026 12:41:11,08/07/2026 14:51:54,gsoderquvist,6415,00:07:32,02:10:43,452,7843,Fuera de Tiempo,10,78,0,01:22:27,4947,Excedido,"3020           ",3020 - TOALLERO DE ARO LINEA 3000,0,0,08/07/2026 17:29:57
13429375,08/07/2026 12:41:11,08/07/2026 14:51:54,gsoderquvist,6415,00:07:32,02:10:43,452,7843,Fuera de Tiempo,10,78,0,01:22:27,4947,Excedido,"3060           ",3060 - PORTA CEPILLO LINEA 3000,0,0,08/07/2026 17:29:57
13429375,08/07/2026 12:41:11,08/07/2026 14:51:54,gsoderquvist,6415,00:07:32,02:10:43,452,7843,Fuera de Tiempo,10,78,0,01:22:27,4947,Excedido,"8060           ",8060 - PORTA CEPILLO LINEA 8000,0,0,08/07/2026 17:29:57
13429375,08/07/2026 12:41:11,08/07/2026 14:51:54,gsoderquvist,6415,00:07:32,02:10:43,452,7843,Fuera de Tiempo,2,78,0,01:22:27,4947,Excedido,"AB-002         ",AB-002 - AGARRADERA ACERO INOX CROMADO 40 CM SAFE,0,0,08/07/2026 17:29:57
13429375,08/07/2026 12:41:11,08/07/2026 14:51:54,gsoderquvist,6415,00:07:32,02:10:43,452,7843,Fuera de Tiempo,3,78,0,01:22:27,4947,Excedido,"AB-001         ",AB-001 - AGARRADERA ACERO INOX CROMADO 30 CM SAFE,0,0,08/07/2026 17:29:57
13429375,08/07/2026 12:41:11,08/07/2026 14:51:54,gsoderquvist,6415,00:07:32,02:10:43,452,7843,Fuera de Tiempo,300,78,0,01:22:27,4947,Excedido,"RA001          ",RA001 - CABEZAL STD NO ASCENDENTE,0,0,08/07/2026 17:29:57
13429375,08/07/2026 12:41:11,08/07/2026 14:51:54,gsoderquvist,6415,00:07:32,02:10:43,452,7843,Fuera de Tiempo,50,78,0,01:22:27,4947,Excedido,"RA004          ",RA004 - CABEZAL P/TRANSF. BIDET Y DUCHA EMBUTIR,0,0,08/07/2026 17:29:57
13429375,08/07/2026 12:41:11,08/07/2026 14:51:54,gsoderquvist,6415,00:07:32,02:10:43,452,7843,Fuera de Tiempo,10,78,0,01:22:27,4947,Excedido,"RA706C         ",RA706C - VOLANTE MURCIA/KEOPS4 CROMO,0,0,08/07/2026 17:29:57
13429375,08/07/2026 12:41:11,08/07/2026 14:51:54,gsoderquvist,6415,00:07:32,02:10:43,452,7843,Fuera de Tiempo,100,78,0,01:22:27,4947,Excedido,"RA818          ",RA818 - VOLANTE CR DIQUE,0,0,08/07/2026 17:29:57
13429375,08/07/2026 12:41:11,08/07/2026 14:51:54,gsoderquvist,6415,00:07:32,02:10:43,452,7843,Fuera de Tiempo,6,78,0,01:22:27,4947,Excedido,"RU589          ",RU589 - CODO P/COCINA DE EMBUTIR,0,0,08/07/2026 17:29:57
13429375,08/07/2026 12:41:11,08/07/2026 14:51:54,gsoderquvist,6415,00:07:32,02:10:43,452,7843,Fuera de Tiempo,10,78,0,01:22:27,4947,Excedido,"60-058         ",60-058 - LAVATORIO CR C.STD MALBA,0,0,08/07/2026 17:51:54
13429375,08/07/2026 12:41:11,08/07/2026 14:51:54,gsoderquvist,6415,00:07:32,02:10:43,452,7843,Fuera de Tiempo,10,78,0,01:22:27,4947,Excedido,"933            ",933 - JGO PARED C/EXT CR DIQUE,0,0,08/07/2026 17:51:54
13429375,08/07/2026 12:41:11,08/07/2026 14:51:54,gsoderquvist,6415,00:07:32,02:10:43,452,7843,Fuera de Tiempo,80,78,0,01:22:27,4947,Excedido,"83-133         ",83-133 - DUCHA EXT. C/TRANSF. MONOCOMANDO LUGO,0,0,08/07/2026 17:51:54
13429375,08/07/2026 12:41:11,08/07/2026 14:51:54,gsoderquvist,6415,00:07:32,02:10:43,452,7843,Fuera de Tiempo,70,78,0,01:22:27,4947,Excedido,"60-133         ",60-133 - LAVATORIO MONOCOMANDO LUGO,0,0,08/07/2026 17:51:54
13429375,08/07/2026 12:41:11,08/07/2026 14:51:54,gsoderquvist,6415,00:07:32,02:10:43,452,7843,Fuera de Tiempo,1,78,0,01:22:27,4947,Excedido,"61-176         ",61-176 - LAVATORIO MONOC ALTO CR RIO,0,0,08/07/2026 17:51:54
13429375,08/07/2026 12:41:11,08/07/2026 14:51:54,gsoderquvist,6415,00:07:32,02:10:43,452,7843,Fuera de Tiempo,4,78,0,01:22:27,4947,Excedido,"20-150         ",20-150 - MONOCOMANDO MESADA COCINA TOLEDO,0,0,08/07/2026 17:51:54
13429375,08/07/2026 12:41:11,08/07/2026 14:51:54,gsoderquvist,6415,00:07:32,02:10:43,452,7843,Fuera de Tiempo,1,78,0,01:22:27,4947,Excedido,"60-180         ",60-180 - LAVATORIO MONOCOMANDO BAJO VERA,0,0,08/07/2026 17:51:54
13429375,08/07/2026 12:41:11,08/07/2026 14:51:54,gsoderquvist,6415,00:07:32,02:10:43,452,7843,Fuera de Tiempo,1,78,0,01:22:27,4947,Excedido,"20-121         ",20-121 - COCINA MSDA MONOC.P. REDONDO MARBELLA,0,0,08/07/2026 17:51:54
13429375,08/07/2026 12:41:11,08/07/2026 14:51:54,gsoderquvist,6415,00:07:32,02:10:43,452,7843,Fuera de Tiempo,2,78,0,01:22:27,4947,Excedido,"20-205         ",20-205 - MONOCOMANDO DE COCINA STEEL,0,0,08/07/2026 17:51:54
13429375,08/07/2026 12:41:11,08/07/2026 14:51:54,gsoderquvist,6415,00:07:32,02:10:43,452,7843,Fuera de Tiempo,2,78,0,01:22:27,4947,Excedido,"80-205         ",80-205 - DUCHA EMB. C/TRANSF. MONOC STEEL,0,0,08/07/2026 17:51:54
13429375,08/07/2026 12:41:11,08/07/2026 14:51:54,gsoderquvist,6415,00:07:32,02:10:43,452,7843,Fuera de Tiempo,4,78,0,01:22:27,4947,Excedido,"20-140N        ",20-140N - MONOCOMANDO DE COCINA LINEA CUINA BLACK,0,0,08/07/2026 17:51:54
13429375,08/07/2026 12:41:11,08/07/2026 14:51:54,gsoderquvist,6415,00:07:32,02:10:43,452,7843,Fuera de Tiempo,5,78,0,01:22:27,4947,Excedido,"20-140         ",20-140 - MONOCOMANDO DE COCINA LINEA CUINA,0,0,08/07/2026 17:51:54
13429375,08/07/2026 12:41:11,08/07/2026 14:51:54,gsoderquvist,6415,00:07:32,02:10:43,452,7843,Fuera de Tiempo,9,78,0,01:22:27,4947,Excedido,"54-130         ",54-130 - MONOCOMANDO COCINA PARED EXT BILBAO,0,0,08/07/2026 17:51:54
13429375,08/07/2026 12:41:11,08/07/2026 14:51:54,gsoderquvist,6415,00:07:32,02:10:43,452,7843,Fuera de Tiempo,1,78,0,01:22:27,4947,Excedido,"83-130         ",83-130 - DUCHA EXT. C/TRANSF. MONOCOMANDO BILBAO,0,0,08/07/2026 17:51:54
13429375,08/07/2026 12:41:11,08/07/2026 14:51:54,gsoderquvist,6415,00:07:32,02:10:43,452,7843,Fuera de Tiempo,2,78,0,01:22:27,4947,Excedido,"70-205         ",70-205 - BIDE MONOCOMANDO STEEL,0,0,08/07/2026 17:51:54
13429375,08/07/2026 12:41:11,08/07/2026 14:51:54,gsoderquvist,6415,00:07:32,02:10:43,452,7843,Fuera de Tiempo,2,78,0,01:22:27,4947,Excedido,"20-172         ",20-172 - COCINA MESADA MONOC. COLORS NEGRO,0,0,08/07/2026 17:51:54
13429375,08/07/2026 12:41:11,08/07/2026 14:51:54,gsoderquvist,6415,00:07:32,02:10:43,452,7843,Fuera de Tiempo,1,78,0,01:22:27,4947,Excedido,"20-135         ",20-135 - MONOCOMANDO COCINA SANTANDER,0,0,08/07/2026 17:51:54
13429375,08/07/2026 12:41:11,08/07/2026 14:51:54,gsoderquvist,6415,00:07:32,02:10:43,452,7843,Fuera de Tiempo,1,78,0,01:22:27,4947,Excedido,"60-193         ",60-193 - LAVATORIO MONOCOMANDO BAJO MORA,0,0,08/07/2026 17:51:54
13429375,08/07/2026 12:41:11,08/07/2026 14:51:54,gsoderquvist,6415,00:07:32,02:10:43,452,7843,Fuera de Tiempo,1,78,0,01:22:27,4947,Excedido,"20-154         ",20-154 - MONOCOMANDO COCINA TERUEL,0,0,08/07/2026 17:51:54
13429375,08/07/2026 12:41:11,08/07/2026 14:51:54,gsoderquvist,6415,00:07:32,02:10:43,452,7843,Fuera de Tiempo,3,78,0,01:22:27,4947,Excedido,"BCH01          ",BCH01 - BACHA DE APOYAR CIRCULAR 320x145,0,0,08/07/2026 17:51:54
13429375,08/07/2026 12:41:11,08/07/2026 14:51:54,gsoderquvist,6415,00:07:32,02:10:43,452,7843,Fuera de Tiempo,2,78,0,01:22:27,4947,Excedido,"BCH02          ",BCH02 - BACHA DE APOYAR CIRCULAR 1 AG. 415x145,0,0,08/07/2026 17:51:54
13429742,08/07/2026 12:55:27,08/07/2026 13:01:19,rodriguezt,6419,00:02:59,00:05:52,179,352,Fuera de Tiempo,10,7,0,00:54:17,3257,Excedido,"RA004          ",RA004 - CABEZAL P/TRANSF. BIDET Y DUCHA EMBUTIR,0,0,08/07/2026 16:01:19
13429742,08/07/2026 12:55:27,08/07/2026 13:01:19,rodriguezt,6419,00:02:59,00:05:52,179,352,Fuera de Tiempo,3,7,0,00:54:17,3257,Excedido,"RA877          ",RA877 - 10 TORNILLOS P/VOLANTE GRIFERIA,0,0,08/07/2026 16:01:19
13429742,08/07/2026 12:55:27,08/07/2026 13:01:19,rodriguezt,6419,00:02:59,00:05:52,179,352,Fuera de Tiempo,2,7,0,00:54:17,3257,Excedido,"RA1205         ",RA1205 - 10 BUJES INTERIOR NYLON,0,0,08/07/2026 16:01:19
13429742,08/07/2026 12:55:27,08/07/2026 13:01:19,rodriguezt,6419,00:02:59,00:05:52,179,352,Fuera de Tiempo,8,7,0,00:54:17,3257,Excedido,"20-160         ",20-160 - MONOCOMANDO MESADA COCINA DIQUE,0,0,08/07/2026 16:01:19
13429742,08/07/2026 12:55:27,08/07/2026 13:01:19,rodriguezt,6419,00:02:59,00:05:52,179,352,Fuera de Tiempo,10,7,0,00:54:17,3257,Excedido,"01-010         ","VALVULA P/MINGITORIO TEMPORIZADA TECNO                                ",0,0,08/07/2026 16:01:19
13429742,08/07/2026 12:55:27,08/07/2026 13:01:19,rodriguezt,6419,00:02:59,00:05:52,179,352,Fuera de Tiempo,5,7,0,00:54:17,3257,Excedido,"A1452C         ",A1452C - CAÑO DE DUCHA RECTO 150 MM CROMO C/BLISTER,0,0,08/07/2026 16:01:19
13429742,08/07/2026 12:55:27,08/07/2026 13:01:19,rodriguezt,6419,00:02:59,00:05:52,179,352,Fuera de Tiempo,10,7,0,00:54:17,3257,Excedido,"A1449C         ",A1449C - DUCHADOR MULTIFUNCION CROMO C/BLISTER,0,0,08/07/2026 16:01:19
13430172,08/07/2026 13:12:52,08/07/2026 14:22:08,acejas,6417,00:08:11,01:09:16,491,4156,Fuera de Tiempo,6,33,0,00:36:23,2183,Excedido,"60-162         ",60-162 - LAVATORIO CR C.CERAM LINEA ADRA,0,0,08/07/2026 17:22:08
13430172,08/07/2026 13:12:52,08/07/2026 14:22:08,acejas,6417,00:08:11,01:09:16,491,4156,Fuera de Tiempo,15,33,0,00:36:23,2183,Excedido,"90-166         ",90-166 - PACK GRIF. ADRA PLUS (Lav-Bide-Ducha c/t Plus),0,0,08/07/2026 17:22:08
13430172,08/07/2026 13:12:52,08/07/2026 14:22:08,acejas,6417,00:08:11,01:09:16,491,4156,Fuera de Tiempo,6,33,0,00:36:23,2183,Excedido,"60-010         ",60-010 - LAVATORIO BL/CR LORCA,0,0,08/07/2026 17:22:08
13430172,08/07/2026 13:12:52,08/07/2026 14:22:08,acejas,6417,00:08:11,01:09:16,491,4156,Fuera de Tiempo,6,33,0,00:36:23,2183,Excedido,"80-162         ",80-162 - DUCHA EMB. C/TRANSF. CR C.CERAM ADRA,0,0,08/07/2026 17:22:08
13430172,08/07/2026 13:12:52,08/07/2026 14:22:08,acejas,6417,00:08:11,01:09:16,491,4156,Fuera de Tiempo,10,33,0,00:36:23,2183,Excedido,"80-166         ","DUCHA EMB. C/TRANSF. CR C.CERAM ADRA PLUS                             ",0,0,08/07/2026 17:22:08
13430172,08/07/2026 13:12:52,08/07/2026 14:22:08,acejas,6417,00:08:11,01:09:16,491,4156,Fuera de Tiempo,6,33,0,00:36:23,2183,Excedido,"70-010         ",70-010 - BIDE BL/CR LORCA,0,0,08/07/2026 17:22:08
13430172,08/07/2026 13:12:52,08/07/2026 14:22:08,acejas,6417,00:08:11,01:09:16,491,4156,Fuera de Tiempo,6,33,0,00:36:23,2183,Excedido,"80-010         ",80-010 - DUCHA EMB. C/TRANSF. BL/CR LORCA,0,0,08/07/2026 17:22:08
13430172,08/07/2026 13:12:52,08/07/2026 14:22:08,acejas,6417,00:08:11,01:09:16,491,4156,Fuera de Tiempo,3,33,0,00:36:23,2183,Excedido,"80-138         ",80-138 - DUCHA EMB. C/TRANSF. CR C.CERAM VALENCIA PLUS,0,0,08/07/2026 17:22:08
13430172,08/07/2026 13:12:52,08/07/2026 14:22:08,acejas,6417,00:08:11,01:09:16,491,4156,Fuera de Tiempo,6,33,0,00:36:23,2183,Excedido,"423            ","423 - DUCHA EMB. C/TRANSF.CR ""DIQUE""",0,0,08/07/2026 17:22:08
13430172,08/07/2026 13:12:52,08/07/2026 14:22:08,acejas,6417,00:08:11,01:09:16,491,4156,Fuera de Tiempo,6,33,0,00:36:23,2183,Excedido,"303            ","303 - BIDET CROMO ""DIQUE""",0,0,08/07/2026 17:22:08
13430172,08/07/2026 13:12:52,08/07/2026 14:22:08,acejas,6417,00:08:11,01:09:16,491,4156,Fuera de Tiempo,10,33,0,00:36:23,2183,Excedido,"90-059         ",90-059 - PACK GRIF.MALBA BL/CR (Lavatorio-Bide-Ducha c/t),0,0,08/07/2026 17:22:08
13430172,08/07/2026 13:12:52,08/07/2026 14:22:08,acejas,6417,00:08:11,01:09:16,491,4156,Fuera de Tiempo,6,33,0,00:36:23,2183,Excedido,"53-002         ",53-002 - COCINA PARED EXT. P.ALTO RENACER,0,0,08/07/2026 17:22:08
13430172,08/07/2026 13:12:52,08/07/2026 14:22:08,acejas,6417,00:08:11,01:09:16,491,4156,Fuera de Tiempo,6,33,0,00:36:23,2183,Excedido,"70-058         ",70-058 - BIDE CR C.STD MALBA,0,0,08/07/2026 17:22:08
13430172,08/07/2026 13:12:52,08/07/2026 14:22:08,acejas,6417,00:08:11,01:09:16,491,4156,Fuera de Tiempo,6,33,0,00:36:23,2183,Excedido,"80-058         ",80-058 - DUCHA EMB. C/TRANSF. CR C.STD MALBA,0,0,08/07/2026 17:22:08
13430172,08/07/2026 13:12:52,08/07/2026 14:22:08,acejas,6417,00:08:11,01:09:16,491,4156,Fuera de Tiempo,15,33,0,00:36:23,2183,Excedido,"90-045         ",90-045 - PACK GRIF LAV-BID-DUCHA C/TRANSF CRUZ,0,0,08/07/2026 17:22:08
13430172,08/07/2026 13:12:52,08/07/2026 14:22:08,acejas,6417,00:08:11,01:09:16,491,4156,Fuera de Tiempo,6,33,0,00:36:23,2183,Excedido,"80-045         ",80-045 - DUCHA EMB.C/TRANSF CR  C.STD CRUZ,0,0,08/07/2026 17:22:08
13430172,08/07/2026 13:12:52,08/07/2026 14:22:08,acejas,6417,00:08:11,01:09:16,491,4156,Fuera de Tiempo,6,33,0,00:36:23,2183,Excedido,"429            ","429 - DUCHA EMB.C/TRANSF.CR ""LAZA""",0,0,08/07/2026 17:22:08
13430172,08/07/2026 13:12:52,08/07/2026 14:22:08,acejas,6417,00:08:11,01:09:16,491,4156,Fuera de Tiempo,1,33,0,00:36:23,2183,Excedido,"70-100C        ",70-100C - BIDE CR C.CERAM FABRIC,0,0,08/07/2026 17:22:08
13430172,08/07/2026 13:12:52,08/07/2026 14:22:08,acejas,6417,00:08:11,01:09:16,491,4156,Fuera de Tiempo,2,33,0,00:36:23,2183,Excedido,"80-100C        ",80-100C - DUCHA EMB. C/TRANSF. CR C.CERAM FABRIC,0,0,08/07/2026 17:22:08
13430172,08/07/2026 13:12:52,08/07/2026 14:22:08,acejas,6417,00:08:11,01:09:16,491,4156,Fuera de Tiempo,1,33,0,00:36:23,2183,Excedido,"60-100C        ",60-100C - LAVATORIO CR C.CERAM FABRIC,0,0,08/07/2026 17:22:08
13430172,08/07/2026 13:12:52,08/07/2026 14:22:08,acejas,6417,00:08:11,01:09:16,491,4156,Fuera de Tiempo,1,33,0,00:36:23,2183,Excedido,"70-122         ",70-122 - BIDE C.CERAM CR VALENCIA,0,0,08/07/2026 17:22:08
13430172,08/07/2026 13:12:52,08/07/2026 14:22:08,acejas,6417,00:08:11,01:09:16,491,4156,Fuera de Tiempo,6,33,0,00:36:23,2183,Excedido,"60-203         ",60-203 - LAVATORIO MONOCOMANDO BAJO ADRA,0,0,08/07/2026 17:22:08
13430172,08/07/2026 13:12:52,08/07/2026 14:22:08,acejas,6417,00:08:11,01:09:16,491,4156,Fuera de Tiempo,10,33,0,00:36:23,2183,Excedido,"90-010         ",90-010 - PACK GRIF.BL/CR LORCA (Lavatorio-Bide-Ducha c/t),0,0,08/07/2026 17:22:08
13430172,08/07/2026 13:12:52,08/07/2026 14:22:08,acejas,6417,00:08:11,01:09:16,491,4156,Fuera de Tiempo,20,33,0,00:36:23,2183,Excedido,"12006          ","SET DE 6 PIEZAS LINEA 12000                                           ",0,0,08/07/2026 17:22:08
13430172,08/07/2026 13:12:52,08/07/2026 14:22:08,acejas,6417,00:08:11,01:09:16,491,4156,Fuera de Tiempo,6,33,0,00:36:23,2183,Excedido,"83-133         ",83-133 - DUCHA EXT. C/TRANSF. MONOCOMANDO LUGO,0,0,08/07/2026 17:22:08
13430172,08/07/2026 13:12:52,08/07/2026 14:22:08,acejas,6417,00:08:11,01:09:16,491,4156,Fuera de Tiempo,20,33,0,00:36:23,2183,Excedido,"13006          ","SET DE 6 PIEZAS LINEA 13000                                           ",0,0,08/07/2026 17:22:08
13430172,08/07/2026 13:12:52,08/07/2026 14:22:08,acejas,6417,00:08:11,01:09:16,491,4156,Fuera de Tiempo,7,33,0,00:36:23,2183,Excedido,"3060           ",3060 - PORTA CEPILLO LINEA 3000,0,0,08/07/2026 17:22:08
13430172,08/07/2026 13:12:52,08/07/2026 14:22:08,acejas,6417,00:08:11,01:09:16,491,4156,Fuera de Tiempo,7,33,0,00:36:23,2183,Excedido,"3070           ",3070 - JABONERA PARA BAÑERA LINEA 3000,0,0,08/07/2026 17:22:08
13430172,08/07/2026 13:12:52,08/07/2026 14:22:08,acejas,6417,00:08:11,01:09:16,491,4156,Fuera de Tiempo,3,33,0,00:36:23,2183,Excedido,"3050           ",3050 - JABONERA LINEA 3000,0,0,08/07/2026 17:22:08
13430172,08/07/2026 13:12:52,08/07/2026 14:22:08,acejas,6417,00:08:11,01:09:16,491,4156,Fuera de Tiempo,3,33,0,00:36:23,2183,Excedido,"3040           ",3040 - PORTA ROLLO LINEA 3000,0,0,08/07/2026 17:22:08
13430172,08/07/2026 13:12:52,08/07/2026 14:22:08,acejas,6417,00:08:11,01:09:16,491,4156,Fuera de Tiempo,3,33,0,00:36:23,2183,Excedido,"3020           ",3020 - TOALLERO DE ARO LINEA 3000,0,0,08/07/2026 17:22:08
13430172,08/07/2026 13:12:52,08/07/2026 14:22:08,acejas,6417,00:08:11,01:09:16,491,4156,Fuera de Tiempo,3,33,0,00:36:23,2183,Excedido,"3030           ",3030 - PERCHA LINEA 3000,0,0,08/07/2026 17:22:08
13430172,08/07/2026 13:12:52,08/07/2026 14:22:08,acejas,6417,00:08:11,01:09:16,491,4156,Fuera de Tiempo,3,33,0,00:36:23,2183,Excedido,"3010           ",3010 - TOALLERO BARRAL LINEA 3000,0,0,08/07/2026 17:22:08
13430501,08/07/2026 13:25:01,08/07/2026 13:25:56,rodriguezt,6419,00:03:25,00:00:55,205,55,En Tiempo,7,8,0,00:23:42,1422,Excedido,"914/CR         ",914/CR - JGO.MDA.P.CAÑO CR ARES,0,0,08/07/2026 16:25:56
13430501,08/07/2026 13:25:01,08/07/2026 13:25:56,rodriguezt,6419,00:03:25,00:00:55,205,55,En Tiempo,7,8,0,00:23:42,1422,Excedido,"214/CR         ",214/CR - LAVATORIO CR/CR ARES,0,0,08/07/2026 16:25:56
13430501,08/07/2026 13:25:01,08/07/2026 13:25:56,rodriguezt,6419,00:03:25,00:00:55,205,55,En Tiempo,7,8,0,00:23:42,1422,Excedido,"314/CR         ",314/CR - BIDE CROMO ARES,0,0,08/07/2026 16:25:56
13430501,08/07/2026 13:25:01,08/07/2026 13:25:56,rodriguezt,6419,00:03:25,00:00:55,205,55,En Tiempo,7,8,0,00:23:42,1422,Excedido,"429            ","429 - DUCHA EMB.C/TRANSF.CR ""LAZA""",0,0,08/07/2026 16:25:56
13430501,08/07/2026 13:25:01,08/07/2026 13:25:56,rodriguezt,6419,00:03:25,00:00:55,205,55,En Tiempo,7,8,0,00:23:42,1422,Excedido,"910/M          ","910/M - JGO.MDA.P.CANO CROMO ""DIQUE""",0,0,08/07/2026 16:25:56
13430501,08/07/2026 13:25:01,08/07/2026 13:25:56,rodriguezt,6419,00:03:25,00:00:55,205,55,En Tiempo,7,8,0,00:23:42,1422,Excedido,"81-058         ",81-058 - DUCHA EMB. S/TRANSF. CR STD MALBA,0,0,08/07/2026 16:25:56
13430501,08/07/2026 13:25:01,08/07/2026 13:25:56,rodriguezt,6419,00:03:25,00:00:55,205,55,En Tiempo,7,8,0,00:23:42,1422,Excedido,"80-058         ",80-058 - DUCHA EMB. C/TRANSF. CR C.STD MALBA,0,0,08/07/2026 16:25:56
13430501,08/07/2026 13:25:01,08/07/2026 13:25:56,rodriguezt,6419,00:03:25,00:00:55,205,55,En Tiempo,3,8,0,00:23:42,1422,Excedido,"60-162         ",60-162 - LAVATORIO CR C.CERAM LINEA ADRA,0,0,08/07/2026 16:25:56
13430581,08/07/2026 13:28:16,08/07/2026 13:29:18,rodriguezt,6419,00:04:07,00:01:02,247,62,En Tiempo,1,11,0,00:02:20,140,Logico,"60-162         ",60-162 - LAVATORIO CR C.CERAM LINEA ADRA,0,0,08/07/2026 16:29:18
13430581,08/07/2026 13:28:16,08/07/2026 13:29:18,rodriguezt,6419,00:04:07,00:01:02,247,62,En Tiempo,1,11,0,00:02:20,140,Logico,"RA846N         ",RA846N - PICO DUCHA BLACK VELVET,0,0,08/07/2026 16:29:18
13430581,08/07/2026 13:28:16,08/07/2026 13:29:18,rodriguezt,6419,00:04:07,00:01:02,247,62,En Tiempo,3,11,0,00:02:20,140,Logico,"910/M          ","910/M - JGO.MDA.P.CANO CROMO ""DIQUE""",0,0,08/07/2026 16:29:18
13430581,08/07/2026 13:28:16,08/07/2026 13:29:18,rodriguezt,6419,00:04:07,00:01:02,247,62,En Tiempo,3,11,0,00:02:20,140,Logico,"81-058         ",81-058 - DUCHA EMB. S/TRANSF. CR STD MALBA,0,0,08/07/2026 16:29:18
13430581,08/07/2026 13:28:16,08/07/2026 13:29:18,rodriguezt,6419,00:04:07,00:01:02,247,62,En Tiempo,3,11,0,00:02:20,140,Logico,"80-058         ",80-058 - DUCHA EMB. C/TRANSF. CR C.STD MALBA,0,0,08/07/2026 16:29:18
13430581,08/07/2026 13:28:16,08/07/2026 13:29:18,rodriguezt,6419,00:04:07,00:01:02,247,62,En Tiempo,3,11,0,00:02:20,140,Logico,"60-058         ",60-058 - LAVATORIO CR C.STD MALBA,0,0,08/07/2026 16:29:18
13430581,08/07/2026 13:28:16,08/07/2026 13:29:18,rodriguezt,6419,00:04:07,00:01:02,247,62,En Tiempo,3,11,0,00:02:20,140,Logico,"914/CR         ",914/CR - JGO.MDA.P.CAÑO CR ARES,0,0,08/07/2026 16:29:18
13430581,08/07/2026 13:28:16,08/07/2026 13:29:18,rodriguezt,6419,00:04:07,00:01:02,247,62,En Tiempo,3,11,0,00:02:20,140,Logico,"214/CR         ",214/CR - LAVATORIO CR/CR ARES,0,0,08/07/2026 16:29:18
13430581,08/07/2026 13:28:16,08/07/2026 13:29:18,rodriguezt,6419,00:04:07,00:01:02,247,62,En Tiempo,3,11,0,00:02:20,140,Logico,"314/CR         ",314/CR - BIDE CROMO ARES,0,0,08/07/2026 16:29:18
13430581,08/07/2026 13:28:16,08/07/2026 13:29:18,rodriguezt,6419,00:04:07,00:01:02,247,62,En Tiempo,3,11,0,00:02:20,140,Logico,"429            ","429 - DUCHA EMB.C/TRANSF.CR ""LAZA""",0,0,08/07/2026 16:29:18
13430581,08/07/2026 13:28:16,08/07/2026 13:29:18,rodriguezt,6419,00:04:07,00:01:02,247,62,En Tiempo,20,11,0,00:02:20,140,Logico,"05-010         ","LAVATORIO BAJO TEMPORIZADO TECNO                                      ",0,0,08/07/2026 16:29:18
13430721,08/07/2026 13:33:30,08/07/2026 13:33:41,rodriguezt,6419,00:00:40,00:00:11,40,11,En Tiempo,2,1,0,00:04:12,252,Logico,"BAI01NI        ",BAI01NI - BACHA EMB COCINA C/ACCESORIOS 750x450x220 NICKEL BRUSHED,0,0,08/07/2026 16:33:41
13431958,08/07/2026 14:19:37,08/07/2026 14:19:44,rodriguezt,6419,00:00:39,00:00:07,39,7,En Tiempo,1,1,0,00:45:56,2756,Excedido,"60-162N        ",60-162N - LAVATORIO BLACK C.CERAM LINEA ADRA,0,0,08/07/2026 17:19:44
13431973,08/07/2026 14:20:12,08/07/2026 14:20:21,rodriguezt,6419,00:00:44,00:00:09,44,9,En Tiempo,1,2,0,00:00:28,28,Logico,"70-162N        ",70-162N - BIDE BLACK C.CERAM LINEA ADRA,0,0,08/07/2026 17:20:21
13431973,08/07/2026 14:20:12,08/07/2026 14:20:21,rodriguezt,6419,00:00:44,00:00:09,44,9,En Tiempo,1,2,0,00:00:28,28,Logico,"80-166N        ",80-166N - DUCHA EMB. C/TRANSF. BLACK C.CERAM ADRA PLUS,0,0,08/07/2026 17:20:21
13431988,08/07/2026 14:20:44,08/07/2026 14:21:05,rodriguezt,6419,00:01:10,00:00:21,70,21,En Tiempo,2,4,0,00:00:23,23,Logico,"910/M          ","910/M - JGO.MDA.P.CANO CROMO ""DIQUE""",0,0,08/07/2026 17:21:05
13431988,08/07/2026 14:20:44,08/07/2026 14:21:05,rodriguezt,6419,00:01:10,00:00:21,70,21,En Tiempo,2,4,0,00:00:23,23,Logico,"51-107         ",51-107 - JGO. MESADA CR C.CERAM BEDIA,0,0,08/07/2026 17:21:05
13431988,08/07/2026 14:20:44,08/07/2026 14:21:05,rodriguezt,6419,00:01:10,00:00:21,70,21,En Tiempo,1,4,0,00:00:23,23,Logico,"20-122S        ","MONOCOMANDO COCINA INOX C/PICO EXTRAIBLE VALENCIA                     ",0,0,08/07/2026 17:21:05
13431988,08/07/2026 14:20:44,08/07/2026 14:21:05,rodriguezt,6419,00:01:10,00:00:21,70,21,En Tiempo,2,4,0,00:00:23,23,Logico,"21-160         ","MONOCOMANDO DUO COCINA CROMO DIQUE                                    ",0,0,08/07/2026 17:21:05
13432010,08/07/2026 14:21:30,08/07/2026 14:21:48,rodriguezt,6419,00:00:56,00:00:18,56,18,En Tiempo,1,3,0,00:00:25,25,Logico,"RA1490         ","KIT DUCHADOR FABRIC CR (FLEX-SOPORTE-DUCHADOR)                        ",0,0,08/07/2026 17:21:48
13432010,08/07/2026 14:21:30,08/07/2026 14:21:48,rodriguezt,6419,00:00:56,00:00:18,56,18,En Tiempo,1,3,0,00:00:25,25,Logico,"80-100C        ",80-100C - DUCHA EMB. C/TRANSF. CR C.CERAM FABRIC,0,0,08/07/2026 17:21:48
13432010,08/07/2026 14:21:30,08/07/2026 14:21:48,rodriguezt,6419,00:00:56,00:00:18,56,18,En Tiempo,5,3,0,00:00:25,25,Logico,"20-205         ",20-205 - MONOCOMANDO DE COCINA STEEL,0,0,08/07/2026 17:21:48
13432034,08/07/2026 14:22:14,08/07/2026 14:22:40,rodriguezt,6419,00:01:32,00:00:26,92,26,En Tiempo,2,6,0,00:00:26,26,Logico,"80-138         ",80-138 - DUCHA EMB. C/TRANSF. CR C.CERAM VALENCIA PLUS,0,0,08/07/2026 17:22:40
13432034,08/07/2026 14:22:14,08/07/2026 14:22:40,rodriguezt,6419,00:01:32,00:00:26,92,26,En Tiempo,2,6,0,00:00:26,26,Logico,"70-122         ",70-122 - BIDE C.CERAM CR VALENCIA,0,0,08/07/2026 17:22:40
13432034,08/07/2026 14:22:14,08/07/2026 14:22:40,rodriguezt,6419,00:01:32,00:00:26,92,26,En Tiempo,4,6,0,00:00:26,26,Logico,"60-122         ",60-122 - LAVATORIO C.CERAM CR VALENCIA,0,0,08/07/2026 17:22:40
13432034,08/07/2026 14:22:14,08/07/2026 14:22:40,rodriguezt,6419,00:01:32,00:00:26,92,26,En Tiempo,2,6,0,00:00:26,26,Logico,"60-193         ",60-193 - LAVATORIO MONOCOMANDO BAJO MORA,0,0,08/07/2026 17:22:40
13432034,08/07/2026 14:22:14,08/07/2026 14:22:40,rodriguezt,6419,00:01:32,00:00:26,92,26,En Tiempo,1,6,0,00:00:26,26,Logico,"70-193         ",70-193 - BIDE MONOCOMANDO MORA,0,0,08/07/2026 17:22:40
13432034,08/07/2026 14:22:14,08/07/2026 14:22:40,rodriguezt,6419,00:01:32,00:00:26,92,26,En Tiempo,1,6,0,00:00:26,26,Logico,"83-193         ",83-193 - DUCHA EXT. C/TRANSF. MONOCOMANDO MORA,0,0,08/07/2026 17:22:40
13432070,08/07/2026 14:23:14,08/07/2026 14:23:53,rodriguezt,6419,00:01:22,00:00:39,82,39,En Tiempo,1,5,0,00:00:34,34,Logico,"70-100NI       ",70-100NI - BIDE NICKEL C.CERAM FABRIC,0,0,08/07/2026 17:23:53
13432070,08/07/2026 14:23:14,08/07/2026 14:23:53,rodriguezt,6419,00:01:22,00:00:39,82,39,En Tiempo,2,5,0,00:00:34,34,Logico,"61-203N        ","LAVATORIO MONOCOMANDO ALTO ADRA BLACK                                 ",0,0,08/07/2026 17:23:53
13432070,08/07/2026 14:23:14,08/07/2026 14:23:53,rodriguezt,6419,00:01:22,00:00:39,82,39,En Tiempo,2,5,0,00:00:34,34,Logico,"60-205         ",60-205 - LAVATORIO MONOC BAJO STEEL,0,0,08/07/2026 17:23:53
13432070,08/07/2026 14:23:14,08/07/2026 14:23:53,rodriguezt,6419,00:01:22,00:00:39,82,39,En Tiempo,2,5,0,00:00:34,34,Logico,"61-205         ",61-205 - LAVATORIO MONOC ALTO STEEL,0,0,08/07/2026 17:23:53
13432070,08/07/2026 14:23:14,08/07/2026 14:23:53,rodriguezt,6419,00:01:22,00:00:39,82,39,En Tiempo,2,5,0,00:00:34,34,Logico,"70-205         ",70-205 - BIDE MONOCOMANDO STEEL,0,0,08/07/2026 17:23:53
13432128,08/07/2026 14:24:55,08/07/2026 14:27:12,rodriguezt,6419,00:07:20,00:02:17,440,137,En Tiempo,3,27,0,00:01:02,62,Logico,"90-166         ",90-166 - PACK GRIF. ADRA PLUS (Lav-Bide-Ducha c/t Plus),0,0,08/07/2026 17:27:12
13432128,08/07/2026 14:24:55,08/07/2026 14:27:12,rodriguezt,6419,00:07:20,00:02:17,440,137,En Tiempo,3,27,0,00:01:02,62,Logico,"80-138         ",80-138 - DUCHA EMB. C/TRANSF. CR C.CERAM VALENCIA PLUS,0,0,08/07/2026 17:27:12
13432128,08/07/2026 14:24:55,08/07/2026 14:27:12,rodriguezt,6419,00:07:20,00:02:17,440,137,En Tiempo,3,27,0,00:01:02,62,Logico,"90-166N        ",90-166N - PACK GRIF. ADRA BLACK PLUS  (Lav-Bide-Ducha c/t Plus),0,0,08/07/2026 17:27:12
13432128,08/07/2026 14:24:55,08/07/2026 14:27:12,rodriguezt,6419,00:07:20,00:02:17,440,137,En Tiempo,2,27,0,00:01:02,62,Logico,"60-122         ",60-122 - LAVATORIO C.CERAM CR VALENCIA,0,0,08/07/2026 17:27:12
13432128,08/07/2026 14:24:55,08/07/2026 14:27:12,rodriguezt,6419,00:07:20,00:02:17,440,137,En Tiempo,3,27,0,00:01:02,62,Logico,"70-122         ",70-122 - BIDE C.CERAM CR VALENCIA,0,0,08/07/2026 17:27:12
13432128,08/07/2026 14:24:55,08/07/2026 14:27:12,rodriguezt,6419,00:07:20,00:02:17,440,137,En Tiempo,2,27,0,00:01:02,62,Logico,"51-190         ",51-190 - MESADA BIMANDO C.CERAM BLACK VELVET,0,0,08/07/2026 17:27:12
13432128,08/07/2026 14:24:55,08/07/2026 14:27:12,rodriguezt,6419,00:07:20,00:02:17,440,137,En Tiempo,6,27,0,00:01:02,62,Logico,"62-100G        ",62-100G - LAVATORIO DE PARED GOLD C.CERAM FABRIC,0,0,08/07/2026 17:27:12
13432128,08/07/2026 14:24:55,08/07/2026 14:27:12,rodriguezt,6419,00:07:20,00:02:17,440,137,En Tiempo,10,27,0,00:01:02,62,Logico,"20-102         ","20-102 - MONOCOMANDO MESADA CROMO ""RENACER""",0,0,08/07/2026 17:27:12
13432128,08/07/2026 14:24:55,08/07/2026 14:27:12,rodriguezt,6419,00:07:20,00:02:17,440,137,En Tiempo,3,27,0,00:01:02,62,Logico,"20-134         ",20-134 - MONOCOMANDO COCINA BETIS,0,0,08/07/2026 17:27:12
13432128,08/07/2026 14:24:55,08/07/2026 14:27:12,rodriguezt,6419,00:07:20,00:02:17,440,137,En Tiempo,1,27,0,00:01:02,62,Logico,"12006N         ","SET DE 6 PIEZAS LINEA 12000 BLACK                                     ",0,0,08/07/2026 17:27:12
13432128,08/07/2026 14:24:55,08/07/2026 14:27:12,rodriguezt,6419,00:07:20,00:02:17,440,137,En Tiempo,2,27,0,00:01:02,62,Logico,"17010C         ",17010C - TOALLERO BARRAL LINEA FABRIC CROMO,0,0,08/07/2026 17:27:12
13432128,08/07/2026 14:24:55,08/07/2026 14:27:12,rodriguezt,6419,00:07:20,00:02:17,440,137,En Tiempo,3,27,0,00:01:02,62,Logico,"17030C         ",17030C - PERCHA LINEA FABRIC CROMO,0,0,08/07/2026 17:27:12
13432128,08/07/2026 14:24:55,08/07/2026 14:27:12,rodriguezt,6419,00:07:20,00:02:17,440,137,En Tiempo,2,27,0,00:01:02,62,Logico,"22004N         ","SET DE 4 PIEZAS LINEA 22000 BLACK                                     ",0,0,08/07/2026 17:27:12
13432128,08/07/2026 14:24:55,08/07/2026 14:27:12,rodriguezt,6419,00:07:20,00:02:17,440,137,En Tiempo,2,27,0,00:01:02,62,Logico,"22004          ","SET DE 4 PIEZAS LINEA 22000                                           ",0,0,08/07/2026 17:27:12
13432128,08/07/2026 14:24:55,08/07/2026 14:27:12,rodriguezt,6419,00:07:20,00:02:17,440,137,En Tiempo,3,27,0,00:01:02,62,Logico,"17040C         ",17040C - PORTA ROLLO LINEA FABRIC CROMO,0,0,08/07/2026 17:27:12
13432128,08/07/2026 14:24:55,08/07/2026 14:27:12,rodriguezt,6419,00:07:20,00:02:17,440,137,En Tiempo,3,27,0,00:01:02,62,Logico,"60-193         ",60-193 - LAVATORIO MONOCOMANDO BAJO MORA,0,0,08/07/2026 17:27:12
13432128,08/07/2026 14:24:55,08/07/2026 14:27:12,rodriguezt,6419,00:07:20,00:02:17,440,137,En Tiempo,2,27,0,00:01:02,62,Logico,"60-180         ",60-180 - LAVATORIO MONOCOMANDO BAJO VERA,0,0,08/07/2026 17:27:12
13432128,08/07/2026 14:24:55,08/07/2026 14:27:12,rodriguezt,6419,00:07:20,00:02:17,440,137,En Tiempo,2,27,0,00:01:02,62,Logico,"18040          ",18040 - PORTA ROLLO NIQUEL LINEA BEAT,0,0,08/07/2026 17:27:12
13432128,08/07/2026 14:24:55,08/07/2026 14:27:12,rodriguezt,6419,00:07:20,00:02:17,440,137,En Tiempo,2,27,0,00:01:02,62,Logico,"61-200N        ",61-200N - LAVATORIO MONOC ALTO FABRIC BLACK,0,0,08/07/2026 17:27:12
13432128,08/07/2026 14:24:55,08/07/2026 14:27:12,rodriguezt,6419,00:07:20,00:02:17,440,137,En Tiempo,5,27,0,00:01:02,62,Logico,"20-140         ",20-140 - MONOCOMANDO DE COCINA LINEA CUINA,0,0,08/07/2026 17:27:12
13432128,08/07/2026 14:24:55,08/07/2026 14:27:12,rodriguezt,6419,00:07:20,00:02:17,440,137,En Tiempo,2,27,0,00:01:02,62,Logico,"20030DG        ",20030DG - PERCHA DARK GOLD LINEA PULSE,0,0,08/07/2026 17:27:12
13432128,08/07/2026 14:24:55,08/07/2026 14:27:12,rodriguezt,6419,00:07:20,00:02:17,440,137,En Tiempo,2,27,0,00:01:02,62,Logico,"20030C         ",20030C - PERCHA CR LINEA PULSE,0,0,08/07/2026 17:27:12
13432128,08/07/2026 14:24:55,08/07/2026 14:27:12,rodriguezt,6419,00:07:20,00:02:17,440,137,En Tiempo,2,27,0,00:01:02,62,Logico,"60-168         ",60-168 - LAVATORIO MONOC BAJO CR WAVE,0,0,08/07/2026 17:27:12
13432128,08/07/2026 14:24:55,08/07/2026 14:27:12,rodriguezt,6419,00:07:20,00:02:17,440,137,En Tiempo,2,27,0,00:01:02,62,Logico,"20030GR        ",20030GR - PERCHA GRAFITO LINEA PULSE  ,0,0,08/07/2026 17:27:12
13432128,08/07/2026 14:24:55,08/07/2026 14:27:12,rodriguezt,6419,00:07:20,00:02:17,440,137,En Tiempo,1,27,0,00:01:02,62,Logico,"A1539G         ","TAPA Y TECLA PARA VALVULA DE DESCARGA CUADRADA MINIMALISTA GOLD       ",0,0,08/07/2026 17:27:12
13432128,08/07/2026 14:24:55,08/07/2026 14:27:12,rodriguezt,6419,00:07:20,00:02:17,440,137,En Tiempo,2,27,0,00:01:02,62,Logico,"A1540          ","CUERPO VALVULA DE DESAGOTE P/INODORO TECNO 02-010/011                 ",0,0,08/07/2026 17:27:12
13432128,08/07/2026 14:24:55,08/07/2026 14:27:12,rodriguezt,6419,00:07:20,00:02:17,440,137,En Tiempo,1,27,0,00:01:02,62,Logico,"A1539NI        ","TAPA Y TECLA PARA VALVULA DE DESCARGA CUADRADA MINIMALISTA NICKEL     ",0,0,08/07/2026 17:27:12
13438062,08/08/2026 06:30:02,08/08/2026 06:30:37,gsoderquvist,6415,00:01:23,00:00:35,83,35,En Tiempo,6,5,0,,,Excedido,"RA001          ",RA001 - CABEZAL STD NO ASCENDENTE,0,0,08/08/2026 09:30:37
13438062,08/08/2026 06:30:02,08/08/2026 06:30:37,gsoderquvist,6415,00:01:23,00:00:35,83,35,En Tiempo,1,5,0,,,Excedido,"939            ",939 - JGO.COCINA C/EXTENSIBLE CR LAZA,0,0,08/08/2026 09:30:37
13438062,08/08/2026 06:30:02,08/08/2026 06:30:37,gsoderquvist,6415,00:01:23,00:00:35,83,35,En Tiempo,1,5,0,,,Excedido,"949            ",949 - JGO.COC.PARED.EMB. CR LAZA,0,0,08/08/2026 09:30:37
13438062,08/08/2026 06:30:02,08/08/2026 06:30:37,gsoderquvist,6415,00:01:23,00:00:35,83,35,En Tiempo,3,5,0,,,Excedido,"60-133         ",60-133 - LAVATORIO MONOCOMANDO LUGO,0,0,08/08/2026 09:30:37
13438062,08/08/2026 06:30:02,08/08/2026 06:30:37,gsoderquvist,6415,00:01:23,00:00:35,83,35,En Tiempo,1,5,0,,,Excedido,"933            ",933 - JGO PARED C/EXT CR DIQUE,0,0,08/08/2026 09:30:37
13438073,08/08/2026 06:32:37,08/08/2026 06:32:54,gsoderquvist,6415,00:00:47,00:00:17,47,17,En Tiempo,1,2,0,00:02:00,120,Logico,"RA1400         ",RA1400 - SOPORTE P/DUCHADOR C/BASE CUADRADA CR,0,0,08/08/2026 09:32:54
13438073,08/08/2026 06:32:37,08/08/2026 06:32:54,gsoderquvist,6415,00:00:47,00:00:17,47,17,En Tiempo,4,2,0,00:02:00,120,Logico,"70-122         ",70-122 - BIDE C.CERAM CR VALENCIA,0,0,08/08/2026 09:32:54
13438082,08/08/2026 06:35:07,08/08/2026 06:35:47,gsoderquvist,6415,00:01:23,00:00:40,83,40,En Tiempo,2,4,0,00:02:13,133,Logico,"20-146N        ",20-146N - MONOCOMANDO DE COCINA BLACK LINEA MOVE,0,0,08/08/2026 09:35:47
13438082,08/08/2026 06:35:07,08/08/2026 06:35:47,gsoderquvist,6415,00:01:23,00:00:40,83,40,En Tiempo,1,4,0,00:02:13,133,Logico,"22-178         ",22-178 - MONOCOMANDO DE COCINA P/AGUA FILTRADA VITA,0,0,08/08/2026 09:35:47
13438082,08/08/2026 06:35:07,08/08/2026 06:35:47,gsoderquvist,6415,00:01:23,00:00:40,83,40,En Tiempo,8,4,0,00:02:13,133,Logico,"70-192         ",70-192 - BIDE SORIA BLACK,0,0,08/08/2026 09:35:47
13438082,08/08/2026 06:35:07,08/08/2026 06:35:47,gsoderquvist,6415,00:01:23,00:00:40,83,40,En Tiempo,8,4,0,00:02:13,133,Logico,"60-192         ",60-192 - LAVATORIO BAJO SORIA BLACK,0,0,08/08/2026 09:35:47
13438095,08/08/2026 06:36:44,08/08/2026 06:37:00,gsoderquvist,6415,00:01:09,00:00:16,69,16,En Tiempo,2,4,0,00:00:57,57,Logico,"85-168         ",85-168 - DUCHA MONOC C/TRANSF Y DUCHADOR CR WAVE,0,0,08/08/2026 09:37:00
13438095,08/08/2026 06:36:44,08/08/2026 06:37:00,gsoderquvist,6415,00:01:09,00:00:16,69,16,En Tiempo,2,4,0,00:00:57,57,Logico,"62-162         ",62-162 - LAVATORIO DE PARED CR C.CERAM ADRA,0,0,08/08/2026 09:37:00
13438095,08/08/2026 06:36:44,08/08/2026 06:37:00,gsoderquvist,6415,00:01:09,00:00:16,69,16,En Tiempo,2,4,0,00:00:57,57,Logico,"BCH05          ",BCH05 - BACHA DE APOYAR CUADRADA 370x370x130,0,0,08/08/2026 09:37:00
13438095,08/08/2026 06:36:44,08/08/2026 06:37:00,gsoderquvist,6415,00:01:09,00:00:16,69,16,En Tiempo,3,4,0,00:00:57,57,Logico,"80-166         ","DUCHA EMB. C/TRANSF. CR C.CERAM ADRA PLUS                             ",0,0,08/08/2026 09:37:00
13438114,08/08/2026 06:39:06,08/08/2026 06:44:45,gsoderquvist,6415,00:02:47,00:05:39,167,339,Fuera de Tiempo,10,6,0,00:02:06,126,Logico,"1320           ","QUEINOX MACHO MOVIL MH 1/2"" x 20                                      ",0,0,08/08/2026 09:44:45
13438114,08/08/2026 06:39:06,08/08/2026 06:44:45,gsoderquvist,6415,00:02:47,00:05:39,167,339,Fuera de Tiempo,10,6,0,00:02:06,126,Logico,"1325           ","QUEINOX MACHO MOVIL MH 1/2"" x 25                                      ",0,0,08/08/2026 09:44:45
13438114,08/08/2026 06:39:06,08/08/2026 06:44:45,gsoderquvist,6415,00:02:47,00:05:39,167,339,Fuera de Tiempo,10,6,0,00:02:06,126,Logico,"1335           ","QUEINOX MACHO MOVIL MH 1/2"" x 35                                      ",0,0,08/08/2026 09:44:45
13438114,08/08/2026 06:39:06,08/08/2026 06:44:45,gsoderquvist,6415,00:02:47,00:05:39,167,339,Fuera de Tiempo,10,6,0,00:02:06,126,Logico,"1330           ","QUEINOX MACHO MOVIL MH 1/2"" x 30                                      ",0,0,08/08/2026 09:44:45
13438114,08/08/2026 06:39:06,08/08/2026 06:44:45,gsoderquvist,6415,00:02:47,00:05:39,167,339,Fuera de Tiempo,10,6,0,00:02:06,126,Logico,"1350           ","QUEINOX MACHO MOVIL MH 1/2"" x 50                                      ",0,0,08/08/2026 09:44:45
13438114,08/08/2026 06:39:06,08/08/2026 06:44:45,gsoderquvist,6415,00:02:47,00:05:39,167,339,Fuera de Tiempo,10,6,0,00:02:06,126,Logico,"1340           ","QUEINOX MACHO MOVIL MH 1/2"" x 40                                      ",0,0,08/08/2026 09:44:45
13438149,08/08/2026 06:47:40,08/08/2026 06:50:58,gsoderquvist,6415,00:00:40,00:03:18,40,198,Fuera de Tiempo,1,1,0,00:02:55,175,Logico,"RA1008         ",RA1008 - VOLANTE SANTANDER,0,0,08/08/2026 09:48:55
13438149,08/08/2026 06:47:40,08/08/2026 06:50:58,gsoderquvist,6415,00:00:40,00:03:18,40,198,Fuera de Tiempo,1,1,0,00:02:55,175,Logico,"RA1008         ",RA1008 - VOLANTE SANTANDER,0,0,08/08/2026 09:50:58
13438184,08/08/2026 06:58:38,08/08/2026 08:07:45,gsoderquvist,6415,00:08:00,01:09:07,480,4147,Fuera de Tiempo,3,31,0,00:07:40,460,Excedido,"INO104-1       ","INODORO BLANCO C/ASIENTO LINEA STONE                                  ",0,0,08/08/2026 11:07:45
13438184,08/08/2026 06:58:38,08/08/2026 08:07:45,gsoderquvist,6415,00:08:00,01:09:07,480,4147,Fuera de Tiempo,3,31,0,00:07:40,460,Excedido,"INO104-2       ","DEPOSITO C/DESCARGA DUAL BLANCO LINEA STONE                           ",0,0,08/08/2026 11:07:45
13438184,08/08/2026 06:58:38,08/08/2026 08:07:45,gsoderquvist,6415,00:08:00,01:09:07,480,4147,Fuera de Tiempo,2,31,0,00:07:40,460,Excedido,"11040          ","PORTA ROLLO LINEA 11000                                               ",0,0,08/08/2026 11:07:45
13438184,08/08/2026 06:58:38,08/08/2026 08:07:45,gsoderquvist,6415,00:08:00,01:09:07,480,4147,Fuera de Tiempo,2,31,0,00:07:40,460,Excedido,"11010          ","TOALLERO BARRAL LINEA 11000                                           ",0,0,08/08/2026 11:07:45
13438184,08/08/2026 06:58:38,08/08/2026 08:07:45,gsoderquvist,6415,00:08:00,01:09:07,480,4147,Fuera de Tiempo,2,31,0,00:07:40,460,Excedido,"3040           ",3040 - PORTA ROLLO LINEA 3000,0,0,08/08/2026 11:07:45
13438184,08/08/2026 06:58:38,08/08/2026 08:07:45,gsoderquvist,6415,00:08:00,01:09:07,480,4147,Fuera de Tiempo,2,31,0,00:07:40,460,Excedido,"3010           ",3010 - TOALLERO BARRAL LINEA 3000,0,0,08/08/2026 11:07:45
13438184,08/08/2026 06:58:38,08/08/2026 08:07:45,gsoderquvist,6415,00:08:00,01:09:07,480,4147,Fuera de Tiempo,4,31,0,00:07:40,460,Excedido,"21200          ",21200 - ESQUINERO ORGANIZADOR 19x19x7,0,0,08/08/2026 11:07:45
13438184,08/08/2026 06:58:38,08/08/2026 08:07:45,gsoderquvist,6415,00:08:00,01:09:07,480,4147,Fuera de Tiempo,2,31,0,00:07:40,460,Excedido,"21100          ",21100 - ESTANTE ORGANIZADOR RECTANGULAR 25x12x7,0,0,08/08/2026 11:07:45
13438184,08/08/2026 06:58:38,08/08/2026 08:07:45,gsoderquvist,6415,00:08:00,01:09:07,480,4147,Fuera de Tiempo,3,31,0,00:07:40,460,Excedido,"70-168         ",70-168 - BIDE MONOC CR WAVE,0,0,08/08/2026 11:07:45
13438184,08/08/2026 06:58:38,08/08/2026 08:07:45,gsoderquvist,6415,00:08:00,01:09:07,480,4147,Fuera de Tiempo,10,31,0,00:07:40,460,Excedido,"20-184         ","MONOCOMANDO DE COCINA CR SUV                                          ",0,0,08/08/2026 11:07:45
13438184,08/08/2026 06:58:38,08/08/2026 08:07:45,gsoderquvist,6415,00:08:00,01:09:07,480,4147,Fuera de Tiempo,6,31,0,00:07:40,460,Excedido,"60-205         ",60-205 - LAVATORIO MONOC BAJO STEEL,0,0,08/08/2026 11:07:45
13438184,08/08/2026 06:58:38,08/08/2026 08:07:45,gsoderquvist,6415,00:08:00,01:09:07,480,4147,Fuera de Tiempo,2,31,0,00:07:40,460,Excedido,"17050G         ",17050G - JABONERA  LINEA FABRIC GOLD,0,0,08/08/2026 11:07:45
13438184,08/08/2026 06:58:38,08/08/2026 08:07:45,gsoderquvist,6415,00:08:00,01:09:07,480,4147,Fuera de Tiempo,2,31,0,00:07:40,460,Excedido,"17050C         ",17050C - JABONERA  LINEA FABRIC CROMO,0,0,08/08/2026 11:07:45
13438184,08/08/2026 06:58:38,08/08/2026 08:07:45,gsoderquvist,6415,00:08:00,01:09:07,480,4147,Fuera de Tiempo,2,31,0,00:07:40,460,Excedido,"70-133         ",70-133 - BIDE MONOCOMANDO LUGO,0,0,08/08/2026 11:07:45
13438184,08/08/2026 06:58:38,08/08/2026 08:07:45,gsoderquvist,6415,00:08:00,01:09:07,480,4147,Fuera de Tiempo,1,31,0,00:07:40,460,Excedido,"20-135G        ",20-135G - MONOCOMANDO COCINA GOLD SANTANDER,0,0,08/08/2026 11:07:45
13438184,08/08/2026 06:58:38,08/08/2026 08:07:45,gsoderquvist,6415,00:08:00,01:09:07,480,4147,Fuera de Tiempo,1,31,0,00:07:40,460,Excedido,"83-133         ",83-133 - DUCHA EXT. C/TRANSF. MONOCOMANDO LUGO,0,0,08/08/2026 11:07:45
13438184,08/08/2026 06:58:38,08/08/2026 08:07:45,gsoderquvist,6415,00:08:00,01:09:07,480,4147,Fuera de Tiempo,2,31,0,00:07:40,460,Excedido,"17010C         ",17010C - TOALLERO BARRAL LINEA FABRIC CROMO,0,0,08/08/2026 11:07:45
13438184,08/08/2026 06:58:38,08/08/2026 08:07:45,gsoderquvist,6415,00:08:00,01:09:07,480,4147,Fuera de Tiempo,2,31,0,00:07:40,460,Excedido,"17020C         ",17020C - TOALLERO DE ARO LINEA FABRIC CROMO,0,0,08/08/2026 11:07:45
13438184,08/08/2026 06:58:38,08/08/2026 08:07:45,gsoderquvist,6415,00:08:00,01:09:07,480,4147,Fuera de Tiempo,4,31,0,00:07:40,460,Excedido,"17020N         ",17020N - TOALLERO DE ARO LINEA FABRIC BLACK,0,0,08/08/2026 11:07:45
13438184,08/08/2026 06:58:38,08/08/2026 08:07:45,gsoderquvist,6415,00:08:00,01:09:07,480,4147,Fuera de Tiempo,2,31,0,00:07:40,460,Excedido,"17050N         ",17050N - JABONERA  LINEA FABRIC BLACK,0,0,08/08/2026 11:07:45
13438184,08/08/2026 06:58:38,08/08/2026 08:07:45,gsoderquvist,6415,00:08:00,01:09:07,480,4147,Fuera de Tiempo,3,31,0,00:07:40,460,Excedido,"17060N         ",17060N - PORTA VASO Y CEPILLO  LINEA FABRIC BLACK,0,0,08/08/2026 11:07:45
13438184,08/08/2026 06:58:38,08/08/2026 08:07:45,gsoderquvist,6415,00:08:00,01:09:07,480,4147,Fuera de Tiempo,2,31,0,00:07:40,460,Excedido,"17010N         ",17010N - TOALLERO BARRAL LINEA FABRIC BLACK,0,0,08/08/2026 11:07:45
13438184,08/08/2026 06:58:38,08/08/2026 08:07:45,gsoderquvist,6415,00:08:00,01:09:07,480,4147,Fuera de Tiempo,4,31,0,00:07:40,460,Excedido,"17030N         ",17030N - PERCHA LINEA FABRIC BLACK,0,0,08/08/2026 11:07:45
13438184,08/08/2026 06:58:38,08/08/2026 08:07:45,gsoderquvist,6415,00:08:00,01:09:07,480,4147,Fuera de Tiempo,4,31,0,00:07:40,460,Excedido,"17030G         ",17030G - PERCHA LINEA FABRIC GOLD,0,0,08/08/2026 11:07:45
13438184,08/08/2026 06:58:38,08/08/2026 08:07:45,gsoderquvist,6415,00:08:00,01:09:07,480,4147,Fuera de Tiempo,3,31,0,00:07:40,460,Excedido,"BCH16          ",BCH16 - BACHA DE APOYAR BLANCA 610x457x254 C/DESAGOTE Y REJILLA,0,0,08/08/2026 11:07:45
13438184,08/08/2026 06:58:38,08/08/2026 08:07:45,gsoderquvist,6415,00:08:00,01:09:07,480,4147,Fuera de Tiempo,5,31,0,00:07:40,460,Excedido,"70-162N        ",70-162N - BIDE BLACK C.CERAM LINEA ADRA,0,0,08/08/2026 11:07:45
13438184,08/08/2026 06:58:38,08/08/2026 08:07:45,gsoderquvist,6415,00:08:00,01:09:07,480,4147,Fuera de Tiempo,4,31,0,00:07:40,460,Excedido,"60-203         ",60-203 - LAVATORIO MONOCOMANDO BAJO ADRA,0,0,08/08/2026 11:07:45
13438184,08/08/2026 06:58:38,08/08/2026 08:07:45,gsoderquvist,6415,00:08:00,01:09:07,480,4147,Fuera de Tiempo,4,31,0,00:07:40,460,Excedido,"61-203         ",61-203 - LAVATORIO MONOCOMANDO ALTO ADRA,0,0,08/08/2026 11:07:45
13438184,08/08/2026 06:58:38,08/08/2026 08:07:45,gsoderquvist,6415,00:08:00,01:09:07,480,4147,Fuera de Tiempo,8,31,0,00:07:40,460,Excedido,"835            ",835 - JGO.MDA. P.FUNDIDO CR MURCIA,0,0,08/08/2026 11:07:45
13438184,08/08/2026 06:58:38,08/08/2026 08:07:45,gsoderquvist,6415,00:08:00,01:09:07,480,4147,Fuera de Tiempo,6,31,0,00:07:40,460,Excedido,"51-107         ",51-107 - JGO. MESADA CR C.CERAM BEDIA,0,0,08/08/2026 11:07:45
13438184,08/08/2026 06:58:38,08/08/2026 08:07:45,gsoderquvist,6415,00:08:00,01:09:07,480,4147,Fuera de Tiempo,4,31,0,00:07:40,460,Excedido,"70-162         ",70-162 - BIDE CR C.CERAM LINEA ADRA,0,0,08/08/2026 11:07:45
13438692,08/08/2026 08:17:21,08/08/2026 08:17:38,gsoderquvist,6415,00:00:46,00:00:17,46,17,En Tiempo,2,2,0,00:09:36,576,Excedido,"RA002          ",RA002 - CABEZAL DERECHO CIERRE CERAMICO (FRIA),0,0,08/08/2026 11:17:38
13438692,08/08/2026 08:17:21,08/08/2026 08:17:38,gsoderquvist,6415,00:00:46,00:00:17,46,17,En Tiempo,2,2,0,00:09:36,576,Excedido,"RA003          ",RA003 - CABEZAL IZQUIERDO CIERRE CERAMICO (CALIENTE),0,0,08/08/2026 11:17:38
13438705,08/08/2026 08:18:44,08/08/2026 08:19:18,gsoderquvist,6415,00:02:43,00:00:34,163,34,En Tiempo,2,11,0,00:01:06,66,Logico,"20-168         ",20-168 - MONOCOMANDO COCINA CR WAVE,0,0,08/08/2026 11:19:18
13438705,08/08/2026 08:18:44,08/08/2026 08:19:18,gsoderquvist,6415,00:02:43,00:00:34,163,34,En Tiempo,4,11,0,00:01:06,66,Logico,"20-202N        ",20-202N - MONOCOMANDO COCINA BLACK HOOP,0,0,08/08/2026 11:19:18
13438705,08/08/2026 08:18:44,08/08/2026 08:19:18,gsoderquvist,6415,00:02:43,00:00:34,163,34,En Tiempo,1,11,0,00:01:06,66,Logico,"80-200N        ",80-200N - DUCHA EMB. MONOC. 3 FUNCIONES BLACK FABRIC,0,0,08/08/2026 11:19:18
13438705,08/08/2026 08:18:44,08/08/2026 08:19:18,gsoderquvist,6415,00:02:43,00:00:34,163,34,En Tiempo,1,11,0,00:01:06,66,Logico,"80-100G        ",80-100G - DUCHA EMB. C/TRANSF. GOLD C.CERAM FABRIC,0,0,08/08/2026 11:19:18
13438705,08/08/2026 08:18:44,08/08/2026 08:19:18,gsoderquvist,6415,00:02:43,00:00:34,163,34,En Tiempo,2,11,0,00:01:06,66,Logico,"60-100G        ",60-100G - LAVATORIO GOLD C.CERAM FABRIC,0,0,08/08/2026 11:19:18
13438705,08/08/2026 08:18:44,08/08/2026 08:19:18,gsoderquvist,6415,00:02:43,00:00:34,163,34,En Tiempo,1,11,0,00:01:06,66,Logico,"60-153         ",60-153 - LAVATORIO CR C.CERAMICO CASTILLA,0,0,08/08/2026 11:19:18
13438705,08/08/2026 08:18:44,08/08/2026 08:19:18,gsoderquvist,6415,00:02:43,00:00:34,163,34,En Tiempo,3,11,0,00:01:06,66,Logico,"BCH12          ",BCH12 - BACHA DE APOYAR BLANCA 460x320x140,0,0,08/08/2026 11:19:18
13438705,08/08/2026 08:18:44,08/08/2026 08:19:18,gsoderquvist,6415,00:02:43,00:00:34,163,34,En Tiempo,1,11,0,00:01:06,66,Logico,"BCH16N         ",BCH16N - BACHA DE APOYAR NEGRA 610x457x254 C/DESAGOTE Y REJILLA,0,0,08/08/2026 11:19:18
13438705,08/08/2026 08:18:44,08/08/2026 08:19:18,gsoderquvist,6415,00:02:43,00:00:34,163,34,En Tiempo,1,11,0,00:01:06,66,Logico,"70-191         ",70-191 - BIDE C.CERAM LINEA PRADO,0,0,08/08/2026 11:19:18
13438705,08/08/2026 08:18:44,08/08/2026 08:19:18,gsoderquvist,6415,00:02:43,00:00:34,163,34,En Tiempo,1,11,0,00:01:06,66,Logico,"60-191         ",60-191 - LAVATORIO C.CERAM LINEA PRADO,0,0,08/08/2026 11:19:18
13438705,08/08/2026 08:18:44,08/08/2026 08:19:18,gsoderquvist,6415,00:02:43,00:00:34,163,34,En Tiempo,1,11,0,00:01:06,66,Logico,"80-191         ",80-191 - DUCHA EMB. C/TRANSF. C.CERAM PRADO,0,0,08/08/2026 11:19:18
13438864,08/08/2026 08:38:58,08/08/2026 08:39:52,gsoderquvist,6415,00:03:10,00:00:54,190,54,En Tiempo,2,13,0,00:19:40,1180,Excedido,"83-133         ",83-133 - DUCHA EXT. C/TRANSF. MONOCOMANDO LUGO,0,0,08/08/2026 11:39:52
13438864,08/08/2026 08:38:58,08/08/2026 08:39:52,gsoderquvist,6415,00:03:10,00:00:54,190,54,En Tiempo,1,13,0,00:19:40,1180,Excedido,"943            ","943 - J.COCINA PARED EMB. CR ""DIQUE""",0,0,08/08/2026 11:39:52
13438864,08/08/2026 08:38:58,08/08/2026 08:39:52,gsoderquvist,6415,00:03:10,00:00:54,190,54,En Tiempo,1,13,0,00:19:40,1180,Excedido,"309            ","309 - BIDE CROMO ""LAZA""",0,0,08/08/2026 11:39:52
13438864,08/08/2026 08:38:58,08/08/2026 08:39:52,gsoderquvist,6415,00:03:10,00:00:54,190,54,En Tiempo,1,13,0,00:19:40,1180,Excedido,"939            ",939 - JGO.COCINA C/EXTENSIBLE CR LAZA,0,0,08/08/2026 11:39:52
13438864,08/08/2026 08:38:58,08/08/2026 08:39:52,gsoderquvist,6415,00:03:10,00:00:54,190,54,En Tiempo,1,13,0,00:19:40,1180,Excedido,"214/CR         ",214/CR - LAVATORIO CR/CR ARES,0,0,08/08/2026 11:39:52
13438864,08/08/2026 08:38:58,08/08/2026 08:39:52,gsoderquvist,6415,00:03:10,00:00:54,190,54,En Tiempo,1,13,0,00:19:40,1180,Excedido,"914/CR         ",914/CR - JGO.MDA.P.CAÑO CR ARES,0,0,08/08/2026 11:39:52
13438864,08/08/2026 08:38:58,08/08/2026 08:39:52,gsoderquvist,6415,00:03:10,00:00:54,190,54,En Tiempo,1,13,0,00:19:40,1180,Excedido,"70-002         ",70-002 - BIDE RENACER,0,0,08/08/2026 11:39:52
13438864,08/08/2026 08:38:58,08/08/2026 08:39:52,gsoderquvist,6415,00:03:10,00:00:54,190,54,En Tiempo,1,13,0,00:19:40,1180,Excedido,"80-002         ",80-002 - DUCHA EMB C/TRANSF. RENACER,0,0,08/08/2026 11:39:52
13438864,08/08/2026 08:38:58,08/08/2026 08:39:52,gsoderquvist,6415,00:03:10,00:00:54,190,54,En Tiempo,1,13,0,00:19:40,1180,Excedido,"203            ","203 - LAVATORIO CROMO ""DIQUE""",0,0,08/08/2026 11:39:52
13438864,08/08/2026 08:38:58,08/08/2026 08:39:52,gsoderquvist,6415,00:03:10,00:00:54,190,54,En Tiempo,3,13,0,00:19:40,1180,Excedido,"303            ","303 - BIDET CROMO ""DIQUE""",0,0,08/08/2026 11:39:52
13438864,08/08/2026 08:38:58,08/08/2026 08:39:52,gsoderquvist,6415,00:03:10,00:00:54,190,54,En Tiempo,1,13,0,00:19:40,1180,Excedido,"423            ","423 - DUCHA EMB. C/TRANSF.CR ""DIQUE""",0,0,08/08/2026 11:39:52
13438864,08/08/2026 08:38:58,08/08/2026 08:39:52,gsoderquvist,6415,00:03:10,00:00:54,190,54,En Tiempo,3,13,0,00:19:40,1180,Excedido,"910/M          ","910/M - JGO.MDA.P.CANO CROMO ""DIQUE""",0,0,08/08/2026 11:39:52
13438864,08/08/2026 08:38:58,08/08/2026 08:39:52,gsoderquvist,6415,00:03:10,00:00:54,190,54,En Tiempo,1,13,0,00:19:40,1180,Excedido,"51-058         ",51-058 - COCINA MESADA CR C.STD MALBA,0,0,08/08/2026 11:39:52
13438875,08/08/2026 08:40:00,08/08/2026 08:41:10,gsoderquvist,6415,00:00:40,00:01:10,40,70,Fuera de Tiempo,2,1,0,00:00:08,8,Logico,"18060          ",18060 - PORTA VASO Y CEPILLO NIQUEL LINEA BEAT,0,0,08/08/2026 11:41:10
13438899,08/08/2026 08:42:35,08/08/2026 08:45:12,gsoderquvist,6415,00:03:00,00:02:37,180,157,En Tiempo,10,9,0,00:01:25,85,Logico,"RA002          ",RA002 - CABEZAL DERECHO CIERRE CERAMICO (FRIA),0,0,08/08/2026 11:45:12
13438899,08/08/2026 08:42:35,08/08/2026 08:45:12,gsoderquvist,6415,00:03:00,00:02:37,180,157,En Tiempo,4,9,0,00:01:25,85,Logico,"RA727C         ",RA727C - CONJUNTO BUJE Y AIREADOR CROMO,0,0,08/08/2026 11:45:12
13438899,08/08/2026 08:42:35,08/08/2026 08:45:12,gsoderquvist,6415,00:03:00,00:02:37,180,157,En Tiempo,6,9,0,00:01:25,85,Logico,"RA764          ",RA764 - BOLSITA P/CONEXION BIDET LINEAS STD COMPLETO,0,0,08/08/2026 11:45:12
13438899,08/08/2026 08:42:35,08/08/2026 08:45:12,gsoderquvist,6415,00:03:00,00:02:37,180,157,En Tiempo,2,9,0,00:01:25,85,Logico,"RA875          ",RA875 - 10 TUBOS CONEXION P/ BIDET,0,0,08/08/2026 11:45:12
13438899,08/08/2026 08:42:35,08/08/2026 08:45:12,gsoderquvist,6415,00:03:00,00:02:37,180,157,En Tiempo,4,9,0,00:01:25,85,Logico,"RA014          ",RA014 - PICO CAÑO J  P/MESADA,0,0,08/08/2026 11:45:12
13438899,08/08/2026 08:42:35,08/08/2026 08:45:12,gsoderquvist,6415,00:03:00,00:02:37,180,157,En Tiempo,2,9,0,00:01:25,85,Logico,"RA877          ",RA877 - 10 TORNILLOS P/VOLANTE GRIFERIA,0,0,08/08/2026 11:45:12
13438899,08/08/2026 08:42:35,08/08/2026 08:45:12,gsoderquvist,6415,00:03:00,00:02:37,180,157,En Tiempo,10,9,0,00:01:25,85,Logico,"RA1191         ",RA1191 - 10 CONJ. PROLONGADOR CORTO (TORNILLO+TUBO) VOLANTE,0,0,08/08/2026 11:45:12
13438899,08/08/2026 08:42:35,08/08/2026 08:45:12,gsoderquvist,6415,00:03:00,00:02:37,180,157,En Tiempo,6,9,0,00:01:25,85,Logico,"RA1109         ",RA1109 - (10) JUNTA P/MONOCOMANDO DIQUE,0,0,08/08/2026 11:45:12
13438899,08/08/2026 08:42:35,08/08/2026 08:45:12,gsoderquvist,6415,00:03:00,00:02:37,180,157,En Tiempo,2,9,0,00:01:25,85,Logico,"RA869          ",RA869 - 10 GOMAS CONICA P/ RAMAL DE LAVATORIO Y BIDET,0,0,08/08/2026 11:45:12
13438958,08/08/2026 08:46:47,08/08/2026 08:57:36,ascirica,6414,00:07:28,00:10:49,448,649,Fuera de Tiempo,2,28,0,,,Excedido,"80-168N        ",80-168N - DUCHA EMB C/TRANSF MONOC BLACK WAVE,0,0,08/08/2026 11:57:36
13438958,08/08/2026 08:46:47,08/08/2026 08:57:36,ascirica,6414,00:07:28,00:10:49,448,649,Fuera de Tiempo,2,28,0,,,Excedido,"80-001N        ","80-001N - DUCHA EMB. C/TRANSF. ""CROMO Y""",0,0,08/08/2026 11:57:36
13438958,08/08/2026 08:46:47,08/08/2026 08:57:36,ascirica,6414,00:07:28,00:10:49,448,649,Fuera de Tiempo,3,28,0,,,Excedido,"60-001N        ","60-001N - LAVATORIO ""CROMO Y""",0,0,08/08/2026 11:57:36
13438958,08/08/2026 08:46:47,08/08/2026 08:57:36,ascirica,6414,00:07:28,00:10:49,448,649,Fuera de Tiempo,2,28,0,,,Excedido,"51-131         ",51-131 - MESADA BIMANDO CR C.CERAM MALLORCA,0,0,08/08/2026 11:57:36
13438958,08/08/2026 08:46:47,08/08/2026 08:57:36,ascirica,6414,00:07:28,00:10:49,448,649,Fuera de Tiempo,2,28,0,,,Excedido,"51-122         ",51-122 - MESADA BIMANDO CR C.CERAM VALENCIA,0,0,08/08/2026 11:57:36
13438958,08/08/2026 08:46:47,08/08/2026 08:57:36,ascirica,6414,00:07:28,00:10:49,448,649,Fuera de Tiempo,4,28,0,,,Excedido,"60-203         ",60-203 - LAVATORIO MONOCOMANDO BAJO ADRA,0,0,08/08/2026 11:57:36
13438958,08/08/2026 08:46:47,08/08/2026 08:57:36,ascirica,6414,00:07:28,00:10:49,448,649,Fuera de Tiempo,3,28,0,,,Excedido,"BCH12          ",BCH12 - BACHA DE APOYAR BLANCA 460x320x140,0,0,08/08/2026 11:57:36
13438958,08/08/2026 08:46:47,08/08/2026 08:57:36,ascirica,6414,00:07:28,00:10:49,448,649,Fuera de Tiempo,4,28,0,,,Excedido,"20-102         ","20-102 - MONOCOMANDO MESADA CROMO ""RENACER""",0,0,08/08/2026 11:57:36
13438958,08/08/2026 08:46:47,08/08/2026 08:57:36,ascirica,6414,00:07:28,00:10:49,448,649,Fuera de Tiempo,6,28,0,,,Excedido,"20-134         ",20-134 - MONOCOMANDO COCINA BETIS,0,0,08/08/2026 11:57:36
13438958,08/08/2026 08:46:47,08/08/2026 08:57:36,ascirica,6414,00:07:28,00:10:49,448,649,Fuera de Tiempo,4,28,0,,,Excedido,"61-203         ",61-203 - LAVATORIO MONOCOMANDO ALTO ADRA,0,0,08/08/2026 11:57:36
13438958,08/08/2026 08:46:47,08/08/2026 08:57:36,ascirica,6414,00:07:28,00:10:49,448,649,Fuera de Tiempo,2,28,0,,,Excedido,"61-193         ",61-193 - LAVATORIO MONOCOMANDO ALTO MORA,0,0,08/08/2026 11:57:36
13438958,08/08/2026 08:46:47,08/08/2026 08:57:36,ascirica,6414,00:07:28,00:10:49,448,649,Fuera de Tiempo,6,28,0,,,Excedido,"51-057         ",51-057 - COCINA MESADA CR C.STD VERIN PLUS,0,0,08/08/2026 11:57:36
13438958,08/08/2026 08:46:47,08/08/2026 08:57:36,ascirica,6414,00:07:28,00:10:49,448,649,Fuera de Tiempo,3,28,0,,,Excedido,"3006           ",3006 - SET DE 6 PIEZAS LINEA 3000,0,0,08/08/2026 11:57:36
13438958,08/08/2026 08:46:47,08/08/2026 08:57:36,ascirica,6414,00:07:28,00:10:49,448,649,Fuera de Tiempo,4,28,0,,,Excedido,"60-133         ",60-133 - LAVATORIO MONOCOMANDO LUGO,0,0,08/08/2026 11:57:36
13438958,08/08/2026 08:46:47,08/08/2026 08:57:36,ascirica,6414,00:07:28,00:10:49,448,649,Fuera de Tiempo,8,28,0,,,Excedido,"20-160         ",20-160 - MONOCOMANDO MESADA COCINA DIQUE,0,0,08/08/2026 11:57:36
13438958,08/08/2026 08:46:47,08/08/2026 08:57:36,ascirica,6414,00:07:28,00:10:49,448,649,Fuera de Tiempo,4,28,0,,,Excedido,"20-146         ",20-146 - MONOCOMANDO DE COCINA CR LINEA MOVE,0,0,08/08/2026 11:57:36
13438958,08/08/2026 08:46:47,08/08/2026 08:57:36,ascirica,6414,00:07:28,00:10:49,448,649,Fuera de Tiempo,2,28,0,,,Excedido,"20-146N        ",20-146N - MONOCOMANDO DE COCINA BLACK LINEA MOVE,0,0,08/08/2026 11:57:36
13438958,08/08/2026 08:46:47,08/08/2026 08:57:36,ascirica,6414,00:07:28,00:10:49,448,649,Fuera de Tiempo,1,28,0,,,Excedido,"22-178N        ",22-178N - MONOCOMANDO DE COCINA P/AGUA FILTRADA VITA BLACK,0,0,08/08/2026 11:57:36
13438958,08/08/2026 08:46:47,08/08/2026 08:57:36,ascirica,6414,00:07:28,00:10:49,448,649,Fuera de Tiempo,2,28,0,,,Excedido,"60-180         ",60-180 - LAVATORIO MONOCOMANDO BAJO VERA,0,0,08/08/2026 11:57:36
13438958,08/08/2026 08:46:47,08/08/2026 08:57:36,ascirica,6414,00:07:28,00:10:49,448,649,Fuera de Tiempo,2,28,0,,,Excedido,"61-180         ",61-180 - LAVATORIO MONOCOMANDO ALTO VERA,0,0,08/08/2026 11:57:36
13438958,08/08/2026 08:46:47,08/08/2026 08:57:36,ascirica,6414,00:07:28,00:10:49,448,649,Fuera de Tiempo,2,28,0,,,Excedido,"20-172         ",20-172 - COCINA MESADA MONOC. COLORS NEGRO,0,0,08/08/2026 11:57:36
13438958,08/08/2026 08:46:47,08/08/2026 08:57:36,ascirica,6414,00:07:28,00:10:49,448,649,Fuera de Tiempo,2,28,0,,,Excedido,"20-174         ",20-174 - COCINA MESADA MONOC. COLORS BLACK,0,0,08/08/2026 11:57:36
13438958,08/08/2026 08:46:47,08/08/2026 08:57:36,ascirica,6414,00:07:28,00:10:49,448,649,Fuera de Tiempo,4,28,0,,,Excedido,"20-184         ","MONOCOMANDO DE COCINA CR SUV                                          ",0,0,08/08/2026 11:57:36
13438958,08/08/2026 08:46:47,08/08/2026 08:57:36,ascirica,6414,00:07:28,00:10:49,448,649,Fuera de Tiempo,4,28,0,,,Excedido,"70-162         ",70-162 - BIDE CR C.CERAM LINEA ADRA,0,0,08/08/2026 11:57:36
13438958,08/08/2026 08:46:47,08/08/2026 08:57:36,ascirica,6414,00:07:28,00:10:49,448,649,Fuera de Tiempo,4,28,0,,,Excedido,"80-166         ","DUCHA EMB. C/TRANSF. CR C.CERAM ADRA PLUS                             ",0,0,08/08/2026 11:57:36
13438958,08/08/2026 08:46:47,08/08/2026 08:57:36,ascirica,6414,00:07:28,00:10:49,448,649,Fuera de Tiempo,6,28,0,,,Excedido,"80-057         ",80-057 - DUCHA EMB. C/TRANSF. C.STD VERIN PLUS,0,0,08/08/2026 11:57:36
13438958,08/08/2026 08:46:47,08/08/2026 08:57:36,ascirica,6414,00:07:28,00:10:49,448,649,Fuera de Tiempo,4,28,0,,,Excedido,"70-057         ",70-057 - BIDE C.STD VERIN PLUS,0,0,08/08/2026 11:57:36
13438958,08/08/2026 08:46:47,08/08/2026 08:57:36,ascirica,6414,00:07:28,00:10:49,448,649,Fuera de Tiempo,6,28,0,,,Excedido,"60-057         ",60-057 - LAVATORIO C.STD VERIN PLUS,0,0,08/08/2026 11:57:36
13438972,08/08/2026 08:48:03,08/08/2026 08:48:18,gsoderquvist,6415,00:01:26,00:00:15,86,15,En Tiempo,2,6,0,00:02:51,171,Logico,"60-205         ",60-205 - LAVATORIO MONOC BAJO STEEL,0,0,08/08/2026 11:48:18
13438972,08/08/2026 08:48:03,08/08/2026 08:48:18,gsoderquvist,6415,00:01:26,00:00:15,86,15,En Tiempo,1,6,0,00:02:51,171,Logico,"70-205         ",70-205 - BIDE MONOCOMANDO STEEL,0,0,08/08/2026 11:48:18
13438972,08/08/2026 08:48:03,08/08/2026 08:48:18,gsoderquvist,6415,00:01:26,00:00:15,86,15,En Tiempo,1,6,0,00:02:51,171,Logico,"80-205         ",80-205 - DUCHA EMB. C/TRANSF. MONOC STEEL,0,0,08/08/2026 11:48:18
13438972,08/08/2026 08:48:03,08/08/2026 08:48:18,gsoderquvist,6415,00:01:26,00:00:15,86,15,En Tiempo,1,6,0,00:02:51,171,Logico,"85-183         ","DUCHA EMB C/TRANSF Y DUCHADOR MONOC MAT                               ",0,0,08/08/2026 11:48:18
13438972,08/08/2026 08:48:03,08/08/2026 08:48:18,gsoderquvist,6415,00:01:26,00:00:15,86,15,En Tiempo,1,6,0,00:02:51,171,Logico,"60-183         ","LAVATORIO MONOCOMANDO BAJO MAT                                        ",0,0,08/08/2026 11:48:18
13438972,08/08/2026 08:48:03,08/08/2026 08:48:18,gsoderquvist,6415,00:01:26,00:00:15,86,15,En Tiempo,1,6,0,00:02:51,171,Logico,"BCH16          ",BCH16 - BACHA DE APOYAR BLANCA 610x457x254 C/DESAGOTE Y REJILLA,0,0,08/08/2026 11:48:18
13439117,08/08/2026 09:00:36,08/08/2026 09:09:51,ascirica,6414,00:03:13,00:09:15,193,555,Fuera de Tiempo,32,5,0,00:03:00,180,Logico,"83-176N        ",83-176N - DUCHA EXT. C/TRANSF. MONOC BLACK RIO,0,0,08/08/2026 12:09:51
13439117,08/08/2026 09:00:36,08/08/2026 09:09:51,ascirica,6414,00:03:13,00:09:15,193,555,Fuera de Tiempo,14,5,0,00:03:00,180,Logico,"80-176N        ",80-176N - DUCHA EMB C/TRANSF MONOC BLACK RIO,0,0,08/08/2026 12:09:51
13439117,08/08/2026 09:00:36,08/08/2026 09:09:51,ascirica,6414,00:03:13,00:09:15,193,555,Fuera de Tiempo,46,5,0,00:03:00,180,Logico,"70-176N        ",70-176N - BIDE MONOC C/TRANSF BLACK RIO,0,0,08/08/2026 12:09:51
13439117,08/08/2026 09:00:36,08/08/2026 09:09:51,ascirica,6414,00:03:13,00:09:15,193,555,Fuera de Tiempo,32,5,0,00:03:00,180,Logico,"60-176N        ","LAVATORIO MONOCOMANDO BAJO BLACK RIO                                  ",0,0,08/08/2026 12:09:51
13439117,08/08/2026 09:00:36,08/08/2026 09:09:51,ascirica,6414,00:03:13,00:09:15,193,555,Fuera de Tiempo,14,5,0,00:03:00,180,Logico,"61-176N        ",61-176N - LAVATORIO MONOC ALTO BLACK RIO,0,0,08/08/2026 12:09:51
13439118,08/08/2026 09:00:38,08/08/2026 09:01:19,gsoderquvist,6415,00:01:24,00:00:41,84,41,En Tiempo,10,3,0,00:12:20,740,Excedido,"BCH02          ",BCH02 - BACHA DE APOYAR CIRCULAR 1 AG. 415x145,0,0,08/08/2026 12:01:19
13439118,08/08/2026 09:00:38,08/08/2026 09:01:19,gsoderquvist,6415,00:01:24,00:00:41,84,41,En Tiempo,12,3,0,00:12:20,740,Excedido,"05-010         ","LAVATORIO BAJO TEMPORIZADO TECNO                                      ",0,0,08/08/2026 12:01:19
13439118,08/08/2026 09:00:38,08/08/2026 09:01:19,gsoderquvist,6415,00:01:24,00:00:41,84,41,En Tiempo,15,3,0,00:12:20,740,Excedido,"01-010         ","VALVULA P/MINGITORIO TEMPORIZADA TECNO                                ",0,0,08/08/2026 12:01:19
13439139,08/08/2026 09:03:18,08/08/2026 09:05:02,gsoderquvist,6415,00:03:10,00:01:44,190,104,En Tiempo,2,13,0,00:01:59,119,Logico,"51-122         ",51-122 - MESADA BIMANDO CR C.CERAM VALENCIA,0,0,08/08/2026 12:04:12
13439139,08/08/2026 09:03:18,08/08/2026 09:05:02,gsoderquvist,6415,00:03:10,00:01:44,190,104,En Tiempo,2,13,0,00:01:59,119,Logico,"80-058         ",80-058 - DUCHA EMB. C/TRANSF. CR C.STD MALBA,0,0,08/08/2026 12:04:12
13439139,08/08/2026 09:03:18,08/08/2026 09:05:02,gsoderquvist,6415,00:03:10,00:01:44,190,104,En Tiempo,2,13,0,00:01:59,119,Logico,"60-203N        ","LAVATORIO MONOCOMANDO BAJO ADRA BLACK                                 ",0,0,08/08/2026 12:04:12
13439139,08/08/2026 09:03:18,08/08/2026 09:05:02,gsoderquvist,6415,00:03:10,00:01:44,190,104,En Tiempo,3,13,0,00:01:59,119,Logico,"60-203         ",60-203 - LAVATORIO MONOCOMANDO BAJO ADRA,0,0,08/08/2026 12:04:12
13439139,08/08/2026 09:03:18,08/08/2026 09:05:02,gsoderquvist,6415,00:03:10,00:01:44,190,104,En Tiempo,2,13,0,00:01:59,119,Logico,"83-133         ",83-133 - DUCHA EXT. C/TRANSF. MONOCOMANDO LUGO,0,0,08/08/2026 12:04:12
13439139,08/08/2026 09:03:18,08/08/2026 09:05:02,gsoderquvist,6415,00:03:10,00:01:44,190,104,En Tiempo,2,13,0,00:01:59,119,Logico,"83-205         ",83-205 - DUCHA EXT C/TRANSF MONOC STEEL PICO CURVO,0,0,08/08/2026 12:04:12
13439139,08/08/2026 09:03:18,08/08/2026 09:05:02,gsoderquvist,6415,00:03:10,00:01:44,190,104,En Tiempo,1,13,0,00:01:59,119,Logico,"20-140         ",20-140 - MONOCOMANDO DE COCINA LINEA CUINA,0,0,08/08/2026 12:04:12
13439139,08/08/2026 09:03:18,08/08/2026 09:05:02,gsoderquvist,6415,00:03:10,00:01:44,190,104,En Tiempo,1,13,0,00:01:59,119,Logico,"84-203ST       ","DUCHA EXT C/COLUMNA CR ADRA                                           ",0,0,08/08/2026 12:04:12
13439139,08/08/2026 09:03:18,08/08/2026 09:05:02,gsoderquvist,6415,00:03:10,00:01:44,190,104,En Tiempo,1,13,0,00:01:59,119,Logico,"84-203         ","DUCHA EXT C/COLUMNA Y TRANSF CR ADRA                                  ",0,0,08/08/2026 12:04:12
13439139,08/08/2026 09:03:18,08/08/2026 09:05:02,gsoderquvist,6415,00:03:10,00:01:44,190,104,En Tiempo,2,13,0,00:01:59,119,Logico,"70-057         ",70-057 - BIDE C.STD VERIN PLUS,0,0,08/08/2026 12:04:12
13439139,08/08/2026 09:03:18,08/08/2026 09:05:02,gsoderquvist,6415,00:03:10,00:01:44,190,104,En Tiempo,1,13,0,00:01:59,119,Logico,"RA877          ",RA877 - 10 TORNILLOS P/VOLANTE GRIFERIA,0,0,08/08/2026 12:04:12
13439139,08/08/2026 09:03:18,08/08/2026 09:05:02,gsoderquvist,6415,00:03:10,00:01:44,190,104,En Tiempo,1,13,0,00:01:59,119,Logico,"RS094          ",RS094 - 30 GUSANILLO M4x0.7x4,0,0,08/08/2026 12:04:12
13439139,08/08/2026 09:03:18,08/08/2026 09:05:02,gsoderquvist,6415,00:03:10,00:01:44,190,104,En Tiempo,1,13,0,00:01:59,119,Logico,"60-057         ",60-057 - LAVATORIO C.STD VERIN PLUS,0,0,08/08/2026 12:04:12
13439139,08/08/2026 09:03:18,08/08/2026 09:05:02,gsoderquvist,6415,00:03:10,00:01:44,190,104,En Tiempo,1,13,0,00:01:59,119,Logico,"60-057         ",60-057 - LAVATORIO C.STD VERIN PLUS,0,0,08/08/2026 12:05:02
13439165,08/08/2026 09:05:42,08/08/2026 09:13:08,gsoderquvist,6415,00:05:22,00:07:26,322,446,Fuera de Tiempo,5,13,0,00:00:40,40,Logico,"3040           ",3040 - PORTA ROLLO LINEA 3000,0,0,08/08/2026 12:13:08
13439165,08/08/2026 09:05:42,08/08/2026 09:13:08,gsoderquvist,6415,00:05:22,00:07:26,322,446,Fuera de Tiempo,5,13,0,00:00:40,40,Logico,"20-184         ","MONOCOMANDO DE COCINA CR SUV                                          ",0,0,08/08/2026 12:13:08
13439165,08/08/2026 09:05:42,08/08/2026 09:13:08,gsoderquvist,6415,00:05:22,00:07:26,322,446,Fuera de Tiempo,2,13,0,00:00:40,40,Logico,"20-162N        ","MONOCOMANDO COCINA BLACK ADRA                                         ",0,0,08/08/2026 12:13:08
13439165,08/08/2026 09:05:42,08/08/2026 09:13:08,gsoderquvist,6415,00:05:22,00:07:26,322,446,Fuera de Tiempo,2,13,0,00:00:40,40,Logico,"20-160         ",20-160 - MONOCOMANDO MESADA COCINA DIQUE,0,0,08/08/2026 12:13:08
13439165,08/08/2026 09:05:42,08/08/2026 09:13:08,gsoderquvist,6415,00:05:22,00:07:26,322,446,Fuera de Tiempo,2,13,0,00:00:40,40,Logico,"20-131         ",20-131 - MONOCOMANDO COCINA MALLORCA,0,0,08/08/2026 12:13:08
13439165,08/08/2026 09:05:42,08/08/2026 09:13:08,gsoderquvist,6415,00:05:22,00:07:26,322,446,Fuera de Tiempo,10,13,0,00:00:40,40,Logico,"RA004          ",RA004 - CABEZAL P/TRANSF. BIDET Y DUCHA EMBUTIR,0,0,08/08/2026 12:13:08
13439165,08/08/2026 09:05:42,08/08/2026 09:13:08,gsoderquvist,6415,00:05:22,00:07:26,322,446,Fuera de Tiempo,10,13,0,00:00:40,40,Logico,"RA727C         ",RA727C - CONJUNTO BUJE Y AIREADOR CROMO,0,0,08/08/2026 12:13:08
13439165,08/08/2026 09:05:42,08/08/2026 09:13:08,gsoderquvist,6415,00:05:22,00:07:26,322,446,Fuera de Tiempo,5,13,0,00:00:40,40,Logico,"RA5041         ",RA5041 - VOLANTE RENACER COMPLETO,0,0,08/08/2026 12:13:08
13439165,08/08/2026 09:05:42,08/08/2026 09:13:08,gsoderquvist,6415,00:05:22,00:07:26,322,446,Fuera de Tiempo,5,13,0,00:00:40,40,Logico,"RA704C         ",RA704C - VOLANTE ARES / CELEBRITY CROMO,0,0,08/08/2026 12:13:08
13439165,08/08/2026 09:05:42,08/08/2026 09:13:08,gsoderquvist,6415,00:05:22,00:07:26,322,446,Fuera de Tiempo,2,13,0,00:00:40,40,Logico,"60-057         ",60-057 - LAVATORIO C.STD VERIN PLUS,0,0,08/08/2026 12:13:08
13439165,08/08/2026 09:05:42,08/08/2026 09:13:08,gsoderquvist,6415,00:05:22,00:07:26,322,446,Fuera de Tiempo,5,13,0,00:00:40,40,Logico,"51-058         ",51-058 - COCINA MESADA CR C.STD MALBA,0,0,08/08/2026 12:13:08
13439165,08/08/2026 09:05:42,08/08/2026 09:13:08,gsoderquvist,6415,00:05:22,00:07:26,322,446,Fuera de Tiempo,10,13,0,00:00:40,40,Logico,"RA714          ",RA714 - VOLANTE LAZA CROMO COMPLETO,0,0,08/08/2026 12:13:08
13439165,08/08/2026 09:05:42,08/08/2026 09:13:08,gsoderquvist,6415,00:05:22,00:07:26,322,446,Fuera de Tiempo,2,13,0,00:00:40,40,Logico,"RA1123         ",RA1123 - CAÑO GRIFO GRIS MONOC COLORS,0,0,08/08/2026 12:13:08
13439291,08/08/2026 09:15:31,08/08/2026 09:33:31,ascirica,6414,00:03:34,00:18:00,214,1080,Fuera de Tiempo,20,6,0,00:05:40,340,Excedido,"1320           ","QUEINOX MACHO MOVIL MH 1/2"" x 20                                      ",0,0,08/08/2026 12:33:31
13439291,08/08/2026 09:15:31,08/08/2026 09:33:31,ascirica,6414,00:03:34,00:18:00,214,1080,Fuera de Tiempo,20,6,0,00:05:40,340,Excedido,"1325           ","QUEINOX MACHO MOVIL MH 1/2"" x 25                                      ",0,0,08/08/2026 12:33:31
13439291,08/08/2026 09:15:31,08/08/2026 09:33:31,ascirica,6414,00:03:34,00:18:00,214,1080,Fuera de Tiempo,20,6,0,00:05:40,340,Excedido,"1330           ","QUEINOX MACHO MOVIL MH 1/2"" x 30                                      ",0,0,08/08/2026 12:33:31
13439291,08/08/2026 09:15:31,08/08/2026 09:33:31,ascirica,6414,00:03:34,00:18:00,214,1080,Fuera de Tiempo,20,6,0,00:05:40,340,Excedido,"1335           ","QUEINOX MACHO MOVIL MH 1/2"" x 35                                      ",0,0,08/08/2026 12:33:31
13439291,08/08/2026 09:15:31,08/08/2026 09:33:31,ascirica,6414,00:03:34,00:18:00,214,1080,Fuera de Tiempo,20,6,0,00:05:40,340,Excedido,"1350           ","QUEINOX MACHO MOVIL MH 1/2"" x 50                                      ",0,0,08/08/2026 12:33:31
13439291,08/08/2026 09:15:31,08/08/2026 09:33:31,ascirica,6414,00:03:34,00:18:00,214,1080,Fuera de Tiempo,20,6,0,00:05:40,340,Excedido,"1340           ","QUEINOX MACHO MOVIL MH 1/2"" x 40                                      ",0,0,08/08/2026 12:33:31
13439643,08/08/2026 09:41:34,08/08/2026 09:47:19,ascirica,6414,00:03:30,00:05:45,210,345,Fuera de Tiempo,3,13,0,00:08:03,483,Excedido,"80-034         ",80-034 - DUCHA EMB. C/TRANSF. CR BETIS,0,0,08/08/2026 12:47:19
13439643,08/08/2026 09:41:34,08/08/2026 09:47:19,ascirica,6414,00:03:30,00:05:45,210,345,Fuera de Tiempo,3,13,0,00:08:03,483,Excedido,"70-034         ",70-034 - BIDE CR BETIS,0,0,08/08/2026 12:47:19
13439643,08/08/2026 09:41:34,08/08/2026 09:47:19,ascirica,6414,00:03:30,00:05:45,210,345,Fuera de Tiempo,3,13,0,00:08:03,483,Excedido,"60-034         ",60-034 - LAVATORIO CR BETIS,0,0,08/08/2026 12:47:19
13439643,08/08/2026 09:41:34,08/08/2026 09:47:19,ascirica,6414,00:03:30,00:05:45,210,345,Fuera de Tiempo,3,13,0,00:08:03,483,Excedido,"BCH02          ",BCH02 - BACHA DE APOYAR CIRCULAR 1 AG. 415x145,0,0,08/08/2026 12:47:19
13439643,08/08/2026 09:41:34,08/08/2026 09:47:19,ascirica,6414,00:03:30,00:05:45,210,345,Fuera de Tiempo,3,13,0,00:08:03,483,Excedido,"BCH01          ",BCH01 - BACHA DE APOYAR CIRCULAR 320x145,0,0,08/08/2026 12:47:19
13439643,08/08/2026 09:41:34,08/08/2026 09:47:19,ascirica,6414,00:03:30,00:05:45,210,345,Fuera de Tiempo,1,13,0,00:08:03,483,Excedido,"60-176N        ","LAVATORIO MONOCOMANDO BAJO BLACK RIO                                  ",0,0,08/08/2026 12:47:19
13439643,08/08/2026 09:41:34,08/08/2026 09:47:19,ascirica,6414,00:03:30,00:05:45,210,345,Fuera de Tiempo,2,13,0,00:08:03,483,Excedido,"60-176         ","LAVATORIO MONOCOMANDO BAJO CR RIO                                     ",0,0,08/08/2026 12:47:19
13439643,08/08/2026 09:41:34,08/08/2026 09:47:19,ascirica,6414,00:03:30,00:05:45,210,345,Fuera de Tiempo,2,13,0,00:08:03,483,Excedido,"61-176         ",61-176 - LAVATORIO MONOC ALTO CR RIO,0,0,08/08/2026 12:47:19
13439643,08/08/2026 09:41:34,08/08/2026 09:47:19,ascirica,6414,00:03:30,00:05:45,210,345,Fuera de Tiempo,1,13,0,00:08:03,483,Excedido,"61-205         ",61-205 - LAVATORIO MONOC ALTO STEEL,0,0,08/08/2026 12:47:19
13439643,08/08/2026 09:41:34,08/08/2026 09:47:19,ascirica,6414,00:03:30,00:05:45,210,345,Fuera de Tiempo,3,13,0,00:08:03,483,Excedido,"70-130         ",70-130 - BIDE MONOCOMANDO C/ TRANSF BILBAO,0,0,08/08/2026 12:47:19
13439643,08/08/2026 09:41:34,08/08/2026 09:47:19,ascirica,6414,00:03:30,00:05:45,210,345,Fuera de Tiempo,3,13,0,00:08:03,483,Excedido,"80-130         ",80-130 - DUCHA EMB. C/TRANSF. MONOCOMANDO BILBAO,0,0,08/08/2026 12:47:19
13439643,08/08/2026 09:41:34,08/08/2026 09:47:19,ascirica,6414,00:03:30,00:05:45,210,345,Fuera de Tiempo,3,13,0,00:08:03,483,Excedido,"83-130         ",83-130 - DUCHA EXT. C/TRANSF. MONOCOMANDO BILBAO,0,0,08/08/2026 12:47:19
13439643,08/08/2026 09:41:34,08/08/2026 09:47:19,ascirica,6414,00:03:30,00:05:45,210,345,Fuera de Tiempo,3,13,0,00:08:03,483,Excedido,"60-130         ",60-130 - LAVATORIO MONOCOMANDO BAJO BILBAO,0,0,08/08/2026 12:47:19
13439652,08/08/2026 09:41:56,08/08/2026 10:24:41,gsoderquvist,6415,00:06:49,00:42:45,409,2565,Fuera de Tiempo,10,15,0,00:28:48,1728,Excedido,"INO102-1       ","INODORO BLANCO C/ASIENTO LINEA LOFT                                   ",0,0,08/08/2026 12:45:27
13439652,08/08/2026 09:41:56,08/08/2026 10:24:41,gsoderquvist,6415,00:06:49,00:42:45,409,2565,Fuera de Tiempo,6,15,0,00:28:48,1728,Excedido,"INO104N-2      ","DEPOSITO C/DESCARGA DUAL BLACK LINEA STONE                            ",0,0,08/08/2026 12:48:45
13439652,08/08/2026 09:41:56,08/08/2026 10:24:41,gsoderquvist,6415,00:06:49,00:42:45,409,2565,Fuera de Tiempo,5,15,0,00:28:48,1728,Excedido,"INO103-2       ","DEPOSITO C/DESCARGA DUAL BLANCO LINEA URBAN                           ",0,0,08/08/2026 12:48:45
13439652,08/08/2026 09:41:56,08/08/2026 10:24:41,gsoderquvist,6415,00:06:49,00:42:45,409,2565,Fuera de Tiempo,9,15,0,00:28:48,1728,Excedido,"INO104N-1      ","INODORO BLACK C/ASIENTO LINEA STONE                                   ",0,0,08/08/2026 12:48:45
13439652,08/08/2026 09:41:56,08/08/2026 10:24:41,gsoderquvist,6415,00:06:49,00:42:45,409,2565,Fuera de Tiempo,3,15,0,00:28:48,1728,Excedido,"INO104N-1      ","INODORO BLACK C/ASIENTO LINEA STONE                                   ",0,0,08/08/2026 12:49:49
13439652,08/08/2026 09:41:56,08/08/2026 10:24:41,gsoderquvist,6415,00:06:49,00:42:45,409,2565,Fuera de Tiempo,7,15,0,00:28:48,1728,Excedido,"INO104-1       ","INODORO BLANCO C/ASIENTO LINEA STONE                                  ",0,0,08/08/2026 12:49:49
13439652,08/08/2026 09:41:56,08/08/2026 10:24:41,gsoderquvist,6415,00:06:49,00:42:45,409,2565,Fuera de Tiempo,6,15,0,00:28:48,1728,Excedido,"INO103-1       ","INODORO BLANCO C/ASIENTO LINEA URBAN                                  ",0,0,08/08/2026 12:51:38
13439652,08/08/2026 09:41:56,08/08/2026 10:24:41,gsoderquvist,6415,00:06:49,00:42:45,409,2565,Fuera de Tiempo,1,15,0,00:28:48,1728,Excedido,"INO103-2       ","DEPOSITO C/DESCARGA DUAL BLANCO LINEA URBAN                           ",0,0,08/08/2026 12:51:38
13439652,08/08/2026 09:41:56,08/08/2026 10:24:41,gsoderquvist,6415,00:06:49,00:42:45,409,2565,Fuera de Tiempo,6,15,0,00:28:48,1728,Excedido,"BID104N-1      ","BIDE 1 AGUJERO BLACK LINEA STONE                                      ",0,0,08/08/2026 12:56:42
13439652,08/08/2026 09:41:56,08/08/2026 10:24:41,gsoderquvist,6415,00:06:49,00:42:45,409,2565,Fuera de Tiempo,5,15,0,00:28:48,1728,Excedido,"INO102-1       ","INODORO BLANCO C/ASIENTO LINEA LOFT                                   ",0,0,08/08/2026 12:56:42
13439652,08/08/2026 09:41:56,08/08/2026 10:24:41,gsoderquvist,6415,00:06:49,00:42:45,409,2565,Fuera de Tiempo,6,15,0,00:28:48,1728,Excedido,"BID103-3       ","BIDE 3 AGUJEROS BLANCO LINEA URBAN                                    ",0,0,08/08/2026 12:57:46
13439652,08/08/2026 09:41:56,08/08/2026 10:24:41,gsoderquvist,6415,00:06:49,00:42:45,409,2565,Fuera de Tiempo,6,15,0,00:28:48,1728,Excedido,"BID103-1       ","BIDE 1 AGUJERO BLANCO LINEA URBAN                                     ",0,0,08/08/2026 12:57:46
13439652,08/08/2026 09:41:56,08/08/2026 10:24:41,gsoderquvist,6415,00:06:49,00:42:45,409,2565,Fuera de Tiempo,15,15,0,00:28:48,1728,Excedido,"INO102-2       ","DEPOSITO C/DESCARGA DUAL BLANCO LINEA LOFT                            ",0,0,08/08/2026 12:58:20
13439652,08/08/2026 09:41:56,08/08/2026 10:24:41,gsoderquvist,6415,00:06:49,00:42:45,409,2565,Fuera de Tiempo,15,15,0,00:28:48,1728,Excedido,"INO104-2       ","DEPOSITO C/DESCARGA DUAL BLANCO LINEA STONE                           ",0,0,08/08/2026 12:58:20
13439652,08/08/2026 09:41:56,08/08/2026 10:24:41,gsoderquvist,6415,00:06:49,00:42:45,409,2565,Fuera de Tiempo,6,15,0,00:28:48,1728,Excedido,"BID104-3       ","BIDE 3 AGUJEROS BLANCO LINEA STONE                                    ",0,0,08/08/2026 13:00:03
13439652,08/08/2026 09:41:56,08/08/2026 10:24:41,gsoderquvist,6415,00:06:49,00:42:45,409,2565,Fuera de Tiempo,6,15,0,00:28:48,1728,Excedido,"BID104-1       ","BIDE 1 AGUJERO BLANCO LINEA STONE                                     ",0,0,08/08/2026 13:00:03
13439652,08/08/2026 09:41:56,08/08/2026 10:24:41,gsoderquvist,6415,00:06:49,00:42:45,409,2565,Fuera de Tiempo,6,15,0,00:28:48,1728,Excedido,"BID102-1       ","BIDE 1 AGUJERO BLANCO LINEA LOFT                                      ",0,0,08/08/2026 13:02:19
13439652,08/08/2026 09:41:56,08/08/2026 10:24:41,gsoderquvist,6415,00:06:49,00:42:45,409,2565,Fuera de Tiempo,6,15,0,00:28:48,1728,Excedido,"BID102-3       ","BIDE 3 AGUJEROS BLANCO LINEA LOFT                                     ",0,0,08/08/2026 13:02:19
13439652,08/08/2026 09:41:56,08/08/2026 10:24:41,gsoderquvist,6415,00:06:49,00:42:45,409,2565,Fuera de Tiempo,8,15,0,00:28:48,1728,Excedido,"INO104-1       ","INODORO BLANCO C/ASIENTO LINEA STONE                                  ",0,0,08/08/2026 13:24:41
13439790,08/08/2026 09:50:16,08/08/2026 09:51:51,ascirica,6414,00:01:04,00:01:35,64,95,Fuera de Tiempo,45,1,0,00:02:57,177,Logico,"80-203N        ","DUCHA EMB C/TRANSF. MONOCOMANDO ADRA BLACK PLUS                       ",0,0,08/08/2026 12:51:51
13439960,08/08/2026 10:03:10,08/08/2026 10:20:31,ascirica,6414,00:02:33,00:17:21,153,1041,Fuera de Tiempo,15,7,0,00:11:19,679,Excedido,"8060           ",8060 - PORTA CEPILLO LINEA 8000,0,0,08/08/2026 13:20:31
13439960,08/08/2026 10:03:10,08/08/2026 10:20:31,ascirica,6414,00:02:33,00:17:21,153,1041,Fuera de Tiempo,15,7,0,00:11:19,679,Excedido,"3060           ",3060 - PORTA CEPILLO LINEA 3000,0,0,08/08/2026 13:20:31
13439960,08/08/2026 10:03:10,08/08/2026 10:20:31,ascirica,6414,00:02:33,00:17:21,153,1041,Fuera de Tiempo,3,7,0,00:11:19,679,Excedido,"70-203         ",70-203 - BIDE MONOCOMANDO ADRA,0,0,08/08/2026 13:20:31
13439960,08/08/2026 10:03:10,08/08/2026 10:20:31,ascirica,6414,00:02:33,00:17:21,153,1041,Fuera de Tiempo,3,7,0,00:11:19,679,Excedido,"BCH07          ",BCH07 - BACHA DE APOYAR OVALADA 400x330x150,0,0,08/08/2026 13:20:31
13439960,08/08/2026 10:03:10,08/08/2026 10:20:31,ascirica,6414,00:02:33,00:17:21,153,1041,Fuera de Tiempo,1,7,0,00:11:19,679,Excedido,"BCH04/1        ",BCH04/1 - BACHA DE APOYAR CUADRADA 1 AG 420x420x125,0,0,08/08/2026 13:20:31
13439960,08/08/2026 10:03:10,08/08/2026 10:20:31,ascirica,6414,00:02:33,00:17:21,153,1041,Fuera de Tiempo,2,7,0,00:11:19,679,Excedido,"BCH02          ",BCH02 - BACHA DE APOYAR CIRCULAR 1 AG. 415x145,0,0,08/08/2026 13:20:31
13439960,08/08/2026 10:03:10,08/08/2026 10:20:31,ascirica,6414,00:02:33,00:17:21,153,1041,Fuera de Tiempo,3,7,0,00:11:19,679,Excedido,"70-045         ",70-045 - BIDE CROMO C.STD CRUZ,0,0,08/08/2026 13:20:31
13440204,08/08/2026 10:21:52,08/08/2026 10:27:46,ascirica,6414,00:02:00,00:05:54,120,354,Fuera de Tiempo,8,5,0,00:01:21,81,Logico,"60-176N        ","LAVATORIO MONOCOMANDO BAJO BLACK RIO                                  ",0,0,08/08/2026 13:27:46
13440204,08/08/2026 10:21:52,08/08/2026 10:27:46,ascirica,6414,00:02:00,00:05:54,120,354,Fuera de Tiempo,3,5,0,00:01:21,81,Logico,"61-176N        ",61-176N - LAVATORIO MONOC ALTO BLACK RIO,0,0,08/08/2026 13:27:46
13440204,08/08/2026 10:21:52,08/08/2026 10:27:46,ascirica,6414,00:02:00,00:05:54,120,354,Fuera de Tiempo,3,5,0,00:01:21,81,Logico,"80-176N        ",80-176N - DUCHA EMB C/TRANSF MONOC BLACK RIO,0,0,08/08/2026 13:27:46
13440204,08/08/2026 10:21:52,08/08/2026 10:27:46,ascirica,6414,00:02:00,00:05:54,120,354,Fuera de Tiempo,11,5,0,00:01:21,81,Logico,"70-176N        ",70-176N - BIDE MONOC C/TRANSF BLACK RIO,0,0,08/08/2026 13:27:46
13440204,08/08/2026 10:21:52,08/08/2026 10:27:46,ascirica,6414,00:02:00,00:05:54,120,354,Fuera de Tiempo,8,5,0,00:01:21,81,Logico,"83-176N        ",83-176N - DUCHA EXT. C/TRANSF. MONOC BLACK RIO,0,0,08/08/2026 13:27:46
13440457,08/08/2026 10:41:57,08/08/2026 10:47:49,ascirica,6414,00:03:09,00:05:52,189,352,Fuera de Tiempo,10,10,0,00:14:11,851,Excedido,"80-059         ",80-059 - DUCHA EMB. C/TRANSF.BL/CR C.STD MALBA,0,0,08/08/2026 13:47:49
13440457,08/08/2026 10:41:57,08/08/2026 10:47:49,ascirica,6414,00:03:09,00:05:52,189,352,Fuera de Tiempo,10,10,0,00:14:11,851,Excedido,"423            ","423 - DUCHA EMB. C/TRANSF.CR ""DIQUE""",0,0,08/08/2026 13:47:49
13440457,08/08/2026 10:41:57,08/08/2026 10:47:49,ascirica,6414,00:03:09,00:05:52,189,352,Fuera de Tiempo,10,10,0,00:14:11,851,Excedido,"910/M          ","910/M - JGO.MDA.P.CANO CROMO ""DIQUE""",0,0,08/08/2026 13:47:49
13440457,08/08/2026 10:41:57,08/08/2026 10:47:49,ascirica,6414,00:03:09,00:05:52,189,352,Fuera de Tiempo,1,10,0,00:14:11,851,Excedido,"62-100N        ",62-100N - LAVATORIO DE PARED BLACK C.CERAM FABRIC,0,0,08/08/2026 13:47:49
13440457,08/08/2026 10:41:57,08/08/2026 10:47:49,ascirica,6414,00:03:09,00:05:52,189,352,Fuera de Tiempo,2,10,0,00:14:11,851,Excedido,"80-200N        ",80-200N - DUCHA EMB. MONOC. 3 FUNCIONES BLACK FABRIC,0,0,08/08/2026 13:47:49
13440457,08/08/2026 10:41:57,08/08/2026 10:47:49,ascirica,6414,00:03:09,00:05:52,189,352,Fuera de Tiempo,1,10,0,00:14:11,851,Excedido,"60-200N        ",60-200N - LAVATORIO MONOC BAJO BLACK FABRIC,0,0,08/08/2026 13:47:49
13440457,08/08/2026 10:41:57,08/08/2026 10:47:49,ascirica,6414,00:03:09,00:05:52,189,352,Fuera de Tiempo,2,10,0,00:14:11,851,Excedido,"70-200N        ",70-200N - BIDE MONOCOMANDO BLACK FABRIC,0,0,08/08/2026 13:47:49
13440457,08/08/2026 10:41:57,08/08/2026 10:47:49,ascirica,6414,00:03:09,00:05:52,189,352,Fuera de Tiempo,1,10,0,00:14:11,851,Excedido,"RA877          ",RA877 - 10 TORNILLOS P/VOLANTE GRIFERIA,0,0,08/08/2026 13:47:49
13440457,08/08/2026 10:41:57,08/08/2026 10:47:49,ascirica,6414,00:03:09,00:05:52,189,352,Fuera de Tiempo,1,10,0,00:14:11,851,Excedido,"RA1268N        ",RA1268N - CAMPANA LAVATORIO / DUCHA FABRIC BLACK,0,0,08/08/2026 13:47:49
13440457,08/08/2026 10:41:57,08/08/2026 10:47:49,ascirica,6414,00:03:09,00:05:52,189,352,Fuera de Tiempo,1,10,0,00:14:11,851,Excedido,"RU1044         ",RU1044 - INSERTO HEXAGONAL LATON LINEA PRADO-FABRIC,0,0,08/08/2026 13:47:49
13440583,08/08/2026 10:51:45,08/08/2026 11:05:09,gsoderquvist,6415,00:07:40,00:13:24,460,804,Fuera de Tiempo,2,37,0,00:27:04,1624,Excedido,"RA1205         ",RA1205 - 10 BUJES INTERIOR NYLON,0,0,08/08/2026 14:05:09
13440583,08/08/2026 10:51:45,08/08/2026 11:05:09,gsoderquvist,6415,00:07:40,00:13:24,460,804,Fuera de Tiempo,1,37,0,00:27:04,1624,Excedido,"RA801          ",RA801 - BOLSITA CON 10 TUERCAS DE 1/2 EN BRONCE P/RAMAL,0,0,08/08/2026 14:05:09
13440583,08/08/2026 10:51:45,08/08/2026 11:05:09,gsoderquvist,6415,00:07:40,00:13:24,460,804,Fuera de Tiempo,1,37,0,00:27:04,1624,Excedido,"RA767          ",RA767 - BOLSITA P/CONEXION BIDE BRONCE,0,0,08/08/2026 14:05:09
13440583,08/08/2026 10:51:45,08/08/2026 11:05:09,gsoderquvist,6415,00:07:40,00:13:24,460,804,Fuera de Tiempo,1,37,0,00:27:04,1624,Excedido,"RA766          ",RA766 - BOLSITA P/CONEXION LAVATORIO BRONCE,0,0,08/08/2026 14:05:09
13440583,08/08/2026 10:51:45,08/08/2026 11:05:09,gsoderquvist,6415,00:07:40,00:13:24,460,804,Fuera de Tiempo,2,37,0,00:27:04,1624,Excedido,"RA869          ",RA869 - 10 GOMAS CONICA P/ RAMAL DE LAVATORIO Y BIDET,0,0,08/08/2026 14:05:09
13440583,08/08/2026 10:51:45,08/08/2026 11:05:09,gsoderquvist,6415,00:07:40,00:13:24,460,804,Fuera de Tiempo,1,37,0,00:27:04,1624,Excedido,"RS140          ",RS140 - 10 LLAVE ALLEN 2 MM,0,0,08/08/2026 14:05:09
13440583,08/08/2026 10:51:45,08/08/2026 11:05:09,gsoderquvist,6415,00:07:40,00:13:24,460,804,Fuera de Tiempo,1,37,0,00:27:04,1624,Excedido,"RA757          ",RA757 - LLAVE TUBO 26 MM Y 32 MM,0,0,08/08/2026 14:05:09
13440583,08/08/2026 10:51:45,08/08/2026 11:05:09,gsoderquvist,6415,00:07:40,00:13:24,460,804,Fuera de Tiempo,2,37,0,00:27:04,1624,Excedido,"RA1109         ",RA1109 - (10) JUNTA P/MONOCOMANDO DIQUE,0,0,08/08/2026 14:05:09
13440583,08/08/2026 10:51:45,08/08/2026 11:05:09,gsoderquvist,6415,00:07:40,00:13:24,460,804,Fuera de Tiempo,2,37,0,00:27:04,1624,Excedido,"RA1076         ","10 ORING P/MONOC COCINA RENACER                                       ",0,0,08/08/2026 14:05:09
13440583,08/08/2026 10:51:45,08/08/2026 11:05:09,gsoderquvist,6415,00:07:40,00:13:24,460,804,Fuera de Tiempo,1,37,0,00:27:04,1624,Excedido,"RA877          ",RA877 - 10 TORNILLOS P/VOLANTE GRIFERIA,0,0,08/08/2026 14:05:09
13440583,08/08/2026 10:51:45,08/08/2026 11:05:09,gsoderquvist,6415,00:07:40,00:13:24,460,804,Fuera de Tiempo,1,37,0,00:27:04,1624,Excedido,"RA980          ",RA980 - 10 CONJ. PROLONGADOR LARGO (TORNILLO+TUBO) VOLANTE,0,0,08/08/2026 14:05:09
13440583,08/08/2026 10:51:45,08/08/2026 11:05:09,gsoderquvist,6415,00:07:40,00:13:24,460,804,Fuera de Tiempo,1,37,0,00:27:04,1624,Excedido,"RA1191         ",RA1191 - 10 CONJ. PROLONGADOR CORTO (TORNILLO+TUBO) VOLANTE,0,0,08/08/2026 14:05:09
13440583,08/08/2026 10:51:45,08/08/2026 11:05:09,gsoderquvist,6415,00:07:40,00:13:24,460,804,Fuera de Tiempo,4,37,0,00:27:04,1624,Excedido,"RA1189         ",RA1189 - SET PROLONGADOR P/VASTAGO Y CAMPANA (x3),0,0,08/08/2026 14:05:09
13440583,08/08/2026 10:51:45,08/08/2026 11:05:09,gsoderquvist,6415,00:07:40,00:13:24,460,804,Fuera de Tiempo,1,37,0,00:27:04,1624,Excedido,"RS094          ",RS094 - 30 GUSANILLO M4x0.7x4,0,0,08/08/2026 14:05:09
13440583,08/08/2026 10:51:45,08/08/2026 11:05:09,gsoderquvist,6415,00:07:40,00:13:24,460,804,Fuera de Tiempo,1,37,0,00:27:04,1624,Excedido,"RA871          ",RA871 - 10 TAPAS CHICAS CR P/VOLANTE,0,0,08/08/2026 14:05:09
13440583,08/08/2026 10:51:45,08/08/2026 11:05:09,gsoderquvist,6415,00:07:40,00:13:24,460,804,Fuera de Tiempo,1,37,0,00:27:04,1624,Excedido,"RA872          ",RA872 - 10 TAPAS VOLANTE LORCA-DIQUE-VERIN,0,0,08/08/2026 14:05:09
13440583,08/08/2026 10:51:45,08/08/2026 11:05:09,gsoderquvist,6415,00:07:40,00:13:24,460,804,Fuera de Tiempo,1,37,0,00:27:04,1624,Excedido,"RA873          ",RA873 - 10 TAPAS CR P/VOLANTE ARUBA-KEOPS 4-MURCIA,0,0,08/08/2026 14:05:09
13440583,08/08/2026 10:51:45,08/08/2026 11:05:09,gsoderquvist,6415,00:07:40,00:13:24,460,804,Fuera de Tiempo,1,37,0,00:27:04,1624,Excedido,"RA809          ",RA809 - BOLSITA CON 10 TUERCAS DE 1/2 EN POLIAMIDA P/RAMAL,0,0,08/08/2026 14:05:09
13440583,08/08/2026 10:51:45,08/08/2026 11:05:09,gsoderquvist,6415,00:07:40,00:13:24,460,804,Fuera de Tiempo,2,37,0,00:27:04,1624,Excedido,"RA874          ",RA874 - 10 BUJES SUJETA CAMPANA DE BAÑO NEGRO,0,0,08/08/2026 14:05:09
13440583,08/08/2026 10:51:45,08/08/2026 11:05:09,gsoderquvist,6415,00:07:40,00:13:24,460,804,Fuera de Tiempo,1,37,0,00:27:04,1624,Excedido,"RA799          ",RA799 - BOLSITA CON 10 TUERCAS DE 1/2 EN POLIAMIDA P/MDA,0,0,08/08/2026 14:05:09
13440583,08/08/2026 10:51:45,08/08/2026 11:05:09,gsoderquvist,6415,00:07:40,00:13:24,460,804,Fuera de Tiempo,1,37,0,00:27:04,1624,Excedido,"RA803          ",RA803 - BOLSITA CON 10 TUERCAS DE 3/4 EN POLIAMIDA LAV/B,0,0,08/08/2026 14:05:09
13440583,08/08/2026 10:51:45,08/08/2026 11:05:09,gsoderquvist,6415,00:07:40,00:13:24,460,804,Fuera de Tiempo,1,37,0,00:27:04,1624,Excedido,"RA875          ",RA875 - 10 TUBOS CONEXION P/ BIDET,0,0,08/08/2026 14:05:09
13440583,08/08/2026 10:51:45,08/08/2026 11:05:09,gsoderquvist,6415,00:07:40,00:13:24,460,804,Fuera de Tiempo,2,37,0,00:27:04,1624,Excedido,"RA876          ",RA876 - 10 BUJES ESTRIADO P/VOLANTE,0,0,08/08/2026 14:05:09
13440583,08/08/2026 10:51:45,08/08/2026 11:05:09,gsoderquvist,6415,00:07:40,00:13:24,460,804,Fuera de Tiempo,2,37,0,00:27:04,1624,Excedido,"RA765          ",RA765 - BOLSITA P/CONEXION LAVATORIO LINEAS STD COMPLETO,0,0,08/08/2026 14:05:09
13440583,08/08/2026 10:51:45,08/08/2026 11:05:09,gsoderquvist,6415,00:07:40,00:13:24,460,804,Fuera de Tiempo,2,37,0,00:27:04,1624,Excedido,"RA764          ",RA764 - BOLSITA P/CONEXION BIDET LINEAS STD COMPLETO,0,0,08/08/2026 14:05:09
13440583,08/08/2026 10:51:45,08/08/2026 11:05:09,gsoderquvist,6415,00:07:40,00:13:24,460,804,Fuera de Tiempo,2,37,0,00:27:04,1624,Excedido,"RA1110         ",RA1110 - AIREADOR P/MONOCOMANDO BETIS M16.5 x 1,0,0,08/08/2026 14:05:09
13440583,08/08/2026 10:51:45,08/08/2026 11:05:09,gsoderquvist,6415,00:07:40,00:13:24,460,804,Fuera de Tiempo,2,37,0,00:27:04,1624,Excedido,"RA727C         ",RA727C - CONJUNTO BUJE Y AIREADOR CROMO,0,0,08/08/2026 14:05:09
13440583,08/08/2026 10:51:45,08/08/2026 11:05:09,gsoderquvist,6415,00:07:40,00:13:24,460,804,Fuera de Tiempo,3,37,0,00:27:04,1624,Excedido,"RA015R         ",RA015R - CORTACHORRO PLASTICO P/GRIFERIA,0,0,08/08/2026 14:05:09
13440583,08/08/2026 10:51:45,08/08/2026 11:05:09,gsoderquvist,6415,00:07:40,00:13:24,460,804,Fuera de Tiempo,1,37,0,00:27:04,1624,Excedido,"RA1054         ",RA1054 - CARTUCHO CERAMIMO Ø35 GRAN CAUDAL CORTO,0,0,08/08/2026 14:05:09
13440583,08/08/2026 10:51:45,08/08/2026 11:05:09,gsoderquvist,6415,00:07:40,00:13:24,460,804,Fuera de Tiempo,1,37,0,00:27:04,1624,Excedido,"RA1016         ",RA1016 - CARTUCHO Ø35 MONOC BAÑO LUGO/COCINA,0,0,08/08/2026 14:05:09
13440583,08/08/2026 10:51:45,08/08/2026 11:05:09,gsoderquvist,6415,00:07:40,00:13:24,460,804,Fuera de Tiempo,4,37,0,00:27:04,1624,Excedido,"RA004          ",RA004 - CABEZAL P/TRANSF. BIDET Y DUCHA EMBUTIR,0,0,08/08/2026 14:05:09
13440583,08/08/2026 10:51:45,08/08/2026 11:05:09,gsoderquvist,6415,00:07:40,00:13:24,460,804,Fuera de Tiempo,2,37,0,00:27:04,1624,Excedido,"RA006          ",RA006 - CARTUCHO CERAMICO P/MONOCOMANDO Ø 40,0,0,08/08/2026 14:05:09
13440583,08/08/2026 10:51:45,08/08/2026 11:05:09,gsoderquvist,6415,00:07:40,00:13:24,460,804,Fuera de Tiempo,1,37,0,00:27:04,1624,Excedido,"RA007          ",RA007 - CARTUCHO CERAMICO LARGO,0,0,08/08/2026 14:05:09
13440583,08/08/2026 10:51:45,08/08/2026 11:05:09,gsoderquvist,6415,00:07:40,00:13:24,460,804,Fuera de Tiempo,6,37,0,00:27:04,1624,Excedido,"RA002          ",RA002 - CABEZAL DERECHO CIERRE CERAMICO (FRIA),0,0,08/08/2026 14:05:09
13440583,08/08/2026 10:51:45,08/08/2026 11:05:09,gsoderquvist,6415,00:07:40,00:13:24,460,804,Fuera de Tiempo,4,37,0,00:27:04,1624,Excedido,"RA003          ",RA003 - CABEZAL IZQUIERDO CIERRE CERAMICO (CALIENTE),0,0,08/08/2026 14:05:09
13440583,08/08/2026 10:51:45,08/08/2026 11:05:09,gsoderquvist,6415,00:07:40,00:13:24,460,804,Fuera de Tiempo,8,37,0,00:27:04,1624,Excedido,"RA001          ",RA001 - CABEZAL STD NO ASCENDENTE,0,0,08/08/2026 14:05:09
13440583,08/08/2026 10:51:45,08/08/2026 11:05:09,gsoderquvist,6415,00:07:40,00:13:24,460,804,Fuera de Tiempo,1,37,0,00:27:04,1624,Excedido,"A1573          ","EXHIBIDOR DE REPUESTOS 20 POSICIONES                                  ",0,0,08/08/2026 14:05:09
13440796,08/08/2026 11:07:56,08/08/2026 11:08:43,ascirica,6414,00:02:14,00:00:47,134,47,En Tiempo,3,9,0,00:20:07,1207,Excedido,"80-057         ",80-057 - DUCHA EMB. C/TRANSF. C.STD VERIN PLUS,0,0,08/08/2026 14:08:43
13440796,08/08/2026 11:07:56,08/08/2026 11:08:43,ascirica,6414,00:02:14,00:00:47,134,47,En Tiempo,3,9,0,00:20:07,1207,Excedido,"214/CR         ",214/CR - LAVATORIO CR/CR ARES,0,0,08/08/2026 14:08:43
13440796,08/08/2026 11:07:56,08/08/2026 11:08:43,ascirica,6414,00:02:14,00:00:47,134,47,En Tiempo,3,9,0,00:20:07,1207,Excedido,"20-102         ","20-102 - MONOCOMANDO MESADA CROMO ""RENACER""",0,0,08/08/2026 14:08:43
13440796,08/08/2026 11:07:56,08/08/2026 11:08:43,ascirica,6414,00:02:14,00:00:47,134,47,En Tiempo,2,9,0,00:20:07,1207,Excedido,"20-134         ",20-134 - MONOCOMANDO COCINA BETIS,0,0,08/08/2026 14:08:43
13440796,08/08/2026 11:07:56,08/08/2026 11:08:43,ascirica,6414,00:02:14,00:00:47,134,47,En Tiempo,2,9,0,00:20:07,1207,Excedido,"60-133         ",60-133 - LAVATORIO MONOCOMANDO LUGO,0,0,08/08/2026 14:08:43
13440796,08/08/2026 11:07:56,08/08/2026 11:08:43,ascirica,6414,00:02:14,00:00:47,134,47,En Tiempo,2,9,0,00:20:07,1207,Excedido,"83-133         ",83-133 - DUCHA EXT. C/TRANSF. MONOCOMANDO LUGO,0,0,08/08/2026 14:08:43
13440796,08/08/2026 11:07:56,08/08/2026 11:08:43,ascirica,6414,00:02:14,00:00:47,134,47,En Tiempo,2,9,0,00:20:07,1207,Excedido,"70-133         ",70-133 - BIDE MONOCOMANDO LUGO,0,0,08/08/2026 14:08:43
13440796,08/08/2026 11:07:56,08/08/2026 11:08:43,ascirica,6414,00:02:14,00:00:47,134,47,En Tiempo,2,9,0,00:20:07,1207,Excedido,"54-130         ",54-130 - MONOCOMANDO COCINA PARED EXT BILBAO,0,0,08/08/2026 14:08:43
13440796,08/08/2026 11:07:56,08/08/2026 11:08:43,ascirica,6414,00:02:14,00:00:47,134,47,En Tiempo,1,9,0,00:20:07,1207,Excedido,"20-140         ",20-140 - MONOCOMANDO DE COCINA LINEA CUINA,0,0,08/08/2026 14:08:43
13440845,08/08/2026 11:12:30,08/08/2026 11:15:04,ascirica,6414,00:04:56,00:02:34,296,154,En Tiempo,5,15,0,00:03:47,227,Logico,"51-058         ",51-058 - COCINA MESADA CR C.STD MALBA,0,0,08/08/2026 14:15:04
13440845,08/08/2026 11:12:30,08/08/2026 11:15:04,ascirica,6414,00:04:56,00:02:34,296,154,En Tiempo,6,15,0,00:03:47,227,Logico,"80-058         ",80-058 - DUCHA EMB. C/TRANSF. CR C.STD MALBA,0,0,08/08/2026 14:15:04
13440845,08/08/2026 11:12:30,08/08/2026 11:15:04,ascirica,6414,00:04:56,00:02:34,296,154,En Tiempo,4,15,0,00:03:47,227,Logico,"70-058         ",70-058 - BIDE CR C.STD MALBA,0,0,08/08/2026 14:15:04
13440845,08/08/2026 11:12:30,08/08/2026 11:15:04,ascirica,6414,00:04:56,00:02:34,296,154,En Tiempo,3,15,0,00:03:47,227,Logico,"60-058         ",60-058 - LAVATORIO CR C.STD MALBA,0,0,08/08/2026 14:15:04
13440845,08/08/2026 11:12:30,08/08/2026 11:15:04,ascirica,6414,00:04:56,00:02:34,296,154,En Tiempo,4,15,0,00:03:47,227,Logico,"203            ","203 - LAVATORIO CROMO ""DIQUE""",0,0,08/08/2026 14:15:04
13440845,08/08/2026 11:12:30,08/08/2026 11:15:04,ascirica,6414,00:04:56,00:02:34,296,154,En Tiempo,4,15,0,00:03:47,227,Logico,"423            ","423 - DUCHA EMB. C/TRANSF.CR ""DIQUE""",0,0,08/08/2026 14:15:04
13440845,08/08/2026 11:12:30,08/08/2026 11:15:04,ascirica,6414,00:04:56,00:02:34,296,154,En Tiempo,2,15,0,00:03:47,227,Logico,"90-166N        ",90-166N - PACK GRIF. ADRA BLACK PLUS  (Lav-Bide-Ducha c/t Plus),0,0,08/08/2026 14:15:04
13440845,08/08/2026 11:12:30,08/08/2026 11:15:04,ascirica,6414,00:04:56,00:02:34,296,154,En Tiempo,2,15,0,00:03:47,227,Logico,"80-001N        ","80-001N - DUCHA EMB. C/TRANSF. ""CROMO Y""",0,0,08/08/2026 14:15:04
13440845,08/08/2026 11:12:30,08/08/2026 11:15:04,ascirica,6414,00:04:56,00:02:34,296,154,En Tiempo,5,15,0,00:03:47,227,Logico,"933            ",933 - JGO PARED C/EXT CR DIQUE,0,0,08/08/2026 14:15:04
13440845,08/08/2026 11:12:30,08/08/2026 11:15:04,ascirica,6414,00:04:56,00:02:34,296,154,En Tiempo,2,15,0,00:03:47,227,Logico,"12006N         ","SET DE 6 PIEZAS LINEA 12000 BLACK                                     ",0,0,08/08/2026 14:15:04
13440845,08/08/2026 11:12:30,08/08/2026 11:15:04,ascirica,6414,00:04:56,00:02:34,296,154,En Tiempo,1,15,0,00:03:47,227,Logico,"63-176N        ","LAVATORIO PARED EMB MONOC BLACK RIO                                   ",0,0,08/08/2026 14:15:04
13440845,08/08/2026 11:12:30,08/08/2026 11:15:04,ascirica,6414,00:04:56,00:02:34,296,154,En Tiempo,2,15,0,00:03:47,227,Logico,"20-146N        ",20-146N - MONOCOMANDO DE COCINA BLACK LINEA MOVE,0,0,08/08/2026 14:15:04
13440845,08/08/2026 11:12:30,08/08/2026 11:15:04,ascirica,6414,00:04:56,00:02:34,296,154,En Tiempo,1,15,0,00:03:47,227,Logico,"60-176N        ","LAVATORIO MONOCOMANDO BAJO BLACK RIO                                  ",0,0,08/08/2026 14:15:04
13440845,08/08/2026 11:12:30,08/08/2026 11:15:04,ascirica,6414,00:04:56,00:02:34,296,154,En Tiempo,1,15,0,00:03:47,227,Logico,"80-176N        ",80-176N - DUCHA EMB C/TRANSF MONOC BLACK RIO,0,0,08/08/2026 14:15:04
13440845,08/08/2026 11:12:30,08/08/2026 11:15:04,ascirica,6414,00:04:56,00:02:34,296,154,En Tiempo,2,15,0,00:03:47,227,Logico,"601            ",601 - CANILLA COCINA MESADA CROMO DIQUE,0,0,08/08/2026 14:15:04
13440858,08/08/2026 11:13:56,08/08/2026 11:14:01,gsoderquvist,6415,00:00:39,00:00:05,39,5,En Tiempo,1,1,0,00:08:47,527,Excedido,"INO104-1       ","INODORO BLANCO C/ASIENTO LINEA STONE                                  ",0,0,08/08/2026 14:14:01
13440887,08/08/2026 11:16:32,08/08/2026 11:22:54,ascirica,6414,00:01:41,00:06:22,101,382,Fuera de Tiempo,6,5,0,00:01:28,88,Logico,"60-001N        ","60-001N - LAVATORIO ""CROMO Y""",0,0,08/08/2026 14:22:54
13440887,08/08/2026 11:16:32,08/08/2026 11:22:54,ascirica,6414,00:01:41,00:06:22,101,382,Fuera de Tiempo,1,5,0,00:01:28,88,Logico,"85-168         ",85-168 - DUCHA MONOC C/TRANSF Y DUCHADOR CR WAVE,0,0,08/08/2026 14:22:54
13440887,08/08/2026 11:16:32,08/08/2026 11:22:54,ascirica,6414,00:01:41,00:06:22,101,382,Fuera de Tiempo,4,5,0,00:01:28,88,Logico,"20-122N        ",20-122N - MONOCOMANDO COCINA C/PICO EXTRAIBLE VALENCIA BLACK,0,0,08/08/2026 14:22:54
13440887,08/08/2026 11:16:32,08/08/2026 11:22:54,ascirica,6414,00:01:41,00:06:22,101,382,Fuera de Tiempo,8,5,0,00:01:28,88,Logico,"20-150         ",20-150 - MONOCOMANDO MESADA COCINA TOLEDO,0,0,08/08/2026 14:22:54
13440887,08/08/2026 11:16:32,08/08/2026 11:22:54,ascirica,6414,00:01:41,00:06:22,101,382,Fuera de Tiempo,2,5,0,00:01:28,88,Logico,"60-168         ",60-168 - LAVATORIO MONOC BAJO CR WAVE,0,0,08/08/2026 14:22:54
13440896,08/08/2026 11:17:07,08/08/2026 11:18:38,gsoderquvist,6415,00:02:11,00:01:31,131,91,En Tiempo,2,8,0,00:03:06,186,Logico,"20-147         ",20-147 - MONOCOMANDO DE COCINA SWIFT,0,0,08/08/2026 14:18:38
13440896,08/08/2026 11:17:07,08/08/2026 11:18:38,gsoderquvist,6415,00:02:11,00:01:31,131,91,En Tiempo,2,8,0,00:03:06,186,Logico,"20-121         ",20-121 - COCINA MSDA MONOC.P. REDONDO MARBELLA,0,0,08/08/2026 14:18:38
13440896,08/08/2026 11:17:07,08/08/2026 11:18:38,gsoderquvist,6415,00:02:11,00:01:31,131,91,En Tiempo,5,8,0,00:03:06,186,Logico,"01-010         ","VALVULA P/MINGITORIO TEMPORIZADA TECNO                                ",0,0,08/08/2026 14:18:38
13440896,08/08/2026 11:17:07,08/08/2026 11:18:38,gsoderquvist,6415,00:02:11,00:01:31,131,91,En Tiempo,2,8,0,00:03:06,186,Logico,"61-205         ",61-205 - LAVATORIO MONOC ALTO STEEL,0,0,08/08/2026 14:18:38
13440896,08/08/2026 11:17:07,08/08/2026 11:18:38,gsoderquvist,6415,00:02:11,00:01:31,131,91,En Tiempo,1,8,0,00:03:06,186,Logico,"20-172         ",20-172 - COCINA MESADA MONOC. COLORS NEGRO,0,0,08/08/2026 14:18:38
13440896,08/08/2026 11:17:07,08/08/2026 11:18:38,gsoderquvist,6415,00:02:11,00:01:31,131,91,En Tiempo,3,8,0,00:03:06,186,Logico,"A996           ",A996 - DUCHA 8' CUADRADA CR C/BRAZO Y CAMPANA,0,0,08/08/2026 14:18:38
13440896,08/08/2026 11:17:07,08/08/2026 11:18:38,gsoderquvist,6415,00:02:11,00:01:31,131,91,En Tiempo,2,8,0,00:03:06,186,Logico,"A816           ","A816 - DUCHA 6"" C/BRAZO Y CAMPANA CR",0,0,08/08/2026 14:18:38
13440896,08/08/2026 11:17:07,08/08/2026 11:18:38,gsoderquvist,6415,00:02:11,00:01:31,131,91,En Tiempo,3,8,0,00:03:06,186,Logico,"A815           ","A815 - DUCHA 8"" C/BRAZO Y CAMPANA CR",0,0,08/08/2026 14:18:38
13440965,08/08/2026 11:22:26,08/08/2026 11:22:33,gsoderquvist,6415,00:00:39,00:00:07,39,7,En Tiempo,1,1,0,00:03:48,228,Logico,"70-205         ",70-205 - BIDE MONOCOMANDO STEEL,0,0,08/08/2026 14:22:33
13440967,08/08/2026 11:22:36,08/08/2026 11:22:44,gsoderquvist,6415,00:00:41,00:00:08,41,8,En Tiempo,3,1,0,00:00:03,3,Logico,"RINO102-5      ","TAPA DEPOSITO BLANCO LINEA LOFT                                       ",0,0,08/08/2026 14:22:44
13440970,08/08/2026 11:22:47,08/08/2026 11:22:52,gsoderquvist,6415,00:00:40,00:00:05,40,5,En Tiempo,2,1,0,00:00:03,3,Logico,"214/CR         ",214/CR - LAVATORIO CR/CR ARES,0,0,08/08/2026 14:22:52
13441030,08/08/2026 11:27:50,08/08/2026 11:28:57,gsoderquvist,6415,00:03:25,00:01:07,205,67,En Tiempo,4,8,0,00:04:58,298,Logico,"70-010         ",70-010 - BIDE BL/CR LORCA,0,0,08/08/2026 14:28:57
13441030,08/08/2026 11:27:50,08/08/2026 11:28:57,gsoderquvist,6415,00:03:25,00:01:07,205,67,En Tiempo,12,8,0,00:04:58,298,Logico,"51-010         ",51-010 - COCINA MESADA BL/CR LORCA,0,0,08/08/2026 14:28:57
13441030,08/08/2026 11:27:50,08/08/2026 11:28:57,gsoderquvist,6415,00:03:25,00:01:07,205,67,En Tiempo,4,8,0,00:04:58,298,Logico,"D439           ",D439 - KIT DE DUCHA MANUAL,0,0,08/08/2026 14:28:57
13441030,08/08/2026 11:27:50,08/08/2026 11:28:57,gsoderquvist,6415,00:03:25,00:01:07,205,67,En Tiempo,16,8,0,00:04:58,298,Logico,"20-134         ",20-134 - MONOCOMANDO COCINA BETIS,0,0,08/08/2026 14:28:57
13441030,08/08/2026 11:27:50,08/08/2026 11:28:57,gsoderquvist,6415,00:03:25,00:01:07,205,67,En Tiempo,2,8,0,00:04:58,298,Logico,"914/CR         ",914/CR - JGO.MDA.P.CAÑO CR ARES,0,0,08/08/2026 14:28:57
13441030,08/08/2026 11:27:50,08/08/2026 11:28:57,gsoderquvist,6415,00:03:25,00:01:07,205,67,En Tiempo,4,8,0,00:04:58,298,Logico,"429            ","429 - DUCHA EMB.C/TRANSF.CR ""LAZA""",0,0,08/08/2026 14:28:57
13441030,08/08/2026 11:27:50,08/08/2026 11:28:57,gsoderquvist,6415,00:03:25,00:01:07,205,67,En Tiempo,4,8,0,00:04:58,298,Logico,"919/M          ",919/M - JGO.MDA.P.CANO CROMO LAZA,0,0,08/08/2026 14:28:57
13441030,08/08/2026 11:27:50,08/08/2026 11:28:57,gsoderquvist,6415,00:03:25,00:01:07,205,67,En Tiempo,8,8,0,00:04:58,298,Logico,"83-133         ",83-133 - DUCHA EXT. C/TRANSF. MONOCOMANDO LUGO,0,0,08/08/2026 14:28:57
13441073,08/08/2026 11:31:29,08/08/2026 11:32:43,gsoderquvist,6415,00:03:09,00:01:14,189,74,En Tiempo,4,10,0,00:02:32,152,Logico,"20-102         ","20-102 - MONOCOMANDO MESADA CROMO ""RENACER""",0,0,08/08/2026 14:32:43
13441073,08/08/2026 11:31:29,08/08/2026 11:32:43,gsoderquvist,6415,00:03:09,00:01:14,189,74,En Tiempo,3,10,0,00:02:32,152,Logico,"214/CR         ",214/CR - LAVATORIO CR/CR ARES,0,0,08/08/2026 14:32:43
13441073,08/08/2026 11:31:29,08/08/2026 11:32:43,gsoderquvist,6415,00:03:09,00:01:14,189,74,En Tiempo,6,10,0,00:02:32,152,Logico,"209            ",209 - LAVATORIO CROMO LAZA,0,0,08/08/2026 14:32:43
13441073,08/08/2026 11:31:29,08/08/2026 11:32:43,gsoderquvist,6415,00:03:09,00:01:14,189,74,En Tiempo,4,10,0,00:02:32,152,Logico,"919/M          ",919/M - JGO.MDA.P.CANO CROMO LAZA,0,0,08/08/2026 14:32:43
13441073,08/08/2026 11:31:29,08/08/2026 11:32:43,gsoderquvist,6415,00:03:09,00:01:14,189,74,En Tiempo,8,10,0,00:02:32,152,Logico,"203            ","203 - LAVATORIO CROMO ""DIQUE""",0,0,08/08/2026 14:32:43
13441073,08/08/2026 11:31:29,08/08/2026 11:32:43,gsoderquvist,6415,00:03:09,00:01:14,189,74,En Tiempo,2,10,0,00:02:32,152,Logico,"423            ","423 - DUCHA EMB. C/TRANSF.CR ""DIQUE""",0,0,08/08/2026 14:32:43
13441073,08/08/2026 11:31:29,08/08/2026 11:32:43,gsoderquvist,6415,00:03:09,00:01:14,189,74,En Tiempo,2,10,0,00:02:32,152,Logico,"12006          ","SET DE 6 PIEZAS LINEA 12000                                           ",0,0,08/08/2026 14:32:43
13441073,08/08/2026 11:31:29,08/08/2026 11:32:43,gsoderquvist,6415,00:03:09,00:01:14,189,74,En Tiempo,2,10,0,00:02:32,152,Logico,"3005           ",3005 - SET DE 5 PIEZAS LINEA 3000,0,0,08/08/2026 14:32:43
13441073,08/08/2026 11:31:29,08/08/2026 11:32:43,gsoderquvist,6415,00:03:09,00:01:14,189,74,En Tiempo,4,10,0,00:02:32,152,Logico,"60-133         ",60-133 - LAVATORIO MONOCOMANDO LUGO,0,0,08/08/2026 14:32:43
13441073,08/08/2026 11:31:29,08/08/2026 11:32:43,gsoderquvist,6415,00:03:09,00:01:14,189,74,En Tiempo,2,10,0,00:02:32,152,Logico,"12005          ","SET DE 5 PIEZAS LINEA 12000                                           ",0,0,08/08/2026 14:32:43
13441081,08/08/2026 11:31:50,08/08/2026 11:41:28,ascirica,6414,00:04:25,00:09:38,265,578,Fuera de Tiempo,1,18,0,00:08:56,536,Excedido,"910/M          ","910/M - JGO.MDA.P.CANO CROMO ""DIQUE""",0,0,08/08/2026 14:41:28
13441081,08/08/2026 11:31:50,08/08/2026 11:41:28,ascirica,6414,00:04:25,00:09:38,265,578,Fuera de Tiempo,1,18,0,00:08:56,536,Excedido,"51-122         ",51-122 - MESADA BIMANDO CR C.CERAM VALENCIA,0,0,08/08/2026 14:41:28
13441081,08/08/2026 11:31:50,08/08/2026 11:41:28,ascirica,6414,00:04:25,00:09:38,265,578,Fuera de Tiempo,1,18,0,00:08:56,536,Excedido,"51-131         ",51-131 - MESADA BIMANDO CR C.CERAM MALLORCA,0,0,08/08/2026 14:41:28
13441081,08/08/2026 11:31:50,08/08/2026 11:41:28,ascirica,6414,00:04:25,00:09:38,265,578,Fuera de Tiempo,1,18,0,00:08:56,536,Excedido,"54-203         ","COCINA PARED EXT C.CERAM ADRA MONOCOMANDO                             ",0,0,08/08/2026 14:41:28
13441081,08/08/2026 11:31:50,08/08/2026 11:41:28,ascirica,6414,00:04:25,00:09:38,265,578,Fuera de Tiempo,1,18,0,00:08:56,536,Excedido,"20-183         ","MONOCOMANDO DE COCINA MAT                                             ",0,0,08/08/2026 14:41:28
13441081,08/08/2026 11:31:50,08/08/2026 11:41:28,ascirica,6414,00:04:25,00:09:38,265,578,Fuera de Tiempo,1,18,0,00:08:56,536,Excedido,"21100N         ",21100N - ESTANTE ORGANIZADOR RECTANGULAR BLACK 25x12x7,0,0,08/08/2026 14:41:28
13441081,08/08/2026 11:31:50,08/08/2026 11:41:28,ascirica,6414,00:04:25,00:09:38,265,578,Fuera de Tiempo,1,18,0,00:08:56,536,Excedido,"21100          ",21100 - ESTANTE ORGANIZADOR RECTANGULAR 25x12x7,0,0,08/08/2026 14:41:28
13441081,08/08/2026 11:31:50,08/08/2026 11:41:28,ascirica,6414,00:04:25,00:09:38,265,578,Fuera de Tiempo,1,18,0,00:08:56,536,Excedido,"21200          ",21200 - ESQUINERO ORGANIZADOR 19x19x7,0,0,08/08/2026 14:41:28
13441081,08/08/2026 11:31:50,08/08/2026 11:41:28,ascirica,6414,00:04:25,00:09:38,265,578,Fuera de Tiempo,2,18,0,00:08:56,536,Excedido,"A996           ",A996 - DUCHA 8' CUADRADA CR C/BRAZO Y CAMPANA,0,0,08/08/2026 14:41:28
13441081,08/08/2026 11:31:50,08/08/2026 11:41:28,ascirica,6414,00:04:25,00:09:38,265,578,Fuera de Tiempo,2,18,0,00:08:56,536,Excedido,"AB-004         ",AB-004 - AGARRADERA ACERO INOX CROMADO CURVA SAFE,0,0,08/08/2026 14:41:28
13441081,08/08/2026 11:31:50,08/08/2026 11:41:28,ascirica,6414,00:04:25,00:09:38,265,578,Fuera de Tiempo,2,18,0,00:08:56,536,Excedido,"A816           ","A816 - DUCHA 6"" C/BRAZO Y CAMPANA CR",0,0,08/08/2026 14:41:28
13441081,08/08/2026 11:31:50,08/08/2026 11:41:28,ascirica,6414,00:04:25,00:09:38,265,578,Fuera de Tiempo,2,18,0,00:08:56,536,Excedido,"A815           ","A815 - DUCHA 8"" C/BRAZO Y CAMPANA CR",0,0,08/08/2026 14:41:28
13441081,08/08/2026 11:31:50,08/08/2026 11:41:28,ascirica,6414,00:04:25,00:09:38,265,578,Fuera de Tiempo,1,18,0,00:08:56,536,Excedido,"AB-001         ",AB-001 - AGARRADERA ACERO INOX CROMADO 30 CM SAFE,0,0,08/08/2026 14:41:28
13441081,08/08/2026 11:31:50,08/08/2026 11:41:28,ascirica,6414,00:04:25,00:09:38,265,578,Fuera de Tiempo,2,18,0,00:08:56,536,Excedido,"A814           ",A814 - DUCHA C/BRAZO Y CAMPANA CR,0,0,08/08/2026 14:41:28
13441081,08/08/2026 11:31:50,08/08/2026 11:41:28,ascirica,6414,00:04:25,00:09:38,265,578,Fuera de Tiempo,1,18,0,00:08:56,536,Excedido,"BCH07          ",BCH07 - BACHA DE APOYAR OVALADA 400x330x150,0,0,08/08/2026 14:41:28
13441081,08/08/2026 11:31:50,08/08/2026 11:41:28,ascirica,6414,00:04:25,00:09:38,265,578,Fuera de Tiempo,1,18,0,00:08:56,536,Excedido,"BCH12          ",BCH12 - BACHA DE APOYAR BLANCA 460x320x140,0,0,08/08/2026 14:41:28
13441081,08/08/2026 11:31:50,08/08/2026 11:41:28,ascirica,6414,00:04:25,00:09:38,265,578,Fuera de Tiempo,1,18,0,00:08:56,536,Excedido,"BCH06          ",BCH06 - BACHA DE APOYAR CIRCULAR 415x135,0,0,08/08/2026 14:41:28
13441081,08/08/2026 11:31:50,08/08/2026 11:41:28,ascirica,6414,00:04:25,00:09:38,265,578,Fuera de Tiempo,1,18,0,00:08:56,536,Excedido,"BCH03/3        ",BCH03/3 - BACHA DE APOYAR RECTANGULAR 3 AG 500x420x130,0,0,08/08/2026 14:41:28
13441144,08/08/2026 11:37:27,08/08/2026 11:38:02,gsoderquvist,6415,00:02:22,00:00:35,142,35,En Tiempo,1,10,0,00:04:44,284,Logico,"20-135         ",20-135 - MONOCOMANDO COCINA SANTANDER,0,0,08/08/2026 14:38:02
13441144,08/08/2026 11:37:27,08/08/2026 11:38:02,gsoderquvist,6415,00:02:22,00:00:35,142,35,En Tiempo,2,10,0,00:04:44,284,Logico,"51-131         ",51-131 - MESADA BIMANDO CR C.CERAM MALLORCA,0,0,08/08/2026 14:38:02
13441144,08/08/2026 11:37:27,08/08/2026 11:38:02,gsoderquvist,6415,00:02:22,00:00:35,142,35,En Tiempo,2,10,0,00:04:44,284,Logico,"20-102         ","20-102 - MONOCOMANDO MESADA CROMO ""RENACER""",0,0,08/08/2026 14:38:02
13441144,08/08/2026 11:37:27,08/08/2026 11:38:02,gsoderquvist,6415,00:02:22,00:00:35,142,35,En Tiempo,1,10,0,00:04:44,284,Logico,"80-152         ",80-152 - DUCHA EMB. CR C/TRANSF. MONOCOMANDO SORIA,0,0,08/08/2026 14:38:02
13441144,08/08/2026 11:37:27,08/08/2026 11:38:02,gsoderquvist,6415,00:02:22,00:00:35,142,35,En Tiempo,2,10,0,00:04:44,284,Logico,"60-152         ",60-152 - LAVATORIO CR MONOCOMANDO BAJO SORIA,0,0,08/08/2026 14:38:02
13441144,08/08/2026 11:37:27,08/08/2026 11:38:02,gsoderquvist,6415,00:02:22,00:00:35,142,35,En Tiempo,1,10,0,00:04:44,284,Logico,"20-160         ",20-160 - MONOCOMANDO MESADA COCINA DIQUE,0,0,08/08/2026 14:38:02
13441144,08/08/2026 11:37:27,08/08/2026 11:38:02,gsoderquvist,6415,00:02:22,00:00:35,142,35,En Tiempo,1,10,0,00:04:44,284,Logico,"20-146         ",20-146 - MONOCOMANDO DE COCINA CR LINEA MOVE,0,0,08/08/2026 14:38:02
13441144,08/08/2026 11:37:27,08/08/2026 11:38:02,gsoderquvist,6415,00:02:22,00:00:35,142,35,En Tiempo,2,10,0,00:04:44,284,Logico,"20-174         ",20-174 - COCINA MESADA MONOC. COLORS BLACK,0,0,08/08/2026 14:38:02
13441144,08/08/2026 11:37:27,08/08/2026 11:38:02,gsoderquvist,6415,00:02:22,00:00:35,142,35,En Tiempo,2,10,0,00:04:44,284,Logico,"3010           ",3010 - TOALLERO BARRAL LINEA 3000,0,0,08/08/2026 14:38:02
13441144,08/08/2026 11:37:27,08/08/2026 11:38:02,gsoderquvist,6415,00:02:22,00:00:35,142,35,En Tiempo,2,10,0,00:04:44,284,Logico,"8050           ",8050 - JABONERA LINEA 8000,0,0,08/08/2026 14:38:02
13443228,08/10/2026 06:10:24,08/10/2026 06:13:30,rodriguezt,6419,00:04:53,00:03:06,293,186,En Tiempo,2,19,0,,,Excedido,"81-058         ",81-058 - DUCHA EMB. S/TRANSF. CR STD MALBA,0,0,08/10/2026 09:13:30
13443228,08/10/2026 06:10:24,08/10/2026 06:13:30,rodriguezt,6419,00:04:53,00:03:06,293,186,En Tiempo,2,19,0,,,Excedido,"910/M          ","910/M - JGO.MDA.P.CANO CROMO ""DIQUE""",0,0,08/10/2026 09:13:30
13443228,08/10/2026 06:10:24,08/10/2026 06:13:30,rodriguezt,6419,00:04:53,00:03:06,293,186,En Tiempo,2,19,0,,,Excedido,"80-058         ",80-058 - DUCHA EMB. C/TRANSF. CR C.STD MALBA,0,0,08/10/2026 09:13:30
13443228,08/10/2026 06:10:24,08/10/2026 06:13:30,rodriguezt,6419,00:04:53,00:03:06,293,186,En Tiempo,2,19,0,,,Excedido,"70-058         ",70-058 - BIDE CR C.STD MALBA,0,0,08/10/2026 09:13:30
13443228,08/10/2026 06:10:24,08/10/2026 06:13:30,rodriguezt,6419,00:04:53,00:03:06,293,186,En Tiempo,2,19,0,,,Excedido,"60-058         ",60-058 - LAVATORIO CR C.STD MALBA,0,0,08/10/2026 09:13:30
13443228,08/10/2026 06:10:24,08/10/2026 06:13:30,rodriguezt,6419,00:04:53,00:03:06,293,186,En Tiempo,1,19,0,,,Excedido,"20-102         ","20-102 - MONOCOMANDO MESADA CROMO ""RENACER""",0,0,08/10/2026 09:13:30
13443228,08/10/2026 06:10:24,08/10/2026 06:13:30,rodriguezt,6419,00:04:53,00:03:06,293,186,En Tiempo,2,19,0,,,Excedido,"20-134         ",20-134 - MONOCOMANDO COCINA BETIS,0,0,08/10/2026 09:13:30
13443228,08/10/2026 06:10:24,08/10/2026 06:13:30,rodriguezt,6419,00:04:53,00:03:06,293,186,En Tiempo,1,19,0,,,Excedido,"83-133         ",83-133 - DUCHA EXT. C/TRANSF. MONOCOMANDO LUGO,0,0,08/10/2026 09:13:30
13443228,08/10/2026 06:10:24,08/10/2026 06:13:30,rodriguezt,6419,00:04:53,00:03:06,293,186,En Tiempo,1,19,0,,,Excedido,"60-133         ",60-133 - LAVATORIO MONOCOMANDO LUGO,0,0,08/10/2026 09:13:30
13443228,08/10/2026 06:10:24,08/10/2026 06:13:30,rodriguezt,6419,00:04:53,00:03:06,293,186,En Tiempo,1,19,0,,,Excedido,"70-133         ",70-133 - BIDE MONOCOMANDO LUGO,0,0,08/10/2026 09:13:30
13443228,08/10/2026 06:10:24,08/10/2026 06:13:30,rodriguezt,6419,00:04:53,00:03:06,293,186,En Tiempo,1,19,0,,,Excedido,"8006           ",8006 - SET DE 6 PIEZAS LINEA 8000,0,0,08/10/2026 09:13:30
13443228,08/10/2026 06:10:24,08/10/2026 06:13:30,rodriguezt,6419,00:04:53,00:03:06,293,186,En Tiempo,1,19,0,,,Excedido,"8005           ",8005 - SET DE 5 PIEZAS LINEA 8000,0,0,08/10/2026 09:13:30
13443228,08/10/2026 06:10:24,08/10/2026 06:13:30,rodriguezt,6419,00:04:53,00:03:06,293,186,En Tiempo,2,19,0,,,Excedido,"20-184         ","MONOCOMANDO DE COCINA CR SUV                                          ",0,0,08/10/2026 09:13:30
13443228,08/10/2026 06:10:24,08/10/2026 06:13:30,rodriguezt,6419,00:04:53,00:03:06,293,186,En Tiempo,2,19,0,,,Excedido,"8050           ",8050 - JABONERA LINEA 8000,0,0,08/10/2026 09:13:30
13443228,08/10/2026 06:10:24,08/10/2026 06:13:30,rodriguezt,6419,00:04:53,00:03:06,293,186,En Tiempo,2,19,0,,,Excedido,"8060           ",8060 - PORTA CEPILLO LINEA 8000,0,0,08/10/2026 09:13:30
13443228,08/10/2026 06:10:24,08/10/2026 06:13:30,rodriguezt,6419,00:04:53,00:03:06,293,186,En Tiempo,2,19,0,,,Excedido,"8040           ",8040 - PORTA ROLLO LINEA 8000,0,0,08/10/2026 09:13:30
13443228,08/10/2026 06:10:24,08/10/2026 06:13:30,rodriguezt,6419,00:04:53,00:03:06,293,186,En Tiempo,2,19,0,,,Excedido,"8030           ",8030 - PERCHA LINEA 8000,0,0,08/10/2026 09:13:30
13443228,08/10/2026 06:10:24,08/10/2026 06:13:30,rodriguezt,6419,00:04:53,00:03:06,293,186,En Tiempo,2,19,0,,,Excedido,"8020           ",8020 - TOALLERO DE ARO LINEA 8000,0,0,08/10/2026 09:13:30
13443228,08/10/2026 06:10:24,08/10/2026 06:13:30,rodriguezt,6419,00:04:53,00:03:06,293,186,En Tiempo,2,19,0,,,Excedido,"8010           ",8010 - TOALLERO BARRAL LINEA 8000,0,0,08/10/2026 09:13:30
13443253,08/10/2026 06:15:29,08/10/2026 06:20:52,gsoderquvist,6415,00:02:47,00:05:23,167,323,Fuera de Tiempo,3,6,0,,,Excedido,"303            ","303 - BIDET CROMO ""DIQUE""",0,0,08/10/2026 09:20:52
13443253,08/10/2026 06:15:29,08/10/2026 06:20:52,gsoderquvist,6415,00:02:47,00:05:23,167,323,Fuera de Tiempo,3,6,0,,,Excedido,"423            ","423 - DUCHA EMB. C/TRANSF.CR ""DIQUE""",0,0,08/10/2026 09:20:52
13443253,08/10/2026 06:15:29,08/10/2026 06:20:52,gsoderquvist,6415,00:02:47,00:05:23,167,323,Fuera de Tiempo,4,6,0,,,Excedido,"203            ","203 - LAVATORIO CROMO ""DIQUE""",0,0,08/10/2026 09:20:52
13443253,08/10/2026 06:15:29,08/10/2026 06:20:52,gsoderquvist,6415,00:02:47,00:05:23,167,323,Fuera de Tiempo,6,6,0,,,Excedido,"910/M          ","910/M - JGO.MDA.P.CANO CROMO ""DIQUE""",0,0,08/10/2026 09:20:52
13443253,08/10/2026 06:15:29,08/10/2026 06:20:52,gsoderquvist,6415,00:02:47,00:05:23,167,323,Fuera de Tiempo,30,6,0,,,Excedido,"RA001          ",RA001 - CABEZAL STD NO ASCENDENTE,0,0,08/10/2026 09:20:52
13443253,08/10/2026 06:15:29,08/10/2026 06:20:52,gsoderquvist,6415,00:02:47,00:05:23,167,323,Fuera de Tiempo,24,6,0,,,Excedido,"20-160         ",20-160 - MONOCOMANDO MESADA COCINA DIQUE,0,0,08/10/2026 09:20:52
13443271,08/10/2026 06:18:12,08/10/2026 06:25:28,rodriguezt,6419,00:05:09,00:07:16,309,436,Fuera de Tiempo,3,16,0,00:04:42,282,Logico,"80-138         ",80-138 - DUCHA EMB. C/TRANSF. CR C.CERAM VALENCIA PLUS,0,0,08/10/2026 09:25:28
13443271,08/10/2026 06:18:12,08/10/2026 06:25:28,rodriguezt,6419,00:05:09,00:07:16,309,436,Fuera de Tiempo,2,16,0,00:04:42,282,Logico,"D439           ",D439 - KIT DE DUCHA MANUAL,0,0,08/10/2026 09:25:28
13443271,08/10/2026 06:18:12,08/10/2026 06:25:28,rodriguezt,6419,00:05:09,00:07:16,309,436,Fuera de Tiempo,6,16,0,00:04:42,282,Logico,"70-122         ",70-122 - BIDE C.CERAM CR VALENCIA,0,0,08/10/2026 09:25:28
13443271,08/10/2026 06:18:12,08/10/2026 06:25:28,rodriguezt,6419,00:05:09,00:07:16,309,436,Fuera de Tiempo,10,16,0,00:04:42,282,Logico,"60-122         ",60-122 - LAVATORIO C.CERAM CR VALENCIA,0,0,08/10/2026 09:25:28
13443271,08/10/2026 06:18:12,08/10/2026 06:25:28,rodriguezt,6419,00:05:09,00:07:16,309,436,Fuera de Tiempo,2,16,0,00:04:42,282,Logico,"51-107         ",51-107 - JGO. MESADA CR C.CERAM BEDIA,0,0,08/10/2026 09:25:28
13443271,08/10/2026 06:18:12,08/10/2026 06:25:28,rodriguezt,6419,00:05:09,00:07:16,309,436,Fuera de Tiempo,2,16,0,00:04:42,282,Logico,"51-057         ",51-057 - COCINA MESADA CR C.STD VERIN PLUS,0,0,08/10/2026 09:25:28
13443271,08/10/2026 06:18:12,08/10/2026 06:25:28,rodriguezt,6419,00:05:09,00:07:16,309,436,Fuera de Tiempo,2,16,0,00:04:42,282,Logico,"17030G         ",17030G - PERCHA LINEA FABRIC GOLD,0,0,08/10/2026 09:25:28
13443271,08/10/2026 06:18:12,08/10/2026 06:25:28,rodriguezt,6419,00:05:09,00:07:16,309,436,Fuera de Tiempo,2,16,0,00:04:42,282,Logico,"17040G         ",17040G - PORTA ROLLO LINEA FABRIC GOLD,0,0,08/10/2026 09:25:28
13443271,08/10/2026 06:18:12,08/10/2026 06:25:28,rodriguezt,6419,00:05:09,00:07:16,309,436,Fuera de Tiempo,2,16,0,00:04:42,282,Logico,"60-192         ",60-192 - LAVATORIO BAJO SORIA BLACK,0,0,08/10/2026 09:25:28
13443271,08/10/2026 06:18:12,08/10/2026 06:25:28,rodriguezt,6419,00:05:09,00:07:16,309,436,Fuera de Tiempo,1,16,0,00:04:42,282,Logico,"61-192         ",61-192 - LAVATORIO ALTO SORIA BLACK,0,0,08/10/2026 09:25:28
13443271,08/10/2026 06:18:12,08/10/2026 06:25:28,rodriguezt,6419,00:05:09,00:07:16,309,436,Fuera de Tiempo,1,16,0,00:04:42,282,Logico,"70-192         ",70-192 - BIDE SORIA BLACK,0,0,08/10/2026 09:25:28
13443271,08/10/2026 06:18:12,08/10/2026 06:25:28,rodriguezt,6419,00:05:09,00:07:16,309,436,Fuera de Tiempo,3,16,0,00:04:42,282,Logico,"17020G         ",17020G - TOALLERO DE ARO LINEA FABRIC GOLD,0,0,08/10/2026 09:25:28
13443271,08/10/2026 06:18:12,08/10/2026 06:25:28,rodriguezt,6419,00:05:09,00:07:16,309,436,Fuera de Tiempo,4,16,0,00:04:42,282,Logico,"54-130         ",54-130 - MONOCOMANDO COCINA PARED EXT BILBAO,0,0,08/10/2026 09:25:28
13443271,08/10/2026 06:18:12,08/10/2026 06:25:28,rodriguezt,6419,00:05:09,00:07:16,309,436,Fuera de Tiempo,2,16,0,00:04:42,282,Logico,"60-200N        ",60-200N - LAVATORIO MONOC BAJO BLACK FABRIC,0,0,08/10/2026 09:25:28
13443271,08/10/2026 06:18:12,08/10/2026 06:25:28,rodriguezt,6419,00:05:09,00:07:16,309,436,Fuera de Tiempo,6,16,0,00:04:42,282,Logico,"A816           ","A816 - DUCHA 6"" C/BRAZO Y CAMPANA CR",0,0,08/10/2026 09:25:28
13443271,08/10/2026 06:18:12,08/10/2026 06:25:28,rodriguezt,6419,00:05:09,00:07:16,309,436,Fuera de Tiempo,4,16,0,00:04:42,282,Logico,"A996           ",A996 - DUCHA 8' CUADRADA CR C/BRAZO Y CAMPANA,0,0,08/10/2026 09:25:28
13443323,08/10/2026 06:27:01,08/10/2026 06:28:29,rodriguezt,6419,00:04:25,00:01:28,265,88,En Tiempo,2,13,0,00:01:33,93,Logico,"70-002         ",70-002 - BIDE RENACER,0,0,08/10/2026 09:28:29
13443323,08/10/2026 06:27:01,08/10/2026 06:28:29,rodriguezt,6419,00:04:25,00:01:28,265,88,En Tiempo,2,13,0,00:01:33,93,Logico,"80-058         ",80-058 - DUCHA EMB. C/TRANSF. CR C.STD MALBA,0,0,08/10/2026 09:28:29
13443323,08/10/2026 06:27:01,08/10/2026 06:28:29,rodriguezt,6419,00:04:25,00:01:28,265,88,En Tiempo,5,13,0,00:01:33,93,Logico,"70-058         ",70-058 - BIDE CR C.STD MALBA,0,0,08/10/2026 09:28:29
13443323,08/10/2026 06:27:01,08/10/2026 06:28:29,rodriguezt,6419,00:04:25,00:01:28,265,88,En Tiempo,5,13,0,00:01:33,93,Logico,"60-058         ",60-058 - LAVATORIO CR C.STD MALBA,0,0,08/10/2026 09:28:29
13443323,08/10/2026 06:27:01,08/10/2026 06:28:29,rodriguezt,6419,00:04:25,00:01:28,265,88,En Tiempo,5,13,0,00:01:33,93,Logico,"60-059         ",60-059 - LAVATORIO BL/CR C.STD MALBA,0,0,08/10/2026 09:28:29
13443323,08/10/2026 06:27:01,08/10/2026 06:28:29,rodriguezt,6419,00:04:25,00:01:28,265,88,En Tiempo,2,13,0,00:01:33,93,Logico,"70-059         ",70-059 - BIDE BL/CR C.STD MALBA,0,0,08/10/2026 09:28:29
13443323,08/10/2026 06:27:01,08/10/2026 06:28:29,rodriguezt,6419,00:04:25,00:01:28,265,88,En Tiempo,2,13,0,00:01:33,93,Logico,"80-059         ",80-059 - DUCHA EMB. C/TRANSF.BL/CR C.STD MALBA,0,0,08/10/2026 09:28:29
13443323,08/10/2026 06:27:01,08/10/2026 06:28:29,rodriguezt,6419,00:04:25,00:01:28,265,88,En Tiempo,5,13,0,00:01:33,93,Logico,"51-059         ",51-059 - COCINA MESADA BL/CR C.STD MALBA,0,0,08/10/2026 09:28:29
13443323,08/10/2026 06:27:01,08/10/2026 06:28:29,rodriguezt,6419,00:04:25,00:01:28,265,88,En Tiempo,2,13,0,00:01:33,93,Logico,"429            ","429 - DUCHA EMB.C/TRANSF.CR ""LAZA""",0,0,08/10/2026 09:28:29
13443323,08/10/2026 06:27:01,08/10/2026 06:28:29,rodriguezt,6419,00:04:25,00:01:28,265,88,En Tiempo,3,13,0,00:01:33,93,Logico,"409            ","409 - DUCHA EXT.C/TRANSF.CR ""LAZA""",0,0,08/10/2026 09:28:29
13443323,08/10/2026 06:27:01,08/10/2026 06:28:29,rodriguezt,6419,00:04:25,00:01:28,265,88,En Tiempo,6,13,0,00:01:33,93,Logico,"83-133         ",83-133 - DUCHA EXT. C/TRANSF. MONOCOMANDO LUGO,0,0,08/10/2026 09:28:29
13443323,08/10/2026 06:27:01,08/10/2026 06:28:29,rodriguezt,6419,00:04:25,00:01:28,265,88,En Tiempo,2,13,0,00:01:33,93,Logico,"20-160         ",20-160 - MONOCOMANDO MESADA COCINA DIQUE,0,0,08/10/2026 09:28:29
13443323,08/10/2026 06:27:01,08/10/2026 06:28:29,rodriguezt,6419,00:04:25,00:01:28,265,88,En Tiempo,2,13,0,00:01:33,93,Logico,"20-174         ",20-174 - COCINA MESADA MONOC. COLORS BLACK,0,0,08/10/2026 09:28:29
13443324,08/10/2026 06:27:18,08/10/2026 06:57:11,gsoderquvist,6415,00:06:20,00:29:53,380,1793,Fuera de Tiempo,1,24,0,00:06:26,386,Excedido,"80-010         ",80-010 - DUCHA EMB. C/TRANSF. BL/CR LORCA,0,0,08/10/2026 09:57:11
13443324,08/10/2026 06:27:18,08/10/2026 06:57:11,gsoderquvist,6415,00:06:20,00:29:53,380,1793,Fuera de Tiempo,1,24,0,00:06:26,386,Excedido,"60-057         ",60-057 - LAVATORIO C.STD VERIN PLUS,0,0,08/10/2026 09:57:11
13443324,08/10/2026 06:27:18,08/10/2026 06:57:11,gsoderquvist,6415,00:06:20,00:29:53,380,1793,Fuera de Tiempo,3,24,0,00:06:26,386,Excedido,"80-057         ",80-057 - DUCHA EMB. C/TRANSF. C.STD VERIN PLUS,0,0,08/10/2026 09:57:11
13443324,08/10/2026 06:27:18,08/10/2026 06:57:11,gsoderquvist,6415,00:06:20,00:29:53,380,1793,Fuera de Tiempo,1,24,0,00:06:26,386,Excedido,"60-122         ",60-122 - LAVATORIO C.CERAM CR VALENCIA,0,0,08/10/2026 09:57:11
13443324,08/10/2026 06:27:18,08/10/2026 06:57:11,gsoderquvist,6415,00:06:20,00:29:53,380,1793,Fuera de Tiempo,2,24,0,00:06:26,386,Excedido,"61-203         ",61-203 - LAVATORIO MONOCOMANDO ALTO ADRA,0,0,08/10/2026 09:57:11
13443324,08/10/2026 06:27:18,08/10/2026 06:57:11,gsoderquvist,6415,00:06:20,00:29:53,380,1793,Fuera de Tiempo,1,24,0,00:06:26,386,Excedido,"914/CR         ",914/CR - JGO.MDA.P.CAÑO CR ARES,0,0,08/10/2026 09:57:11
13443324,08/10/2026 06:27:18,08/10/2026 06:57:11,gsoderquvist,6415,00:06:20,00:29:53,380,1793,Fuera de Tiempo,1,24,0,00:06:26,386,Excedido,"BCH07          ",BCH07 - BACHA DE APOYAR OVALADA 400x330x150,0,0,08/10/2026 09:57:11
13443324,08/10/2026 06:27:18,08/10/2026 06:57:11,gsoderquvist,6415,00:06:20,00:29:53,380,1793,Fuera de Tiempo,2,24,0,00:06:26,386,Excedido,"20-146         ",20-146 - MONOCOMANDO DE COCINA CR LINEA MOVE,0,0,08/10/2026 09:57:11
13443324,08/10/2026 06:27:18,08/10/2026 06:57:11,gsoderquvist,6415,00:06:20,00:29:53,380,1793,Fuera de Tiempo,1,24,0,00:06:26,386,Excedido,"70-203         ",70-203 - BIDE MONOCOMANDO ADRA,0,0,08/10/2026 09:57:11
13443324,08/10/2026 06:27:18,08/10/2026 06:57:11,gsoderquvist,6415,00:06:20,00:29:53,380,1793,Fuera de Tiempo,2,24,0,00:06:26,386,Excedido,"20-147         ",20-147 - MONOCOMANDO DE COCINA SWIFT,0,0,08/10/2026 09:57:11
13443324,08/10/2026 06:27:18,08/10/2026 06:57:11,gsoderquvist,6415,00:06:20,00:29:53,380,1793,Fuera de Tiempo,1,24,0,00:06:26,386,Excedido,"8005           ",8005 - SET DE 5 PIEZAS LINEA 8000,0,0,08/10/2026 09:57:11
13443324,08/10/2026 06:27:18,08/10/2026 06:57:11,gsoderquvist,6415,00:06:20,00:29:53,380,1793,Fuera de Tiempo,1,24,0,00:06:26,386,Excedido,"80-203         ",80-203 - DUCHA EMB C/TRANSF. MONOCOMANDO ADRA,0,0,08/10/2026 09:57:11
13443324,08/10/2026 06:27:18,08/10/2026 06:57:11,gsoderquvist,6415,00:06:20,00:29:53,380,1793,Fuera de Tiempo,1,24,0,00:06:26,386,Excedido,"20-140         ",20-140 - MONOCOMANDO DE COCINA LINEA CUINA,0,0,08/10/2026 09:57:11
13443324,08/10/2026 06:27:18,08/10/2026 06:57:11,gsoderquvist,6415,00:06:20,00:29:53,380,1793,Fuera de Tiempo,1,24,0,00:06:26,386,Excedido,"61-205         ",61-205 - LAVATORIO MONOC ALTO STEEL,0,0,08/10/2026 09:57:11
13443324,08/10/2026 06:27:18,08/10/2026 06:57:11,gsoderquvist,6415,00:06:20,00:29:53,380,1793,Fuera de Tiempo,1,24,0,00:06:26,386,Excedido,"70-205         ",70-205 - BIDE MONOCOMANDO STEEL,0,0,08/10/2026 09:57:11
13443324,08/10/2026 06:27:18,08/10/2026 06:57:11,gsoderquvist,6415,00:06:20,00:29:53,380,1793,Fuera de Tiempo,2,24,0,00:06:26,386,Excedido,"20-172         ",20-172 - COCINA MESADA MONOC. COLORS NEGRO,0,0,08/10/2026 09:57:11
13443324,08/10/2026 06:27:18,08/10/2026 06:57:11,gsoderquvist,6415,00:06:20,00:29:53,380,1793,Fuera de Tiempo,3,24,0,00:06:26,386,Excedido,"3040           ",3040 - PORTA ROLLO LINEA 3000,0,0,08/10/2026 09:57:11
13443324,08/10/2026 06:27:18,08/10/2026 06:57:11,gsoderquvist,6415,00:06:20,00:29:53,380,1793,Fuera de Tiempo,1,24,0,00:06:26,386,Excedido,"8040           ",8040 - PORTA ROLLO LINEA 8000,0,0,08/10/2026 09:57:11
13443324,08/10/2026 06:27:18,08/10/2026 06:57:11,gsoderquvist,6415,00:06:20,00:29:53,380,1793,Fuera de Tiempo,3,24,0,00:06:26,386,Excedido,"8030           ",8030 - PERCHA LINEA 8000,0,0,08/10/2026 09:57:11
13443324,08/10/2026 06:27:18,08/10/2026 06:57:11,gsoderquvist,6415,00:06:20,00:29:53,380,1793,Fuera de Tiempo,3,24,0,00:06:26,386,Excedido,"3030           ",3030 - PERCHA LINEA 3000,0,0,08/10/2026 09:57:11
13443324,08/10/2026 06:27:18,08/10/2026 06:57:11,gsoderquvist,6415,00:06:20,00:29:53,380,1793,Fuera de Tiempo,1,24,0,00:06:26,386,Excedido,"3010           ",3010 - TOALLERO BARRAL LINEA 3000,0,0,08/10/2026 09:57:11
13443324,08/10/2026 06:27:18,08/10/2026 06:57:11,gsoderquvist,6415,00:06:20,00:29:53,380,1793,Fuera de Tiempo,1,24,0,00:06:26,386,Excedido,"11050          ","JABONERA LINEA 11000                                                  ",0,0,08/10/2026 09:57:11
13443324,08/10/2026 06:27:18,08/10/2026 06:57:11,gsoderquvist,6415,00:06:20,00:29:53,380,1793,Fuera de Tiempo,1,24,0,00:06:26,386,Excedido,"11060          ","PORTA VASO Y CEPILLO LINEA 11000                                      ",0,0,08/10/2026 09:57:11
13443324,08/10/2026 06:27:18,08/10/2026 06:57:11,gsoderquvist,6415,00:06:20,00:29:53,380,1793,Fuera de Tiempo,1,24,0,00:06:26,386,Excedido,"11020          ","TOALLERO DE ARO LINEA 11000                                           ",0,0,08/10/2026 09:57:11
13443363,08/10/2026 06:38:13,08/10/2026 07:10:50,acejas,6417,00:07:28,00:32:37,448,1957,Fuera de Tiempo,2,29,0,,,Excedido,"60-162         ",60-162 - LAVATORIO CR C.CERAM LINEA ADRA,0,0,08/10/2026 10:10:50
13443363,08/10/2026 06:38:13,08/10/2026 07:10:50,acejas,6417,00:07:28,00:32:37,448,1957,Fuera de Tiempo,3,29,0,,,Excedido,"80-138         ",80-138 - DUCHA EMB. C/TRANSF. CR C.CERAM VALENCIA PLUS,0,0,08/10/2026 10:10:50
13443363,08/10/2026 06:38:13,08/10/2026 07:10:50,acejas,6417,00:07:28,00:32:37,448,1957,Fuera de Tiempo,1,29,0,,,Excedido,"90-058         ",90-058 - PACK GRIF.MALBA CR (Lavatorio-Bide-Ducha c/t),0,0,08/10/2026 10:10:50
13443363,08/10/2026 06:38:13,08/10/2026 07:10:50,acejas,6417,00:07:28,00:32:37,448,1957,Fuera de Tiempo,3,29,0,,,Excedido,"80-059         ",80-059 - DUCHA EMB. C/TRANSF.BL/CR C.STD MALBA,0,0,08/10/2026 10:10:50
13443363,08/10/2026 06:38:13,08/10/2026 07:10:50,acejas,6417,00:07:28,00:32:37,448,1957,Fuera de Tiempo,2,29,0,,,Excedido,"60-163         ",60-163 - LAVATORIO CR C.CERAM SENA,0,0,08/10/2026 10:10:50
13443363,08/10/2026 06:38:13,08/10/2026 07:10:50,acejas,6417,00:07:28,00:32:37,448,1957,Fuera de Tiempo,12,29,0,,,Excedido,"61-203         ",61-203 - LAVATORIO MONOCOMANDO ALTO ADRA,0,0,08/10/2026 10:10:50
13443363,08/10/2026 06:38:13,08/10/2026 07:10:50,acejas,6417,00:07:28,00:32:37,448,1957,Fuera de Tiempo,2,29,0,,,Excedido,"60-100N        ",60-100N - LAVATORIO BLACK C.CERAM FABRIC,0,0,08/10/2026 10:10:50
13443363,08/10/2026 06:38:13,08/10/2026 07:10:50,acejas,6417,00:07:28,00:32:37,448,1957,Fuera de Tiempo,3,29,0,,,Excedido,"70-100N        ",70-100N - BIDE BLACK C.CERAM FABRIC,0,0,08/10/2026 10:10:50
13443363,08/10/2026 06:38:13,08/10/2026 07:10:50,acejas,6417,00:07:28,00:32:37,448,1957,Fuera de Tiempo,3,29,0,,,Excedido,"80-100N        ",80-100N - DUCHA EMB. C/TRANSF. BLACK C.CERAM FABRIC,0,0,08/10/2026 10:10:50
13443363,08/10/2026 06:38:13,08/10/2026 07:10:50,acejas,6417,00:07:28,00:32:37,448,1957,Fuera de Tiempo,5,29,0,,,Excedido,"20-102         ","20-102 - MONOCOMANDO MESADA CROMO ""RENACER""",0,0,08/10/2026 10:10:50
13443363,08/10/2026 06:38:13,08/10/2026 07:10:50,acejas,6417,00:07:28,00:32:37,448,1957,Fuera de Tiempo,3,29,0,,,Excedido,"80-180         ",80-180 - DUCHA EMB. C/TRANSF. MONOCOMANDO VERA,0,0,08/10/2026 10:10:50
13443363,08/10/2026 06:38:13,08/10/2026 07:10:50,acejas,6417,00:07:28,00:32:37,448,1957,Fuera de Tiempo,3,29,0,,,Excedido,"3006           ",3006 - SET DE 6 PIEZAS LINEA 3000,0,0,08/10/2026 10:10:50
13443363,08/10/2026 06:38:13,08/10/2026 07:10:50,acejas,6417,00:07:28,00:32:37,448,1957,Fuera de Tiempo,1,29,0,,,Excedido,"20-160         ",20-160 - MONOCOMANDO MESADA COCINA DIQUE,0,0,08/10/2026 10:10:50
13443363,08/10/2026 06:38:13,08/10/2026 07:10:50,acejas,6417,00:07:28,00:32:37,448,1957,Fuera de Tiempo,12,29,0,,,Excedido,"70-203         ",70-203 - BIDE MONOCOMANDO ADRA,0,0,08/10/2026 10:10:50
13443363,08/10/2026 06:38:13,08/10/2026 07:10:50,acejas,6417,00:07:28,00:32:37,448,1957,Fuera de Tiempo,3,29,0,,,Excedido,"20-205         ",20-205 - MONOCOMANDO DE COCINA STEEL,0,0,08/10/2026 10:10:50
13443363,08/10/2026 06:38:13,08/10/2026 07:10:50,acejas,6417,00:07:28,00:32:37,448,1957,Fuera de Tiempo,1,29,0,,,Excedido,"20-122         ","MONOCOMANDO COCINA CR C/PICO EXTRAIBLE VALENCIA                       ",0,0,08/10/2026 10:10:50
13443363,08/10/2026 06:38:13,08/10/2026 07:10:50,acejas,6417,00:07:28,00:32:37,448,1957,Fuera de Tiempo,1,29,0,,,Excedido,"20-121         ",20-121 - COCINA MSDA MONOC.P. REDONDO MARBELLA,0,0,08/10/2026 10:10:50
13443363,08/10/2026 06:38:13,08/10/2026 07:10:50,acejas,6417,00:07:28,00:32:37,448,1957,Fuera de Tiempo,3,29,0,,,Excedido,"18040          ",18040 - PORTA ROLLO NIQUEL LINEA BEAT,0,0,08/10/2026 10:10:50
13443363,08/10/2026 06:38:13,08/10/2026 07:10:50,acejas,6417,00:07:28,00:32:37,448,1957,Fuera de Tiempo,3,29,0,,,Excedido,"18010          ",18010 - TOALLERO BARRAL NIQUEL LINEA BEAT,0,0,08/10/2026 10:10:50
13443363,08/10/2026 06:38:13,08/10/2026 07:10:50,acejas,6417,00:07:28,00:32:37,448,1957,Fuera de Tiempo,3,29,0,,,Excedido,"60-180         ",60-180 - LAVATORIO MONOCOMANDO BAJO VERA,0,0,08/10/2026 10:10:50
13443363,08/10/2026 06:38:13,08/10/2026 07:10:50,acejas,6417,00:07:28,00:32:37,448,1957,Fuera de Tiempo,3,29,0,,,Excedido,"20-150         ",20-150 - MONOCOMANDO MESADA COCINA TOLEDO,0,0,08/10/2026 10:10:50
13443363,08/10/2026 06:38:13,08/10/2026 07:10:50,acejas,6417,00:07:28,00:32:37,448,1957,Fuera de Tiempo,2,29,0,,,Excedido,"30-132         ",30-132 - COCINA MESADA MONOC. C/DUCHADOR EXTENSIBLE VIGO,0,0,08/10/2026 10:10:50
13443363,08/10/2026 06:38:13,08/10/2026 07:10:50,acejas,6417,00:07:28,00:32:37,448,1957,Fuera de Tiempo,3,29,0,,,Excedido,"11030          ","PERCHA LINEA 11000                                                    ",0,0,08/10/2026 10:10:50
13443363,08/10/2026 06:38:13,08/10/2026 07:10:50,acejas,6417,00:07:28,00:32:37,448,1957,Fuera de Tiempo,2,29,0,,,Excedido,"AB-003         ",AB-003 - AGARRADERA ACERO INOX CROMADO 50 CM SAFE,0,0,08/10/2026 10:10:50
13443363,08/10/2026 06:38:13,08/10/2026 07:10:50,acejas,6417,00:07:28,00:32:37,448,1957,Fuera de Tiempo,3,29,0,,,Excedido,"33-010         ",33-010 - CANILLA MESADA BL/CR LORCA,0,0,08/10/2026 10:10:50
13443363,08/10/2026 06:38:13,08/10/2026 07:10:50,acejas,6417,00:07:28,00:32:37,448,1957,Fuera de Tiempo,1,29,0,,,Excedido,"BCH07          ",BCH07 - BACHA DE APOYAR OVALADA 400x330x150,0,0,08/10/2026 10:10:50
13443363,08/10/2026 06:38:13,08/10/2026 07:10:50,acejas,6417,00:07:28,00:32:37,448,1957,Fuera de Tiempo,3,29,0,,,Excedido,"BCH02          ",BCH02 - BACHA DE APOYAR CIRCULAR 1 AG. 415x145,0,0,08/10/2026 10:10:50
13443363,08/10/2026 06:38:13,08/10/2026 07:10:50,acejas,6417,00:07:28,00:32:37,448,1957,Fuera de Tiempo,12,29,0,,,Excedido,"84-203         ","DUCHA EXT C/COLUMNA Y TRANSF CR ADRA                                  ",0,0,08/10/2026 10:10:50
13443363,08/10/2026 06:38:13,08/10/2026 07:10:50,acejas,6417,00:07:28,00:32:37,448,1957,Fuera de Tiempo,3,29,0,,,Excedido,"BCH09          ",BCH09 - BACHA DE APOYAR RECTANGULAR 610x410x115,0,0,08/10/2026 10:10:50
13443492,08/10/2026 07:06:10,08/10/2026 07:06:18,gsoderquvist,6415,00:00:39,00:00:08,39,8,En Tiempo,1,1,0,00:08:59,539,Excedido,"BAI01NI        ",BAI01NI - BACHA EMB COCINA C/ACCESORIOS 750x450x220 NICKEL BRUSHED,0,0,08/10/2026 10:06:18
13443501,08/10/2026 07:06:57,08/10/2026 07:15:01,gsoderquvist,6415,00:00:48,00:08:04,48,484,Fuera de Tiempo,12,1,0,00:00:39,39,Logico,"AB-004         ",AB-004 - AGARRADERA ACERO INOX CROMADO CURVA SAFE,0,0,08/10/2026 10:15:01
13443538,08/10/2026 07:11:24,08/10/2026 07:11:31,gkiriczuk,6409,00:00:44,00:00:07,44,7,En Tiempo,1,2,0,,,Excedido,"LG02N20        ","MONOCOMANDO COCINA BLACK GINEBRA                                      ",0,0,08/10/2026 10:11:31
13443538,08/10/2026 07:11:24,08/10/2026 07:11:31,gkiriczuk,6409,00:00:44,00:00:07,44,7,En Tiempo,1,2,0,,,Excedido,"LG02C20        ","MONOCOMANDO COCINA CR GINEBRA                                         ",0,0,08/10/2026 10:11:31
13443672,08/10/2026 07:23:55,08/10/2026 07:34:40,gsoderquvist,6415,00:08:13,00:10:45,493,645,Fuera de Tiempo,48,16,0,00:08:54,534,Excedido,"51-010         ",51-010 - COCINA MESADA BL/CR LORCA,0,0,08/10/2026 10:34:40
13443672,08/10/2026 07:23:55,08/10/2026 07:34:40,gsoderquvist,6415,00:08:13,00:10:45,493,645,Fuera de Tiempo,16,16,0,00:08:54,534,Excedido,"919/M          ",919/M - JGO.MDA.P.CANO CROMO LAZA,0,0,08/10/2026 10:34:40
13443672,08/10/2026 07:23:55,08/10/2026 07:34:40,gsoderquvist,6415,00:08:13,00:10:45,493,645,Fuera de Tiempo,20,16,0,00:08:54,534,Excedido,"80-059         ",80-059 - DUCHA EMB. C/TRANSF.BL/CR C.STD MALBA,0,0,08/10/2026 10:34:40
13443672,08/10/2026 07:23:55,08/10/2026 07:34:40,gsoderquvist,6415,00:08:13,00:10:45,493,645,Fuera de Tiempo,15,16,0,00:08:54,534,Excedido,"80-058         ",80-058 - DUCHA EMB. C/TRANSF. CR C.STD MALBA,0,0,08/10/2026 10:34:40
13443672,08/10/2026 07:23:55,08/10/2026 07:34:40,gsoderquvist,6415,00:08:13,00:10:45,493,645,Fuera de Tiempo,10,16,0,00:08:54,534,Excedido,"70-058         ",70-058 - BIDE CR C.STD MALBA,0,0,08/10/2026 10:34:40
13443672,08/10/2026 07:23:55,08/10/2026 07:34:40,gsoderquvist,6415,00:08:13,00:10:45,493,645,Fuera de Tiempo,10,16,0,00:08:54,534,Excedido,"60-058         ",60-058 - LAVATORIO CR C.STD MALBA,0,0,08/10/2026 10:34:40
13443672,08/10/2026 07:23:55,08/10/2026 07:34:40,gsoderquvist,6415,00:08:13,00:10:45,493,645,Fuera de Tiempo,16,16,0,00:08:54,534,Excedido,"D439           ",D439 - KIT DE DUCHA MANUAL,0,0,08/10/2026 10:34:40
13443672,08/10/2026 07:23:55,08/10/2026 07:34:40,gsoderquvist,6415,00:08:13,00:10:45,493,645,Fuera de Tiempo,15,16,0,00:08:54,534,Excedido,"80-162         ",80-162 - DUCHA EMB. C/TRANSF. CR C.CERAM ADRA,0,0,08/10/2026 10:34:40
13443672,08/10/2026 07:23:55,08/10/2026 07:34:40,gsoderquvist,6415,00:08:13,00:10:45,493,645,Fuera de Tiempo,16,16,0,00:08:54,534,Excedido,"70-010         ",70-010 - BIDE BL/CR LORCA,0,0,08/10/2026 10:34:40
13443672,08/10/2026 07:23:55,08/10/2026 07:34:40,gsoderquvist,6415,00:08:13,00:10:45,493,645,Fuera de Tiempo,30,16,0,00:08:54,534,Excedido,"80-010         ",80-010 - DUCHA EMB. C/TRANSF. BL/CR LORCA,0,0,08/10/2026 10:34:40
13443672,08/10/2026 07:23:55,08/10/2026 07:34:40,gsoderquvist,6415,00:08:13,00:10:45,493,645,Fuera de Tiempo,4,16,0,00:08:54,534,Excedido,"70-057         ",70-057 - BIDE C.STD VERIN PLUS,0,0,08/10/2026 10:34:40
13443672,08/10/2026 07:23:55,08/10/2026 07:34:40,gsoderquvist,6415,00:08:13,00:10:45,493,645,Fuera de Tiempo,16,16,0,00:08:54,534,Excedido,"429            ","429 - DUCHA EMB.C/TRANSF.CR ""LAZA""",0,0,08/10/2026 10:34:40
13443672,08/10/2026 07:23:55,08/10/2026 07:34:40,gsoderquvist,6415,00:08:13,00:10:45,493,645,Fuera de Tiempo,15,16,0,00:08:54,534,Excedido,"214/CR         ",214/CR - LAVATORIO CR/CR ARES,0,0,08/10/2026 10:34:40
13443672,08/10/2026 07:23:55,08/10/2026 07:34:40,gsoderquvist,6415,00:08:13,00:10:45,493,645,Fuera de Tiempo,5,16,0,00:08:54,534,Excedido,"70-001N        ","70-001N - BIDE ""CROMO Y""",0,0,08/10/2026 10:34:40
13443672,08/10/2026 07:23:55,08/10/2026 07:34:40,gsoderquvist,6415,00:08:13,00:10:45,493,645,Fuera de Tiempo,8,16,0,00:08:54,534,Excedido,"214            ",214 - LAVATORIO CRUZ BL/CR ARES,0,0,08/10/2026 10:34:40
13443672,08/10/2026 07:23:55,08/10/2026 07:34:40,gsoderquvist,6415,00:08:13,00:10:45,493,645,Fuera de Tiempo,8,16,0,00:08:54,534,Excedido,"914/CR         ",914/CR - JGO.MDA.P.CAÑO CR ARES,0,0,08/10/2026 10:34:40
13443682,08/10/2026 07:24:34,08/10/2026 07:24:58,acejas,6417,00:00:53,00:00:24,53,24,En Tiempo,24,1,0,00:13:44,824,Excedido,"20-146         ",20-146 - MONOCOMANDO DE COCINA CR LINEA MOVE,0,0,08/10/2026 10:24:58
13443699,08/10/2026 07:25:44,08/10/2026 07:25:57,acejas,6417,00:00:44,00:00:13,44,13,En Tiempo,1,2,0,00:00:46,46,Logico,"409            ","409 - DUCHA EXT.C/TRANSF.CR ""LAZA""",0,0,08/10/2026 10:25:57
13443699,08/10/2026 07:25:44,08/10/2026 07:25:57,acejas,6417,00:00:44,00:00:13,44,13,En Tiempo,1,2,0,00:00:46,46,Logico,"814/CR         ",814/CR - MESADA P.FUNDIDO CR/CR ARES,0,0,08/10/2026 10:25:57
13443798,08/10/2026 07:37:01,08/10/2026 08:52:35,gsoderquvist,6415,00:09:45,01:15:34,585,4534,Fuera de Tiempo,4,19,0,00:02:21,141,Logico,"02-010         ","VALVULA P/INODORO TEMPORIZADA TECNO                                   ",0,0,08/10/2026 11:52:35
13443798,08/10/2026 07:37:01,08/10/2026 08:52:35,gsoderquvist,6415,00:09:45,01:15:34,585,4534,Fuera de Tiempo,5,19,0,00:02:21,141,Logico,"01-010         ","VALVULA P/MINGITORIO TEMPORIZADA TECNO                                ",0,0,08/10/2026 11:52:35
13443798,08/10/2026 07:37:01,08/10/2026 08:52:35,gsoderquvist,6415,00:09:45,01:15:34,585,4534,Fuera de Tiempo,4,19,0,00:02:21,141,Logico,"03-010         ","LAVATORIO ALTO TEMPORIZADO TECNO                                      ",0,0,08/10/2026 11:52:35
13443798,08/10/2026 07:37:01,08/10/2026 08:52:35,gsoderquvist,6415,00:09:45,01:15:34,585,4534,Fuera de Tiempo,5,19,0,00:02:21,141,Logico,"70-133         ",70-133 - BIDE MONOCOMANDO LUGO,0,0,08/10/2026 11:52:35
13443798,08/10/2026 07:37:01,08/10/2026 08:52:35,gsoderquvist,6415,00:09:45,01:15:34,585,4534,Fuera de Tiempo,4,19,0,00:02:21,141,Logico,"83-133         ",83-133 - DUCHA EXT. C/TRANSF. MONOCOMANDO LUGO,0,0,08/10/2026 11:52:35
13443798,08/10/2026 07:37:01,08/10/2026 08:52:35,gsoderquvist,6415,00:09:45,01:15:34,585,4534,Fuera de Tiempo,5,19,0,00:02:21,141,Logico,"60-133         ",60-133 - LAVATORIO MONOCOMANDO LUGO,0,0,08/10/2026 11:52:35
13443798,08/10/2026 07:37:01,08/10/2026 08:52:35,gsoderquvist,6415,00:09:45,01:15:34,585,4534,Fuera de Tiempo,3,19,0,00:02:21,141,Logico,"80-203P        ",80-203P - DUCHA EMB C/TRANSF. MONOCOMANDO ADRA PLUS,0,0,08/10/2026 11:52:35
13443798,08/10/2026 07:37:01,08/10/2026 08:52:35,gsoderquvist,6415,00:09:45,01:15:34,585,4534,Fuera de Tiempo,30,19,0,00:02:21,141,Logico,"RA714          ",RA714 - VOLANTE LAZA CROMO COMPLETO,0,0,08/10/2026 11:52:35
13443798,08/10/2026 07:37:01,08/10/2026 08:52:35,gsoderquvist,6415,00:09:45,01:15:34,585,4534,Fuera de Tiempo,20,19,0,00:02:21,141,Logico,"RA5029H        ",RA5029H - VOLANTE HOT CROMO Y,0,0,08/10/2026 11:52:35
13443798,08/10/2026 07:37:01,08/10/2026 08:52:35,gsoderquvist,6415,00:09:45,01:15:34,585,4534,Fuera de Tiempo,20,19,0,00:02:21,141,Logico,"RA5029C        ",RA5029C - VOLANTE COLD CROMO Y,0,0,08/10/2026 11:52:35
13443798,08/10/2026 07:37:01,08/10/2026 08:52:35,gsoderquvist,6415,00:09:45,01:15:34,585,4534,Fuera de Tiempo,10,19,0,00:02:21,141,Logico,"RA5029T        ",RA5029T - VOLANTE TRANSFERENCIA CROMO Y,0,0,08/10/2026 11:52:35
13443798,08/10/2026 07:37:01,08/10/2026 08:52:35,gsoderquvist,6415,00:09:45,01:15:34,585,4534,Fuera de Tiempo,10,19,0,00:02:21,141,Logico,"RA818          ",RA818 - VOLANTE CR DIQUE,0,0,08/10/2026 11:52:35
13443798,08/10/2026 07:37:01,08/10/2026 08:52:35,gsoderquvist,6415,00:09:45,01:15:34,585,4534,Fuera de Tiempo,50,19,0,00:02:21,141,Logico,"RA001          ",RA001 - CABEZAL STD NO ASCENDENTE,0,0,08/10/2026 11:52:35
13443798,08/10/2026 07:37:01,08/10/2026 08:52:35,gsoderquvist,6415,00:09:45,01:15:34,585,4534,Fuera de Tiempo,20,19,0,00:02:21,141,Logico,"RA002          ",RA002 - CABEZAL DERECHO CIERRE CERAMICO (FRIA),0,0,08/10/2026 11:52:35
13443798,08/10/2026 07:37:01,08/10/2026 08:52:35,gsoderquvist,6415,00:09:45,01:15:34,585,4534,Fuera de Tiempo,10,19,0,00:02:21,141,Logico,"RA5041         ",RA5041 - VOLANTE RENACER COMPLETO,0,0,08/10/2026 11:52:35
13443798,08/10/2026 07:37:01,08/10/2026 08:52:35,gsoderquvist,6415,00:09:45,01:15:34,585,4534,Fuera de Tiempo,10,19,0,00:02:21,141,Logico,"RA706C         ",RA706C - VOLANTE MURCIA/KEOPS4 CROMO,0,0,08/10/2026 11:52:35
13443798,08/10/2026 07:37:01,08/10/2026 08:52:35,gsoderquvist,6415,00:09:45,01:15:34,585,4534,Fuera de Tiempo,10,19,0,00:02:21,141,Logico,"RA967          ",RA967 - CAMPANA VALENCIA - MALLORCA,0,0,08/10/2026 11:52:35
13443798,08/10/2026 07:37:01,08/10/2026 08:52:35,gsoderquvist,6415,00:09:45,01:15:34,585,4534,Fuera de Tiempo,10,19,0,00:02:21,141,Logico,"RA039          ",RA039 - CONJUNTO SUJECION MONOCOMANDO VERIN,0,0,08/10/2026 11:52:35
13443798,08/10/2026 07:37:01,08/10/2026 08:52:35,gsoderquvist,6415,00:09:45,01:15:34,585,4534,Fuera de Tiempo,30,19,0,00:02:21,141,Logico,"RA1077         ",RA1077 - CAMPANA COMPLETA CROMO Y,0,0,08/10/2026 11:52:35
13443864,08/10/2026 07:43:11,08/10/2026 07:54:24,rodriguezt,6419,00:07:28,00:11:13,448,673,Fuera de Tiempo,3,29,0,01:14:42,4482,Excedido,"70-010         ",70-010 - BIDE BL/CR LORCA,0,0,08/10/2026 10:54:24
13443864,08/10/2026 07:43:11,08/10/2026 07:54:24,rodriguezt,6419,00:07:28,00:11:13,448,673,Fuera de Tiempo,2,29,0,01:14:42,4482,Excedido,"835/C          ",835/C - JGO.MDA.P.FUND. CR C.CERAM. MURCIA,0,0,08/10/2026 10:54:24
13443864,08/10/2026 07:43:11,08/10/2026 07:54:24,rodriguezt,6419,00:07:28,00:11:13,448,673,Fuera de Tiempo,2,29,0,01:14:42,4482,Excedido,"835            ",835 - JGO.MDA. P.FUNDIDO CR MURCIA,0,0,08/10/2026 10:54:24
13443864,08/10/2026 07:43:11,08/10/2026 07:54:24,rodriguezt,6419,00:07:28,00:11:13,448,673,Fuera de Tiempo,2,29,0,01:14:42,4482,Excedido,"215            ","215 - LAVATORIO CROMO ""MURCIA""",0,0,08/10/2026 10:54:24
13443864,08/10/2026 07:43:11,08/10/2026 07:54:24,rodriguezt,6419,00:07:28,00:11:13,448,673,Fuera de Tiempo,3,29,0,01:14:42,4482,Excedido,"910/M          ","910/M - JGO.MDA.P.CANO CROMO ""DIQUE""",0,0,08/10/2026 10:54:24
13443864,08/10/2026 07:43:11,08/10/2026 07:54:24,rodriguezt,6419,00:07:28,00:11:13,448,673,Fuera de Tiempo,5,29,0,01:14:42,4482,Excedido,"919/M          ",919/M - JGO.MDA.P.CANO CROMO LAZA,0,0,08/10/2026 10:54:24
13443864,08/10/2026 07:43:11,08/10/2026 07:54:24,rodriguezt,6419,00:07:28,00:11:13,448,673,Fuera de Tiempo,1,29,0,01:14:42,4482,Excedido,"51-002         ",51-002 - COCINA MESADA RENACER,0,0,08/10/2026 10:54:24
13443864,08/10/2026 07:43:11,08/10/2026 07:54:24,rodriguezt,6419,00:07:28,00:11:13,448,673,Fuera de Tiempo,2,29,0,01:14:42,4482,Excedido,"60-002         ",60-002 - LAVATORIO RENACER,0,0,08/10/2026 10:54:24
13443864,08/10/2026 07:43:11,08/10/2026 07:54:24,rodriguezt,6419,00:07:28,00:11:13,448,673,Fuera de Tiempo,4,29,0,01:14:42,4482,Excedido,"423            ","423 - DUCHA EMB. C/TRANSF.CR ""DIQUE""",0,0,08/10/2026 10:54:24
13443864,08/10/2026 07:43:11,08/10/2026 07:54:24,rodriguezt,6419,00:07:28,00:11:13,448,673,Fuera de Tiempo,3,29,0,01:14:42,4482,Excedido,"203            ","203 - LAVATORIO CROMO ""DIQUE""",0,0,08/10/2026 10:54:24
13443864,08/10/2026 07:43:11,08/10/2026 07:54:24,rodriguezt,6419,00:07:28,00:11:13,448,673,Fuera de Tiempo,2,29,0,01:14:42,4482,Excedido,"50-002         ",50-002 - MESADA PICO FUNDIDO RENACER CROMO,0,0,08/10/2026 10:54:24
13443864,08/10/2026 07:43:11,08/10/2026 07:54:24,rodriguezt,6419,00:07:28,00:11:13,448,673,Fuera de Tiempo,2,29,0,01:14:42,4482,Excedido,"80-002         ",80-002 - DUCHA EMB C/TRANSF. RENACER,0,0,08/10/2026 10:54:24
13443864,08/10/2026 07:43:11,08/10/2026 07:54:24,rodriguezt,6419,00:07:28,00:11:13,448,673,Fuera de Tiempo,5,29,0,01:14:42,4482,Excedido,"80-059         ",80-059 - DUCHA EMB. C/TRANSF.BL/CR C.STD MALBA,0,0,08/10/2026 10:54:24
13443864,08/10/2026 07:43:11,08/10/2026 07:54:24,rodriguezt,6419,00:07:28,00:11:13,448,673,Fuera de Tiempo,5,29,0,01:14:42,4482,Excedido,"60-059         ",60-059 - LAVATORIO BL/CR C.STD MALBA,0,0,08/10/2026 10:54:24
13443864,08/10/2026 07:43:11,08/10/2026 07:54:24,rodriguezt,6419,00:07:28,00:11:13,448,673,Fuera de Tiempo,3,29,0,01:14:42,4482,Excedido,"70-059         ",70-059 - BIDE BL/CR C.STD MALBA,0,0,08/10/2026 10:54:24
13443864,08/10/2026 07:43:11,08/10/2026 07:54:24,rodriguezt,6419,00:07:28,00:11:13,448,673,Fuera de Tiempo,2,29,0,01:14:42,4482,Excedido,"814/CR         ",814/CR - MESADA P.FUNDIDO CR/CR ARES,0,0,08/10/2026 10:54:24
13443864,08/10/2026 07:43:11,08/10/2026 07:54:24,rodriguezt,6419,00:07:28,00:11:13,448,673,Fuera de Tiempo,2,29,0,01:14:42,4482,Excedido,"214/CR         ",214/CR - LAVATORIO CR/CR ARES,0,0,08/10/2026 10:54:24
13443864,08/10/2026 07:43:11,08/10/2026 07:54:24,rodriguezt,6419,00:07:28,00:11:13,448,673,Fuera de Tiempo,6,29,0,01:14:42,4482,Excedido,"80-001N        ","80-001N - DUCHA EMB. C/TRANSF. ""CROMO Y""",0,0,08/10/2026 10:54:24
13443864,08/10/2026 07:43:11,08/10/2026 07:54:24,rodriguezt,6419,00:07:28,00:11:13,448,673,Fuera de Tiempo,6,29,0,01:14:42,4482,Excedido,"70-001N        ","70-001N - BIDE ""CROMO Y""",0,0,08/10/2026 10:54:24
13443864,08/10/2026 07:43:11,08/10/2026 07:54:24,rodriguezt,6419,00:07:28,00:11:13,448,673,Fuera de Tiempo,6,29,0,01:14:42,4482,Excedido,"60-001N        ","60-001N - LAVATORIO ""CROMO Y""",0,0,08/10/2026 10:54:24
13443864,08/10/2026 07:43:11,08/10/2026 07:54:24,rodriguezt,6419,00:07:28,00:11:13,448,673,Fuera de Tiempo,6,29,0,01:14:42,4482,Excedido,"429            ","429 - DUCHA EMB.C/TRANSF.CR ""LAZA""",0,0,08/10/2026 10:54:24
13443864,08/10/2026 07:43:11,08/10/2026 07:54:24,rodriguezt,6419,00:07:28,00:11:13,448,673,Fuera de Tiempo,5,29,0,01:14:42,4482,Excedido,"939            ",939 - JGO.COCINA C/EXTENSIBLE CR LAZA,0,0,08/10/2026 10:54:24
13443864,08/10/2026 07:43:11,08/10/2026 07:54:24,rodriguezt,6419,00:07:28,00:11:13,448,673,Fuera de Tiempo,6,29,0,01:14:42,4482,Excedido,"209            ",209 - LAVATORIO CROMO LAZA,0,0,08/10/2026 10:54:24
13443864,08/10/2026 07:43:11,08/10/2026 07:54:24,rodriguezt,6419,00:07:28,00:11:13,448,673,Fuera de Tiempo,6,29,0,01:14:42,4482,Excedido,"309            ","309 - BIDE CROMO ""LAZA""",0,0,08/10/2026 10:54:24
13443864,08/10/2026 07:43:11,08/10/2026 07:54:24,rodriguezt,6419,00:07:28,00:11:13,448,673,Fuera de Tiempo,1,29,0,01:14:42,4482,Excedido,"80-122         ",80-122 - DUCHA EMB.C/TRANSF. C.CERAM CR VALENCIA,0,0,08/10/2026 10:54:24
13443864,08/10/2026 07:43:11,08/10/2026 07:54:24,rodriguezt,6419,00:07:28,00:11:13,448,673,Fuera de Tiempo,1,29,0,01:14:42,4482,Excedido,"60-122         ",60-122 - LAVATORIO C.CERAM CR VALENCIA,0,0,08/10/2026 10:54:24
13443864,08/10/2026 07:43:11,08/10/2026 07:54:24,rodriguezt,6419,00:07:28,00:11:13,448,673,Fuera de Tiempo,3,29,0,01:14:42,4482,Excedido,"51-107         ",51-107 - JGO. MESADA CR C.CERAM BEDIA,0,0,08/10/2026 10:54:24
13443864,08/10/2026 07:43:11,08/10/2026 07:54:24,rodriguezt,6419,00:07:28,00:11:13,448,673,Fuera de Tiempo,2,29,0,01:14:42,4482,Excedido,"70-121         ",70-121 - BIDE C.CERAM CR MARBELLA,0,0,08/10/2026 10:54:24
13443864,08/10/2026 07:43:11,08/10/2026 07:54:24,rodriguezt,6419,00:07:28,00:11:13,448,673,Fuera de Tiempo,1,29,0,01:14:42,4482,Excedido,"20-121         ",20-121 - COCINA MSDA MONOC.P. REDONDO MARBELLA,0,0,08/10/2026 10:54:24
13443956,08/10/2026 07:48:14,08/10/2026 07:48:22,acejas,6417,00:00:39,00:00:08,39,8,En Tiempo,1,1,0,00:22:17,1337,Excedido,"BID103-3       ","BIDE 3 AGUJEROS BLANCO LINEA URBAN                                    ",0,0,08/10/2026 10:48:22
13443963,08/10/2026 07:48:46,08/10/2026 07:53:12,acejas,6417,00:01:06,00:04:26,66,266,Fuera de Tiempo,8,3,0,00:00:24,24,Logico,"22-178         ",22-178 - MONOCOMANDO DE COCINA P/AGUA FILTRADA VITA,0,0,08/10/2026 10:53:12
13443963,08/10/2026 07:48:46,08/10/2026 07:53:12,acejas,6417,00:01:06,00:04:26,66,266,Fuera de Tiempo,10,3,0,00:00:24,24,Logico,"20-205         ",20-205 - MONOCOMANDO DE COCINA STEEL,0,0,08/10/2026 10:53:12
13443963,08/10/2026 07:48:46,08/10/2026 07:53:12,acejas,6417,00:01:06,00:04:26,66,266,Fuera de Tiempo,4,3,0,00:00:24,24,Logico,"20-147         ",20-147 - MONOCOMANDO DE COCINA SWIFT,0,0,08/10/2026 10:53:12
13444066,08/10/2026 07:56:25,08/10/2026 07:56:52,acejas,6417,00:00:54,00:00:27,54,27,En Tiempo,3,2,0,00:03:13,193,Logico,"409            ","409 - DUCHA EXT.C/TRANSF.CR ""LAZA""",0,0,08/10/2026 10:56:52
13444066,08/10/2026 07:56:25,08/10/2026 07:56:52,acejas,6417,00:00:54,00:00:27,54,27,En Tiempo,4,2,0,00:03:13,193,Logico,"814/CR         ",814/CR - MESADA P.FUNDIDO CR/CR ARES,0,0,08/10/2026 10:56:52
13444164,08/10/2026 08:02:06,08/10/2026 08:05:47,acejas,6417,00:01:13,00:03:41,73,221,Fuera de Tiempo,10,4,0,00:05:14,314,Logico,"51-058         ",51-058 - COCINA MESADA CR C.STD MALBA,0,0,08/10/2026 11:05:47
13444164,08/10/2026 08:02:06,08/10/2026 08:05:47,acejas,6417,00:01:13,00:03:41,73,221,Fuera de Tiempo,2,4,0,00:05:14,314,Logico,"70-162         ",70-162 - BIDE CR C.CERAM LINEA ADRA,0,0,08/10/2026 11:05:47
13444164,08/10/2026 08:02:06,08/10/2026 08:05:47,acejas,6417,00:01:13,00:03:41,73,221,Fuera de Tiempo,2,4,0,00:05:14,314,Logico,"61-203         ",61-203 - LAVATORIO MONOCOMANDO ALTO ADRA,0,0,08/10/2026 11:05:47
13444164,08/10/2026 08:02:06,08/10/2026 08:05:47,acejas,6417,00:01:13,00:03:41,73,221,Fuera de Tiempo,1,4,0,00:05:14,314,Logico,"21-160         ","MONOCOMANDO DUO COCINA CROMO DIQUE                                    ",0,0,08/10/2026 11:05:47
13444443,08/10/2026 08:17:50,08/10/2026 08:33:23,acejas,6417,00:07:10,00:15:33,430,933,Fuera de Tiempo,1,47,0,00:12:03,723,Excedido,"BAI01NI        ",BAI01NI - BACHA EMB COCINA C/ACCESORIOS 750x450x220 NICKEL BRUSHED,0,0,08/10/2026 11:33:23
13444443,08/10/2026 08:17:50,08/10/2026 08:33:23,acejas,6417,00:07:10,00:15:33,430,933,Fuera de Tiempo,1,47,0,00:12:03,723,Excedido,"60-203N        ","LAVATORIO MONOCOMANDO BAJO ADRA BLACK                                 ",0,0,08/10/2026 11:33:23
13444443,08/10/2026 08:17:50,08/10/2026 08:33:23,acejas,6417,00:07:10,00:15:33,430,933,Fuera de Tiempo,2,47,0,00:12:03,723,Excedido,"60-203         ",60-203 - LAVATORIO MONOCOMANDO BAJO ADRA,0,0,08/10/2026 11:33:23
13444443,08/10/2026 08:17:50,08/10/2026 08:33:23,acejas,6417,00:07:10,00:15:33,430,933,Fuera de Tiempo,2,47,0,00:12:03,723,Excedido,"61-203         ",61-203 - LAVATORIO MONOCOMANDO ALTO ADRA,0,0,08/10/2026 11:33:23
13444443,08/10/2026 08:17:50,08/10/2026 08:33:23,acejas,6417,00:07:10,00:15:33,430,933,Fuera de Tiempo,2,47,0,00:12:03,723,Excedido,"19006          ",19006 - SET DE 6 PIEZAS LINEA 19000,0,0,08/10/2026 11:33:23
13444443,08/10/2026 08:17:50,08/10/2026 08:33:23,acejas,6417,00:07:10,00:15:33,430,933,Fuera de Tiempo,1,47,0,00:12:03,723,Excedido,"80-168         ",80-168 - DUCHA EMB C/TRANSF MONOC CR WAVE,0,0,08/10/2026 11:33:23
13444443,08/10/2026 08:17:50,08/10/2026 08:33:23,acejas,6417,00:07:10,00:15:33,430,933,Fuera de Tiempo,1,47,0,00:12:03,723,Excedido,"12006          ","SET DE 6 PIEZAS LINEA 12000                                           ",0,0,08/10/2026 11:33:23
13444443,08/10/2026 08:17:50,08/10/2026 08:33:23,acejas,6417,00:07:10,00:15:33,430,933,Fuera de Tiempo,2,47,0,00:12:03,723,Excedido,"17030G         ",17030G - PERCHA LINEA FABRIC GOLD,0,0,08/10/2026 11:33:23
13444443,08/10/2026 08:17:50,08/10/2026 08:33:23,acejas,6417,00:07:10,00:15:33,430,933,Fuera de Tiempo,1,47,0,00:12:03,723,Excedido,"12006N         ","SET DE 6 PIEZAS LINEA 12000 BLACK                                     ",0,0,08/10/2026 11:33:23
13444443,08/10/2026 08:17:50,08/10/2026 08:33:23,acejas,6417,00:07:10,00:15:33,430,933,Fuera de Tiempo,1,47,0,00:12:03,723,Excedido,"20010GR        ",20010GR - TOALLERO BARRAL GRAFITO LINEA PULSE  ,0,0,08/10/2026 11:33:23
13444443,08/10/2026 08:17:50,08/10/2026 08:33:23,acejas,6417,00:07:10,00:15:33,430,933,Fuera de Tiempo,10,47,0,00:12:03,723,Excedido,"61-183         ","LAVATORIO MONOCOMANDO ALTO MAT                                        ",0,0,08/10/2026 11:33:23
13444443,08/10/2026 08:17:50,08/10/2026 08:33:23,acejas,6417,00:07:10,00:15:33,430,933,Fuera de Tiempo,1,47,0,00:12:03,723,Excedido,"80-203P        ",80-203P - DUCHA EMB C/TRANSF. MONOCOMANDO ADRA PLUS,0,0,08/10/2026 11:33:23
13444443,08/10/2026 08:17:50,08/10/2026 08:33:23,acejas,6417,00:07:10,00:15:33,430,933,Fuera de Tiempo,9,47,0,00:12:03,723,Excedido,"20-183         ","MONOCOMANDO DE COCINA MAT                                             ",0,0,08/10/2026 11:33:23
13444443,08/10/2026 08:17:50,08/10/2026 08:33:23,acejas,6417,00:07:10,00:15:33,430,933,Fuera de Tiempo,9,47,0,00:12:03,723,Excedido,"85-183         ","DUCHA EMB C/TRANSF Y DUCHADOR MONOC MAT                               ",0,0,08/10/2026 11:33:23
13444443,08/10/2026 08:17:50,08/10/2026 08:33:23,acejas,6417,00:07:10,00:15:33,430,933,Fuera de Tiempo,2,47,0,00:12:03,723,Excedido,"17040G         ",17040G - PORTA ROLLO LINEA FABRIC GOLD,0,0,08/10/2026 11:33:23
13444443,08/10/2026 08:17:50,08/10/2026 08:33:23,acejas,6417,00:07:10,00:15:33,430,933,Fuera de Tiempo,1,47,0,00:12:03,723,Excedido,"20-162         ",20-162 - MONOCOMANDO COCINA ADRA,0,0,08/10/2026 11:33:23
13444443,08/10/2026 08:17:50,08/10/2026 08:33:23,acejas,6417,00:07:10,00:15:33,430,933,Fuera de Tiempo,11,47,0,00:12:03,723,Excedido,"60-183         ","LAVATORIO MONOCOMANDO BAJO MAT                                        ",0,0,08/10/2026 11:33:23
13444443,08/10/2026 08:17:50,08/10/2026 08:33:23,acejas,6417,00:07:10,00:15:33,430,933,Fuera de Tiempo,1,47,0,00:12:03,723,Excedido,"80-203         ",80-203 - DUCHA EMB C/TRANSF. MONOCOMANDO ADRA,0,0,08/10/2026 11:33:23
13444443,08/10/2026 08:17:50,08/10/2026 08:33:23,acejas,6417,00:07:10,00:15:33,430,933,Fuera de Tiempo,2,47,0,00:12:03,723,Excedido,"17020G         ",17020G - TOALLERO DE ARO LINEA FABRIC GOLD,0,0,08/10/2026 11:33:23
13444443,08/10/2026 08:17:50,08/10/2026 08:33:23,acejas,6417,00:07:10,00:15:33,430,933,Fuera de Tiempo,2,47,0,00:12:03,723,Excedido,"17010G         ",17010G - TOALLERO BARRAL LINEA FABRIC GOLD,0,0,08/10/2026 11:33:23
13444443,08/10/2026 08:17:50,08/10/2026 08:33:23,acejas,6417,00:07:10,00:15:33,430,933,Fuera de Tiempo,1,47,0,00:12:03,723,Excedido,"20-205         ",20-205 - MONOCOMANDO DE COCINA STEEL,0,0,08/10/2026 11:33:23
13444443,08/10/2026 08:17:50,08/10/2026 08:33:23,acejas,6417,00:07:10,00:15:33,430,933,Fuera de Tiempo,1,47,0,00:12:03,723,Excedido,"20-147         ",20-147 - MONOCOMANDO DE COCINA SWIFT,0,0,08/10/2026 11:33:23
13444443,08/10/2026 08:17:50,08/10/2026 08:33:23,acejas,6417,00:07:10,00:15:33,430,933,Fuera de Tiempo,3,47,0,00:12:03,723,Excedido,"21100N         ",21100N - ESTANTE ORGANIZADOR RECTANGULAR BLACK 25x12x7,0,0,08/10/2026 11:33:23
13444443,08/10/2026 08:17:50,08/10/2026 08:33:23,acejas,6417,00:07:10,00:15:33,430,933,Fuera de Tiempo,2,47,0,00:12:03,723,Excedido,"61-176         ",61-176 - LAVATORIO MONOC ALTO CR RIO,0,0,08/10/2026 11:33:23
13444443,08/10/2026 08:17:50,08/10/2026 08:33:23,acejas,6417,00:07:10,00:15:33,430,933,Fuera de Tiempo,3,47,0,00:12:03,723,Excedido,"60-176         ","LAVATORIO MONOCOMANDO BAJO CR RIO                                     ",0,0,08/10/2026 11:33:23
13444443,08/10/2026 08:17:50,08/10/2026 08:33:23,acejas,6417,00:07:10,00:15:33,430,933,Fuera de Tiempo,2,47,0,00:12:03,723,Excedido,"80-176         ",80-176 - DUCHA EMB C/TRANSF MONOC CR RIO,0,0,08/10/2026 11:33:23
13444443,08/10/2026 08:17:50,08/10/2026 08:33:23,acejas,6417,00:07:10,00:15:33,430,933,Fuera de Tiempo,2,47,0,00:12:03,723,Excedido,"60-180         ",60-180 - LAVATORIO MONOCOMANDO BAJO VERA,0,0,08/10/2026 11:33:23
13444443,08/10/2026 08:17:50,08/10/2026 08:33:23,acejas,6417,00:07:10,00:15:33,430,933,Fuera de Tiempo,1,47,0,00:12:03,723,Excedido,"61-180         ",61-180 - LAVATORIO MONOCOMANDO ALTO VERA,0,0,08/10/2026 11:33:23
13444443,08/10/2026 08:17:50,08/10/2026 08:33:23,acejas,6417,00:07:10,00:15:33,430,933,Fuera de Tiempo,1,47,0,00:12:03,723,Excedido,"20-100G        ",20-100G - MONOCOMANDO DE COCINA FABRIC GOLD,0,0,08/10/2026 11:33:23
13444443,08/10/2026 08:17:50,08/10/2026 08:33:23,acejas,6417,00:07:10,00:15:33,430,933,Fuera de Tiempo,1,47,0,00:12:03,723,Excedido,"20050GR        ",20050GR - JABONERA GRAFITO LINEA PULSE   ,0,0,08/10/2026 11:33:23
13444443,08/10/2026 08:17:50,08/10/2026 08:33:23,acejas,6417,00:07:10,00:15:33,430,933,Fuera de Tiempo,1,47,0,00:12:03,723,Excedido,"20060GR        ",20060GR - PORTA VASO Y CEPILLO GRAFITO LINEA PULSE,0,0,08/10/2026 11:33:23
13444443,08/10/2026 08:17:50,08/10/2026 08:33:23,acejas,6417,00:07:10,00:15:33,430,933,Fuera de Tiempo,1,47,0,00:12:03,723,Excedido,"20030GR        ",20030GR - PERCHA GRAFITO LINEA PULSE  ,0,0,08/10/2026 11:33:23
13444443,08/10/2026 08:17:50,08/10/2026 08:33:23,acejas,6417,00:07:10,00:15:33,430,933,Fuera de Tiempo,1,47,0,00:12:03,723,Excedido,"20040GR        ",20040GR - PORTA ROLLO GRAFITO LINEA PULSE,0,0,08/10/2026 11:33:23
13444443,08/10/2026 08:17:50,08/10/2026 08:33:23,acejas,6417,00:07:10,00:15:33,430,933,Fuera de Tiempo,1,47,0,00:12:03,723,Excedido,"20-174         ",20-174 - COCINA MESADA MONOC. COLORS BLACK,0,0,08/10/2026 11:33:23
13444443,08/10/2026 08:17:50,08/10/2026 08:33:23,acejas,6417,00:07:10,00:15:33,430,933,Fuera de Tiempo,1,47,0,00:12:03,723,Excedido,"61-168         ",61-168 - LAVATORIO MONOC ALTO CR WAVE,0,0,08/10/2026 11:33:23
13444443,08/10/2026 08:17:50,08/10/2026 08:33:23,acejas,6417,00:07:10,00:15:33,430,933,Fuera de Tiempo,4,47,0,00:12:03,723,Excedido,"21200          ",21200 - ESQUINERO ORGANIZADOR 19x19x7,0,0,08/10/2026 11:33:23
13444443,08/10/2026 08:17:50,08/10/2026 08:33:23,acejas,6417,00:07:10,00:15:33,430,933,Fuera de Tiempo,1,47,0,00:12:03,723,Excedido,"3006SS         ",3006SS - SET DE 6 PIEZAS LINEA 3000 SS,0,0,08/10/2026 11:33:23
13444443,08/10/2026 08:17:50,08/10/2026 08:33:23,acejas,6417,00:07:10,00:15:33,430,933,Fuera de Tiempo,1,47,0,00:12:03,723,Excedido,"20-168         ",20-168 - MONOCOMANDO COCINA CR WAVE,0,0,08/10/2026 11:33:23
13444443,08/10/2026 08:17:50,08/10/2026 08:33:23,acejas,6417,00:07:10,00:15:33,430,933,Fuera de Tiempo,1,47,0,00:12:03,723,Excedido,"60-168         ",60-168 - LAVATORIO MONOC BAJO CR WAVE,0,0,08/10/2026 11:33:23
13444443,08/10/2026 08:17:50,08/10/2026 08:33:23,acejas,6417,00:07:10,00:15:33,430,933,Fuera de Tiempo,1,47,0,00:12:03,723,Excedido,"61-205         ",61-205 - LAVATORIO MONOC ALTO STEEL,0,0,08/10/2026 11:33:23
13444443,08/10/2026 08:17:50,08/10/2026 08:33:23,acejas,6417,00:07:10,00:15:33,430,933,Fuera de Tiempo,1,47,0,00:12:03,723,Excedido,"60-205         ",60-205 - LAVATORIO MONOC BAJO STEEL,0,0,08/10/2026 11:33:23
13444443,08/10/2026 08:17:50,08/10/2026 08:33:23,acejas,6417,00:07:10,00:15:33,430,933,Fuera de Tiempo,6,47,0,00:12:03,723,Excedido,"84-203         ","DUCHA EXT C/COLUMNA Y TRANSF CR ADRA                                  ",0,0,08/10/2026 11:33:23
13444443,08/10/2026 08:17:50,08/10/2026 08:33:23,acejas,6417,00:07:10,00:15:33,430,933,Fuera de Tiempo,1,47,0,00:12:03,723,Excedido,"20020GR        ",20020GR - TOALLERO DE ARO GRAFITO LINEA PULSE,0,0,08/10/2026 11:33:23
13444443,08/10/2026 08:17:50,08/10/2026 08:33:23,acejas,6417,00:07:10,00:15:33,430,933,Fuera de Tiempo,5,47,0,00:12:03,723,Excedido,"20-184         ","MONOCOMANDO DE COCINA CR SUV                                          ",0,0,08/10/2026 11:33:23
13444443,08/10/2026 08:17:50,08/10/2026 08:33:23,acejas,6417,00:07:10,00:15:33,430,933,Fuera de Tiempo,2,47,0,00:12:03,723,Excedido,"17060G         ",17060G - PORTA VASO Y CEPILLO  LINEA FABRIC GOLD,0,0,08/10/2026 11:33:23
13444443,08/10/2026 08:17:50,08/10/2026 08:33:23,acejas,6417,00:07:10,00:15:33,430,933,Fuera de Tiempo,2,47,0,00:12:03,723,Excedido,"17050G         ",17050G - JABONERA  LINEA FABRIC GOLD,0,0,08/10/2026 11:33:23
13444443,08/10/2026 08:17:50,08/10/2026 08:33:23,acejas,6417,00:07:10,00:15:33,430,933,Fuera de Tiempo,1,47,0,00:12:03,723,Excedido,"A1539          ","TAPA Y TECLA PARA VALVULA DE DESCARGA CUADRADA MINIMALISTA CR         ",0,0,08/10/2026 11:33:23
13445576,08/10/2026 09:00:41,08/10/2026 09:26:13,acejas,6417,00:10:24,00:25:32,624,1532,Fuera de Tiempo,6,25,0,00:27:18,1638,Excedido,"A018           ",A018 - FLEXIBLE DUCHADOR CROMO C/BLISTER,0,0,08/10/2026 12:26:13
13445576,08/10/2026 09:00:41,08/10/2026 09:26:13,acejas,6417,00:10:24,00:25:32,624,1532,Fuera de Tiempo,6,25,0,00:27:18,1638,Excedido,"12003          ","SET DE 3 PIEZAS LINEA 12000                                           ",0,0,08/10/2026 12:26:13
13445576,08/10/2026 09:00:41,08/10/2026 09:26:13,acejas,6417,00:10:24,00:25:32,624,1532,Fuera de Tiempo,6,25,0,00:27:18,1638,Excedido,"A813           ",A813 - DUCHA C/BRAZO Y CAMPANA CR 3 FUNCIONES,0,0,08/10/2026 12:26:13
13445576,08/10/2026 09:00:41,08/10/2026 09:26:13,acejas,6417,00:10:24,00:25:32,624,1532,Fuera de Tiempo,1,25,0,00:27:18,1638,Excedido,"BID102-3       ","BIDE 3 AGUJEROS BLANCO LINEA LOFT                                     ",0,0,08/10/2026 12:26:13
13445576,08/10/2026 09:00:41,08/10/2026 09:26:13,acejas,6417,00:10:24,00:25:32,624,1532,Fuera de Tiempo,1,25,0,00:27:18,1638,Excedido,"BID102-1       ","BIDE 1 AGUJERO BLANCO LINEA LOFT                                      ",0,0,08/10/2026 12:26:13
13445576,08/10/2026 09:00:41,08/10/2026 09:26:13,acejas,6417,00:10:24,00:25:32,624,1532,Fuera de Tiempo,4,25,0,00:27:18,1638,Excedido,"8020           ",8020 - TOALLERO DE ARO LINEA 8000,0,0,08/10/2026 12:26:13
13445576,08/10/2026 09:00:41,08/10/2026 09:26:13,acejas,6417,00:10:24,00:25:32,624,1532,Fuera de Tiempo,2,25,0,00:27:18,1638,Excedido,"70-133         ",70-133 - BIDE MONOCOMANDO LUGO,0,0,08/10/2026 12:26:13
13445576,08/10/2026 09:00:41,08/10/2026 09:26:13,acejas,6417,00:10:24,00:25:32,624,1532,Fuera de Tiempo,2,25,0,00:27:18,1638,Excedido,"LG02N61        ",LG02N61 - LAVATORIO MONOC ALTO BLACK GINEBRA,0,0,08/10/2026 12:26:13
13445576,08/10/2026 09:00:41,08/10/2026 09:26:13,acejas,6417,00:10:24,00:25:32,624,1532,Fuera de Tiempo,2,25,0,00:27:18,1638,Excedido,"12006          ","SET DE 6 PIEZAS LINEA 12000                                           ",0,0,08/10/2026 12:26:13
13445576,08/10/2026 09:00:41,08/10/2026 09:26:13,acejas,6417,00:10:24,00:25:32,624,1532,Fuera de Tiempo,6,25,0,00:27:18,1638,Excedido,"3006           ",3006 - SET DE 6 PIEZAS LINEA 3000,0,0,08/10/2026 12:26:13
13445576,08/10/2026 09:00:41,08/10/2026 09:26:13,acejas,6417,00:10:24,00:25:32,624,1532,Fuera de Tiempo,2,25,0,00:27:18,1638,Excedido,"11006          ","SET DE 6 PIEZAS LINEA 11000                                           ",0,0,08/10/2026 12:26:13
13445576,08/10/2026 09:00:41,08/10/2026 09:26:13,acejas,6417,00:10:24,00:25:32,624,1532,Fuera de Tiempo,2,25,0,00:27:18,1638,Excedido,"10005CR        ","SET DE 5 PIEZAS LINEA 10000 MINIMALISTA                               ",0,0,08/10/2026 12:26:13
13445576,08/10/2026 09:00:41,08/10/2026 09:26:13,acejas,6417,00:10:24,00:25:32,624,1532,Fuera de Tiempo,6,25,0,00:27:18,1638,Excedido,"20-160         ",20-160 - MONOCOMANDO MESADA COCINA DIQUE,0,0,08/10/2026 12:26:13
13445576,08/10/2026 09:00:41,08/10/2026 09:26:13,acejas,6417,00:10:24,00:25:32,624,1532,Fuera de Tiempo,4,25,0,00:27:18,1638,Excedido,"83-133         ",83-133 - DUCHA EXT. C/TRANSF. MONOCOMANDO LUGO,0,0,08/10/2026 12:26:13
13445576,08/10/2026 09:00:41,08/10/2026 09:26:13,acejas,6417,00:10:24,00:25:32,624,1532,Fuera de Tiempo,2,25,0,00:27:18,1638,Excedido,"13006          ","SET DE 6 PIEZAS LINEA 13000                                           ",0,0,08/10/2026 12:26:13
13445576,08/10/2026 09:00:41,08/10/2026 09:26:13,acejas,6417,00:10:24,00:25:32,624,1532,Fuera de Tiempo,4,25,0,00:27:18,1638,Excedido,"814/CRC        ",814/CRC - MESADA P.FUNDIDO CR/CR C.CERAM. ARES,0,0,08/10/2026 12:26:13
13445576,08/10/2026 09:00:41,08/10/2026 09:26:13,acejas,6417,00:10:24,00:25:32,624,1532,Fuera de Tiempo,2,25,0,00:27:18,1638,Excedido,"70-045         ",70-045 - BIDE CROMO C.STD CRUZ,0,0,08/10/2026 12:26:13
13445576,08/10/2026 09:00:41,08/10/2026 09:26:13,acejas,6417,00:10:24,00:25:32,624,1532,Fuera de Tiempo,2,25,0,00:27:18,1638,Excedido,"80-045         ",80-045 - DUCHA EMB.C/TRANSF CR  C.STD CRUZ,0,0,08/10/2026 12:26:13
13445576,08/10/2026 09:00:41,08/10/2026 09:26:13,acejas,6417,00:10:24,00:25:32,624,1532,Fuera de Tiempo,6,25,0,00:27:18,1638,Excedido,"LG03N70        ",LG03N70 - BIDE BLACK C.STD BERNA,0,0,08/10/2026 12:26:13
13445576,08/10/2026 09:00:41,08/10/2026 09:26:13,acejas,6417,00:10:24,00:25:32,624,1532,Fuera de Tiempo,6,25,0,00:27:18,1638,Excedido,"LG03N60        ",LG03N60 - LAVATORIO BLACK C.STD BERNA,0,0,08/10/2026 12:26:13
13445576,08/10/2026 09:00:41,08/10/2026 09:26:13,acejas,6417,00:10:24,00:25:32,624,1532,Fuera de Tiempo,3,25,0,00:27:18,1638,Excedido,"51-002         ",51-002 - COCINA MESADA RENACER,0,0,08/10/2026 12:26:13
13445576,08/10/2026 09:00:41,08/10/2026 09:26:13,acejas,6417,00:10:24,00:25:32,624,1532,Fuera de Tiempo,12,25,0,00:27:18,1638,Excedido,"60-010         ",60-010 - LAVATORIO BL/CR LORCA,0,0,08/10/2026 12:26:13
13445576,08/10/2026 09:00:41,08/10/2026 09:26:13,acejas,6417,00:10:24,00:25:32,624,1532,Fuera de Tiempo,6,25,0,00:27:18,1638,Excedido,"70-010         ",70-010 - BIDE BL/CR LORCA,0,0,08/10/2026 12:26:13
13445576,08/10/2026 09:00:41,08/10/2026 09:26:13,acejas,6417,00:10:24,00:25:32,624,1532,Fuera de Tiempo,12,25,0,00:27:18,1638,Excedido,"80-010         ",80-010 - DUCHA EMB. C/TRANSF. BL/CR LORCA,0,0,08/10/2026 12:26:13
13445576,08/10/2026 09:00:41,08/10/2026 09:26:13,acejas,6417,00:10:24,00:25:32,624,1532,Fuera de Tiempo,10,25,0,00:27:18,1638,Excedido,"51-010         ",51-010 - COCINA MESADA BL/CR LORCA,0,0,08/10/2026 12:26:13
13446365,08/10/2026 09:31:15,08/10/2026 10:19:47,rodriguezt,6419,00:08:41,00:48:32,521,2912,Fuera de Tiempo,2,21,0,01:36:51,5811,Excedido,"BID104-3       ","BIDE 3 AGUJEROS BLANCO LINEA STONE                                    ",0,0,08/10/2026 13:08:16
13446365,08/10/2026 09:31:15,08/10/2026 10:19:47,rodriguezt,6419,00:08:41,00:48:32,521,2912,Fuera de Tiempo,2,21,0,01:36:51,5811,Excedido,"BID104-1       ","BIDE 1 AGUJERO BLANCO LINEA STONE                                     ",0,0,08/10/2026 13:08:16
13446365,08/10/2026 09:31:15,08/10/2026 10:19:47,rodriguezt,6419,00:08:41,00:48:32,521,2912,Fuera de Tiempo,6,21,0,01:36:51,5811,Excedido,"INO104-2       ","DEPOSITO C/DESCARGA DUAL BLANCO LINEA STONE                           ",0,0,08/10/2026 13:08:16
13446365,08/10/2026 09:31:15,08/10/2026 10:19:47,rodriguezt,6419,00:08:41,00:48:32,521,2912,Fuera de Tiempo,2,21,0,01:36:51,5811,Excedido,"BID104N-1      ","BIDE 1 AGUJERO BLACK LINEA STONE                                      ",0,0,08/10/2026 13:08:16
13446365,08/10/2026 09:31:15,08/10/2026 10:19:47,rodriguezt,6419,00:08:41,00:48:32,521,2912,Fuera de Tiempo,2,21,0,01:36:51,5811,Excedido,"INO104N-2      ","DEPOSITO C/DESCARGA DUAL BLACK LINEA STONE                            ",0,0,08/10/2026 13:08:16
13446365,08/10/2026 09:31:15,08/10/2026 10:19:47,rodriguezt,6419,00:08:41,00:48:32,521,2912,Fuera de Tiempo,8,21,0,01:36:51,5811,Excedido,"A996           ",A996 - DUCHA 8' CUADRADA CR C/BRAZO Y CAMPANA,0,0,08/10/2026 13:08:16
13446365,08/10/2026 09:31:15,08/10/2026 10:19:47,rodriguezt,6419,00:08:41,00:48:32,521,2912,Fuera de Tiempo,3,21,0,01:36:51,5811,Excedido,"A842           ",A842 - DUCHADOR ANTICALCAREO 5 FUNCIONES C/SOPORTE Y FLEX,0,0,08/10/2026 13:08:16
13446365,08/10/2026 09:31:15,08/10/2026 10:19:47,rodriguezt,6419,00:08:41,00:48:32,521,2912,Fuera de Tiempo,4,21,0,01:36:51,5811,Excedido,"A815           ","A815 - DUCHA 8"" C/BRAZO Y CAMPANA CR",0,0,08/10/2026 13:08:16
13446365,08/10/2026 09:31:15,08/10/2026 10:19:47,rodriguezt,6419,00:08:41,00:48:32,521,2912,Fuera de Tiempo,2,21,0,01:36:51,5811,Excedido,"LG02N61        ",LG02N61 - LAVATORIO MONOC ALTO BLACK GINEBRA,0,0,08/10/2026 13:08:16
13446365,08/10/2026 09:31:15,08/10/2026 10:19:47,rodriguezt,6419,00:08:41,00:48:32,521,2912,Fuera de Tiempo,10,21,0,01:36:51,5811,Excedido,"LG02C61        ",LG02C61 - LAVATORIO MONOC ALTO CROMO GINEBRA,0,0,08/10/2026 13:08:16
13446365,08/10/2026 09:31:15,08/10/2026 10:19:47,rodriguezt,6419,00:08:41,00:48:32,521,2912,Fuera de Tiempo,2,21,0,01:36:51,5811,Excedido,"LG01C60        ",LG01C60 - LAVATORIO MONOC CR LUCERNA,0,0,08/10/2026 13:08:16
13446365,08/10/2026 09:31:15,08/10/2026 10:19:47,rodriguezt,6419,00:08:41,00:48:32,521,2912,Fuera de Tiempo,2,21,0,01:36:51,5811,Excedido,"BCH07          ",BCH07 - BACHA DE APOYAR OVALADA 400x330x150,0,0,08/10/2026 13:08:16
13446365,08/10/2026 09:31:15,08/10/2026 10:19:47,rodriguezt,6419,00:08:41,00:48:32,521,2912,Fuera de Tiempo,6,21,0,01:36:51,5811,Excedido,"80-045         ",80-045 - DUCHA EMB.C/TRANSF CR  C.STD CRUZ,0,0,08/10/2026 13:08:16
13446365,08/10/2026 09:31:15,08/10/2026 10:19:47,rodriguezt,6419,00:08:41,00:48:32,521,2912,Fuera de Tiempo,6,21,0,01:36:51,5811,Excedido,"60-045         ",60-045 - LAVATORIO CR/CR C.STD CRUZ,0,0,08/10/2026 13:08:16
13446365,08/10/2026 09:31:15,08/10/2026 10:19:47,rodriguezt,6419,00:08:41,00:48:32,521,2912,Fuera de Tiempo,2,21,0,01:36:51,5811,Excedido,"60-014         ",60-014 - LAVATORIO CR MORA STD,0,0,08/10/2026 13:08:16
13446365,08/10/2026 09:31:15,08/10/2026 10:19:47,rodriguezt,6419,00:08:41,00:48:32,521,2912,Fuera de Tiempo,6,21,0,01:36:51,5811,Excedido,"80-162         ",80-162 - DUCHA EMB. C/TRANSF. CR C.CERAM ADRA,0,0,08/10/2026 13:08:16
13446365,08/10/2026 09:31:15,08/10/2026 10:19:47,rodriguezt,6419,00:08:41,00:48:32,521,2912,Fuera de Tiempo,6,21,0,01:36:51,5811,Excedido,"70-162         ",70-162 - BIDE CR C.CERAM LINEA ADRA,0,0,08/10/2026 13:08:16
13446365,08/10/2026 09:31:15,08/10/2026 10:19:47,rodriguezt,6419,00:08:41,00:48:32,521,2912,Fuera de Tiempo,6,21,0,01:36:51,5811,Excedido,"60-162         ",60-162 - LAVATORIO CR C.CERAM LINEA ADRA,0,0,08/10/2026 13:08:16
13446365,08/10/2026 09:31:15,08/10/2026 10:19:47,rodriguezt,6419,00:08:41,00:48:32,521,2912,Fuera de Tiempo,1,21,0,01:36:51,5811,Excedido,"BCH02          ",BCH02 - BACHA DE APOYAR CIRCULAR 1 AG. 415x145,0,0,08/10/2026 13:08:16
13446365,08/10/2026 09:31:15,08/10/2026 10:19:47,rodriguezt,6419,00:08:41,00:48:32,521,2912,Fuera de Tiempo,6,21,0,01:36:51,5811,Excedido,"INO104-1       ","INODORO BLANCO C/ASIENTO LINEA STONE                                  ",0,0,08/10/2026 13:19:47
13446365,08/10/2026 09:31:15,08/10/2026 10:19:47,rodriguezt,6419,00:08:41,00:48:32,521,2912,Fuera de Tiempo,2,21,0,01:36:51,5811,Excedido,"INO104N-1      ","INODORO BLACK C/ASIENTO LINEA STONE                                   ",0,0,08/10/2026 13:19:47
13446576,08/10/2026 09:38:42,08/10/2026 09:41:49,acejas,6417,00:02:20,00:03:07,140,187,Fuera de Tiempo,2,8,0,00:12:29,749,Excedido,"51-010         ",51-010 - COCINA MESADA BL/CR LORCA,0,0,08/10/2026 12:41:49
13446576,08/10/2026 09:38:42,08/10/2026 09:41:49,acejas,6417,00:02:20,00:03:07,140,187,Fuera de Tiempo,2,8,0,00:12:29,749,Excedido,"70-014         ",70-014 - BIDE CR MORA STD,0,0,08/10/2026 12:41:49
13446576,08/10/2026 09:38:42,08/10/2026 09:41:49,acejas,6417,00:02:20,00:03:07,140,187,Fuera de Tiempo,2,8,0,00:12:29,749,Excedido,"LG03N60        ",LG03N60 - LAVATORIO BLACK C.STD BERNA,0,0,08/10/2026 12:41:49
13446576,08/10/2026 09:38:42,08/10/2026 09:41:49,acejas,6417,00:02:20,00:03:07,140,187,Fuera de Tiempo,4,8,0,00:12:29,749,Excedido,"12006          ","SET DE 6 PIEZAS LINEA 12000                                           ",0,0,08/10/2026 12:41:49
13446576,08/10/2026 09:38:42,08/10/2026 09:41:49,acejas,6417,00:02:20,00:03:07,140,187,Fuera de Tiempo,2,8,0,00:12:29,749,Excedido,"8060           ",8060 - PORTA CEPILLO LINEA 8000,0,0,08/10/2026 12:41:49
13446576,08/10/2026 09:38:42,08/10/2026 09:41:49,acejas,6417,00:02:20,00:03:07,140,187,Fuera de Tiempo,6,8,0,00:12:29,749,Excedido,"A814           ",A814 - DUCHA C/BRAZO Y CAMPANA CR,0,0,08/10/2026 12:41:49
13446576,08/10/2026 09:38:42,08/10/2026 09:41:49,acejas,6417,00:02:20,00:03:07,140,187,Fuera de Tiempo,3,8,0,00:12:29,749,Excedido,"A815           ","A815 - DUCHA 8"" C/BRAZO Y CAMPANA CR",0,0,08/10/2026 12:41:49
13446576,08/10/2026 09:38:42,08/10/2026 09:41:49,acejas,6417,00:02:20,00:03:07,140,187,Fuera de Tiempo,6,8,0,00:12:29,749,Excedido,"A017           ",A017 - DUCHADOR CROMO C/BLISTER,0,0,08/10/2026 12:41:49
13446580,08/10/2026 09:38:47,08/10/2026 10:16:24,gsoderquvist,6415,00:08:06,00:37:37,486,2257,Fuera de Tiempo,6,28,0,00:46:12,2772,Excedido,"A813           ",A813 - DUCHA C/BRAZO Y CAMPANA CR 3 FUNCIONES,0,0,08/10/2026 13:16:24
13446580,08/10/2026 09:38:47,08/10/2026 10:16:24,gsoderquvist,6415,00:08:06,00:37:37,486,2257,Fuera de Tiempo,4,28,0,00:46:12,2772,Excedido,"A816           ","A816 - DUCHA 6"" C/BRAZO Y CAMPANA CR",0,0,08/10/2026 13:16:24
13446580,08/10/2026 09:38:47,08/10/2026 10:16:24,gsoderquvist,6415,00:08:06,00:37:37,486,2257,Fuera de Tiempo,6,28,0,00:46:12,2772,Excedido,"A842           ",A842 - DUCHADOR ANTICALCAREO 5 FUNCIONES C/SOPORTE Y FLEX,0,0,08/10/2026 13:16:24
13446580,08/10/2026 09:38:47,08/10/2026 10:16:24,gsoderquvist,6415,00:08:06,00:37:37,486,2257,Fuera de Tiempo,4,28,0,00:46:12,2772,Excedido,"A819           ",A819 - DUCHADOR ANTICALCAREO C/FLEXIBLE Y SOPORTE,0,0,08/10/2026 13:16:24
13446580,08/10/2026 09:38:47,08/10/2026 10:16:24,gsoderquvist,6415,00:08:06,00:37:37,486,2257,Fuera de Tiempo,6,28,0,00:46:12,2772,Excedido,"A017           ",A017 - DUCHADOR CROMO C/BLISTER,0,0,08/10/2026 13:16:24
13446580,08/10/2026 09:38:47,08/10/2026 10:16:24,gsoderquvist,6415,00:08:06,00:37:37,486,2257,Fuera de Tiempo,12,28,0,00:46:12,2772,Excedido,"A019           ","SOPORTE P/DUCHADOR CROMO C/BLISTER                                    ",0,0,08/10/2026 13:16:24
13446580,08/10/2026 09:38:47,08/10/2026 10:16:24,gsoderquvist,6415,00:08:06,00:37:37,486,2257,Fuera de Tiempo,4,28,0,00:46:12,2772,Excedido,"8060           ",8060 - PORTA CEPILLO LINEA 8000,0,0,08/10/2026 13:16:24
13446580,08/10/2026 09:38:47,08/10/2026 10:16:24,gsoderquvist,6415,00:08:06,00:37:37,486,2257,Fuera de Tiempo,4,28,0,00:46:12,2772,Excedido,"8040           ",8040 - PORTA ROLLO LINEA 8000,0,0,08/10/2026 13:16:24
13446580,08/10/2026 09:38:47,08/10/2026 10:16:24,gsoderquvist,6415,00:08:06,00:37:37,486,2257,Fuera de Tiempo,4,28,0,00:46:12,2772,Excedido,"LG02N61        ",LG02N61 - LAVATORIO MONOC ALTO BLACK GINEBRA,0,0,08/10/2026 13:16:24
13446580,08/10/2026 09:38:47,08/10/2026 10:16:24,gsoderquvist,6415,00:08:06,00:37:37,486,2257,Fuera de Tiempo,6,28,0,00:46:12,2772,Excedido,"LG02C20        ","MONOCOMANDO COCINA CR GINEBRA                                         ",0,0,08/10/2026 13:16:24
13446580,08/10/2026 09:38:47,08/10/2026 10:16:24,gsoderquvist,6415,00:08:06,00:37:37,486,2257,Fuera de Tiempo,24,28,0,00:46:12,2772,Excedido,"LG01C60        ",LG01C60 - LAVATORIO MONOC CR LUCERNA,0,0,08/10/2026 13:16:24
13446580,08/10/2026 09:38:47,08/10/2026 10:16:24,gsoderquvist,6415,00:08:06,00:37:37,486,2257,Fuera de Tiempo,4,28,0,00:46:12,2772,Excedido,"20-160         ",20-160 - MONOCOMANDO MESADA COCINA DIQUE,0,0,08/10/2026 13:16:24
13446580,08/10/2026 09:38:47,08/10/2026 10:16:24,gsoderquvist,6415,00:08:06,00:37:37,486,2257,Fuera de Tiempo,2,28,0,00:46:12,2772,Excedido,"3006           ",3006 - SET DE 6 PIEZAS LINEA 3000,0,0,08/10/2026 13:16:24
13446580,08/10/2026 09:38:47,08/10/2026 10:16:24,gsoderquvist,6415,00:08:06,00:37:37,486,2257,Fuera de Tiempo,6,28,0,00:46:12,2772,Excedido,"20-179         ",20-179 - MONOCOMANDO DE COCINA LARA,0,0,08/10/2026 13:16:24
13446580,08/10/2026 09:38:47,08/10/2026 10:16:24,gsoderquvist,6415,00:08:06,00:37:37,486,2257,Fuera de Tiempo,6,28,0,00:46:12,2772,Excedido,"83-133         ",83-133 - DUCHA EXT. C/TRANSF. MONOCOMANDO LUGO,0,0,08/10/2026 13:16:24
13446580,08/10/2026 09:38:47,08/10/2026 10:16:24,gsoderquvist,6415,00:08:06,00:37:37,486,2257,Fuera de Tiempo,6,28,0,00:46:12,2772,Excedido,"13006          ","SET DE 6 PIEZAS LINEA 13000                                           ",0,0,08/10/2026 13:16:24
13446580,08/10/2026 09:38:47,08/10/2026 10:16:24,gsoderquvist,6415,00:08:06,00:37:37,486,2257,Fuera de Tiempo,2,28,0,00:46:12,2772,Excedido,"BCH06          ",BCH06 - BACHA DE APOYAR CIRCULAR 415x135,0,0,08/10/2026 13:16:24
13446580,08/10/2026 09:38:47,08/10/2026 10:16:24,gsoderquvist,6415,00:08:06,00:37:37,486,2257,Fuera de Tiempo,2,28,0,00:46:12,2772,Excedido,"BCH01          ",BCH01 - BACHA DE APOYAR CIRCULAR 320x145,0,0,08/10/2026 13:16:24
13446580,08/10/2026 09:38:47,08/10/2026 10:16:24,gsoderquvist,6415,00:08:06,00:37:37,486,2257,Fuera de Tiempo,3,28,0,00:46:12,2772,Excedido,"BCH07          ",BCH07 - BACHA DE APOYAR OVALADA 400x330x150,0,0,08/10/2026 13:16:24
13446580,08/10/2026 09:38:47,08/10/2026 10:16:24,gsoderquvist,6415,00:08:06,00:37:37,486,2257,Fuera de Tiempo,3,28,0,00:46:12,2772,Excedido,"BCH19          ","BACHA DE APOYAR BLANCA 365x235x120                                    ",0,0,08/10/2026 13:16:24
13446580,08/10/2026 09:38:47,08/10/2026 10:16:24,gsoderquvist,6415,00:08:06,00:37:37,486,2257,Fuera de Tiempo,2,28,0,00:46:12,2772,Excedido,"814/CRC        ",814/CRC - MESADA P.FUNDIDO CR/CR C.CERAM. ARES,0,0,08/10/2026 13:16:24
13446580,08/10/2026 09:38:47,08/10/2026 10:16:24,gsoderquvist,6415,00:08:06,00:37:37,486,2257,Fuera de Tiempo,2,28,0,00:46:12,2772,Excedido,"70-045         ",70-045 - BIDE CROMO C.STD CRUZ,0,0,08/10/2026 13:16:24
13446580,08/10/2026 09:38:47,08/10/2026 10:16:24,gsoderquvist,6415,00:08:06,00:37:37,486,2257,Fuera de Tiempo,2,28,0,00:46:12,2772,Excedido,"60-045         ",60-045 - LAVATORIO CR/CR C.STD CRUZ,0,0,08/10/2026 13:16:24
13446580,08/10/2026 09:38:47,08/10/2026 10:16:24,gsoderquvist,6415,00:08:06,00:37:37,486,2257,Fuera de Tiempo,2,28,0,00:46:12,2772,Excedido,"51-002         ",51-002 - COCINA MESADA RENACER,0,0,08/10/2026 13:16:24
13446580,08/10/2026 09:38:47,08/10/2026 10:16:24,gsoderquvist,6415,00:08:06,00:37:37,486,2257,Fuera de Tiempo,10,28,0,00:46:12,2772,Excedido,"LG03N60        ",LG03N60 - LAVATORIO BLACK C.STD BERNA,0,0,08/10/2026 13:16:24
13446580,08/10/2026 09:38:47,08/10/2026 10:16:24,gsoderquvist,6415,00:08:06,00:37:37,486,2257,Fuera de Tiempo,6,28,0,00:46:12,2772,Excedido,"LG03N70        ",LG03N70 - BIDE BLACK C.STD BERNA,0,0,08/10/2026 13:16:24
13446580,08/10/2026 09:38:47,08/10/2026 10:16:24,gsoderquvist,6415,00:08:06,00:37:37,486,2257,Fuera de Tiempo,12,28,0,00:46:12,2772,Excedido,"60-010         ",60-010 - LAVATORIO BL/CR LORCA,0,0,08/10/2026 13:16:24
13446580,08/10/2026 09:38:47,08/10/2026 10:16:24,gsoderquvist,6415,00:08:06,00:37:37,486,2257,Fuera de Tiempo,6,28,0,00:46:12,2772,Excedido,"51-010         ",51-010 - COCINA MESADA BL/CR LORCA,0,0,08/10/2026 13:16:24
13446930,08/10/2026 09:50:07,08/10/2026 10:22:44,acejas,6417,00:10:26,00:32:37,626,1957,Fuera de Tiempo,4,26,0,00:08:18,498,Excedido,"A996           ",A996 - DUCHA 8' CUADRADA CR C/BRAZO Y CAMPANA,0,0,08/10/2026 13:22:44
13446930,08/10/2026 09:50:07,08/10/2026 10:22:44,acejas,6417,00:10:26,00:32:37,626,1957,Fuera de Tiempo,2,26,0,00:08:18,498,Excedido,"12003          ","SET DE 3 PIEZAS LINEA 12000                                           ",0,0,08/10/2026 13:22:44
13446930,08/10/2026 09:50:07,08/10/2026 10:22:44,acejas,6417,00:10:26,00:32:37,626,1957,Fuera de Tiempo,4,26,0,00:08:18,498,Excedido,"A813           ",A813 - DUCHA C/BRAZO Y CAMPANA CR 3 FUNCIONES,0,0,08/10/2026 13:22:44
13446930,08/10/2026 09:50:07,08/10/2026 10:22:44,acejas,6417,00:10:26,00:32:37,626,1957,Fuera de Tiempo,4,26,0,00:08:18,498,Excedido,"8010           ",8010 - TOALLERO BARRAL LINEA 8000,0,0,08/10/2026 13:22:44
13446930,08/10/2026 09:50:07,08/10/2026 10:22:44,acejas,6417,00:10:26,00:32:37,626,1957,Fuera de Tiempo,6,26,0,00:08:18,498,Excedido,"8020           ",8020 - TOALLERO DE ARO LINEA 8000,0,0,08/10/2026 13:22:44
13446930,08/10/2026 09:50:07,08/10/2026 10:22:44,acejas,6417,00:10:26,00:32:37,626,1957,Fuera de Tiempo,10,26,0,00:08:18,498,Excedido,"8040           ",8040 - PORTA ROLLO LINEA 8000,0,0,08/10/2026 13:22:44
13446930,08/10/2026 09:50:07,08/10/2026 10:22:44,acejas,6417,00:10:26,00:32:37,626,1957,Fuera de Tiempo,6,26,0,00:08:18,498,Excedido,"8030           ",8030 - PERCHA LINEA 8000,0,0,08/10/2026 13:22:44
13446930,08/10/2026 09:50:07,08/10/2026 10:22:44,acejas,6417,00:10:26,00:32:37,626,1957,Fuera de Tiempo,2,26,0,00:08:18,498,Excedido,"8050           ",8050 - JABONERA LINEA 8000,0,0,08/10/2026 13:22:44
13446930,08/10/2026 09:50:07,08/10/2026 10:22:44,acejas,6417,00:10:26,00:32:37,626,1957,Fuera de Tiempo,6,26,0,00:08:18,498,Excedido,"LG02N20        ","MONOCOMANDO COCINA BLACK GINEBRA                                      ",0,0,08/10/2026 13:22:44
13446930,08/10/2026 09:50:07,08/10/2026 10:22:44,acejas,6417,00:10:26,00:32:37,626,1957,Fuera de Tiempo,6,26,0,00:08:18,498,Excedido,"20-160         ",20-160 - MONOCOMANDO MESADA COCINA DIQUE,0,0,08/10/2026 13:22:44
13446930,08/10/2026 09:50:07,08/10/2026 10:22:44,acejas,6417,00:10:26,00:32:37,626,1957,Fuera de Tiempo,6,26,0,00:08:18,498,Excedido,"83-133         ",83-133 - DUCHA EXT. C/TRANSF. MONOCOMANDO LUGO,0,0,08/10/2026 13:22:44
13446930,08/10/2026 09:50:07,08/10/2026 10:22:44,acejas,6417,00:10:26,00:32:37,626,1957,Fuera de Tiempo,4,26,0,00:08:18,498,Excedido,"60-133         ",60-133 - LAVATORIO MONOCOMANDO LUGO,0,0,08/10/2026 13:22:44
13446930,08/10/2026 09:50:07,08/10/2026 10:22:44,acejas,6417,00:10:26,00:32:37,626,1957,Fuera de Tiempo,1,26,0,00:08:18,498,Excedido,"BCH03/3        ",BCH03/3 - BACHA DE APOYAR RECTANGULAR 3 AG 500x420x130,0,0,08/10/2026 13:22:44
13446930,08/10/2026 09:50:07,08/10/2026 10:22:44,acejas,6417,00:10:26,00:32:37,626,1957,Fuera de Tiempo,1,26,0,00:08:18,498,Excedido,"BCH05          ",BCH05 - BACHA DE APOYAR CUADRADA 370x370x130,0,0,08/10/2026 13:22:44
13446930,08/10/2026 09:50:07,08/10/2026 10:22:44,acejas,6417,00:10:26,00:32:37,626,1957,Fuera de Tiempo,2,26,0,00:08:18,498,Excedido,"BCH19          ","BACHA DE APOYAR BLANCA 365x235x120                                    ",0,0,08/10/2026 13:22:44
13446930,08/10/2026 09:50:07,08/10/2026 10:22:44,acejas,6417,00:10:26,00:32:37,626,1957,Fuera de Tiempo,6,26,0,00:08:18,498,Excedido,"51-010         ",51-010 - COCINA MESADA BL/CR LORCA,0,0,08/10/2026 13:22:44
13446930,08/10/2026 09:50:07,08/10/2026 10:22:44,acejas,6417,00:10:26,00:32:37,626,1957,Fuera de Tiempo,12,26,0,00:08:18,498,Excedido,"80-010         ",80-010 - DUCHA EMB. C/TRANSF. BL/CR LORCA,0,0,08/10/2026 13:22:44
13446930,08/10/2026 09:50:07,08/10/2026 10:22:44,acejas,6417,00:10:26,00:32:37,626,1957,Fuera de Tiempo,12,26,0,00:08:18,498,Excedido,"70-010         ",70-010 - BIDE BL/CR LORCA,0,0,08/10/2026 13:22:44
13446930,08/10/2026 09:50:07,08/10/2026 10:22:44,acejas,6417,00:10:26,00:32:37,626,1957,Fuera de Tiempo,12,26,0,00:08:18,498,Excedido,"60-010         ",60-010 - LAVATORIO BL/CR LORCA,0,0,08/10/2026 13:22:44
13446930,08/10/2026 09:50:07,08/10/2026 10:22:44,acejas,6417,00:10:26,00:32:37,626,1957,Fuera de Tiempo,12,26,0,00:08:18,498,Excedido,"LG03N60        ",LG03N60 - LAVATORIO BLACK C.STD BERNA,0,0,08/10/2026 13:22:44
13446930,08/10/2026 09:50:07,08/10/2026 10:22:44,acejas,6417,00:10:26,00:32:37,626,1957,Fuera de Tiempo,6,26,0,00:08:18,498,Excedido,"80-058         ",80-058 - DUCHA EMB. C/TRANSF. CR C.STD MALBA,0,0,08/10/2026 13:22:44
13446930,08/10/2026 09:50:07,08/10/2026 10:22:44,acejas,6417,00:10:26,00:32:37,626,1957,Fuera de Tiempo,2,26,0,00:08:18,498,Excedido,"60-058         ",60-058 - LAVATORIO CR C.STD MALBA,0,0,08/10/2026 13:22:44
13446930,08/10/2026 09:50:07,08/10/2026 10:22:44,acejas,6417,00:10:26,00:32:37,626,1957,Fuera de Tiempo,5,26,0,00:08:18,498,Excedido,"70-058         ",70-058 - BIDE CR C.STD MALBA,0,0,08/10/2026 13:22:44
13446930,08/10/2026 09:50:07,08/10/2026 10:22:44,acejas,6417,00:10:26,00:32:37,626,1957,Fuera de Tiempo,2,26,0,00:08:18,498,Excedido,"80-045         ",80-045 - DUCHA EMB.C/TRANSF CR  C.STD CRUZ,0,0,08/10/2026 13:22:44
13446930,08/10/2026 09:50:07,08/10/2026 10:22:44,acejas,6417,00:10:26,00:32:37,626,1957,Fuera de Tiempo,2,26,0,00:08:18,498,Excedido,"70-045         ",70-045 - BIDE CROMO C.STD CRUZ,0,0,08/10/2026 13:22:44
13446930,08/10/2026 09:50:07,08/10/2026 10:22:44,acejas,6417,00:10:26,00:32:37,626,1957,Fuera de Tiempo,2,26,0,00:08:18,498,Excedido,"60-045         ",60-045 - LAVATORIO CR/CR C.STD CRUZ,0,0,08/10/2026 13:22:44
13448040,08/10/2026 10:31:06,08/10/2026 11:01:37,rodriguezt,6419,00:06:50,00:30:31,410,1831,Fuera de Tiempo,1,29,0,00:11:19,679,Excedido,"INO102-1       ","INODORO BLANCO C/ASIENTO LINEA LOFT                                   ",0,0,08/10/2026 14:01:37
13448040,08/10/2026 10:31:06,08/10/2026 11:01:37,rodriguezt,6419,00:06:50,00:30:31,410,1831,Fuera de Tiempo,2,29,0,00:11:19,679,Excedido,"BID102-1       ","BIDE 1 AGUJERO BLANCO LINEA LOFT                                      ",0,0,08/10/2026 14:01:37
13448040,08/10/2026 10:31:06,08/10/2026 11:01:37,rodriguezt,6419,00:06:50,00:30:31,410,1831,Fuera de Tiempo,1,29,0,00:11:19,679,Excedido,"INO102-2       ","DEPOSITO C/DESCARGA DUAL BLANCO LINEA LOFT                            ",0,0,08/10/2026 14:01:37
13448040,08/10/2026 10:31:06,08/10/2026 11:01:37,rodriguezt,6419,00:06:50,00:30:31,410,1831,Fuera de Tiempo,6,29,0,00:11:19,679,Excedido,"A814           ",A814 - DUCHA C/BRAZO Y CAMPANA CR,0,0,08/10/2026 14:01:37
13448040,08/10/2026 10:31:06,08/10/2026 11:01:37,rodriguezt,6419,00:06:50,00:30:31,410,1831,Fuera de Tiempo,2,29,0,00:11:19,679,Excedido,"A813           ",A813 - DUCHA C/BRAZO Y CAMPANA CR 3 FUNCIONES,0,0,08/10/2026 14:01:37
13448040,08/10/2026 10:31:06,08/10/2026 11:01:37,rodriguezt,6419,00:06:50,00:30:31,410,1831,Fuera de Tiempo,6,29,0,00:11:19,679,Excedido,"A815           ","A815 - DUCHA 8"" C/BRAZO Y CAMPANA CR",0,0,08/10/2026 14:01:37
13448040,08/10/2026 10:31:06,08/10/2026 11:01:37,rodriguezt,6419,00:06:50,00:30:31,410,1831,Fuera de Tiempo,6,29,0,00:11:19,679,Excedido,"A842           ",A842 - DUCHADOR ANTICALCAREO 5 FUNCIONES C/SOPORTE Y FLEX,0,0,08/10/2026 14:01:37
13448040,08/10/2026 10:31:06,08/10/2026 11:01:37,rodriguezt,6419,00:06:50,00:30:31,410,1831,Fuera de Tiempo,6,29,0,00:11:19,679,Excedido,"A819           ",A819 - DUCHADOR ANTICALCAREO C/FLEXIBLE Y SOPORTE,0,0,08/10/2026 14:01:37
13448040,08/10/2026 10:31:06,08/10/2026 11:01:37,rodriguezt,6419,00:06:50,00:30:31,410,1831,Fuera de Tiempo,6,29,0,00:11:19,679,Excedido,"A017           ",A017 - DUCHADOR CROMO C/BLISTER,0,0,08/10/2026 14:01:37
13448040,08/10/2026 10:31:06,08/10/2026 11:01:37,rodriguezt,6419,00:06:50,00:30:31,410,1831,Fuera de Tiempo,4,29,0,00:11:19,679,Excedido,"8010           ",8010 - TOALLERO BARRAL LINEA 8000,0,0,08/10/2026 14:01:37
13448040,08/10/2026 10:31:06,08/10/2026 11:01:37,rodriguezt,6419,00:06:50,00:30:31,410,1831,Fuera de Tiempo,6,29,0,00:11:19,679,Excedido,"8040           ",8040 - PORTA ROLLO LINEA 8000,0,0,08/10/2026 14:01:37
13448040,08/10/2026 10:31:06,08/10/2026 11:01:37,rodriguezt,6419,00:06:50,00:30:31,410,1831,Fuera de Tiempo,6,29,0,00:11:19,679,Excedido,"LG02C60        ",LG02C60 - LAVATORIO MONOC CR GINEBRA,0,0,08/10/2026 14:01:37
13448040,08/10/2026 10:31:06,08/10/2026 11:01:37,rodriguezt,6419,00:06:50,00:30:31,410,1831,Fuera de Tiempo,6,29,0,00:11:19,679,Excedido,"LG01C60        ",LG01C60 - LAVATORIO MONOC CR LUCERNA,0,0,08/10/2026 14:01:37
13448040,08/10/2026 10:31:06,08/10/2026 11:01:37,rodriguezt,6419,00:06:50,00:30:31,410,1831,Fuera de Tiempo,6,29,0,00:11:19,679,Excedido,"LG02N60        ",LG02N60 - LAVATORIO MONOC BLACK GINEBRA,0,0,08/10/2026 14:01:37
13448040,08/10/2026 10:31:06,08/10/2026 11:01:37,rodriguezt,6419,00:06:50,00:30:31,410,1831,Fuera de Tiempo,4,29,0,00:11:19,679,Excedido,"LG02N61        ",LG02N61 - LAVATORIO MONOC ALTO BLACK GINEBRA,0,0,08/10/2026 14:01:37
13448040,08/10/2026 10:31:06,08/10/2026 11:01:37,rodriguezt,6419,00:06:50,00:30:31,410,1831,Fuera de Tiempo,6,29,0,00:11:19,679,Excedido,"LG02C61        ",LG02C61 - LAVATORIO MONOC ALTO CROMO GINEBRA,0,0,08/10/2026 14:01:37
13448040,08/10/2026 10:31:06,08/10/2026 11:01:37,rodriguezt,6419,00:06:50,00:30:31,410,1831,Fuera de Tiempo,6,29,0,00:11:19,679,Excedido,"20-160         ",20-160 - MONOCOMANDO MESADA COCINA DIQUE,0,0,08/10/2026 14:01:37
13448040,08/10/2026 10:31:06,08/10/2026 11:01:37,rodriguezt,6419,00:06:50,00:30:31,410,1831,Fuera de Tiempo,6,29,0,00:11:19,679,Excedido,"83-133         ",83-133 - DUCHA EXT. C/TRANSF. MONOCOMANDO LUGO,0,0,08/10/2026 14:01:37
13448040,08/10/2026 10:31:06,08/10/2026 11:01:37,rodriguezt,6419,00:06:50,00:30:31,410,1831,Fuera de Tiempo,6,29,0,00:11:19,679,Excedido,"20-179         ",20-179 - MONOCOMANDO DE COCINA LARA,0,0,08/10/2026 14:01:37
13448040,08/10/2026 10:31:06,08/10/2026 11:01:37,rodriguezt,6419,00:06:50,00:30:31,410,1831,Fuera de Tiempo,2,29,0,00:11:19,679,Excedido,"60-014         ",60-014 - LAVATORIO CR MORA STD,0,0,08/10/2026 14:01:37
13448040,08/10/2026 10:31:06,08/10/2026 11:01:37,rodriguezt,6419,00:06:50,00:30:31,410,1831,Fuera de Tiempo,12,29,0,00:11:19,679,Excedido,"51-010         ",51-010 - COCINA MESADA BL/CR LORCA,0,0,08/10/2026 14:01:37
13448040,08/10/2026 10:31:06,08/10/2026 11:01:37,rodriguezt,6419,00:06:50,00:30:31,410,1831,Fuera de Tiempo,12,29,0,00:11:19,679,Excedido,"60-010         ",60-010 - LAVATORIO BL/CR LORCA,0,0,08/10/2026 14:01:37
13448040,08/10/2026 10:31:06,08/10/2026 11:01:37,rodriguezt,6419,00:06:50,00:30:31,410,1831,Fuera de Tiempo,4,29,0,00:11:19,679,Excedido,"80-010         ",80-010 - DUCHA EMB. C/TRANSF. BL/CR LORCA,0,0,08/10/2026 14:01:37
13448040,08/10/2026 10:31:06,08/10/2026 11:01:37,rodriguezt,6419,00:06:50,00:30:31,410,1831,Fuera de Tiempo,6,29,0,00:11:19,679,Excedido,"70-010         ",70-010 - BIDE BL/CR LORCA,0,0,08/10/2026 14:01:37
13448040,08/10/2026 10:31:06,08/10/2026 11:01:37,rodriguezt,6419,00:06:50,00:30:31,410,1831,Fuera de Tiempo,2,29,0,00:11:19,679,Excedido,"LG03N70        ",LG03N70 - BIDE BLACK C.STD BERNA,0,0,08/10/2026 14:01:37
13448040,08/10/2026 10:31:06,08/10/2026 11:01:37,rodriguezt,6419,00:06:50,00:30:31,410,1831,Fuera de Tiempo,6,29,0,00:11:19,679,Excedido,"LG03N80        ",LG03N80 - DUCHA C/TRANSF BLACK C.STD BERNA,0,0,08/10/2026 14:01:37
13448040,08/10/2026 10:31:06,08/10/2026 11:01:37,rodriguezt,6419,00:06:50,00:30:31,410,1831,Fuera de Tiempo,4,29,0,00:11:19,679,Excedido,"LG03N60        ",LG03N60 - LAVATORIO BLACK C.STD BERNA,0,0,08/10/2026 14:01:37
13448040,08/10/2026 10:31:06,08/10/2026 11:01:37,rodriguezt,6419,00:06:50,00:30:31,410,1831,Fuera de Tiempo,3,29,0,00:11:19,679,Excedido,"814/CRC        ",814/CRC - MESADA P.FUNDIDO CR/CR C.CERAM. ARES,0,0,08/10/2026 14:01:37
13448040,08/10/2026 10:31:06,08/10/2026 11:01:37,rodriguezt,6419,00:06:50,00:30:31,410,1831,Fuera de Tiempo,3,29,0,00:11:19,679,Excedido,"51-002         ",51-002 - COCINA MESADA RENACER,0,0,08/10/2026 14:01:37
13448155,08/10/2026 10:34:56,08/10/2026 10:45:31,gsoderquvist,6415,00:08:36,00:10:35,516,635,Fuera de Tiempo,5,38,0,00:18:32,1112,Excedido,"16040BL        ",16040BL - PORTA ROLLO ACCESORIOS LINEA 16000 BLACK,0,0,08/10/2026 13:45:31
13448155,08/10/2026 10:34:56,08/10/2026 10:45:31,gsoderquvist,6415,00:08:36,00:10:35,516,635,Fuera de Tiempo,2,38,0,00:18:32,1112,Excedido,"63-168N        ","LAVATORIO PARED EMB MONOC BLACK WAVE                                  ",0,0,08/10/2026 13:45:31
13448155,08/10/2026 10:34:56,08/10/2026 10:45:31,gsoderquvist,6415,00:08:36,00:10:35,516,635,Fuera de Tiempo,5,38,0,00:18:32,1112,Excedido,"30-132         ",30-132 - COCINA MESADA MONOC. C/DUCHADOR EXTENSIBLE VIGO,0,0,08/10/2026 13:45:31
13448155,08/10/2026 10:34:56,08/10/2026 10:45:31,gsoderquvist,6415,00:08:36,00:10:35,516,635,Fuera de Tiempo,5,38,0,00:18:32,1112,Excedido,"60-205         ",60-205 - LAVATORIO MONOC BAJO STEEL,0,0,08/10/2026 13:45:31
13448155,08/10/2026 10:34:56,08/10/2026 10:45:31,gsoderquvist,6415,00:08:36,00:10:35,516,635,Fuera de Tiempo,2,38,0,00:18:32,1112,Excedido,"61-205         ",61-205 - LAVATORIO MONOC ALTO STEEL,0,0,08/10/2026 13:45:31
13448155,08/10/2026 10:34:56,08/10/2026 10:45:31,gsoderquvist,6415,00:08:36,00:10:35,516,635,Fuera de Tiempo,2,38,0,00:18:32,1112,Excedido,"60-168N        ",60-168N - LAVATORIO MONOC BAJO BLACK WAVE,0,0,08/10/2026 13:45:31
13448155,08/10/2026 10:34:56,08/10/2026 10:45:31,gsoderquvist,6415,00:08:36,00:10:35,516,635,Fuera de Tiempo,2,38,0,00:18:32,1112,Excedido,"84-190         ",84-190 - DUCHA EXTERIOR CON COLUMNA BLACK VELVET,0,0,08/10/2026 13:45:31
13448155,08/10/2026 10:34:56,08/10/2026 10:45:31,gsoderquvist,6415,00:08:36,00:10:35,516,635,Fuera de Tiempo,2,38,0,00:18:32,1112,Excedido,"83-180         ",83-180 - DUCHA EXT. C/TRANSF. MONOCOMANDO VERA,0,0,08/10/2026 13:45:31
13448155,08/10/2026 10:34:56,08/10/2026 10:45:31,gsoderquvist,6415,00:08:36,00:10:35,516,635,Fuera de Tiempo,2,38,0,00:18:32,1112,Excedido,"70-180         ",70-180 - BIDE MONOCOMANDO C/TRANSF. VERA,0,0,08/10/2026 13:45:31
13448155,08/10/2026 10:34:56,08/10/2026 10:45:31,gsoderquvist,6415,00:08:36,00:10:35,516,635,Fuera de Tiempo,3,38,0,00:18:32,1112,Excedido,"80-152         ",80-152 - DUCHA EMB. CR C/TRANSF. MONOCOMANDO SORIA,0,0,08/10/2026 13:45:31
13448155,08/10/2026 10:34:56,08/10/2026 10:45:31,gsoderquvist,6415,00:08:36,00:10:35,516,635,Fuera de Tiempo,3,38,0,00:18:32,1112,Excedido,"70-152         ",70-152 - BIDE MONOCOMANDO CR C/TRANSFERENCIA SORIA,0,0,08/10/2026 13:45:31
13448155,08/10/2026 10:34:56,08/10/2026 10:45:31,gsoderquvist,6415,00:08:36,00:10:35,516,635,Fuera de Tiempo,3,38,0,00:18:32,1112,Excedido,"61-152         ",61-152 - LAVATORIO MONOCOMANDO CROMO ALTO SORIA,0,0,08/10/2026 13:45:31
13448155,08/10/2026 10:34:56,08/10/2026 10:45:31,gsoderquvist,6415,00:08:36,00:10:35,516,635,Fuera de Tiempo,5,38,0,00:18:32,1112,Excedido,"60-152         ",60-152 - LAVATORIO CR MONOCOMANDO BAJO SORIA,0,0,08/10/2026 13:45:31
13448155,08/10/2026 10:34:56,08/10/2026 10:45:31,gsoderquvist,6415,00:08:36,00:10:35,516,635,Fuera de Tiempo,2,38,0,00:18:32,1112,Excedido,"20-121         ",20-121 - COCINA MSDA MONOC.P. REDONDO MARBELLA,0,0,08/10/2026 13:45:31
13448155,08/10/2026 10:34:56,08/10/2026 10:45:31,gsoderquvist,6415,00:08:36,00:10:35,516,635,Fuera de Tiempo,3,38,0,00:18:32,1112,Excedido,"20-122         ","MONOCOMANDO COCINA CR C/PICO EXTRAIBLE VALENCIA                       ",0,0,08/10/2026 13:45:31
13448155,08/10/2026 10:34:56,08/10/2026 10:45:31,gsoderquvist,6415,00:08:36,00:10:35,516,635,Fuera de Tiempo,5,38,0,00:18:32,1112,Excedido,"17010G         ",17010G - TOALLERO BARRAL LINEA FABRIC GOLD,0,0,08/10/2026 13:45:31
13448155,08/10/2026 10:34:56,08/10/2026 10:45:31,gsoderquvist,6415,00:08:36,00:10:35,516,635,Fuera de Tiempo,2,38,0,00:18:32,1112,Excedido,"70-168N        ",70-168N - BIDE MONOC BLACK WAVE,0,0,08/10/2026 13:45:31
13448155,08/10/2026 10:34:56,08/10/2026 10:45:31,gsoderquvist,6415,00:08:36,00:10:35,516,635,Fuera de Tiempo,5,38,0,00:18:32,1112,Excedido,"17040C         ",17040C - PORTA ROLLO LINEA FABRIC CROMO,0,0,08/10/2026 13:45:31
13448155,08/10/2026 10:34:56,08/10/2026 10:45:31,gsoderquvist,6415,00:08:36,00:10:35,516,635,Fuera de Tiempo,10,38,0,00:18:32,1112,Excedido,"17040G         ",17040G - PORTA ROLLO LINEA FABRIC GOLD,0,0,08/10/2026 13:45:31
13448155,08/10/2026 10:34:56,08/10/2026 10:45:31,gsoderquvist,6415,00:08:36,00:10:35,516,635,Fuera de Tiempo,3,38,0,00:18:32,1112,Excedido,"11006          ","SET DE 6 PIEZAS LINEA 11000                                           ",0,0,08/10/2026 13:45:31
13448155,08/10/2026 10:34:56,08/10/2026 10:45:31,gsoderquvist,6415,00:08:36,00:10:35,516,635,Fuera de Tiempo,10,38,0,00:18:32,1112,Excedido,"17030G         ",17030G - PERCHA LINEA FABRIC GOLD,0,0,08/10/2026 13:45:31
13448155,08/10/2026 10:34:56,08/10/2026 10:45:31,gsoderquvist,6415,00:08:36,00:10:35,516,635,Fuera de Tiempo,2,38,0,00:18:32,1112,Excedido,"20-134         ",20-134 - MONOCOMANDO COCINA BETIS,0,0,08/10/2026 13:45:31
13448155,08/10/2026 10:34:56,08/10/2026 10:45:31,gsoderquvist,6415,00:08:36,00:10:35,516,635,Fuera de Tiempo,5,38,0,00:18:32,1112,Excedido,"13006          ","SET DE 6 PIEZAS LINEA 13000                                           ",0,0,08/10/2026 13:45:31
13448155,08/10/2026 10:34:56,08/10/2026 10:45:31,gsoderquvist,6415,00:08:36,00:10:35,516,635,Fuera de Tiempo,3,38,0,00:18:32,1112,Excedido,"70-121         ",70-121 - BIDE C.CERAM CR MARBELLA,0,0,08/10/2026 13:45:31
13448155,08/10/2026 10:34:56,08/10/2026 10:45:31,gsoderquvist,6415,00:08:36,00:10:35,516,635,Fuera de Tiempo,3,38,0,00:18:32,1112,Excedido,"60-121         ",60-121 - LAVATORIO C.CERAM CR MARBELLA,0,0,08/10/2026 13:45:31
13448155,08/10/2026 10:34:56,08/10/2026 10:45:31,gsoderquvist,6415,00:08:36,00:10:35,516,635,Fuera de Tiempo,2,38,0,00:18:32,1112,Excedido,"60-131         ",60-131 - LAVATORIO C.CERAM CR MALLORCA,0,0,08/10/2026 13:45:31
13448155,08/10/2026 10:34:56,08/10/2026 10:45:31,gsoderquvist,6415,00:08:36,00:10:35,516,635,Fuera de Tiempo,2,38,0,00:18:32,1112,Excedido,"80-100G        ",80-100G - DUCHA EMB. C/TRANSF. GOLD C.CERAM FABRIC,0,0,08/10/2026 13:45:31
13448155,08/10/2026 10:34:56,08/10/2026 10:45:31,gsoderquvist,6415,00:08:36,00:10:35,516,635,Fuera de Tiempo,3,38,0,00:18:32,1112,Excedido,"60-100N        ",60-100N - LAVATORIO BLACK C.CERAM FABRIC,0,0,08/10/2026 13:45:31
13448155,08/10/2026 10:34:56,08/10/2026 10:45:31,gsoderquvist,6415,00:08:36,00:10:35,516,635,Fuera de Tiempo,3,38,0,00:18:32,1112,Excedido,"60-100G        ",60-100G - LAVATORIO GOLD C.CERAM FABRIC,0,0,08/10/2026 13:45:31
13448155,08/10/2026 10:34:56,08/10/2026 10:45:31,gsoderquvist,6415,00:08:36,00:10:35,516,635,Fuera de Tiempo,3,38,0,00:18:32,1112,Excedido,"70-100G        ",70-100G - BIDE GOLD C.CERAM FABRIC,0,0,08/10/2026 13:45:31
13448155,08/10/2026 10:34:56,08/10/2026 10:45:31,gsoderquvist,6415,00:08:36,00:10:35,516,635,Fuera de Tiempo,2,38,0,00:18:32,1112,Excedido,"80-153         ",80-153 - DUCHA EMB. C/TRANSF. CR C.CERAM CASTILLA,0,0,08/10/2026 13:45:31
13448155,08/10/2026 10:34:56,08/10/2026 10:45:31,gsoderquvist,6415,00:08:36,00:10:35,516,635,Fuera de Tiempo,3,38,0,00:18:32,1112,Excedido,"70-190         ",70-190 - BIDE C.CERAM BLACK VELVET,0,0,08/10/2026 13:45:31
13448155,08/10/2026 10:34:56,08/10/2026 10:45:31,gsoderquvist,6415,00:08:36,00:10:35,516,635,Fuera de Tiempo,2,38,0,00:18:32,1112,Excedido,"62-190         ",62-190 - LAVATORIO PARED EMB. C.CERAM BLACK VELVET,0,0,08/10/2026 13:45:31
13448155,08/10/2026 10:34:56,08/10/2026 10:45:31,gsoderquvist,6415,00:08:36,00:10:35,516,635,Fuera de Tiempo,3,38,0,00:18:32,1112,Excedido,"80-122         ",80-122 - DUCHA EMB.C/TRANSF. C.CERAM CR VALENCIA,0,0,08/10/2026 13:45:31
13448155,08/10/2026 10:34:56,08/10/2026 10:45:31,gsoderquvist,6415,00:08:36,00:10:35,516,635,Fuera de Tiempo,3,38,0,00:18:32,1112,Excedido,"60-122         ",60-122 - LAVATORIO C.CERAM CR VALENCIA,0,0,08/10/2026 13:45:31
13448155,08/10/2026 10:34:56,08/10/2026 10:45:31,gsoderquvist,6415,00:08:36,00:10:35,516,635,Fuera de Tiempo,2,38,0,00:18:32,1112,Excedido,"62-201NI       ",62-201NI - LAVATORIO DE PARED C.CERAM BEAT NICKEL,0,0,08/10/2026 13:45:31
13448155,08/10/2026 10:34:56,08/10/2026 10:45:31,gsoderquvist,6415,00:08:36,00:10:35,516,635,Fuera de Tiempo,2,38,0,00:18:32,1112,Excedido,"80-136         ",80-136 - DUCHA EMB. C/TRANSF. CR C.C. MARBELLA PLUS,0,0,08/10/2026 13:45:31
13448155,08/10/2026 10:34:56,08/10/2026 10:45:31,gsoderquvist,6415,00:08:36,00:10:35,516,635,Fuera de Tiempo,2,38,0,00:18:32,1112,Excedido,"80-168N        ",80-168N - DUCHA EMB C/TRANSF MONOC BLACK WAVE,0,0,08/10/2026 13:45:31
13448424,08/10/2026 10:45:58,08/10/2026 11:05:27,acejas,6417,00:08:17,00:19:29,497,1169,Fuera de Tiempo,3,34,0,00:23:14,1394,Excedido,"A017           ",A017 - DUCHADOR CROMO C/BLISTER,0,0,08/10/2026 14:05:27
13448424,08/10/2026 10:45:58,08/10/2026 11:05:27,acejas,6417,00:08:17,00:19:29,497,1169,Fuera de Tiempo,2,34,0,00:23:14,1394,Excedido,"A996           ",A996 - DUCHA 8' CUADRADA CR C/BRAZO Y CAMPANA,0,0,08/10/2026 14:05:27
13448424,08/10/2026 10:45:58,08/10/2026 11:05:27,acejas,6417,00:08:17,00:19:29,497,1169,Fuera de Tiempo,2,34,0,00:23:14,1394,Excedido,"A819           ",A819 - DUCHADOR ANTICALCAREO C/FLEXIBLE Y SOPORTE,0,0,08/10/2026 14:05:27
13448424,08/10/2026 10:45:58,08/10/2026 11:05:27,acejas,6417,00:08:17,00:19:29,497,1169,Fuera de Tiempo,2,34,0,00:23:14,1394,Excedido,"A816           ","A816 - DUCHA 6"" C/BRAZO Y CAMPANA CR",0,0,08/10/2026 14:05:27
13448424,08/10/2026 10:45:58,08/10/2026 11:05:27,acejas,6417,00:08:17,00:19:29,497,1169,Fuera de Tiempo,4,34,0,00:23:14,1394,Excedido,"A813           ",A813 - DUCHA C/BRAZO Y CAMPANA CR 3 FUNCIONES,0,0,08/10/2026 14:05:27
13448424,08/10/2026 10:45:58,08/10/2026 11:05:27,acejas,6417,00:08:17,00:19:29,497,1169,Fuera de Tiempo,6,34,0,00:23:14,1394,Excedido,"A814           ",A814 - DUCHA C/BRAZO Y CAMPANA CR,0,0,08/10/2026 14:05:27
13448424,08/10/2026 10:45:58,08/10/2026 11:05:27,acejas,6417,00:08:17,00:19:29,497,1169,Fuera de Tiempo,4,34,0,00:23:14,1394,Excedido,"12003          ","SET DE 3 PIEZAS LINEA 12000                                           ",0,0,08/10/2026 14:05:27
13448424,08/10/2026 10:45:58,08/10/2026 11:05:27,acejas,6417,00:08:17,00:19:29,497,1169,Fuera de Tiempo,4,34,0,00:23:14,1394,Excedido,"8020           ",8020 - TOALLERO DE ARO LINEA 8000,0,0,08/10/2026 14:05:27
13448424,08/10/2026 10:45:58,08/10/2026 11:05:27,acejas,6417,00:08:17,00:19:29,497,1169,Fuera de Tiempo,6,34,0,00:23:14,1394,Excedido,"8040           ",8040 - PORTA ROLLO LINEA 8000,0,0,08/10/2026 14:05:27
13448424,08/10/2026 10:45:58,08/10/2026 11:05:27,acejas,6417,00:08:17,00:19:29,497,1169,Fuera de Tiempo,4,34,0,00:23:14,1394,Excedido,"8060           ",8060 - PORTA CEPILLO LINEA 8000,0,0,08/10/2026 14:05:27
13448424,08/10/2026 10:45:58,08/10/2026 11:05:27,acejas,6417,00:08:17,00:19:29,497,1169,Fuera de Tiempo,4,34,0,00:23:14,1394,Excedido,"8006           ",8006 - SET DE 6 PIEZAS LINEA 8000,0,0,08/10/2026 14:05:27
13448424,08/10/2026 10:45:58,08/10/2026 11:05:27,acejas,6417,00:08:17,00:19:29,497,1169,Fuera de Tiempo,6,34,0,00:23:14,1394,Excedido,"LG01C60        ",LG01C60 - LAVATORIO MONOC CR LUCERNA,0,0,08/10/2026 14:05:27
13448424,08/10/2026 10:45:58,08/10/2026 11:05:27,acejas,6417,00:08:17,00:19:29,497,1169,Fuera de Tiempo,4,34,0,00:23:14,1394,Excedido,"LG02N20        ","MONOCOMANDO COCINA BLACK GINEBRA                                      ",0,0,08/10/2026 14:05:27
13448424,08/10/2026 10:45:58,08/10/2026 11:05:27,acejas,6417,00:08:17,00:19:29,497,1169,Fuera de Tiempo,10,34,0,00:23:14,1394,Excedido,"LG02C20        ","MONOCOMANDO COCINA CR GINEBRA                                         ",0,0,08/10/2026 14:05:27
13448424,08/10/2026 10:45:58,08/10/2026 11:05:27,acejas,6417,00:08:17,00:19:29,497,1169,Fuera de Tiempo,4,34,0,00:23:14,1394,Excedido,"LG02C61        ",LG02C61 - LAVATORIO MONOC ALTO CROMO GINEBRA,0,0,08/10/2026 14:05:27
13448424,08/10/2026 10:45:58,08/10/2026 11:05:27,acejas,6417,00:08:17,00:19:29,497,1169,Fuera de Tiempo,6,34,0,00:23:14,1394,Excedido,"83-133         ",83-133 - DUCHA EXT. C/TRANSF. MONOCOMANDO LUGO,0,0,08/10/2026 14:05:27
13448424,08/10/2026 10:45:58,08/10/2026 11:05:27,acejas,6417,00:08:17,00:19:29,497,1169,Fuera de Tiempo,4,34,0,00:23:14,1394,Excedido,"60-133         ",60-133 - LAVATORIO MONOCOMANDO LUGO,0,0,08/10/2026 14:05:27
13448424,08/10/2026 10:45:58,08/10/2026 11:05:27,acejas,6417,00:08:17,00:19:29,497,1169,Fuera de Tiempo,4,34,0,00:23:14,1394,Excedido,"12006          ","SET DE 6 PIEZAS LINEA 12000                                           ",0,0,08/10/2026 14:05:27
13448424,08/10/2026 10:45:58,08/10/2026 11:05:27,acejas,6417,00:08:17,00:19:29,497,1169,Fuera de Tiempo,4,34,0,00:23:14,1394,Excedido,"3006           ",3006 - SET DE 6 PIEZAS LINEA 3000,0,0,08/10/2026 14:05:27
13448424,08/10/2026 10:45:58,08/10/2026 11:05:27,acejas,6417,00:08:17,00:19:29,497,1169,Fuera de Tiempo,4,34,0,00:23:14,1394,Excedido,"20-179         ",20-179 - MONOCOMANDO DE COCINA LARA,0,0,08/10/2026 14:05:27
13448424,08/10/2026 10:45:58,08/10/2026 11:05:27,acejas,6417,00:08:17,00:19:29,497,1169,Fuera de Tiempo,4,34,0,00:23:14,1394,Excedido,"13006          ","SET DE 6 PIEZAS LINEA 13000                                           ",0,0,08/10/2026 14:05:27
13448424,08/10/2026 10:45:58,08/10/2026 11:05:27,acejas,6417,00:08:17,00:19:29,497,1169,Fuera de Tiempo,3,34,0,00:23:14,1394,Excedido,"BCH01          ",BCH01 - BACHA DE APOYAR CIRCULAR 320x145,0,0,08/10/2026 14:05:27
13448424,08/10/2026 10:45:58,08/10/2026 11:05:27,acejas,6417,00:08:17,00:19:29,497,1169,Fuera de Tiempo,2,34,0,00:23:14,1394,Excedido,"LG03N60        ",LG03N60 - LAVATORIO BLACK C.STD BERNA,0,0,08/10/2026 14:05:27
13448424,08/10/2026 10:45:58,08/10/2026 11:05:27,acejas,6417,00:08:17,00:19:29,497,1169,Fuera de Tiempo,12,34,0,00:23:14,1394,Excedido,"51-010         ",51-010 - COCINA MESADA BL/CR LORCA,0,0,08/10/2026 14:05:27
13448424,08/10/2026 10:45:58,08/10/2026 11:05:27,acejas,6417,00:08:17,00:19:29,497,1169,Fuera de Tiempo,6,34,0,00:23:14,1394,Excedido,"55-010         ",55-010 - COCINA PARED EMB. P.ALTO BL/CR LORCA,0,0,08/10/2026 14:05:27
13448424,08/10/2026 10:45:58,08/10/2026 11:05:27,acejas,6417,00:08:17,00:19:29,497,1169,Fuera de Tiempo,4,34,0,00:23:14,1394,Excedido,"60-010         ",60-010 - LAVATORIO BL/CR LORCA,0,0,08/10/2026 14:05:27
13448424,08/10/2026 10:45:58,08/10/2026 11:05:27,acejas,6417,00:08:17,00:19:29,497,1169,Fuera de Tiempo,4,34,0,00:23:14,1394,Excedido,"80-010         ",80-010 - DUCHA EMB. C/TRANSF. BL/CR LORCA,0,0,08/10/2026 14:05:27
13448424,08/10/2026 10:45:58,08/10/2026 11:05:27,acejas,6417,00:08:17,00:19:29,497,1169,Fuera de Tiempo,4,34,0,00:23:14,1394,Excedido,"80-162         ",80-162 - DUCHA EMB. C/TRANSF. CR C.CERAM ADRA,0,0,08/10/2026 14:05:27
13448424,08/10/2026 10:45:58,08/10/2026 11:05:27,acejas,6417,00:08:17,00:19:29,497,1169,Fuera de Tiempo,6,34,0,00:23:14,1394,Excedido,"70-162         ",70-162 - BIDE CR C.CERAM LINEA ADRA,0,0,08/10/2026 14:05:27
13448424,08/10/2026 10:45:58,08/10/2026 11:05:27,acejas,6417,00:08:17,00:19:29,497,1169,Fuera de Tiempo,2,34,0,00:23:14,1394,Excedido,"60-162         ",60-162 - LAVATORIO CR C.CERAM LINEA ADRA,0,0,08/10/2026 14:05:27
13448424,08/10/2026 10:45:58,08/10/2026 11:05:27,acejas,6417,00:08:17,00:19:29,497,1169,Fuera de Tiempo,1,34,0,00:23:14,1394,Excedido,"60-045         ",60-045 - LAVATORIO CR/CR C.STD CRUZ,0,0,08/10/2026 14:05:27
13448424,08/10/2026 10:45:58,08/10/2026 11:05:27,acejas,6417,00:08:17,00:19:29,497,1169,Fuera de Tiempo,1,34,0,00:23:14,1394,Excedido,"80-045         ",80-045 - DUCHA EMB.C/TRANSF CR  C.STD CRUZ,0,0,08/10/2026 14:05:27
13448424,08/10/2026 10:45:58,08/10/2026 11:05:27,acejas,6417,00:08:17,00:19:29,497,1169,Fuera de Tiempo,1,34,0,00:23:14,1394,Excedido,"70-045         ",70-045 - BIDE CROMO C.STD CRUZ,0,0,08/10/2026 14:05:27
13448424,08/10/2026 10:45:58,08/10/2026 11:05:27,acejas,6417,00:08:17,00:19:29,497,1169,Fuera de Tiempo,2,34,0,00:23:14,1394,Excedido,"814/CRC        ",814/CRC - MESADA P.FUNDIDO CR/CR C.CERAM. ARES,0,0,08/10/2026 14:05:27
13449041,08/10/2026 11:08:01,08/10/2026 11:56:06,gsoderquvist,6415,00:09:26,00:48:05,566,2885,Fuera de Tiempo,4,36,0,00:22:30,1350,Excedido,"A813           ",A813 - DUCHA C/BRAZO Y CAMPANA CR 3 FUNCIONES,0,0,08/10/2026 14:56:06
13449041,08/10/2026 11:08:01,08/10/2026 11:56:06,gsoderquvist,6415,00:09:26,00:48:05,566,2885,Fuera de Tiempo,6,36,0,00:22:30,1350,Excedido,"A814           ",A814 - DUCHA C/BRAZO Y CAMPANA CR,0,0,08/10/2026 14:56:06
13449041,08/10/2026 11:08:01,08/10/2026 11:56:06,gsoderquvist,6415,00:09:26,00:48:05,566,2885,Fuera de Tiempo,4,36,0,00:22:30,1350,Excedido,"A816           ","A816 - DUCHA 6"" C/BRAZO Y CAMPANA CR",0,0,08/10/2026 14:56:06
13449041,08/10/2026 11:08:01,08/10/2026 11:56:06,gsoderquvist,6415,00:09:26,00:48:05,566,2885,Fuera de Tiempo,4,36,0,00:22:30,1350,Excedido,"A842           ",A842 - DUCHADOR ANTICALCAREO 5 FUNCIONES C/SOPORTE Y FLEX,0,0,08/10/2026 14:56:06
13449041,08/10/2026 11:08:01,08/10/2026 11:56:06,gsoderquvist,6415,00:09:26,00:48:05,566,2885,Fuera de Tiempo,4,36,0,00:22:30,1350,Excedido,"A017           ",A017 - DUCHADOR CROMO C/BLISTER,0,0,08/10/2026 14:56:06
13449041,08/10/2026 11:08:01,08/10/2026 11:56:06,gsoderquvist,6415,00:09:26,00:48:05,566,2885,Fuera de Tiempo,6,36,0,00:22:30,1350,Excedido,"A019           ","SOPORTE P/DUCHADOR CROMO C/BLISTER                                    ",0,0,08/10/2026 14:56:06
13449041,08/10/2026 11:08:01,08/10/2026 11:56:06,gsoderquvist,6415,00:09:26,00:48:05,566,2885,Fuera de Tiempo,4,36,0,00:22:30,1350,Excedido,"12003          ","SET DE 3 PIEZAS LINEA 12000                                           ",0,0,08/10/2026 14:56:06
13449041,08/10/2026 11:08:01,08/10/2026 11:56:06,gsoderquvist,6415,00:09:26,00:48:05,566,2885,Fuera de Tiempo,4,36,0,00:22:30,1350,Excedido,"8060           ",8060 - PORTA CEPILLO LINEA 8000,0,0,08/10/2026 14:56:06
13449041,08/10/2026 11:08:01,08/10/2026 11:56:06,gsoderquvist,6415,00:09:26,00:48:05,566,2885,Fuera de Tiempo,4,36,0,00:22:30,1350,Excedido,"8030           ",8030 - PERCHA LINEA 8000,0,0,08/10/2026 14:56:06
13449041,08/10/2026 11:08:01,08/10/2026 11:56:06,gsoderquvist,6415,00:09:26,00:48:05,566,2885,Fuera de Tiempo,4,36,0,00:22:30,1350,Excedido,"8010           ",8010 - TOALLERO BARRAL LINEA 8000,0,0,08/10/2026 14:56:06
13449041,08/10/2026 11:08:01,08/10/2026 11:56:06,gsoderquvist,6415,00:09:26,00:48:05,566,2885,Fuera de Tiempo,4,36,0,00:22:30,1350,Excedido,"LG02N20        ","MONOCOMANDO COCINA BLACK GINEBRA                                      ",0,0,08/10/2026 14:56:06
13449041,08/10/2026 11:08:01,08/10/2026 11:56:06,gsoderquvist,6415,00:09:26,00:48:05,566,2885,Fuera de Tiempo,2,36,0,00:22:30,1350,Excedido,"70-133         ",70-133 - BIDE MONOCOMANDO LUGO,0,0,08/10/2026 14:56:06
13449041,08/10/2026 11:08:01,08/10/2026 11:56:06,gsoderquvist,6415,00:09:26,00:48:05,566,2885,Fuera de Tiempo,6,36,0,00:22:30,1350,Excedido,"LG02C20        ","MONOCOMANDO COCINA CR GINEBRA                                         ",0,0,08/10/2026 14:56:06
13449041,08/10/2026 11:08:01,08/10/2026 11:56:06,gsoderquvist,6415,00:09:26,00:48:05,566,2885,Fuera de Tiempo,6,36,0,00:22:30,1350,Excedido,"83-133         ",83-133 - DUCHA EXT. C/TRANSF. MONOCOMANDO LUGO,0,0,08/10/2026 14:56:06
13449041,08/10/2026 11:08:01,08/10/2026 11:56:06,gsoderquvist,6415,00:09:26,00:48:05,566,2885,Fuera de Tiempo,4,36,0,00:22:30,1350,Excedido,"20-160         ",20-160 - MONOCOMANDO MESADA COCINA DIQUE,0,0,08/10/2026 14:56:06
13449041,08/10/2026 11:08:01,08/10/2026 11:56:06,gsoderquvist,6415,00:09:26,00:48:05,566,2885,Fuera de Tiempo,6,36,0,00:22:30,1350,Excedido,"60-133         ",60-133 - LAVATORIO MONOCOMANDO LUGO,0,0,08/10/2026 14:56:06
13449041,08/10/2026 11:08:01,08/10/2026 11:56:06,gsoderquvist,6415,00:09:26,00:48:05,566,2885,Fuera de Tiempo,2,36,0,00:22:30,1350,Excedido,"20-179         ",20-179 - MONOCOMANDO DE COCINA LARA,0,0,08/10/2026 14:56:06
13449041,08/10/2026 11:08:01,08/10/2026 11:56:06,gsoderquvist,6415,00:09:26,00:48:05,566,2885,Fuera de Tiempo,1,36,0,00:22:30,1350,Excedido,"BCH07          ",BCH07 - BACHA DE APOYAR OVALADA 400x330x150,0,0,08/10/2026 14:56:06
13449041,08/10/2026 11:08:01,08/10/2026 11:56:06,gsoderquvist,6415,00:09:26,00:48:05,566,2885,Fuera de Tiempo,3,36,0,00:22:30,1350,Excedido,"BCH03/3        ",BCH03/3 - BACHA DE APOYAR RECTANGULAR 3 AG 500x420x130,0,0,08/10/2026 14:56:06
13449041,08/10/2026 11:08:01,08/10/2026 11:56:06,gsoderquvist,6415,00:09:26,00:48:05,566,2885,Fuera de Tiempo,1,36,0,00:22:30,1350,Excedido,"BCH05          ",BCH05 - BACHA DE APOYAR CUADRADA 370x370x130,0,0,08/10/2026 14:56:06
13449041,08/10/2026 11:08:01,08/10/2026 11:56:06,gsoderquvist,6415,00:09:26,00:48:05,566,2885,Fuera de Tiempo,2,36,0,00:22:30,1350,Excedido,"60-162         ",60-162 - LAVATORIO CR C.CERAM LINEA ADRA,0,0,08/10/2026 14:56:06
13449041,08/10/2026 11:08:01,08/10/2026 11:56:06,gsoderquvist,6415,00:09:26,00:48:05,566,2885,Fuera de Tiempo,1,36,0,00:22:30,1350,Excedido,"80-138         ",80-138 - DUCHA EMB. C/TRANSF. CR C.CERAM VALENCIA PLUS,0,0,08/10/2026 14:56:06
13449041,08/10/2026 11:08:01,08/10/2026 11:56:06,gsoderquvist,6415,00:09:26,00:48:05,566,2885,Fuera de Tiempo,4,36,0,00:22:30,1350,Excedido,"80-010         ",80-010 - DUCHA EMB. C/TRANSF. BL/CR LORCA,0,0,08/10/2026 14:56:06
13449041,08/10/2026 11:08:01,08/10/2026 11:56:06,gsoderquvist,6415,00:09:26,00:48:05,566,2885,Fuera de Tiempo,6,36,0,00:22:30,1350,Excedido,"60-010         ",60-010 - LAVATORIO BL/CR LORCA,0,0,08/10/2026 14:56:06
13449041,08/10/2026 11:08:01,08/10/2026 11:56:06,gsoderquvist,6415,00:09:26,00:48:05,566,2885,Fuera de Tiempo,2,36,0,00:22:30,1350,Excedido,"55-010         ",55-010 - COCINA PARED EMB. P.ALTO BL/CR LORCA,0,0,08/10/2026 14:56:06
13449041,08/10/2026 11:08:01,08/10/2026 11:56:06,gsoderquvist,6415,00:09:26,00:48:05,566,2885,Fuera de Tiempo,8,36,0,00:22:30,1350,Excedido,"51-010         ",51-010 - COCINA MESADA BL/CR LORCA,0,0,08/10/2026 14:56:06
13449041,08/10/2026 11:08:01,08/10/2026 11:56:06,gsoderquvist,6415,00:09:26,00:48:05,566,2885,Fuera de Tiempo,4,36,0,00:22:30,1350,Excedido,"60-014         ",60-014 - LAVATORIO CR MORA STD,0,0,08/10/2026 14:56:06
13449041,08/10/2026 11:08:01,08/10/2026 11:56:06,gsoderquvist,6415,00:09:26,00:48:05,566,2885,Fuera de Tiempo,3,36,0,00:22:30,1350,Excedido,"70-058         ",70-058 - BIDE CR C.STD MALBA,0,0,08/10/2026 14:56:06
13449041,08/10/2026 11:08:01,08/10/2026 11:56:06,gsoderquvist,6415,00:09:26,00:48:05,566,2885,Fuera de Tiempo,2,36,0,00:22:30,1350,Excedido,"60-058         ",60-058 - LAVATORIO CR C.STD MALBA,0,0,08/10/2026 14:56:06
13449041,08/10/2026 11:08:01,08/10/2026 11:56:06,gsoderquvist,6415,00:09:26,00:48:05,566,2885,Fuera de Tiempo,6,36,0,00:22:30,1350,Excedido,"LG03N60        ",LG03N60 - LAVATORIO BLACK C.STD BERNA,0,0,08/10/2026 14:56:06
13449041,08/10/2026 11:08:01,08/10/2026 11:56:06,gsoderquvist,6415,00:09:26,00:48:05,566,2885,Fuera de Tiempo,4,36,0,00:22:30,1350,Excedido,"LG03N80        ",LG03N80 - DUCHA C/TRANSF BLACK C.STD BERNA,0,0,08/10/2026 14:56:06
13449041,08/10/2026 11:08:01,08/10/2026 11:56:06,gsoderquvist,6415,00:09:26,00:48:05,566,2885,Fuera de Tiempo,2,36,0,00:22:30,1350,Excedido,"51-002         ",51-002 - COCINA MESADA RENACER,0,0,08/10/2026 14:56:06
13449041,08/10/2026 11:08:01,08/10/2026 11:56:06,gsoderquvist,6415,00:09:26,00:48:05,566,2885,Fuera de Tiempo,3,36,0,00:22:30,1350,Excedido,"60-045         ",60-045 - LAVATORIO CR/CR C.STD CRUZ,0,0,08/10/2026 14:56:06
13449041,08/10/2026 11:08:01,08/10/2026 11:56:06,gsoderquvist,6415,00:09:26,00:48:05,566,2885,Fuera de Tiempo,2,36,0,00:22:30,1350,Excedido,"80-045         ",80-045 - DUCHA EMB.C/TRANSF CR  C.STD CRUZ,0,0,08/10/2026 14:56:06
13449041,08/10/2026 11:08:01,08/10/2026 11:56:06,gsoderquvist,6415,00:09:26,00:48:05,566,2885,Fuera de Tiempo,4,36,0,00:22:30,1350,Excedido,"70-045         ",70-045 - BIDE CROMO C.STD CRUZ,0,0,08/10/2026 14:56:06
13449041,08/10/2026 11:08:01,08/10/2026 11:56:06,gsoderquvist,6415,00:09:26,00:48:05,566,2885,Fuera de Tiempo,3,36,0,00:22:30,1350,Excedido,"814/CRC        ",814/CRC - MESADA P.FUNDIDO CR/CR C.CERAM. ARES,0,0,08/10/2026 14:56:06
13449189,08/10/2026 11:12:40,08/10/2026 11:15:27,acejas,6417,00:03:44,00:02:47,224,167,En Tiempo,4,13,0,00:07:13,433,Excedido,"A815           ","A815 - DUCHA 8"" C/BRAZO Y CAMPANA CR",0,0,08/10/2026 14:15:27
13449189,08/10/2026 11:12:40,08/10/2026 11:15:27,acejas,6417,00:03:44,00:02:47,224,167,En Tiempo,6,13,0,00:07:13,433,Excedido,"A814           ",A814 - DUCHA C/BRAZO Y CAMPANA CR,0,0,08/10/2026 14:15:27
13449189,08/10/2026 11:12:40,08/10/2026 11:15:27,acejas,6417,00:03:44,00:02:47,224,167,En Tiempo,6,13,0,00:07:13,433,Excedido,"8030           ",8030 - PERCHA LINEA 8000,0,0,08/10/2026 14:15:27
13449189,08/10/2026 11:12:40,08/10/2026 11:15:27,acejas,6417,00:03:44,00:02:47,224,167,En Tiempo,2,13,0,00:07:13,433,Excedido,"LG02C20        ","MONOCOMANDO COCINA CR GINEBRA                                         ",0,0,08/10/2026 14:15:27
13449189,08/10/2026 11:12:40,08/10/2026 11:15:27,acejas,6417,00:03:44,00:02:47,224,167,En Tiempo,2,13,0,00:07:13,433,Excedido,"LG01C20        ",LG01C20 - MONOCOMANDO COCINA CR LUCERNA,0,0,08/10/2026 14:15:27
13449189,08/10/2026 11:12:40,08/10/2026 11:15:27,acejas,6417,00:03:44,00:02:47,224,167,En Tiempo,2,13,0,00:07:13,433,Excedido,"BCH02          ",BCH02 - BACHA DE APOYAR CIRCULAR 1 AG. 415x145,0,0,08/10/2026 14:15:27
13449189,08/10/2026 11:12:40,08/10/2026 11:15:27,acejas,6417,00:03:44,00:02:47,224,167,En Tiempo,6,13,0,00:07:13,433,Excedido,"51-010         ",51-010 - COCINA MESADA BL/CR LORCA,0,0,08/10/2026 14:15:27
13449189,08/10/2026 11:12:40,08/10/2026 11:15:27,acejas,6417,00:03:44,00:02:47,224,167,En Tiempo,2,13,0,00:07:13,433,Excedido,"60-010         ",60-010 - LAVATORIO BL/CR LORCA,0,0,08/10/2026 14:15:27
13449189,08/10/2026 11:12:40,08/10/2026 11:15:27,acejas,6417,00:03:44,00:02:47,224,167,En Tiempo,3,13,0,00:07:13,433,Excedido,"LG03N60        ",LG03N60 - LAVATORIO BLACK C.STD BERNA,0,0,08/10/2026 14:15:27
13449189,08/10/2026 11:12:40,08/10/2026 11:15:27,acejas,6417,00:03:44,00:02:47,224,167,En Tiempo,2,13,0,00:07:13,433,Excedido,"51-002         ",51-002 - COCINA MESADA RENACER,0,0,08/10/2026 14:15:27
13449189,08/10/2026 11:12:40,08/10/2026 11:15:27,acejas,6417,00:03:44,00:02:47,224,167,En Tiempo,2,13,0,00:07:13,433,Excedido,"60-045         ",60-045 - LAVATORIO CR/CR C.STD CRUZ,0,0,08/10/2026 14:15:27
13449189,08/10/2026 11:12:40,08/10/2026 11:15:27,acejas,6417,00:03:44,00:02:47,224,167,En Tiempo,1,13,0,00:07:13,433,Excedido,"80-045         ",80-045 - DUCHA EMB.C/TRANSF CR  C.STD CRUZ,0,0,08/10/2026 14:15:27
13449189,08/10/2026 11:12:40,08/10/2026 11:15:27,acejas,6417,00:03:44,00:02:47,224,167,En Tiempo,2,13,0,00:07:13,433,Excedido,"814/CRC        ",814/CRC - MESADA P.FUNDIDO CR/CR C.CERAM. ARES,0,0,08/10/2026 14:15:27
13449200,08/10/2026 11:13:13,08/10/2026 11:45:12,rodriguezt,6419,00:09:55,00:31:59,595,1919,Fuera de Tiempo,4,32,0,00:11:36,696,Excedido,"A017           ",A017 - DUCHADOR CROMO C/BLISTER,0,0,08/10/2026 14:45:12
13449200,08/10/2026 11:13:13,08/10/2026 11:45:12,rodriguezt,6419,00:09:55,00:31:59,595,1919,Fuera de Tiempo,4,32,0,00:11:36,696,Excedido,"A816           ","A816 - DUCHA 6"" C/BRAZO Y CAMPANA CR",0,0,08/10/2026 14:45:12
13449200,08/10/2026 11:13:13,08/10/2026 11:45:12,rodriguezt,6419,00:09:55,00:31:59,595,1919,Fuera de Tiempo,4,32,0,00:11:36,696,Excedido,"A814           ",A814 - DUCHA C/BRAZO Y CAMPANA CR,0,0,08/10/2026 14:45:12
13449200,08/10/2026 11:13:13,08/10/2026 11:45:12,rodriguezt,6419,00:09:55,00:31:59,595,1919,Fuera de Tiempo,6,32,0,00:11:36,696,Excedido,"12003          ","SET DE 3 PIEZAS LINEA 12000                                           ",0,0,08/10/2026 14:45:12
13449200,08/10/2026 11:13:13,08/10/2026 11:45:12,rodriguezt,6419,00:09:55,00:31:59,595,1919,Fuera de Tiempo,6,32,0,00:11:36,696,Excedido,"8020           ",8020 - TOALLERO DE ARO LINEA 8000,0,0,08/10/2026 14:45:12
13449200,08/10/2026 11:13:13,08/10/2026 11:45:12,rodriguezt,6419,00:09:55,00:31:59,595,1919,Fuera de Tiempo,6,32,0,00:11:36,696,Excedido,"8050           ",8050 - JABONERA LINEA 8000,0,0,08/10/2026 14:45:12
13449200,08/10/2026 11:13:13,08/10/2026 11:45:12,rodriguezt,6419,00:09:55,00:31:59,595,1919,Fuera de Tiempo,6,32,0,00:11:36,696,Excedido,"8006           ",8006 - SET DE 6 PIEZAS LINEA 8000,0,0,08/10/2026 14:45:12
13449200,08/10/2026 11:13:13,08/10/2026 11:45:12,rodriguezt,6419,00:09:55,00:31:59,595,1919,Fuera de Tiempo,6,32,0,00:11:36,696,Excedido,"LG01C60        ",LG01C60 - LAVATORIO MONOC CR LUCERNA,0,0,08/10/2026 14:45:12
13449200,08/10/2026 11:13:13,08/10/2026 11:45:12,rodriguezt,6419,00:09:55,00:31:59,595,1919,Fuera de Tiempo,4,32,0,00:11:36,696,Excedido,"LG02C20        ","MONOCOMANDO COCINA CR GINEBRA                                         ",0,0,08/10/2026 14:45:12
13449200,08/10/2026 11:13:13,08/10/2026 11:45:12,rodriguezt,6419,00:09:55,00:31:59,595,1919,Fuera de Tiempo,4,32,0,00:11:36,696,Excedido,"LG02C61        ",LG02C61 - LAVATORIO MONOC ALTO CROMO GINEBRA,0,0,08/10/2026 14:45:12
13449200,08/10/2026 11:13:13,08/10/2026 11:45:12,rodriguezt,6419,00:09:55,00:31:59,595,1919,Fuera de Tiempo,1,32,0,00:11:36,696,Excedido,"BCH03/3        ",BCH03/3 - BACHA DE APOYAR RECTANGULAR 3 AG 500x420x130,0,0,08/10/2026 14:45:12
13449200,08/10/2026 11:13:13,08/10/2026 11:45:12,rodriguezt,6419,00:09:55,00:31:59,595,1919,Fuera de Tiempo,1,32,0,00:11:36,696,Excedido,"BCH07          ",BCH07 - BACHA DE APOYAR OVALADA 400x330x150,0,0,08/10/2026 14:45:12
13449200,08/10/2026 11:13:13,08/10/2026 11:45:12,rodriguezt,6419,00:09:55,00:31:59,595,1919,Fuera de Tiempo,10,32,0,00:11:36,696,Excedido,"83-133         ",83-133 - DUCHA EXT. C/TRANSF. MONOCOMANDO LUGO,0,0,08/10/2026 14:45:12
13449200,08/10/2026 11:13:13,08/10/2026 11:45:12,rodriguezt,6419,00:09:55,00:31:59,595,1919,Fuera de Tiempo,4,32,0,00:11:36,696,Excedido,"60-133         ",60-133 - LAVATORIO MONOCOMANDO LUGO,0,0,08/10/2026 14:45:12
13449200,08/10/2026 11:13:13,08/10/2026 11:45:12,rodriguezt,6419,00:09:55,00:31:59,595,1919,Fuera de Tiempo,4,32,0,00:11:36,696,Excedido,"12006          ","SET DE 6 PIEZAS LINEA 12000                                           ",0,0,08/10/2026 14:45:12
13449200,08/10/2026 11:13:13,08/10/2026 11:45:12,rodriguezt,6419,00:09:55,00:31:59,595,1919,Fuera de Tiempo,4,32,0,00:11:36,696,Excedido,"3006           ",3006 - SET DE 6 PIEZAS LINEA 3000,0,0,08/10/2026 14:45:12
13449200,08/10/2026 11:13:13,08/10/2026 11:45:12,rodriguezt,6419,00:09:55,00:31:59,595,1919,Fuera de Tiempo,4,32,0,00:11:36,696,Excedido,"20-179         ",20-179 - MONOCOMANDO DE COCINA LARA,0,0,08/10/2026 14:45:12
13449200,08/10/2026 11:13:13,08/10/2026 11:45:12,rodriguezt,6419,00:09:55,00:31:59,595,1919,Fuera de Tiempo,4,32,0,00:11:36,696,Excedido,"11006          ","SET DE 6 PIEZAS LINEA 11000                                           ",0,0,08/10/2026 14:45:12
13449200,08/10/2026 11:13:13,08/10/2026 11:45:12,rodriguezt,6419,00:09:55,00:31:59,595,1919,Fuera de Tiempo,6,32,0,00:11:36,696,Excedido,"10005CR        ","SET DE 5 PIEZAS LINEA 10000 MINIMALISTA                               ",0,0,08/10/2026 14:45:12
13449200,08/10/2026 11:13:13,08/10/2026 11:45:12,rodriguezt,6419,00:09:55,00:31:59,595,1919,Fuera de Tiempo,24,32,0,00:11:36,696,Excedido,"LG03N60        ",LG03N60 - LAVATORIO BLACK C.STD BERNA,0,0,08/10/2026 14:45:12
13449200,08/10/2026 11:13:13,08/10/2026 11:45:12,rodriguezt,6419,00:09:55,00:31:59,595,1919,Fuera de Tiempo,10,32,0,00:11:36,696,Excedido,"LG03N70        ",LG03N70 - BIDE BLACK C.STD BERNA,0,0,08/10/2026 14:45:12
13449200,08/10/2026 11:13:13,08/10/2026 11:45:12,rodriguezt,6419,00:09:55,00:31:59,595,1919,Fuera de Tiempo,2,32,0,00:11:36,696,Excedido,"LG03N80        ",LG03N80 - DUCHA C/TRANSF BLACK C.STD BERNA,0,0,08/10/2026 14:45:12
13449200,08/10/2026 11:13:13,08/10/2026 11:45:12,rodriguezt,6419,00:09:55,00:31:59,595,1919,Fuera de Tiempo,1,32,0,00:11:36,696,Excedido,"943/E          ",943/E - COCINA PARED EMB. CR VERIN,0,0,08/10/2026 14:45:12
13449200,08/10/2026 11:13:13,08/10/2026 11:45:12,rodriguezt,6419,00:09:55,00:31:59,595,1919,Fuera de Tiempo,6,32,0,00:11:36,696,Excedido,"60-014         ",60-014 - LAVATORIO CR MORA STD,0,0,08/10/2026 14:45:12
13449200,08/10/2026 11:13:13,08/10/2026 11:45:12,rodriguezt,6419,00:09:55,00:31:59,595,1919,Fuera de Tiempo,10,32,0,00:11:36,696,Excedido,"51-010         ",51-010 - COCINA MESADA BL/CR LORCA,0,0,08/10/2026 14:45:12
13449200,08/10/2026 11:13:13,08/10/2026 11:45:12,rodriguezt,6419,00:09:55,00:31:59,595,1919,Fuera de Tiempo,4,32,0,00:11:36,696,Excedido,"80-014         ",80-014 - DUCHA EMB. C/TRANSF. CR MORA STD,0,0,08/10/2026 14:45:12
13449200,08/10/2026 11:13:13,08/10/2026 11:45:12,rodriguezt,6419,00:09:55,00:31:59,595,1919,Fuera de Tiempo,2,32,0,00:11:36,696,Excedido,"70-162         ",70-162 - BIDE CR C.CERAM LINEA ADRA,0,0,08/10/2026 14:45:12
13449200,08/10/2026 11:13:13,08/10/2026 11:45:12,rodriguezt,6419,00:09:55,00:31:59,595,1919,Fuera de Tiempo,12,32,0,00:11:36,696,Excedido,"60-010         ",60-010 - LAVATORIO BL/CR LORCA,0,0,08/10/2026 14:45:12
13449200,08/10/2026 11:13:13,08/10/2026 11:45:12,rodriguezt,6419,00:09:55,00:31:59,595,1919,Fuera de Tiempo,2,32,0,00:11:36,696,Excedido,"INO102-1       ","INODORO BLANCO C/ASIENTO LINEA LOFT                                   ",0,0,08/10/2026 14:45:12
13449200,08/10/2026 11:13:13,08/10/2026 11:45:12,rodriguezt,6419,00:09:55,00:31:59,595,1919,Fuera de Tiempo,2,32,0,00:11:36,696,Excedido,"BID102-1       ","BIDE 1 AGUJERO BLANCO LINEA LOFT                                      ",0,0,08/10/2026 14:45:12
13449200,08/10/2026 11:13:13,08/10/2026 11:45:12,rodriguezt,6419,00:09:55,00:31:59,595,1919,Fuera de Tiempo,1,32,0,00:11:36,696,Excedido,"BID102-3       ","BIDE 3 AGUJEROS BLANCO LINEA LOFT                                     ",0,0,08/10/2026 14:45:12
13449200,08/10/2026 11:13:13,08/10/2026 11:45:12,rodriguezt,6419,00:09:55,00:31:59,595,1919,Fuera de Tiempo,2,32,0,00:11:36,696,Excedido,"INO102-2       ","DEPOSITO C/DESCARGA DUAL BLANCO LINEA LOFT                            ",0,0,08/10/2026 14:45:12
13450586,08/10/2026 11:55:17,08/10/2026 12:52:16,rodriguezt,6419,00:08:06,00:56:59,486,3419,Fuera de Tiempo,1,29,0,00:10:05,605,Excedido,"70-162         ",70-162 - BIDE CR C.CERAM LINEA ADRA,0,0,08/10/2026 15:52:16
13450586,08/10/2026 11:55:17,08/10/2026 12:52:16,rodriguezt,6419,00:08:06,00:56:59,486,3419,Fuera de Tiempo,6,29,0,00:10:05,605,Excedido,"60-010         ",60-010 - LAVATORIO BL/CR LORCA,0,0,08/10/2026 15:52:16
13450586,08/10/2026 11:55:17,08/10/2026 12:52:16,rodriguezt,6419,00:08:06,00:56:59,486,3419,Fuera de Tiempo,4,29,0,00:10:05,605,Excedido,"70-010         ",70-010 - BIDE BL/CR LORCA,0,0,08/10/2026 15:52:16
13450586,08/10/2026 11:55:17,08/10/2026 12:52:16,rodriguezt,6419,00:08:06,00:56:59,486,3419,Fuera de Tiempo,4,29,0,00:10:05,605,Excedido,"55-010         ",55-010 - COCINA PARED EMB. P.ALTO BL/CR LORCA,0,0,08/10/2026 15:52:16
13450586,08/10/2026 11:55:17,08/10/2026 12:52:16,rodriguezt,6419,00:08:06,00:56:59,486,3419,Fuera de Tiempo,24,29,0,00:10:05,605,Excedido,"51-010         ",51-010 - COCINA MESADA BL/CR LORCA,0,0,08/10/2026 15:52:16
13450586,08/10/2026 11:55:17,08/10/2026 12:52:16,rodriguezt,6419,00:08:06,00:56:59,486,3419,Fuera de Tiempo,1,29,0,00:10:05,605,Excedido,"70-014         ",70-014 - BIDE CR MORA STD,0,0,08/10/2026 15:52:16
13450586,08/10/2026 11:55:17,08/10/2026 12:52:16,rodriguezt,6419,00:08:06,00:56:59,486,3419,Fuera de Tiempo,6,29,0,00:10:05,605,Excedido,"60-014         ",60-014 - LAVATORIO CR MORA STD,0,0,08/10/2026 15:52:16
13450586,08/10/2026 11:55:17,08/10/2026 12:52:16,rodriguezt,6419,00:08:06,00:56:59,486,3419,Fuera de Tiempo,1,29,0,00:10:05,605,Excedido,"BCH19          ","BACHA DE APOYAR BLANCA 365x235x120                                    ",0,0,08/10/2026 15:52:16
13450586,08/10/2026 11:55:17,08/10/2026 12:52:16,rodriguezt,6419,00:08:06,00:56:59,486,3419,Fuera de Tiempo,1,29,0,00:10:05,605,Excedido,"BCH07          ",BCH07 - BACHA DE APOYAR OVALADA 400x330x150,0,0,08/10/2026 15:52:16
13450586,08/10/2026 11:55:17,08/10/2026 12:52:16,rodriguezt,6419,00:08:06,00:56:59,486,3419,Fuera de Tiempo,2,29,0,00:10:05,605,Excedido,"LG03N80        ",LG03N80 - DUCHA C/TRANSF BLACK C.STD BERNA,0,0,08/10/2026 15:52:16
13450586,08/10/2026 11:55:17,08/10/2026 12:52:16,rodriguezt,6419,00:08:06,00:56:59,486,3419,Fuera de Tiempo,2,29,0,00:10:05,605,Excedido,"LG03N70        ",LG03N70 - BIDE BLACK C.STD BERNA,0,0,08/10/2026 15:52:16
13450586,08/10/2026 11:55:17,08/10/2026 12:52:16,rodriguezt,6419,00:08:06,00:56:59,486,3419,Fuera de Tiempo,12,29,0,00:10:05,605,Excedido,"LG03N60        ",LG03N60 - LAVATORIO BLACK C.STD BERNA,0,0,08/10/2026 15:52:16
13450586,08/10/2026 11:55:17,08/10/2026 12:52:16,rodriguezt,6419,00:08:06,00:56:59,486,3419,Fuera de Tiempo,4,29,0,00:10:05,605,Excedido,"814/CRC        ",814/CRC - MESADA P.FUNDIDO CR/CR C.CERAM. ARES,0,0,08/10/2026 15:52:16
13450586,08/10/2026 11:55:17,08/10/2026 12:52:16,rodriguezt,6419,00:08:06,00:56:59,486,3419,Fuera de Tiempo,4,29,0,00:10:05,605,Excedido,"80-045         ",80-045 - DUCHA EMB.C/TRANSF CR  C.STD CRUZ,0,0,08/10/2026 15:52:16
13450586,08/10/2026 11:55:17,08/10/2026 12:52:16,rodriguezt,6419,00:08:06,00:56:59,486,3419,Fuera de Tiempo,6,29,0,00:10:05,605,Excedido,"20-179         ",20-179 - MONOCOMANDO DE COCINA LARA,0,0,08/10/2026 15:52:16
13450586,08/10/2026 11:55:17,08/10/2026 12:52:16,rodriguezt,6419,00:08:06,00:56:59,486,3419,Fuera de Tiempo,2,29,0,00:10:05,605,Excedido,"20-150         ",20-150 - MONOCOMANDO MESADA COCINA TOLEDO,0,0,08/10/2026 15:52:16
13450586,08/10/2026 11:55:17,08/10/2026 12:52:16,rodriguezt,6419,00:08:06,00:56:59,486,3419,Fuera de Tiempo,6,29,0,00:10:05,605,Excedido,"LG02C60        ",LG02C60 - LAVATORIO MONOC CR GINEBRA,0,0,08/10/2026 15:52:16
13450586,08/10/2026 11:55:17,08/10/2026 12:52:16,rodriguezt,6419,00:08:06,00:56:59,486,3419,Fuera de Tiempo,6,29,0,00:10:05,605,Excedido,"LG02N20        ","MONOCOMANDO COCINA BLACK GINEBRA                                      ",0,0,08/10/2026 15:52:16
13450586,08/10/2026 11:55:17,08/10/2026 12:52:16,rodriguezt,6419,00:08:06,00:56:59,486,3419,Fuera de Tiempo,10,29,0,00:10:05,605,Excedido,"LG02C20        ","MONOCOMANDO COCINA CR GINEBRA                                         ",0,0,08/10/2026 15:52:16
13450586,08/10/2026 11:55:17,08/10/2026 12:52:16,rodriguezt,6419,00:08:06,00:56:59,486,3419,Fuera de Tiempo,2,29,0,00:10:05,605,Excedido,"LG02C61        ",LG02C61 - LAVATORIO MONOC ALTO CROMO GINEBRA,0,0,08/10/2026 15:52:16
13450586,08/10/2026 11:55:17,08/10/2026 12:52:16,rodriguezt,6419,00:08:06,00:56:59,486,3419,Fuera de Tiempo,4,29,0,00:10:05,605,Excedido,"8050           ",8050 - JABONERA LINEA 8000,0,0,08/10/2026 15:52:16
13450586,08/10/2026 11:55:17,08/10/2026 12:52:16,rodriguezt,6419,00:08:06,00:56:59,486,3419,Fuera de Tiempo,6,29,0,00:10:05,605,Excedido,"8040           ",8040 - PORTA ROLLO LINEA 8000,0,0,08/10/2026 15:52:16
13450586,08/10/2026 11:55:17,08/10/2026 12:52:16,rodriguezt,6419,00:08:06,00:56:59,486,3419,Fuera de Tiempo,4,29,0,00:10:05,605,Excedido,"8030           ",8030 - PERCHA LINEA 8000,0,0,08/10/2026 15:52:16
13450586,08/10/2026 11:55:17,08/10/2026 12:52:16,rodriguezt,6419,00:08:06,00:56:59,486,3419,Fuera de Tiempo,4,29,0,00:10:05,605,Excedido,"8020           ",8020 - TOALLERO DE ARO LINEA 8000,0,0,08/10/2026 15:52:16
13450586,08/10/2026 11:55:17,08/10/2026 12:52:16,rodriguezt,6419,00:08:06,00:56:59,486,3419,Fuera de Tiempo,6,29,0,00:10:05,605,Excedido,"A814           ",A814 - DUCHA C/BRAZO Y CAMPANA CR,0,0,08/10/2026 15:52:16
13450586,08/10/2026 11:55:17,08/10/2026 12:52:16,rodriguezt,6419,00:08:06,00:56:59,486,3419,Fuera de Tiempo,6,29,0,00:10:05,605,Excedido,"A813           ",A813 - DUCHA C/BRAZO Y CAMPANA CR 3 FUNCIONES,0,0,08/10/2026 15:52:16
13450586,08/10/2026 11:55:17,08/10/2026 12:52:16,rodriguezt,6419,00:08:06,00:56:59,486,3419,Fuera de Tiempo,12,29,0,00:10:05,605,Excedido,"A842           ",A842 - DUCHADOR ANTICALCAREO 5 FUNCIONES C/SOPORTE Y FLEX,0,0,08/10/2026 15:52:16
13450586,08/10/2026 11:55:17,08/10/2026 12:52:16,rodriguezt,6419,00:08:06,00:56:59,486,3419,Fuera de Tiempo,6,29,0,00:10:05,605,Excedido,"A017           ",A017 - DUCHADOR CROMO C/BLISTER,0,0,08/10/2026 15:52:16
13450586,08/10/2026 11:55:17,08/10/2026 12:52:16,rodriguezt,6419,00:08:06,00:56:59,486,3419,Fuera de Tiempo,6,29,0,00:10:05,605,Excedido,"A019           ","SOPORTE P/DUCHADOR CROMO C/BLISTER                                    ",0,0,08/10/2026 15:52:16
13450816,08/10/2026 12:03:22,08/10/2026 12:16:22,acejas,6417,00:06:02,00:13:00,362,780,Fuera de Tiempo,2,18,0,00:47:55,2875,Excedido,"A017           ",A017 - DUCHADOR CROMO C/BLISTER,0,0,08/10/2026 15:16:22
13450816,08/10/2026 12:03:22,08/10/2026 12:16:22,acejas,6417,00:06:02,00:13:00,362,780,Fuera de Tiempo,2,18,0,00:47:55,2875,Excedido,"A996           ",A996 - DUCHA 8' CUADRADA CR C/BRAZO Y CAMPANA,0,0,08/10/2026 15:16:22
13450816,08/10/2026 12:03:22,08/10/2026 12:16:22,acejas,6417,00:06:02,00:13:00,362,780,Fuera de Tiempo,2,18,0,00:47:55,2875,Excedido,"A816           ","A816 - DUCHA 6"" C/BRAZO Y CAMPANA CR",0,0,08/10/2026 15:16:22
13450816,08/10/2026 12:03:22,08/10/2026 12:16:22,acejas,6417,00:06:02,00:13:00,362,780,Fuera de Tiempo,4,18,0,00:47:55,2875,Excedido,"LG02N61        ",LG02N61 - LAVATORIO MONOC ALTO BLACK GINEBRA,0,0,08/10/2026 15:16:22
13450816,08/10/2026 12:03:22,08/10/2026 12:16:22,acejas,6417,00:06:02,00:13:00,362,780,Fuera de Tiempo,3,18,0,00:47:55,2875,Excedido,"70-133         ",70-133 - BIDE MONOCOMANDO LUGO,0,0,08/10/2026 15:16:22
13450816,08/10/2026 12:03:22,08/10/2026 12:16:22,acejas,6417,00:06:02,00:13:00,362,780,Fuera de Tiempo,4,18,0,00:47:55,2875,Excedido,"LG01C60        ",LG01C60 - LAVATORIO MONOC CR LUCERNA,0,0,08/10/2026 15:16:22
13450816,08/10/2026 12:03:22,08/10/2026 12:16:22,acejas,6417,00:06:02,00:13:00,362,780,Fuera de Tiempo,4,18,0,00:47:55,2875,Excedido,"LG02N20        ","MONOCOMANDO COCINA BLACK GINEBRA                                      ",0,0,08/10/2026 15:16:22
13450816,08/10/2026 12:03:22,08/10/2026 12:16:22,acejas,6417,00:06:02,00:13:00,362,780,Fuera de Tiempo,6,18,0,00:47:55,2875,Excedido,"LG02C61        ",LG02C61 - LAVATORIO MONOC ALTO CROMO GINEBRA,0,0,08/10/2026 15:16:22
13450816,08/10/2026 12:03:22,08/10/2026 12:16:22,acejas,6417,00:06:02,00:13:00,362,780,Fuera de Tiempo,3,18,0,00:47:55,2875,Excedido,"LG01C20        ",LG01C20 - MONOCOMANDO COCINA CR LUCERNA,0,0,08/10/2026 15:16:22
13450816,08/10/2026 12:03:22,08/10/2026 12:16:22,acejas,6417,00:06:02,00:13:00,362,780,Fuera de Tiempo,3,18,0,00:47:55,2875,Excedido,"20-179         ",20-179 - MONOCOMANDO DE COCINA LARA,0,0,08/10/2026 15:16:22
13450816,08/10/2026 12:03:22,08/10/2026 12:16:22,acejas,6417,00:06:02,00:13:00,362,780,Fuera de Tiempo,2,18,0,00:47:55,2875,Excedido,"814/CRC        ",814/CRC - MESADA P.FUNDIDO CR/CR C.CERAM. ARES,0,0,08/10/2026 15:16:22
13450816,08/10/2026 12:03:22,08/10/2026 12:16:22,acejas,6417,00:06:02,00:13:00,362,780,Fuera de Tiempo,4,18,0,00:47:55,2875,Excedido,"13006          ","SET DE 6 PIEZAS LINEA 13000                                           ",0,0,08/10/2026 15:16:22
13450816,08/10/2026 12:03:22,08/10/2026 12:16:22,acejas,6417,00:06:02,00:13:00,362,780,Fuera de Tiempo,2,18,0,00:47:55,2875,Excedido,"51-002         ",51-002 - COCINA MESADA RENACER,0,0,08/10/2026 15:16:22
13450816,08/10/2026 12:03:22,08/10/2026 12:16:22,acejas,6417,00:06:02,00:13:00,362,780,Fuera de Tiempo,4,18,0,00:47:55,2875,Excedido,"LG03N60        ",LG03N60 - LAVATORIO BLACK C.STD BERNA,0,0,08/10/2026 15:16:22
13450816,08/10/2026 12:03:22,08/10/2026 12:16:22,acejas,6417,00:06:02,00:13:00,362,780,Fuera de Tiempo,1,18,0,00:47:55,2875,Excedido,"80-058         ",80-058 - DUCHA EMB. C/TRANSF. CR C.STD MALBA,0,0,08/10/2026 15:16:22
13450816,08/10/2026 12:03:22,08/10/2026 12:16:22,acejas,6417,00:06:02,00:13:00,362,780,Fuera de Tiempo,3,18,0,00:47:55,2875,Excedido,"51-010         ",51-010 - COCINA MESADA BL/CR LORCA,0,0,08/10/2026 15:16:22
13450816,08/10/2026 12:03:22,08/10/2026 12:16:22,acejas,6417,00:06:02,00:13:00,362,780,Fuera de Tiempo,4,18,0,00:47:55,2875,Excedido,"60-010         ",60-010 - LAVATORIO BL/CR LORCA,0,0,08/10/2026 15:16:22
13450816,08/10/2026 12:03:22,08/10/2026 12:16:22,acejas,6417,00:06:02,00:13:00,362,780,Fuera de Tiempo,3,18,0,00:47:55,2875,Excedido,"BCH19          ","BACHA DE APOYAR BLANCA 365x235x120                                    ",0,0,08/10/2026 15:16:22
13451488,08/10/2026 12:31:18,08/10/2026 12:31:41,acejas,6417,00:00:40,00:00:23,40,23,En Tiempo,2,1,0,00:14:56,896,Excedido,"70-162         ",70-162 - BIDE CR C.CERAM LINEA ADRA,0,0,08/10/2026 15:31:41
13451516,08/10/2026 12:32:21,08/10/2026 12:37:26,acejas,6417,00:02:49,00:05:05,169,305,Fuera de Tiempo,6,9,0,00:00:40,40,Logico,"60-010         ",60-010 - LAVATORIO BL/CR LORCA,0,0,08/10/2026 15:37:26
13451516,08/10/2026 12:32:21,08/10/2026 12:37:26,acejas,6417,00:02:49,00:05:05,169,305,Fuera de Tiempo,6,9,0,00:00:40,40,Logico,"51-010         ",51-010 - COCINA MESADA BL/CR LORCA,0,0,08/10/2026 15:37:26
13451516,08/10/2026 12:32:21,08/10/2026 12:37:26,acejas,6417,00:02:49,00:05:05,169,305,Fuera de Tiempo,1,9,0,00:00:40,40,Logico,"51-002         ",51-002 - COCINA MESADA RENACER,0,0,08/10/2026 15:37:26
13451516,08/10/2026 12:32:21,08/10/2026 12:37:26,acejas,6417,00:02:49,00:05:05,169,305,Fuera de Tiempo,8,9,0,00:00:40,40,Logico,"LG03N60        ",LG03N60 - LAVATORIO BLACK C.STD BERNA,0,0,08/10/2026 15:37:26
13451516,08/10/2026 12:32:21,08/10/2026 12:37:26,acejas,6417,00:02:49,00:05:05,169,305,Fuera de Tiempo,1,9,0,00:00:40,40,Logico,"20-160         ",20-160 - MONOCOMANDO MESADA COCINA DIQUE,0,0,08/10/2026 15:37:26
13451516,08/10/2026 12:32:21,08/10/2026 12:37:26,acejas,6417,00:02:49,00:05:05,169,305,Fuera de Tiempo,1,9,0,00:00:40,40,Logico,"20-179         ",20-179 - MONOCOMANDO DE COCINA LARA,0,0,08/10/2026 15:37:26
13451516,08/10/2026 12:32:21,08/10/2026 12:37:26,acejas,6417,00:02:49,00:05:05,169,305,Fuera de Tiempo,3,9,0,00:00:40,40,Logico,"LG02N20        ","MONOCOMANDO COCINA BLACK GINEBRA                                      ",0,0,08/10/2026 15:37:26
13451516,08/10/2026 12:32:21,08/10/2026 12:37:26,acejas,6417,00:02:49,00:05:05,169,305,Fuera de Tiempo,4,9,0,00:00:40,40,Logico,"A996           ",A996 - DUCHA 8' CUADRADA CR C/BRAZO Y CAMPANA,0,0,08/10/2026 15:37:26
13451516,08/10/2026 12:32:21,08/10/2026 12:37:26,acejas,6417,00:02:49,00:05:05,169,305,Fuera de Tiempo,6,9,0,00:00:40,40,Logico,"A018           ",A018 - FLEXIBLE DUCHADOR CROMO C/BLISTER,0,0,08/10/2026 15:37:26
13451595,08/10/2026 12:36:03,08/10/2026 12:36:09,gkiriczuk,6409,00:00:39,00:00:06,39,6,En Tiempo,1,1,0,05:24:32,19472,Excedido,"RINO102V-3     ","ASIENTO INODORO LINEA LOFT TAPA BLANDA                                ",0,0,08/10/2026 15:36:09
13451676,08/10/2026 12:39:45,08/10/2026 12:41:54,acejas,6417,00:00:39,00:02:09,39,129,Fuera de Tiempo,1,1,0,00:02:19,139,Logico,"30-121         ",30-121 - COCINA MSDA MONOC.P. CUADRADO MARBELLA,0,0,08/10/2026 15:41:54
13451736,08/10/2026 12:43:08,08/10/2026 12:43:34,acejas,6417,00:00:48,00:00:26,48,26,En Tiempo,7,1,0,00:01:14,74,Logico,"70-203         ",70-203 - BIDE MONOCOMANDO ADRA,0,0,08/10/2026 15:43:34
13451751,08/10/2026 12:43:59,08/10/2026 12:44:49,acejas,6417,00:00:41,00:00:50,41,50,Fuera de Tiempo,3,1,0,00:00:25,25,Logico,"20-184         ","MONOCOMANDO DE COCINA CR SUV                                          ",0,0,08/10/2026 15:44:49
13451796,08/10/2026 12:46:19,08/10/2026 12:53:12,acejas,6417,00:02:44,00:06:53,164,413,Fuera de Tiempo,10,8,0,00:01:30,90,Logico,"1340           ","QUEINOX MACHO MOVIL MH 1/2"" x 40                                      ",0,0,08/10/2026 15:53:12
13451796,08/10/2026 12:46:19,08/10/2026 12:53:12,acejas,6417,00:02:44,00:06:53,164,413,Fuera de Tiempo,10,8,0,00:01:30,90,Logico,"1325           ","QUEINOX MACHO MOVIL MH 1/2"" x 25                                      ",0,0,08/10/2026 15:53:12
13451796,08/10/2026 12:46:19,08/10/2026 12:53:12,acejas,6417,00:02:44,00:06:53,164,413,Fuera de Tiempo,1,8,0,00:01:30,90,Logico,"17060G         ",17060G - PORTA VASO Y CEPILLO  LINEA FABRIC GOLD,0,0,08/10/2026 15:53:12
13451796,08/10/2026 12:46:19,08/10/2026 12:53:12,acejas,6417,00:02:44,00:06:53,164,413,Fuera de Tiempo,2,8,0,00:01:30,90,Logico,"17010G         ",17010G - TOALLERO BARRAL LINEA FABRIC GOLD,0,0,08/10/2026 15:53:12
13451796,08/10/2026 12:46:19,08/10/2026 12:53:12,acejas,6417,00:02:44,00:06:53,164,413,Fuera de Tiempo,1,8,0,00:01:30,90,Logico,"61-176N        ",61-176N - LAVATORIO MONOC ALTO BLACK RIO,0,0,08/10/2026 15:53:12
13451796,08/10/2026 12:46:19,08/10/2026 12:53:12,acejas,6417,00:02:44,00:06:53,164,413,Fuera de Tiempo,1,8,0,00:01:30,90,Logico,"60-176N        ","LAVATORIO MONOCOMANDO BAJO BLACK RIO                                  ",0,0,08/10/2026 15:53:12
13451796,08/10/2026 12:46:19,08/10/2026 12:53:12,acejas,6417,00:02:44,00:06:53,164,413,Fuera de Tiempo,2,8,0,00:01:30,90,Logico,"17040G         ",17040G - PORTA ROLLO LINEA FABRIC GOLD,0,0,08/10/2026 15:53:12
13451796,08/10/2026 12:46:19,08/10/2026 12:53:12,acejas,6417,00:02:44,00:06:53,164,413,Fuera de Tiempo,4,8,0,00:01:30,90,Logico,"17030G         ",17030G - PERCHA LINEA FABRIC GOLD,0,0,08/10/2026 15:53:12
13451958,08/10/2026 12:53:27,08/10/2026 13:09:14,gsoderquvist,6415,00:01:39,00:15:47,99,947,Fuera de Tiempo,10,4,0,00:57:21,3441,Excedido,"60-162N        ",60-162N - LAVATORIO BLACK C.CERAM LINEA ADRA,0,0,08/10/2026 16:09:14
13451958,08/10/2026 12:53:27,08/10/2026 13:09:14,gsoderquvist,6415,00:01:39,00:15:47,99,947,Fuera de Tiempo,15,4,0,00:57:21,3441,Excedido,"90-166N        ",90-166N - PACK GRIF. ADRA BLACK PLUS  (Lav-Bide-Ducha c/t Plus),0,0,08/10/2026 16:09:14
13451958,08/10/2026 12:53:27,08/10/2026 13:09:14,gsoderquvist,6415,00:01:39,00:15:47,99,947,Fuera de Tiempo,5,4,0,00:57:21,3441,Excedido,"70-162N        ",70-162N - BIDE BLACK C.CERAM LINEA ADRA,0,0,08/10/2026 16:09:14
13451958,08/10/2026 12:53:27,08/10/2026 13:09:14,gsoderquvist,6415,00:01:39,00:15:47,99,947,Fuera de Tiempo,5,4,0,00:57:21,3441,Excedido,"80-166N        ",80-166N - DUCHA EMB. C/TRANSF. BLACK C.CERAM ADRA PLUS,0,0,08/10/2026 16:09:14
13452172,08/10/2026 13:04:10,08/10/2026 13:10:31,acejas,6417,00:01:52,00:06:21,112,381,Fuera de Tiempo,2,6,0,00:10:58,658,Excedido,"19010          ",19010 - TOALLERO BARRAL LINEA 19000,0,0,08/10/2026 16:10:31
13452172,08/10/2026 13:04:10,08/10/2026 13:10:31,acejas,6417,00:01:52,00:06:21,112,381,Fuera de Tiempo,4,6,0,00:10:58,658,Excedido,"19020          ",19020 - TOALLERO DE ARO LINEA 19000,0,0,08/10/2026 16:10:31
13452172,08/10/2026 13:04:10,08/10/2026 13:10:31,acejas,6417,00:01:52,00:06:21,112,381,Fuera de Tiempo,6,6,0,00:10:58,658,Excedido,"19030          ",19030 - PERCHA LINEA 19000,0,0,08/10/2026 16:10:31
13452172,08/10/2026 13:04:10,08/10/2026 13:10:31,acejas,6417,00:01:52,00:06:21,112,381,Fuera de Tiempo,4,6,0,00:10:58,658,Excedido,"19050          ",19050 - JABONERA LINEA 19000,0,0,08/10/2026 16:10:31
13452172,08/10/2026 13:04:10,08/10/2026 13:10:31,acejas,6417,00:01:52,00:06:21,112,381,Fuera de Tiempo,2,6,0,00:10:58,658,Excedido,"19060          ",19060 - VASO PORTA CEPILLO LINEA 19000,0,0,08/10/2026 16:10:31
13452172,08/10/2026 13:04:10,08/10/2026 13:10:31,acejas,6417,00:01:52,00:06:21,112,381,Fuera de Tiempo,1,6,0,00:10:58,658,Excedido,"19006          ",19006 - SET DE 6 PIEZAS LINEA 19000,0,0,08/10/2026 16:10:31
13452228,08/10/2026 13:06:48,08/10/2026 13:20:40,rodriguezt,6419,00:10:30,00:13:52,630,832,Fuera de Tiempo,1,24,0,00:14:32,872,Excedido,"BID102-3       ","BIDE 3 AGUJEROS BLANCO LINEA LOFT                                     ",0,0,08/10/2026 16:20:40
13452228,08/10/2026 13:06:48,08/10/2026 13:20:40,rodriguezt,6419,00:10:30,00:13:52,630,832,Fuera de Tiempo,1,24,0,00:14:32,872,Excedido,"BCH01          ",BCH01 - BACHA DE APOYAR CIRCULAR 320x145,0,0,08/10/2026 16:20:40
13452228,08/10/2026 13:06:48,08/10/2026 13:20:40,rodriguezt,6419,00:10:30,00:13:52,630,832,Fuera de Tiempo,12,24,0,00:14:32,872,Excedido,"60-010         ",60-010 - LAVATORIO BL/CR LORCA,0,0,08/10/2026 16:20:40
13452228,08/10/2026 13:06:48,08/10/2026 13:20:40,rodriguezt,6419,00:10:30,00:13:52,630,832,Fuera de Tiempo,10,24,0,00:14:32,872,Excedido,"51-010         ",51-010 - COCINA MESADA BL/CR LORCA,0,0,08/10/2026 16:20:40
13452228,08/10/2026 13:06:48,08/10/2026 13:20:40,rodriguezt,6419,00:10:30,00:13:52,630,832,Fuera de Tiempo,2,24,0,00:14:32,872,Excedido,"51-002         ",51-002 - COCINA MESADA RENACER,0,0,08/10/2026 16:20:40
13452228,08/10/2026 13:06:48,08/10/2026 13:20:40,rodriguezt,6419,00:10:30,00:13:52,630,832,Fuera de Tiempo,4,24,0,00:14:32,872,Excedido,"LG03N60        ",LG03N60 - LAVATORIO BLACK C.STD BERNA,0,0,08/10/2026 16:20:40
13452228,08/10/2026 13:06:48,08/10/2026 13:20:40,rodriguezt,6419,00:10:30,00:13:52,630,832,Fuera de Tiempo,4,24,0,00:14:32,872,Excedido,"LG03N70        ",LG03N70 - BIDE BLACK C.STD BERNA,0,0,08/10/2026 16:20:40
13452228,08/10/2026 13:06:48,08/10/2026 13:20:40,rodriguezt,6419,00:10:30,00:13:52,630,832,Fuera de Tiempo,4,24,0,00:14:32,872,Excedido,"LG03N80        ",LG03N80 - DUCHA C/TRANSF BLACK C.STD BERNA,0,0,08/10/2026 16:20:40
13452228,08/10/2026 13:06:48,08/10/2026 13:20:40,rodriguezt,6419,00:10:30,00:13:52,630,832,Fuera de Tiempo,3,24,0,00:14:32,872,Excedido,"814/CRC        ",814/CRC - MESADA P.FUNDIDO CR/CR C.CERAM. ARES,0,0,08/10/2026 16:20:40
13452228,08/10/2026 13:06:48,08/10/2026 13:20:40,rodriguezt,6419,00:10:30,00:13:52,630,832,Fuera de Tiempo,2,24,0,00:14:32,872,Excedido,"13006          ","SET DE 6 PIEZAS LINEA 13000                                           ",0,0,08/10/2026 16:20:40
13452228,08/10/2026 13:06:48,08/10/2026 13:20:40,rodriguezt,6419,00:10:30,00:13:52,630,832,Fuera de Tiempo,4,24,0,00:14:32,872,Excedido,"83-133         ",83-133 - DUCHA EXT. C/TRANSF. MONOCOMANDO LUGO,0,0,08/10/2026 16:20:40
13452228,08/10/2026 13:06:48,08/10/2026 13:20:40,rodriguezt,6419,00:10:30,00:13:52,630,832,Fuera de Tiempo,2,24,0,00:14:32,872,Excedido,"3006           ",3006 - SET DE 6 PIEZAS LINEA 3000,0,0,08/10/2026 16:20:40
13452228,08/10/2026 13:06:48,08/10/2026 13:20:40,rodriguezt,6419,00:10:30,00:13:52,630,832,Fuera de Tiempo,2,24,0,00:14:32,872,Excedido,"11006          ","SET DE 6 PIEZAS LINEA 11000                                           ",0,0,08/10/2026 16:20:40
13452228,08/10/2026 13:06:48,08/10/2026 13:20:40,rodriguezt,6419,00:10:30,00:13:52,630,832,Fuera de Tiempo,2,24,0,00:14:32,872,Excedido,"10005CR        ","SET DE 5 PIEZAS LINEA 10000 MINIMALISTA                               ",0,0,08/10/2026 16:20:40
13452228,08/10/2026 13:06:48,08/10/2026 13:20:40,rodriguezt,6419,00:10:30,00:13:52,630,832,Fuera de Tiempo,15,24,0,00:14:32,872,Excedido,"LG01C60        ",LG01C60 - LAVATORIO MONOC CR LUCERNA,0,0,08/10/2026 16:20:40
13452228,08/10/2026 13:06:48,08/10/2026 13:20:40,rodriguezt,6419,00:10:30,00:13:52,630,832,Fuera de Tiempo,10,24,0,00:14:32,872,Excedido,"LG02N20        ","MONOCOMANDO COCINA BLACK GINEBRA                                      ",0,0,08/10/2026 16:20:40
13452228,08/10/2026 13:06:48,08/10/2026 13:20:40,rodriguezt,6419,00:10:30,00:13:52,630,832,Fuera de Tiempo,3,24,0,00:14:32,872,Excedido,"LG02C61        ",LG02C61 - LAVATORIO MONOC ALTO CROMO GINEBRA,0,0,08/10/2026 16:20:40
13452228,08/10/2026 13:06:48,08/10/2026 13:20:40,rodriguezt,6419,00:10:30,00:13:52,630,832,Fuera de Tiempo,6,24,0,00:14:32,872,Excedido,"LG02C20        ","MONOCOMANDO COCINA CR GINEBRA                                         ",0,0,08/10/2026 16:20:40
13452228,08/10/2026 13:06:48,08/10/2026 13:20:40,rodriguezt,6419,00:10:30,00:13:52,630,832,Fuera de Tiempo,6,24,0,00:14:32,872,Excedido,"8060           ",8060 - PORTA CEPILLO LINEA 8000,0,0,08/10/2026 16:20:40
13452228,08/10/2026 13:06:48,08/10/2026 13:20:40,rodriguezt,6419,00:10:30,00:13:52,630,832,Fuera de Tiempo,6,24,0,00:14:32,872,Excedido,"8040           ",8040 - PORTA ROLLO LINEA 8000,0,0,08/10/2026 16:20:40
13452228,08/10/2026 13:06:48,08/10/2026 13:20:40,rodriguezt,6419,00:10:30,00:13:52,630,832,Fuera de Tiempo,6,24,0,00:14:32,872,Excedido,"8030           ",8030 - PERCHA LINEA 8000,0,0,08/10/2026 16:20:40
13452228,08/10/2026 13:06:48,08/10/2026 13:20:40,rodriguezt,6419,00:10:30,00:13:52,630,832,Fuera de Tiempo,4,24,0,00:14:32,872,Excedido,"8010           ",8010 - TOALLERO BARRAL LINEA 8000,0,0,08/10/2026 16:20:40
13452228,08/10/2026 13:06:48,08/10/2026 13:20:40,rodriguezt,6419,00:10:30,00:13:52,630,832,Fuera de Tiempo,4,24,0,00:14:32,872,Excedido,"A842           ",A842 - DUCHADOR ANTICALCAREO 5 FUNCIONES C/SOPORTE Y FLEX,0,0,08/10/2026 16:20:40
13452228,08/10/2026 13:06:48,08/10/2026 13:20:40,rodriguezt,6419,00:10:30,00:13:52,630,832,Fuera de Tiempo,2,24,0,00:14:32,872,Excedido,"12003          ","SET DE 3 PIEZAS LINEA 12000                                           ",0,0,08/10/2026 16:20:40
13452307,08/10/2026 13:10:30,08/10/2026 13:11:27,gsoderquvist,6415,00:02:03,00:00:57,123,57,En Tiempo,20,4,0,00:01:16,76,Logico,"51-058         ",51-058 - COCINA MESADA CR C.STD MALBA,0,0,08/10/2026 16:11:27
13452307,08/10/2026 13:10:30,08/10/2026 13:11:27,gsoderquvist,6415,00:02:03,00:00:57,123,57,En Tiempo,15,4,0,00:01:16,76,Logico,"60-010         ",60-010 - LAVATORIO BL/CR LORCA,0,0,08/10/2026 16:11:27
13452307,08/10/2026 13:10:30,08/10/2026 13:11:27,gsoderquvist,6415,00:02:03,00:00:57,123,57,En Tiempo,15,4,0,00:01:16,76,Logico,"80-010         ",80-010 - DUCHA EMB. C/TRANSF. BL/CR LORCA,0,0,08/10/2026 16:11:27
13452307,08/10/2026 13:10:30,08/10/2026 13:11:27,gsoderquvist,6415,00:02:03,00:00:57,123,57,En Tiempo,5,4,0,00:01:16,76,Logico,"814/CRC        ",814/CRC - MESADA P.FUNDIDO CR/CR C.CERAM. ARES,0,0,08/10/2026 16:11:27
13452545,08/10/2026 13:20:55,08/10/2026 14:05:44,gsoderquvist,6415,00:07:28,00:44:49,448,2689,Fuera de Tiempo,2,30,0,00:09:28,568,Excedido,"12003          ","SET DE 3 PIEZAS LINEA 12000                                           ",0,0,08/10/2026 17:05:44
13452545,08/10/2026 13:20:55,08/10/2026 14:05:44,gsoderquvist,6415,00:07:28,00:44:49,448,2689,Fuera de Tiempo,3,30,0,00:09:28,568,Excedido,"A019           ","SOPORTE P/DUCHADOR CROMO C/BLISTER                                    ",0,0,08/10/2026 17:05:44
13452545,08/10/2026 13:20:55,08/10/2026 14:05:44,gsoderquvist,6415,00:07:28,00:44:49,448,2689,Fuera de Tiempo,2,30,0,00:09:28,568,Excedido,"A017           ",A017 - DUCHADOR CROMO C/BLISTER,0,0,08/10/2026 17:05:44
13452545,08/10/2026 13:20:55,08/10/2026 14:05:44,gsoderquvist,6415,00:07:28,00:44:49,448,2689,Fuera de Tiempo,2,30,0,00:09:28,568,Excedido,"A996           ",A996 - DUCHA 8' CUADRADA CR C/BRAZO Y CAMPANA,0,0,08/10/2026 17:05:44
13452545,08/10/2026 13:20:55,08/10/2026 14:05:44,gsoderquvist,6415,00:07:28,00:44:49,448,2689,Fuera de Tiempo,4,30,0,00:09:28,568,Excedido,"A819           ",A819 - DUCHADOR ANTICALCAREO C/FLEXIBLE Y SOPORTE,0,0,08/10/2026 17:05:44
13452545,08/10/2026 13:20:55,08/10/2026 14:05:44,gsoderquvist,6415,00:07:28,00:44:49,448,2689,Fuera de Tiempo,4,30,0,00:09:28,568,Excedido,"A816           ","A816 - DUCHA 6"" C/BRAZO Y CAMPANA CR",0,0,08/10/2026 17:05:44
13452545,08/10/2026 13:20:55,08/10/2026 14:05:44,gsoderquvist,6415,00:07:28,00:44:49,448,2689,Fuera de Tiempo,2,30,0,00:09:28,568,Excedido,"A815           ","A815 - DUCHA 8"" C/BRAZO Y CAMPANA CR",0,0,08/10/2026 17:05:44
13452545,08/10/2026 13:20:55,08/10/2026 14:05:44,gsoderquvist,6415,00:07:28,00:44:49,448,2689,Fuera de Tiempo,2,30,0,00:09:28,568,Excedido,"A813           ",A813 - DUCHA C/BRAZO Y CAMPANA CR 3 FUNCIONES,0,0,08/10/2026 17:05:44
13452545,08/10/2026 13:20:55,08/10/2026 14:05:44,gsoderquvist,6415,00:07:28,00:44:49,448,2689,Fuera de Tiempo,4,30,0,00:09:28,568,Excedido,"8010           ",8010 - TOALLERO BARRAL LINEA 8000,0,0,08/10/2026 17:05:44
13452545,08/10/2026 13:20:55,08/10/2026 14:05:44,gsoderquvist,6415,00:07:28,00:44:49,448,2689,Fuera de Tiempo,2,30,0,00:09:28,568,Excedido,"8020           ",8020 - TOALLERO DE ARO LINEA 8000,0,0,08/10/2026 17:05:44
13452545,08/10/2026 13:20:55,08/10/2026 14:05:44,gsoderquvist,6415,00:07:28,00:44:49,448,2689,Fuera de Tiempo,6,30,0,00:09:28,568,Excedido,"8030           ",8030 - PERCHA LINEA 8000,0,0,08/10/2026 17:05:44
13452545,08/10/2026 13:20:55,08/10/2026 14:05:44,gsoderquvist,6415,00:07:28,00:44:49,448,2689,Fuera de Tiempo,6,30,0,00:09:28,568,Excedido,"8040           ",8040 - PORTA ROLLO LINEA 8000,0,0,08/10/2026 17:05:44
13452545,08/10/2026 13:20:55,08/10/2026 14:05:44,gsoderquvist,6415,00:07:28,00:44:49,448,2689,Fuera de Tiempo,6,30,0,00:09:28,568,Excedido,"8050           ",8050 - JABONERA LINEA 8000,0,0,08/10/2026 17:05:44
13452545,08/10/2026 13:20:55,08/10/2026 14:05:44,gsoderquvist,6415,00:07:28,00:44:49,448,2689,Fuera de Tiempo,2,30,0,00:09:28,568,Excedido,"8006           ",8006 - SET DE 6 PIEZAS LINEA 8000,0,0,08/10/2026 17:05:44
13452545,08/10/2026 13:20:55,08/10/2026 14:05:44,gsoderquvist,6415,00:07:28,00:44:49,448,2689,Fuera de Tiempo,4,30,0,00:09:28,568,Excedido,"LG02C20        ","MONOCOMANDO COCINA CR GINEBRA                                         ",0,0,08/10/2026 17:05:44
13452545,08/10/2026 13:20:55,08/10/2026 14:05:44,gsoderquvist,6415,00:07:28,00:44:49,448,2689,Fuera de Tiempo,4,30,0,00:09:28,568,Excedido,"LG02N61        ",LG02N61 - LAVATORIO MONOC ALTO BLACK GINEBRA,0,0,08/10/2026 17:05:44
13452545,08/10/2026 13:20:55,08/10/2026 14:05:44,gsoderquvist,6415,00:07:28,00:44:49,448,2689,Fuera de Tiempo,2,30,0,00:09:28,568,Excedido,"LG01C20        ",LG01C20 - MONOCOMANDO COCINA CR LUCERNA,0,0,08/10/2026 17:05:44
13452545,08/10/2026 13:20:55,08/10/2026 14:05:44,gsoderquvist,6415,00:07:28,00:44:49,448,2689,Fuera de Tiempo,4,30,0,00:09:28,568,Excedido,"83-133         ",83-133 - DUCHA EXT. C/TRANSF. MONOCOMANDO LUGO,0,0,08/10/2026 17:05:44
13452545,08/10/2026 13:20:55,08/10/2026 14:05:44,gsoderquvist,6415,00:07:28,00:44:49,448,2689,Fuera de Tiempo,2,30,0,00:09:28,568,Excedido,"20-160         ",20-160 - MONOCOMANDO MESADA COCINA DIQUE,0,0,08/10/2026 17:05:44
13452545,08/10/2026 13:20:55,08/10/2026 14:05:44,gsoderquvist,6415,00:07:28,00:44:49,448,2689,Fuera de Tiempo,3,30,0,00:09:28,568,Excedido,"20-179         ",20-179 - MONOCOMANDO DE COCINA LARA,0,0,08/10/2026 17:05:44
13452545,08/10/2026 13:20:55,08/10/2026 14:05:44,gsoderquvist,6415,00:07:28,00:44:49,448,2689,Fuera de Tiempo,2,30,0,00:09:28,568,Excedido,"60-133         ",60-133 - LAVATORIO MONOCOMANDO LUGO,0,0,08/10/2026 17:05:44
13452545,08/10/2026 13:20:55,08/10/2026 14:05:44,gsoderquvist,6415,00:07:28,00:44:49,448,2689,Fuera de Tiempo,2,30,0,00:09:28,568,Excedido,"60-014         ",60-014 - LAVATORIO CR MORA STD,0,0,08/10/2026 17:05:44
13452545,08/10/2026 13:20:55,08/10/2026 14:05:44,gsoderquvist,6415,00:07:28,00:44:49,448,2689,Fuera de Tiempo,2,30,0,00:09:28,568,Excedido,"51-010         ",51-010 - COCINA MESADA BL/CR LORCA,0,0,08/10/2026 17:05:44
13452545,08/10/2026 13:20:55,08/10/2026 14:05:44,gsoderquvist,6415,00:07:28,00:44:49,448,2689,Fuera de Tiempo,4,30,0,00:09:28,568,Excedido,"55-010         ",55-010 - COCINA PARED EMB. P.ALTO BL/CR LORCA,0,0,08/10/2026 17:05:44
13452545,08/10/2026 13:20:55,08/10/2026 14:05:44,gsoderquvist,6415,00:07:28,00:44:49,448,2689,Fuera de Tiempo,2,30,0,00:09:28,568,Excedido,"70-010         ",70-010 - BIDE BL/CR LORCA,0,0,08/10/2026 17:05:44
13452545,08/10/2026 13:20:55,08/10/2026 14:05:44,gsoderquvist,6415,00:07:28,00:44:49,448,2689,Fuera de Tiempo,2,30,0,00:09:28,568,Excedido,"70-162         ",70-162 - BIDE CR C.CERAM LINEA ADRA,0,0,08/10/2026 17:05:44
13452545,08/10/2026 13:20:55,08/10/2026 14:05:44,gsoderquvist,6415,00:07:28,00:44:49,448,2689,Fuera de Tiempo,6,30,0,00:09:28,568,Excedido,"60-162         ",60-162 - LAVATORIO CR C.CERAM LINEA ADRA,0,0,08/10/2026 17:05:44
13452545,08/10/2026 13:20:55,08/10/2026 14:05:44,gsoderquvist,6415,00:07:28,00:44:49,448,2689,Fuera de Tiempo,6,30,0,00:09:28,568,Excedido,"LG03N60        ",LG03N60 - LAVATORIO BLACK C.STD BERNA,0,0,08/10/2026 17:05:44
13452545,08/10/2026 13:20:55,08/10/2026 14:05:44,gsoderquvist,6415,00:07:28,00:44:49,448,2689,Fuera de Tiempo,2,30,0,00:09:28,568,Excedido,"51-002         ",51-002 - COCINA MESADA RENACER,0,0,08/10/2026 17:05:44
13452545,08/10/2026 13:20:55,08/10/2026 14:05:44,gsoderquvist,6415,00:07:28,00:44:49,448,2689,Fuera de Tiempo,2,30,0,00:09:28,568,Excedido,"60-045         ",60-045 - LAVATORIO CR/CR C.STD CRUZ,0,0,08/10/2026 17:05:44
13452894,08/10/2026 13:34:24,08/10/2026 13:58:02,acejas,6417,00:01:39,00:23:38,99,1418,Fuera de Tiempo,15,4,0,00:23:53,1433,Excedido,"BCH04/1        ",BCH04/1 - BACHA DE APOYAR CUADRADA 1 AG 420x420x125,0,0,08/10/2026 16:58:02
13452894,08/10/2026 13:34:24,08/10/2026 13:58:02,acejas,6417,00:01:39,00:23:38,99,1418,Fuera de Tiempo,1,4,0,00:23:53,1433,Excedido,"BCH15          ",BCH15 - BACHA SEMI EMBUTIDA  BLANCA 530x370x155,0,0,08/10/2026 16:58:02
13452894,08/10/2026 13:34:24,08/10/2026 13:58:02,acejas,6417,00:01:39,00:23:38,99,1418,Fuera de Tiempo,1,4,0,00:23:53,1433,Excedido,"BCH14          ",BCH14 - BACHA SEMI EMBUTIDA BLANCA 430x380x155,0,0,08/10/2026 16:58:02
13452894,08/10/2026 13:34:24,08/10/2026 13:58:02,acejas,6417,00:01:39,00:23:38,99,1418,Fuera de Tiempo,13,4,0,00:23:53,1433,Excedido,"BCH12          ",BCH12 - BACHA DE APOYAR BLANCA 460x320x140,0,0,08/10/2026 16:58:02
13452964,08/10/2026 13:36:47,08/10/2026 13:36:53,rodriguezt,6419,00:00:39,00:00:06,39,6,En Tiempo,1,1,0,00:16:07,967,Excedido,"80-200G        ",80-200G - DUCHA EMB. MONOC. 3 FUNCIONES GOLD FABRIC,0,0,08/10/2026 16:36:53
13452972,08/10/2026 13:37:12,08/10/2026 13:37:17,rodriguezt,6419,00:00:40,00:00:05,40,5,En Tiempo,2,1,0,00:00:19,19,Logico,"80-190P        ",80-190P - DUCHA EMB. C/TRANSF. C.CERAM BLACK VELVET PLUS,0,0,08/10/2026 16:37:17
13452983,08/10/2026 13:37:29,08/10/2026 13:37:38,rodriguezt,6419,00:00:46,00:00:09,46,9,En Tiempo,2,2,0,00:00:12,12,Logico,"20-100G        ",20-100G - MONOCOMANDO DE COCINA FABRIC GOLD,0,0,08/10/2026 16:37:38
13452983,08/10/2026 13:37:29,08/10/2026 13:37:38,rodriguezt,6419,00:00:46,00:00:09,46,9,En Tiempo,1,2,0,00:00:12,12,Logico,"RA1180         ",RA1180 - BRAZO Y FLOR DE DUCHA SANTANDER,0,0,08/10/2026 16:37:38
13452996,08/10/2026 13:37:52,08/10/2026 13:42:24,rodriguezt,6419,00:07:20,00:04:32,440,272,En Tiempo,2,27,0,00:00:14,14,Logico,"21-160         ","MONOCOMANDO DUO COCINA CROMO DIQUE                                    ",0,0,08/10/2026 16:42:24
13452996,08/10/2026 13:37:52,08/10/2026 13:42:24,rodriguezt,6419,00:07:20,00:04:32,440,272,En Tiempo,2,27,0,00:00:14,14,Logico,"60-180         ",60-180 - LAVATORIO MONOCOMANDO BAJO VERA,0,0,08/10/2026 16:42:24
13452996,08/10/2026 13:37:52,08/10/2026 13:42:24,rodriguezt,6419,00:07:20,00:04:32,440,272,En Tiempo,2,27,0,00:00:14,14,Logico,"70-133         ",70-133 - BIDE MONOCOMANDO LUGO,0,0,08/10/2026 16:42:24
13452996,08/10/2026 13:37:52,08/10/2026 13:42:24,rodriguezt,6419,00:07:20,00:04:32,440,272,En Tiempo,2,27,0,00:00:14,14,Logico,"20-146N        ",20-146N - MONOCOMANDO DE COCINA BLACK LINEA MOVE,0,0,08/10/2026 16:42:24
13452996,08/10/2026 13:37:52,08/10/2026 13:42:24,rodriguezt,6419,00:07:20,00:04:32,440,272,En Tiempo,3,27,0,00:00:14,14,Logico,"83-133         ",83-133 - DUCHA EXT. C/TRANSF. MONOCOMANDO LUGO,0,0,08/10/2026 16:42:24
13452996,08/10/2026 13:37:52,08/10/2026 13:42:24,rodriguezt,6419,00:07:20,00:04:32,440,272,En Tiempo,4,27,0,00:00:14,14,Logico,"60-133         ",60-133 - LAVATORIO MONOCOMANDO LUGO,0,0,08/10/2026 16:42:24
13452996,08/10/2026 13:37:52,08/10/2026 13:42:24,rodriguezt,6419,00:07:20,00:04:32,440,272,En Tiempo,8,27,0,00:00:14,14,Logico,"20-179         ",20-179 - MONOCOMANDO DE COCINA LARA,0,0,08/10/2026 16:42:24
13452996,08/10/2026 13:37:52,08/10/2026 13:42:24,rodriguezt,6419,00:07:20,00:04:32,440,272,En Tiempo,2,27,0,00:00:14,14,Logico,"20-102         ","20-102 - MONOCOMANDO MESADA CROMO ""RENACER""",0,0,08/10/2026 16:42:24
13452996,08/10/2026 13:37:52,08/10/2026 13:42:24,rodriguezt,6419,00:07:20,00:04:32,440,272,En Tiempo,2,27,0,00:00:14,14,Logico,"51-057         ",51-057 - COCINA MESADA CR C.STD VERIN PLUS,0,0,08/10/2026 16:42:24
13452996,08/10/2026 13:37:52,08/10/2026 13:42:24,rodriguezt,6419,00:07:20,00:04:32,440,272,En Tiempo,4,27,0,00:00:14,14,Logico,"51-001N        ","51-001N - COCINA MESADA ""CROMO Y""",0,0,08/10/2026 16:42:24
13452996,08/10/2026 13:37:52,08/10/2026 13:42:24,rodriguezt,6419,00:07:20,00:04:32,440,272,En Tiempo,4,27,0,00:00:14,14,Logico,"70-001N        ","70-001N - BIDE ""CROMO Y""",0,0,08/10/2026 16:42:24
13452996,08/10/2026 13:37:52,08/10/2026 13:42:24,rodriguezt,6419,00:07:20,00:04:32,440,272,En Tiempo,6,27,0,00:00:14,14,Logico,"60-001N        ","60-001N - LAVATORIO ""CROMO Y""",0,0,08/10/2026 16:42:24
13452996,08/10/2026 13:37:52,08/10/2026 13:42:24,rodriguezt,6419,00:07:20,00:04:32,440,272,En Tiempo,4,27,0,00:00:14,14,Logico,"60-045         ",60-045 - LAVATORIO CR/CR C.STD CRUZ,0,0,08/10/2026 16:42:24
13452996,08/10/2026 13:37:52,08/10/2026 13:42:24,rodriguezt,6419,00:07:20,00:04:32,440,272,En Tiempo,1,27,0,00:00:14,14,Logico,"80-166N        ",80-166N - DUCHA EMB. C/TRANSF. BLACK C.CERAM ADRA PLUS,0,0,08/10/2026 16:42:24
13452996,08/10/2026 13:37:52,08/10/2026 13:42:24,rodriguezt,6419,00:07:20,00:04:32,440,272,En Tiempo,2,27,0,00:00:14,14,Logico,"70-122         ",70-122 - BIDE C.CERAM CR VALENCIA,0,0,08/10/2026 16:42:24
13452996,08/10/2026 13:37:52,08/10/2026 13:42:24,rodriguezt,6419,00:07:20,00:04:32,440,272,En Tiempo,4,27,0,00:00:14,14,Logico,"60-122         ",60-122 - LAVATORIO C.CERAM CR VALENCIA,0,0,08/10/2026 16:42:24
13452996,08/10/2026 13:37:52,08/10/2026 13:42:24,rodriguezt,6419,00:07:20,00:04:32,440,272,En Tiempo,3,27,0,00:00:14,14,Logico,"60-203         ",60-203 - LAVATORIO MONOCOMANDO BAJO ADRA,0,0,08/10/2026 16:42:24
13452996,08/10/2026 13:37:52,08/10/2026 13:42:24,rodriguezt,6419,00:07:20,00:04:32,440,272,En Tiempo,1,27,0,00:00:14,14,Logico,"835/C          ",835/C - JGO.MDA.P.FUND. CR C.CERAM. MURCIA,0,0,08/10/2026 16:42:24
13452996,08/10/2026 13:37:52,08/10/2026 13:42:24,rodriguezt,6419,00:07:20,00:04:32,440,272,En Tiempo,4,27,0,00:00:14,14,Logico,"910/M          ","910/M - JGO.MDA.P.CANO CROMO ""DIQUE""",0,0,08/10/2026 16:42:24
13452996,08/10/2026 13:37:52,08/10/2026 13:42:24,rodriguezt,6419,00:07:20,00:04:32,440,272,En Tiempo,2,27,0,00:00:14,14,Logico,"51-002         ",51-002 - COCINA MESADA RENACER,0,0,08/10/2026 16:42:24
13452996,08/10/2026 13:37:52,08/10/2026 13:42:24,rodriguezt,6419,00:07:20,00:04:32,440,272,En Tiempo,4,27,0,00:00:14,14,Logico,"303            ","303 - BIDET CROMO ""DIQUE""",0,0,08/10/2026 16:42:24
13452996,08/10/2026 13:37:52,08/10/2026 13:42:24,rodriguezt,6419,00:07:20,00:04:32,440,272,En Tiempo,6,27,0,00:00:14,14,Logico,"203            ","203 - LAVATORIO CROMO ""DIQUE""",0,0,08/10/2026 16:42:24
13452996,08/10/2026 13:37:52,08/10/2026 13:42:24,rodriguezt,6419,00:07:20,00:04:32,440,272,En Tiempo,4,27,0,00:00:14,14,Logico,"60-002         ",60-002 - LAVATORIO RENACER,0,0,08/10/2026 16:42:24
13452996,08/10/2026 13:37:52,08/10/2026 13:42:24,rodriguezt,6419,00:07:20,00:04:32,440,272,En Tiempo,1,27,0,00:00:14,14,Logico,"70-002         ",70-002 - BIDE RENACER,0,0,08/10/2026 16:42:24
13452996,08/10/2026 13:37:52,08/10/2026 13:42:24,rodriguezt,6419,00:07:20,00:04:32,440,272,En Tiempo,2,27,0,00:00:14,14,Logico,"60-162         ",60-162 - LAVATORIO CR C.CERAM LINEA ADRA,0,0,08/10/2026 16:42:24
13452996,08/10/2026 13:37:52,08/10/2026 13:42:24,rodriguezt,6419,00:07:20,00:04:32,440,272,En Tiempo,2,27,0,00:00:14,14,Logico,"70-162         ",70-162 - BIDE CR C.CERAM LINEA ADRA,0,0,08/10/2026 16:42:24
13452996,08/10/2026 13:37:52,08/10/2026 13:42:24,rodriguezt,6419,00:07:20,00:04:32,440,272,En Tiempo,2,27,0,00:00:14,14,Logico,"60-057         ",60-057 - LAVATORIO C.STD VERIN PLUS,0,0,08/10/2026 16:42:24
13453166,08/10/2026 13:43:37,08/10/2026 13:44:03,rodriguezt,6419,00:01:10,00:00:26,70,26,En Tiempo,3,4,0,00:01:13,73,Logico,"910/M          ","910/M - JGO.MDA.P.CANO CROMO ""DIQUE""",0,0,08/10/2026 16:44:03
13453166,08/10/2026 13:43:37,08/10/2026 13:44:03,rodriguezt,6419,00:01:10,00:00:26,70,26,En Tiempo,3,4,0,00:01:13,73,Logico,"80-058         ",80-058 - DUCHA EMB. C/TRANSF. CR C.STD MALBA,0,0,08/10/2026 16:44:03
13453166,08/10/2026 13:43:37,08/10/2026 13:44:03,rodriguezt,6419,00:01:10,00:00:26,70,26,En Tiempo,3,4,0,00:01:13,73,Logico,"70-058         ",70-058 - BIDE CR C.STD MALBA,0,0,08/10/2026 16:44:03
13453166,08/10/2026 13:43:37,08/10/2026 13:44:03,rodriguezt,6419,00:01:10,00:00:26,70,26,En Tiempo,3,4,0,00:01:13,73,Logico,"60-058         ",60-058 - LAVATORIO CR C.STD MALBA,0,0,08/10/2026 16:44:03
13453228,08/10/2026 13:45:46,08/10/2026 13:46:14,rodriguezt,6419,00:00:49,00:00:28,49,28,En Tiempo,2,3,0,00:01:43,103,Logico,"60-133         ",60-133 - LAVATORIO MONOCOMANDO LUGO,0,0,08/10/2026 16:46:14
13453228,08/10/2026 13:45:46,08/10/2026 13:46:14,rodriguezt,6419,00:00:49,00:00:28,49,28,En Tiempo,2,3,0,00:01:43,103,Logico,"83-133         ",83-133 - DUCHA EXT. C/TRANSF. MONOCOMANDO LUGO,0,0,08/10/2026 16:46:14
13453228,08/10/2026 13:45:46,08/10/2026 13:46:14,rodriguezt,6419,00:00:49,00:00:28,49,28,En Tiempo,2,3,0,00:01:43,103,Logico,"80-166         ","DUCHA EMB. C/TRANSF. CR C.CERAM ADRA PLUS                             ",0,0,08/10/2026 16:46:14
13453253,08/10/2026 13:46:34,08/10/2026 13:46:57,rodriguezt,6419,00:00:56,00:00:23,56,23,En Tiempo,4,3,0,00:00:20,20,Logico,"19030          ",19030 - PERCHA LINEA 19000,0,0,08/10/2026 16:46:57
13453253,08/10/2026 13:46:34,08/10/2026 13:46:57,rodriguezt,6419,00:00:56,00:00:23,56,23,En Tiempo,1,3,0,00:00:20,20,Logico,"17020G         ",17020G - TOALLERO DE ARO LINEA FABRIC GOLD,0,0,08/10/2026 16:46:57
13453253,08/10/2026 13:46:34,08/10/2026 13:46:57,rodriguezt,6419,00:00:56,00:00:23,56,23,En Tiempo,2,3,0,00:00:20,20,Logico,"835/C          ",835/C - JGO.MDA.P.FUND. CR C.CERAM. MURCIA,0,0,08/10/2026 16:46:57
13453686,08/10/2026 14:02:32,08/10/2026 14:10:17,acejas,6417,00:07:45,00:07:45,465,465,En Tiempo,2,25,0,00:04:30,270,Logico,"60-162         ",60-162 - LAVATORIO CR C.CERAM LINEA ADRA,0,0,08/10/2026 17:10:17
13453686,08/10/2026 14:02:32,08/10/2026 14:10:17,acejas,6417,00:07:45,00:07:45,465,465,En Tiempo,2,25,0,00:04:30,270,Logico,"70-162         ",70-162 - BIDE CR C.CERAM LINEA ADRA,0,0,08/10/2026 17:10:17
13453686,08/10/2026 14:02:32,08/10/2026 14:10:17,acejas,6417,00:07:45,00:07:45,465,465,En Tiempo,2,25,0,00:04:30,270,Logico,"51-058         ",51-058 - COCINA MESADA CR C.STD MALBA,0,0,08/10/2026 17:10:17
13453686,08/10/2026 14:02:32,08/10/2026 14:10:17,acejas,6417,00:07:45,00:07:45,465,465,En Tiempo,2,25,0,00:04:30,270,Logico,"RA704C         ",RA704C - VOLANTE ARES / CELEBRITY CROMO,0,0,08/10/2026 17:10:17
13453686,08/10/2026 14:02:32,08/10/2026 14:10:17,acejas,6417,00:07:45,00:07:45,465,465,En Tiempo,3,25,0,00:04:30,270,Logico,"RA5041         ",RA5041 - VOLANTE RENACER COMPLETO,0,0,08/10/2026 17:10:17
13453686,08/10/2026 14:02:32,08/10/2026 14:10:17,acejas,6417,00:07:45,00:07:45,465,465,En Tiempo,2,25,0,00:04:30,270,Logico,"910/M          ","910/M - JGO.MDA.P.CANO CROMO ""DIQUE""",0,0,08/10/2026 17:10:17
13453686,08/10/2026 14:02:32,08/10/2026 14:10:17,acejas,6417,00:07:45,00:07:45,465,465,En Tiempo,2,25,0,00:04:30,270,Logico,"303            ","303 - BIDET CROMO ""DIQUE""",0,0,08/10/2026 17:10:17
13453686,08/10/2026 14:02:32,08/10/2026 14:10:17,acejas,6417,00:07:45,00:07:45,465,465,En Tiempo,2,25,0,00:04:30,270,Logico,"423            ","423 - DUCHA EMB. C/TRANSF.CR ""DIQUE""",0,0,08/10/2026 17:10:17
13453686,08/10/2026 14:02:32,08/10/2026 14:10:17,acejas,6417,00:07:45,00:07:45,465,465,En Tiempo,3,25,0,00:04:30,270,Logico,"203            ","203 - LAVATORIO CROMO ""DIQUE""",0,0,08/10/2026 17:10:17
13453686,08/10/2026 14:02:32,08/10/2026 14:10:17,acejas,6417,00:07:45,00:07:45,465,465,En Tiempo,2,25,0,00:04:30,270,Logico,"80-058         ",80-058 - DUCHA EMB. C/TRANSF. CR C.STD MALBA,0,0,08/10/2026 17:10:17
13453686,08/10/2026 14:02:32,08/10/2026 14:10:17,acejas,6417,00:07:45,00:07:45,465,465,En Tiempo,2,25,0,00:04:30,270,Logico,"70-058         ",70-058 - BIDE CR C.STD MALBA,0,0,08/10/2026 17:10:17
13453686,08/10/2026 14:02:32,08/10/2026 14:10:17,acejas,6417,00:07:45,00:07:45,465,465,En Tiempo,3,25,0,00:04:30,270,Logico,"60-058         ",60-058 - LAVATORIO CR C.STD MALBA,0,0,08/10/2026 17:10:17
13453686,08/10/2026 14:02:32,08/10/2026 14:10:17,acejas,6417,00:07:45,00:07:45,465,465,En Tiempo,1,25,0,00:04:30,270,Logico,"434            ",434 - DUCHA EMB.C/TRANSF CRUZ BL/CR ARES,0,0,08/10/2026 17:10:17
13453686,08/10/2026 14:02:32,08/10/2026 14:10:17,acejas,6417,00:07:45,00:07:45,465,465,En Tiempo,2,25,0,00:04:30,270,Logico,"214            ",214 - LAVATORIO CRUZ BL/CR ARES,0,0,08/10/2026 17:10:17
13453686,08/10/2026 14:02:32,08/10/2026 14:10:17,acejas,6417,00:07:45,00:07:45,465,465,En Tiempo,3,25,0,00:04:30,270,Logico,"60-203         ",60-203 - LAVATORIO MONOCOMANDO BAJO ADRA,0,0,08/10/2026 17:10:17
13453686,08/10/2026 14:02:32,08/10/2026 14:10:17,acejas,6417,00:07:45,00:07:45,465,465,En Tiempo,2,25,0,00:04:30,270,Logico,"54-203         ","COCINA PARED EXT C.CERAM ADRA MONOCOMANDO                             ",0,0,08/10/2026 17:10:17
13453686,08/10/2026 14:02:32,08/10/2026 14:10:17,acejas,6417,00:07:45,00:07:45,465,465,En Tiempo,8,25,0,00:04:30,270,Logico,"20-160         ",20-160 - MONOCOMANDO MESADA COCINA DIQUE,0,0,08/10/2026 17:10:17
13453686,08/10/2026 14:02:32,08/10/2026 14:10:17,acejas,6417,00:07:45,00:07:45,465,465,En Tiempo,3,25,0,00:04:30,270,Logico,"20-146         ",20-146 - MONOCOMANDO DE COCINA CR LINEA MOVE,0,0,08/10/2026 17:10:17
13453686,08/10/2026 14:02:32,08/10/2026 14:10:17,acejas,6417,00:07:45,00:07:45,465,465,En Tiempo,2,25,0,00:04:30,270,Logico,"83-203         ",83-203 - DUCHA EXT C/TRANSF. MONOCOMANDO ADRA,0,0,08/10/2026 17:10:17
13453686,08/10/2026 14:02:32,08/10/2026 14:10:17,acejas,6417,00:07:45,00:07:45,465,465,En Tiempo,1,25,0,00:04:30,270,Logico,"80-203P        ",80-203P - DUCHA EMB C/TRANSF. MONOCOMANDO ADRA PLUS,0,0,08/10/2026 17:10:17
13453686,08/10/2026 14:02:32,08/10/2026 14:10:17,acejas,6417,00:07:45,00:07:45,465,465,En Tiempo,1,25,0,00:04:30,270,Logico,"70-203         ",70-203 - BIDE MONOCOMANDO ADRA,0,0,08/10/2026 17:10:17
13453686,08/10/2026 14:02:32,08/10/2026 14:10:17,acejas,6417,00:07:45,00:07:45,465,465,En Tiempo,2,25,0,00:04:30,270,Logico,"21-160         ","MONOCOMANDO DUO COCINA CROMO DIQUE                                    ",0,0,08/10/2026 17:10:17
13453686,08/10/2026 14:02:32,08/10/2026 14:10:17,acejas,6417,00:07:45,00:07:45,465,465,En Tiempo,5,25,0,00:04:30,270,Logico,"A814           ",A814 - DUCHA C/BRAZO Y CAMPANA CR,0,0,08/10/2026 17:10:17
13453686,08/10/2026 14:02:32,08/10/2026 14:10:17,acejas,6417,00:07:45,00:07:45,465,465,En Tiempo,1,25,0,00:04:30,270,Logico,"A816           ","A816 - DUCHA 6"" C/BRAZO Y CAMPANA CR",0,0,08/10/2026 17:10:17
13453686,08/10/2026 14:02:32,08/10/2026 14:10:17,acejas,6417,00:07:45,00:07:45,465,465,En Tiempo,2,25,0,00:04:30,270,Logico,"F1319          ","F1319 - JUEGO DE 2 FLEXIBLES 1/2"" x 30 cm AC.INOX.P/ MONOCOMANDO",0,0,08/10/2026 17:10:17
13453938,08/10/2026 14:11:29,08/10/2026 14:14:44,gsoderquvist,6415,00:00:48,00:03:15,48,195,Fuera de Tiempo,10,1,0,00:05:45,345,Excedido,"BCH10          ",BCH10 - BACHA DE APOYAR NEGRO MATE 460x320x140,0,0,08/10/2026 17:14:44
13453960,08/10/2026 14:12:16,08/10/2026 14:16:45,rodriguezt,6419,00:06:02,00:04:29,362,269,En Tiempo,3,18,0,00:25:19,1519,Excedido,"11040          ","PORTA ROLLO LINEA 11000                                               ",0,0,08/10/2026 17:16:45
13453960,08/10/2026 14:12:16,08/10/2026 14:16:45,rodriguezt,6419,00:06:02,00:04:29,362,269,En Tiempo,2,18,0,00:25:19,1519,Excedido,"63-168N        ","LAVATORIO PARED EMB MONOC BLACK WAVE                                  ",0,0,08/10/2026 17:16:45
13453960,08/10/2026 14:12:16,08/10/2026 14:16:45,rodriguezt,6419,00:06:02,00:04:29,362,269,En Tiempo,2,18,0,00:25:19,1519,Excedido,"30-132         ",30-132 - COCINA MESADA MONOC. C/DUCHADOR EXTENSIBLE VIGO,0,0,08/10/2026 17:16:45
13453960,08/10/2026 14:12:16,08/10/2026 14:16:45,rodriguezt,6419,00:06:02,00:04:29,362,269,En Tiempo,2,18,0,00:25:19,1519,Excedido,"60-168N        ",60-168N - LAVATORIO MONOC BAJO BLACK WAVE,0,0,08/10/2026 17:16:45
13453960,08/10/2026 14:12:16,08/10/2026 14:16:45,rodriguezt,6419,00:06:02,00:04:29,362,269,En Tiempo,2,18,0,00:25:19,1519,Excedido,"52-121N        ",52-121N - GRIFERIA REBATIBLE LLENADO DE OLLAS MARBELLA BLACK,0,0,08/10/2026 17:16:45
13453960,08/10/2026 14:12:16,08/10/2026 14:16:45,rodriguezt,6419,00:06:02,00:04:29,362,269,En Tiempo,2,18,0,00:25:19,1519,Excedido,"70-168         ",70-168 - BIDE MONOC CR WAVE,0,0,08/10/2026 17:16:45
13453960,08/10/2026 14:12:16,08/10/2026 14:16:45,rodriguezt,6419,00:06:02,00:04:29,362,269,En Tiempo,3,18,0,00:25:19,1519,Excedido,"60-168         ",60-168 - LAVATORIO MONOC BAJO CR WAVE,0,0,08/10/2026 17:16:45
13453960,08/10/2026 14:12:16,08/10/2026 14:16:45,rodriguezt,6419,00:06:02,00:04:29,362,269,En Tiempo,1,18,0,00:25:19,1519,Excedido,"63-168         ",63-168 - LAVATORIO PARED EMB MONOC CR WAVE,0,0,08/10/2026 17:16:45
13453960,08/10/2026 14:12:16,08/10/2026 14:16:45,rodriguezt,6419,00:06:02,00:04:29,362,269,En Tiempo,3,18,0,00:25:19,1519,Excedido,"61-168N        ",61-168N - LAVATORIO MONOC ALTO BLACK WAVE,0,0,08/10/2026 17:16:45
13453960,08/10/2026 14:12:16,08/10/2026 14:16:45,rodriguezt,6419,00:06:02,00:04:29,362,269,En Tiempo,6,18,0,00:25:19,1519,Excedido,"20-162         ",20-162 - MONOCOMANDO COCINA ADRA,0,0,08/10/2026 17:16:45
13453960,08/10/2026 14:12:16,08/10/2026 14:16:45,rodriguezt,6419,00:06:02,00:04:29,362,269,En Tiempo,5,18,0,00:25:19,1519,Excedido,"70-168N        ",70-168N - BIDE MONOC BLACK WAVE,0,0,08/10/2026 17:16:45
13453960,08/10/2026 14:12:16,08/10/2026 14:16:45,rodriguezt,6419,00:06:02,00:04:29,362,269,En Tiempo,1,18,0,00:25:19,1519,Excedido,"80-200C        ",80-200C - DUCHA EMB. MONOC. 3 FUNCIONES CR FABRIC,0,0,08/10/2026 17:16:45
13453960,08/10/2026 14:12:16,08/10/2026 14:16:45,rodriguezt,6419,00:06:02,00:04:29,362,269,En Tiempo,1,18,0,00:25:19,1519,Excedido,"85-168         ",85-168 - DUCHA MONOC C/TRANSF Y DUCHADOR CR WAVE,0,0,08/10/2026 17:16:45
13453960,08/10/2026 14:12:16,08/10/2026 14:16:45,rodriguezt,6419,00:06:02,00:04:29,362,269,En Tiempo,3,18,0,00:25:19,1519,Excedido,"20-135         ",20-135 - MONOCOMANDO COCINA SANTANDER,0,0,08/10/2026 17:16:45
13453960,08/10/2026 14:12:16,08/10/2026 14:16:45,rodriguezt,6419,00:06:02,00:04:29,362,269,En Tiempo,4,18,0,00:25:19,1519,Excedido,"70-162         ",70-162 - BIDE CR C.CERAM LINEA ADRA,0,0,08/10/2026 17:16:45
13453960,08/10/2026 14:12:16,08/10/2026 14:16:45,rodriguezt,6419,00:06:02,00:04:29,362,269,En Tiempo,8,18,0,00:25:19,1519,Excedido,"60-162         ",60-162 - LAVATORIO CR C.CERAM LINEA ADRA,0,0,08/10/2026 17:16:45
13453960,08/10/2026 14:12:16,08/10/2026 14:16:45,rodriguezt,6419,00:06:02,00:04:29,362,269,En Tiempo,3,18,0,00:25:19,1519,Excedido,"85-168N        ",85-168N - DUCHA MONOC C/TRANSF Y DUCHADOR BLACK WAVE,0,0,08/10/2026 17:16:45
13453960,08/10/2026 14:12:16,08/10/2026 14:16:45,rodriguezt,6419,00:06:02,00:04:29,362,269,En Tiempo,1,18,0,00:25:19,1519,Excedido,"80-168N        ",80-168N - DUCHA EMB C/TRANSF MONOC BLACK WAVE,0,0,08/10/2026 17:16:45
13454134,08/10/2026 14:17:10,08/10/2026 14:20:04,acejas,6417,00:02:00,00:02:54,120,174,Fuera de Tiempo,8,5,0,00:06:53,413,Excedido,"20-160         ",20-160 - MONOCOMANDO MESADA COCINA DIQUE,0,0,08/10/2026 17:20:04
13454134,08/10/2026 14:17:10,08/10/2026 14:20:04,acejas,6417,00:02:00,00:02:54,120,174,Fuera de Tiempo,10,5,0,00:06:53,413,Excedido,"20-162         ",20-162 - MONOCOMANDO COCINA ADRA,0,0,08/10/2026 17:20:04
13454134,08/10/2026 14:17:10,08/10/2026 14:20:04,acejas,6417,00:02:00,00:02:54,120,174,Fuera de Tiempo,3,5,0,00:06:53,413,Excedido,"63-183         ","LAVATORIO PARED EMB MONOCOMANDO MAT                                   ",0,0,08/10/2026 17:20:04
13454134,08/10/2026 14:17:10,08/10/2026 14:20:04,acejas,6417,00:02:00,00:02:54,120,174,Fuera de Tiempo,6,5,0,00:06:53,413,Excedido,"20-122         ","MONOCOMANDO COCINA CR C/PICO EXTRAIBLE VALENCIA                       ",0,0,08/10/2026 17:20:04
13454134,08/10/2026 14:17:10,08/10/2026 14:20:04,acejas,6417,00:02:00,00:02:54,120,174,Fuera de Tiempo,5,5,0,00:06:53,413,Excedido,"20-184         ","MONOCOMANDO DE COCINA CR SUV                                          ",0,0,08/10/2026 17:20:04
13454156,08/10/2026 14:17:47,08/10/2026 14:19:58,rodriguezt,6419,00:00:47,00:02:11,47,131,Fuera de Tiempo,1,3,0,00:01:02,62,Logico,"84-203         ","DUCHA EXT C/COLUMNA Y TRANSF CR ADRA                                  ",0,0,08/10/2026 17:19:58
13454156,08/10/2026 14:17:47,08/10/2026 14:19:58,rodriguezt,6419,00:00:47,00:02:11,47,131,Fuera de Tiempo,2,3,0,00:01:02,62,Logico,"60-168N        ",60-168N - LAVATORIO MONOC BAJO BLACK WAVE,0,0,08/10/2026 17:19:58
13454156,08/10/2026 14:17:47,08/10/2026 14:19:58,rodriguezt,6419,00:00:47,00:02:11,47,131,Fuera de Tiempo,1,3,0,00:01:02,62,Logico,"60-162N        ",60-162N - LAVATORIO BLACK C.CERAM LINEA ADRA,0,0,08/10/2026 17:19:58
13454198,08/10/2026 14:19:18,08/10/2026 14:19:32,gsoderquvist,6415,00:00:53,00:00:14,53,14,En Tiempo,8,2,0,00:04:34,274,Logico,"20-160         ",20-160 - MONOCOMANDO MESADA COCINA DIQUE,0,0,08/10/2026 17:19:32
13454198,08/10/2026 14:19:18,08/10/2026 14:19:32,gsoderquvist,6415,00:00:53,00:00:14,53,14,En Tiempo,1,2,0,00:04:34,274,Logico,"21-160         ","MONOCOMANDO DUO COCINA CROMO DIQUE                                    ",0,0,08/10/2026 17:19:32
13454210,08/10/2026 14:19:37,08/10/2026 14:19:53,gsoderquvist,6415,00:01:30,00:00:16,90,16,En Tiempo,2,6,0,00:00:05,5,Logico,"22-178N        ",22-178N - MONOCOMANDO DE COCINA P/AGUA FILTRADA VITA BLACK,0,0,08/10/2026 17:19:53
13454210,08/10/2026 14:19:37,08/10/2026 14:19:53,gsoderquvist,6415,00:01:30,00:00:16,90,16,En Tiempo,2,6,0,00:00:05,5,Logico,"19006          ",19006 - SET DE 6 PIEZAS LINEA 19000,0,0,08/10/2026 17:19:53
13454210,08/10/2026 14:19:37,08/10/2026 14:19:53,gsoderquvist,6415,00:01:30,00:00:16,90,16,En Tiempo,1,6,0,00:00:05,5,Logico,"22-178         ",22-178 - MONOCOMANDO DE COCINA P/AGUA FILTRADA VITA,0,0,08/10/2026 17:19:53
13454210,08/10/2026 14:19:37,08/10/2026 14:19:53,gsoderquvist,6415,00:01:30,00:00:16,90,16,En Tiempo,1,6,0,00:00:05,5,Logico,"BCH18          ",BCH18 - BACHA DE APOYAR SIMIL MARMOL 460x320x140,0,0,08/10/2026 17:19:53
13454210,08/10/2026 14:19:37,08/10/2026 14:19:53,gsoderquvist,6415,00:01:30,00:00:16,90,16,En Tiempo,1,6,0,00:00:05,5,Logico,"BCH06          ",BCH06 - BACHA DE APOYAR CIRCULAR 415x135,0,0,08/10/2026 17:19:53
13454210,08/10/2026 14:19:37,08/10/2026 14:19:53,gsoderquvist,6415,00:01:30,00:00:16,90,16,En Tiempo,1,6,0,00:00:05,5,Logico,"BCH11N         ",BCH11N - BACHA DE APOYAR REDONDA NEGRO MATE 400x400x125,0,0,08/10/2026 17:19:53
13454333,08/10/2026 14:23:18,08/10/2026 14:41:07,gsoderquvist,6415,00:02:49,00:17:49,169,1069,Fuera de Tiempo,5,9,0,00:03:25,205,Logico,"D439           ",D439 - KIT DE DUCHA MANUAL,0,0,08/10/2026 17:41:07
13454333,08/10/2026 14:23:18,08/10/2026 14:41:07,gsoderquvist,6415,00:02:49,00:17:49,169,1069,Fuera de Tiempo,4,9,0,00:03:25,205,Logico,"20-102         ","20-102 - MONOCOMANDO MESADA CROMO ""RENACER""",0,0,08/10/2026 17:41:07
13454333,08/10/2026 14:23:18,08/10/2026 14:41:07,gsoderquvist,6415,00:02:49,00:17:49,169,1069,Fuera de Tiempo,3,9,0,00:03:25,205,Logico,"83-133         ",83-133 - DUCHA EXT. C/TRANSF. MONOCOMANDO LUGO,0,0,08/10/2026 17:41:07
13454333,08/10/2026 14:23:18,08/10/2026 14:41:07,gsoderquvist,6415,00:02:49,00:17:49,169,1069,Fuera de Tiempo,2,9,0,00:03:25,205,Logico,"3060           ",3060 - PORTA CEPILLO LINEA 3000,0,0,08/10/2026 17:41:07
13454333,08/10/2026 14:23:18,08/10/2026 14:41:07,gsoderquvist,6415,00:02:49,00:17:49,169,1069,Fuera de Tiempo,4,9,0,00:03:25,205,Logico,"3050           ",3050 - JABONERA LINEA 3000,0,0,08/10/2026 17:41:07
13454333,08/10/2026 14:23:18,08/10/2026 14:41:07,gsoderquvist,6415,00:02:49,00:17:49,169,1069,Fuera de Tiempo,6,9,0,00:03:25,205,Logico,"3020           ",3020 - TOALLERO DE ARO LINEA 3000,0,0,08/10/2026 17:41:07
13454333,08/10/2026 14:23:18,08/10/2026 14:41:07,gsoderquvist,6415,00:02:49,00:17:49,169,1069,Fuera de Tiempo,4,9,0,00:03:25,205,Logico,"3010           ",3010 - TOALLERO BARRAL LINEA 3000,0,0,08/10/2026 17:41:07
13454333,08/10/2026 14:23:18,08/10/2026 14:41:07,gsoderquvist,6415,00:02:49,00:17:49,169,1069,Fuera de Tiempo,2,9,0,00:03:25,205,Logico,"A996           ",A996 - DUCHA 8' CUADRADA CR C/BRAZO Y CAMPANA,0,0,08/10/2026 17:41:07
13454333,08/10/2026 14:23:18,08/10/2026 14:41:07,gsoderquvist,6415,00:02:49,00:17:49,169,1069,Fuera de Tiempo,2,9,0,00:03:25,205,Logico,"A815           ","A815 - DUCHA 8"" C/BRAZO Y CAMPANA CR",0,0,08/10/2026 17:41:07
13454344,08/10/2026 14:23:28,08/10/2026 14:42:53,rodriguezt,6419,00:09:18,00:19:25,558,1165,Fuera de Tiempo,4,22,0,00:03:30,210,Logico,"BCH16          ",BCH16 - BACHA DE APOYAR BLANCA 610x457x254 C/DESAGOTE Y REJILLA,0,0,08/10/2026 17:27:27
13454344,08/10/2026 14:23:28,08/10/2026 14:42:53,rodriguezt,6419,00:09:18,00:19:25,558,1165,Fuera de Tiempo,10,22,0,00:03:30,210,Logico,"20-140         ",20-140 - MONOCOMANDO DE COCINA LINEA CUINA,0,0,08/10/2026 17:27:27
13454344,08/10/2026 14:23:28,08/10/2026 14:42:53,rodriguezt,6419,00:09:18,00:19:25,558,1165,Fuera de Tiempo,4,22,0,00:03:30,210,Logico,"85-168         ",85-168 - DUCHA MONOC C/TRANSF Y DUCHADOR CR WAVE,0,0,08/10/2026 17:27:27
13454344,08/10/2026 14:23:28,08/10/2026 14:42:53,rodriguezt,6419,00:09:18,00:19:25,558,1165,Fuera de Tiempo,2,22,0,00:03:30,210,Logico,"3050           ",3050 - JABONERA LINEA 3000,0,0,08/10/2026 17:42:53
13454344,08/10/2026 14:23:28,08/10/2026 14:42:53,rodriguezt,6419,00:09:18,00:19:25,558,1165,Fuera de Tiempo,4,22,0,00:03:30,210,Logico,"60-168N        ",60-168N - LAVATORIO MONOC BAJO BLACK WAVE,0,0,08/10/2026 17:42:53
13454344,08/10/2026 14:23:28,08/10/2026 14:42:53,rodriguezt,6419,00:09:18,00:19:25,558,1165,Fuera de Tiempo,4,22,0,00:03:30,210,Logico,"52-121N        ",52-121N - GRIFERIA REBATIBLE LLENADO DE OLLAS MARBELLA BLACK,0,0,08/10/2026 17:42:53
13454344,08/10/2026 14:23:28,08/10/2026 14:42:53,rodriguezt,6419,00:09:18,00:19:25,558,1165,Fuera de Tiempo,2,22,0,00:03:30,210,Logico,"18040          ",18040 - PORTA ROLLO NIQUEL LINEA BEAT,0,0,08/10/2026 17:42:53
13454344,08/10/2026 14:23:28,08/10/2026 14:42:53,rodriguezt,6419,00:09:18,00:19:25,558,1165,Fuera de Tiempo,4,22,0,00:03:30,210,Logico,"60-180         ",60-180 - LAVATORIO MONOCOMANDO BAJO VERA,0,0,08/10/2026 17:42:53
13454344,08/10/2026 14:23:28,08/10/2026 14:42:53,rodriguezt,6419,00:09:18,00:19:25,558,1165,Fuera de Tiempo,2,22,0,00:03:30,210,Logico,"61-176         ",61-176 - LAVATORIO MONOC ALTO CR RIO,0,0,08/10/2026 17:42:53
13454344,08/10/2026 14:23:28,08/10/2026 14:42:53,rodriguezt,6419,00:09:18,00:19:25,558,1165,Fuera de Tiempo,10,22,0,00:03:30,210,Logico,"20-147         ",20-147 - MONOCOMANDO DE COCINA SWIFT,0,0,08/10/2026 17:42:53
13454344,08/10/2026 14:23:28,08/10/2026 14:42:53,rodriguezt,6419,00:09:18,00:19:25,558,1165,Fuera de Tiempo,10,22,0,00:03:30,210,Logico,"20-146         ",20-146 - MONOCOMANDO DE COCINA CR LINEA MOVE,0,0,08/10/2026 17:42:53
13454344,08/10/2026 14:23:28,08/10/2026 14:42:53,rodriguezt,6419,00:09:18,00:19:25,558,1165,Fuera de Tiempo,9,22,0,00:03:30,210,Logico,"20-146N        ",20-146N - MONOCOMANDO DE COCINA BLACK LINEA MOVE,0,0,08/10/2026 17:42:53
13454344,08/10/2026 14:23:28,08/10/2026 14:42:53,rodriguezt,6419,00:09:18,00:19:25,558,1165,Fuera de Tiempo,6,22,0,00:03:30,210,Logico,"54-203         ","COCINA PARED EXT C.CERAM ADRA MONOCOMANDO                             ",0,0,08/10/2026 17:42:53
13454344,08/10/2026 14:23:28,08/10/2026 14:42:53,rodriguezt,6419,00:09:18,00:19:25,558,1165,Fuera de Tiempo,3,22,0,00:03:30,210,Logico,"70-162         ",70-162 - BIDE CR C.CERAM LINEA ADRA,0,0,08/10/2026 17:42:53
13454344,08/10/2026 14:23:28,08/10/2026 14:42:53,rodriguezt,6419,00:09:18,00:19:25,558,1165,Fuera de Tiempo,10,22,0,00:03:30,210,Logico,"60-162         ",60-162 - LAVATORIO CR C.CERAM LINEA ADRA,0,0,08/10/2026 17:42:53
13454344,08/10/2026 14:23:28,08/10/2026 14:42:53,rodriguezt,6419,00:09:18,00:19:25,558,1165,Fuera de Tiempo,2,22,0,00:03:30,210,Logico,"80-058         ",80-058 - DUCHA EMB. C/TRANSF. CR C.STD MALBA,0,0,08/10/2026 17:42:53
13454344,08/10/2026 14:23:28,08/10/2026 14:42:53,rodriguezt,6419,00:09:18,00:19:25,558,1165,Fuera de Tiempo,4,22,0,00:03:30,210,Logico,"61-203         ",61-203 - LAVATORIO MONOCOMANDO ALTO ADRA,0,0,08/10/2026 17:42:53
13454344,08/10/2026 14:23:28,08/10/2026 14:42:53,rodriguezt,6419,00:09:18,00:19:25,558,1165,Fuera de Tiempo,2,22,0,00:03:30,210,Logico,"70-100G        ",70-100G - BIDE GOLD C.CERAM FABRIC,0,0,08/10/2026 17:42:53
13454344,08/10/2026 14:23:28,08/10/2026 14:42:53,rodriguezt,6419,00:09:18,00:19:25,558,1165,Fuera de Tiempo,1,22,0,00:03:30,210,Logico,"60-045         ",60-045 - LAVATORIO CR/CR C.STD CRUZ,0,0,08/10/2026 17:42:53
13454344,08/10/2026 14:23:28,08/10/2026 14:42:53,rodriguezt,6419,00:09:18,00:19:25,558,1165,Fuera de Tiempo,2,22,0,00:03:30,210,Logico,"62-100G        ",62-100G - LAVATORIO DE PARED GOLD C.CERAM FABRIC,0,0,08/10/2026 17:42:53
13454344,08/10/2026 14:23:28,08/10/2026 14:42:53,rodriguezt,6419,00:09:18,00:19:25,558,1165,Fuera de Tiempo,4,22,0,00:03:30,210,Logico,"BCH20          ","BACHA BAJO MESADA BLANCA 500x400x185                                  ",0,0,08/10/2026 17:42:53
13454344,08/10/2026 14:23:28,08/10/2026 14:42:53,rodriguezt,6419,00:09:18,00:19:25,558,1165,Fuera de Tiempo,8,22,0,00:03:30,210,Logico,"85-168N        ",85-168N - DUCHA MONOC C/TRANSF Y DUCHADOR BLACK WAVE,0,0,08/10/2026 17:42:53
13454344,08/10/2026 14:23:28,08/10/2026 14:42:53,rodriguezt,6419,00:09:18,00:19:25,558,1165,Fuera de Tiempo,4,22,0,00:03:30,210,Logico,"85-168         ",85-168 - DUCHA MONOC C/TRANSF Y DUCHADOR CR WAVE,0,0,08/10/2026 17:42:53
13454379,08/10/2026 14:24:30,08/10/2026 14:38:53,acejas,6417,00:05:26,00:14:23,326,863,Fuera de Tiempo,1,21,0,00:04:26,266,Logico,"8050           ",8050 - JABONERA LINEA 8000,0,0,08/10/2026 17:38:53
13454379,08/10/2026 14:24:30,08/10/2026 14:38:53,acejas,6417,00:05:26,00:14:23,326,863,Fuera de Tiempo,1,21,0,00:04:26,266,Logico,"8060           ",8060 - PORTA CEPILLO LINEA 8000,0,0,08/10/2026 17:38:53
13454379,08/10/2026 14:24:30,08/10/2026 14:38:53,acejas,6417,00:05:26,00:14:23,326,863,Fuera de Tiempo,1,21,0,00:04:26,266,Logico,"8030           ",8030 - PERCHA LINEA 8000,0,0,08/10/2026 17:38:53
13454379,08/10/2026 14:24:30,08/10/2026 14:38:53,acejas,6417,00:05:26,00:14:23,326,863,Fuera de Tiempo,1,21,0,00:04:26,266,Logico,"8040           ",8040 - PORTA ROLLO LINEA 8000,0,0,08/10/2026 17:38:53
13454379,08/10/2026 14:24:30,08/10/2026 14:38:53,acejas,6417,00:05:26,00:14:23,326,863,Fuera de Tiempo,1,21,0,00:04:26,266,Logico,"8020           ",8020 - TOALLERO DE ARO LINEA 8000,0,0,08/10/2026 17:38:53
13454379,08/10/2026 14:24:30,08/10/2026 14:38:53,acejas,6417,00:05:26,00:14:23,326,863,Fuera de Tiempo,1,21,0,00:04:26,266,Logico,"8010           ",8010 - TOALLERO BARRAL LINEA 8000,0,0,08/10/2026 17:38:53
13454379,08/10/2026 14:24:30,08/10/2026 14:38:53,acejas,6417,00:05:26,00:14:23,326,863,Fuera de Tiempo,4,21,0,00:04:26,266,Logico,"3020           ",3020 - TOALLERO DE ARO LINEA 3000,0,0,08/10/2026 17:38:53
13454379,08/10/2026 14:24:30,08/10/2026 14:38:53,acejas,6417,00:05:26,00:14:23,326,863,Fuera de Tiempo,1,21,0,00:04:26,266,Logico,"54-130         ",54-130 - MONOCOMANDO COCINA PARED EXT BILBAO,0,0,08/10/2026 17:38:53
13454379,08/10/2026 14:24:30,08/10/2026 14:38:53,acejas,6417,00:05:26,00:14:23,326,863,Fuera de Tiempo,5,21,0,00:04:26,266,Logico,"21-160         ","MONOCOMANDO DUO COCINA CROMO DIQUE                                    ",0,0,08/10/2026 17:38:53
13454379,08/10/2026 14:24:30,08/10/2026 14:38:53,acejas,6417,00:05:26,00:14:23,326,863,Fuera de Tiempo,1,21,0,00:04:26,266,Logico,"20-205         ",20-205 - MONOCOMANDO DE COCINA STEEL,0,0,08/10/2026 17:38:53
13454379,08/10/2026 14:24:30,08/10/2026 14:38:53,acejas,6417,00:05:26,00:14:23,326,863,Fuera de Tiempo,1,21,0,00:04:26,266,Logico,"3006           ",3006 - SET DE 6 PIEZAS LINEA 3000,0,0,08/10/2026 17:38:53
13454379,08/10/2026 14:24:30,08/10/2026 14:38:53,acejas,6417,00:05:26,00:14:23,326,863,Fuera de Tiempo,1,21,0,00:04:26,266,Logico,"20-135         ",20-135 - MONOCOMANDO COCINA SANTANDER,0,0,08/10/2026 17:38:53
13454379,08/10/2026 14:24:30,08/10/2026 14:38:53,acejas,6417,00:05:26,00:14:23,326,863,Fuera de Tiempo,3,21,0,00:04:26,266,Logico,"51-057         ",51-057 - COCINA MESADA CR C.STD VERIN PLUS,0,0,08/10/2026 17:38:53
13454379,08/10/2026 14:24:30,08/10/2026 14:38:53,acejas,6417,00:05:26,00:14:23,326,863,Fuera de Tiempo,1,21,0,00:04:26,266,Logico,"60-045         ",60-045 - LAVATORIO CR/CR C.STD CRUZ,0,0,08/10/2026 17:38:53
13454379,08/10/2026 14:24:30,08/10/2026 14:38:53,acejas,6417,00:05:26,00:14:23,326,863,Fuera de Tiempo,1,21,0,00:04:26,266,Logico,"80-045         ",80-045 - DUCHA EMB.C/TRANSF CR  C.STD CRUZ,0,0,08/10/2026 17:38:53
13454379,08/10/2026 14:24:30,08/10/2026 14:38:53,acejas,6417,00:05:26,00:14:23,326,863,Fuera de Tiempo,2,21,0,00:04:26,266,Logico,"910/M          ","910/M - JGO.MDA.P.CANO CROMO ""DIQUE""",0,0,08/10/2026 17:38:53
13454379,08/10/2026 14:24:30,08/10/2026 14:38:53,acejas,6417,00:05:26,00:14:23,326,863,Fuera de Tiempo,2,21,0,00:04:26,266,Logico,"70-058         ",70-058 - BIDE CR C.STD MALBA,0,0,08/10/2026 17:38:53
13454379,08/10/2026 14:24:30,08/10/2026 14:38:53,acejas,6417,00:05:26,00:14:23,326,863,Fuera de Tiempo,3,21,0,00:04:26,266,Logico,"60-058         ",60-058 - LAVATORIO CR C.STD MALBA,0,0,08/10/2026 17:38:53
13454379,08/10/2026 14:24:30,08/10/2026 14:38:53,acejas,6417,00:05:26,00:14:23,326,863,Fuera de Tiempo,2,21,0,00:04:26,266,Logico,"54-203         ","COCINA PARED EXT C.CERAM ADRA MONOCOMANDO                             ",0,0,08/10/2026 17:38:53
13454379,08/10/2026 14:24:30,08/10/2026 14:38:53,acejas,6417,00:05:26,00:14:23,326,863,Fuera de Tiempo,6,21,0,00:04:26,266,Logico,"RA771C         ",RA771C - CAMPANA C/BUJE LINEAS STD CROMO,0,0,08/10/2026 17:38:53
13454379,08/10/2026 14:24:30,08/10/2026 14:38:53,acejas,6417,00:05:26,00:14:23,326,863,Fuera de Tiempo,2,21,0,00:04:26,266,Logico,"RA920          ",RA920 - VOLANTE VALENCIA,0,0,08/10/2026 17:38:53
13454884,08/10/2026 14:42:04,08/10/2026 14:42:10,gsoderquvist,6415,00:00:39,00:00:06,39,6,En Tiempo,1,1,0,00:00:57,57,Logico,"RINO102-3      ","ASIENTO INODORO LINEA LOFT                                            ",0,0,08/10/2026 17:42:10
13454969,08/10/2026 14:45:51,08/10/2026 14:46:18,acejas,6417,00:01:01,00:00:27,61,27,En Tiempo,1,4,0,00:06:58,418,Excedido,"80-200G        ",80-200G - DUCHA EMB. MONOC. 3 FUNCIONES GOLD FABRIC,0,0,08/10/2026 17:46:18
13454969,08/10/2026 14:45:51,08/10/2026 14:46:18,acejas,6417,00:01:01,00:00:27,61,27,En Tiempo,1,4,0,00:06:58,418,Excedido,"80-175DG       ",80-175DG - DUCHA EMB C/TRANSF. PULSE DARK GOLD C.CERAM,0,0,08/10/2026 17:46:18
13454969,08/10/2026 14:45:51,08/10/2026 14:46:18,acejas,6417,00:01:01,00:00:27,61,27,En Tiempo,2,4,0,00:06:58,418,Excedido,"20-168N        ",20-168N - MONOCOMANDO COCINA BLACK WAVE,0,0,08/10/2026 17:46:18
13454969,08/10/2026 14:45:51,08/10/2026 14:46:18,acejas,6417,00:01:01,00:00:27,61,27,En Tiempo,1,4,0,00:06:58,418,Excedido,"61-152         ",61-152 - LAVATORIO MONOCOMANDO CROMO ALTO SORIA,0,0,08/10/2026 17:46:18
13455060,08/10/2026 14:48:44,08/10/2026 14:52:12,rodriguezt,6419,00:04:23,00:03:28,263,208,En Tiempo,1,10,0,00:05:51,351,Excedido,"20-202NI       ",20-202NI - MONOCOMANDO COCINA NICKEL HOOP,0,0,08/10/2026 17:52:12
13455060,08/10/2026 14:48:44,08/10/2026 14:52:12,rodriguezt,6419,00:04:23,00:03:28,263,208,En Tiempo,7,10,0,00:05:51,351,Excedido,"17060G         ",17060G - PORTA VASO Y CEPILLO  LINEA FABRIC GOLD,0,0,08/10/2026 17:52:12
13455060,08/10/2026 14:48:44,08/10/2026 14:52:12,rodriguezt,6419,00:04:23,00:03:28,263,208,En Tiempo,8,10,0,00:05:51,351,Excedido,"17050G         ",17050G - JABONERA  LINEA FABRIC GOLD,0,0,08/10/2026 17:52:12
13455060,08/10/2026 14:48:44,08/10/2026 14:52:12,rodriguezt,6419,00:04:23,00:03:28,263,208,En Tiempo,9,10,0,00:05:51,351,Excedido,"17020G         ",17020G - TOALLERO DE ARO LINEA FABRIC GOLD,0,0,08/10/2026 17:52:12
13455060,08/10/2026 14:48:44,08/10/2026 14:52:12,rodriguezt,6419,00:04:23,00:03:28,263,208,En Tiempo,9,10,0,00:05:51,351,Excedido,"17010G         ",17010G - TOALLERO BARRAL LINEA FABRIC GOLD,0,0,08/10/2026 17:52:12
13455060,08/10/2026 14:48:44,08/10/2026 14:52:12,rodriguezt,6419,00:04:23,00:03:28,263,208,En Tiempo,11,10,0,00:05:51,351,Excedido,"17040G         ",17040G - PORTA ROLLO LINEA FABRIC GOLD,0,0,08/10/2026 17:52:12
13455060,08/10/2026 14:48:44,08/10/2026 14:52:12,rodriguezt,6419,00:04:23,00:03:28,263,208,En Tiempo,10,10,0,00:05:51,351,Excedido,"17030G         ",17030G - PERCHA LINEA FABRIC GOLD,0,0,08/10/2026 17:52:12
13455060,08/10/2026 14:48:44,08/10/2026 14:52:12,rodriguezt,6419,00:04:23,00:03:28,263,208,En Tiempo,1,10,0,00:05:51,351,Excedido,"60-100NI       ",60-100NI - LAVATORIO NICKEL C.CERAM FABRIC,0,0,08/10/2026 17:52:12
13455060,08/10/2026 14:48:44,08/10/2026 14:52:12,rodriguezt,6419,00:04:23,00:03:28,263,208,En Tiempo,1,10,0,00:05:51,351,Excedido,"70-100NI       ",70-100NI - BIDE NICKEL C.CERAM FABRIC,0,0,08/10/2026 17:52:12
13455060,08/10/2026 14:48:44,08/10/2026 14:52:12,rodriguezt,6419,00:04:23,00:03:28,263,208,En Tiempo,2,10,0,00:05:51,351,Excedido,"BAI01NI        ",BAI01NI - BACHA EMB COCINA C/ACCESORIOS 750x450x220 NICKEL BRUSHED,0,0,08/10/2026 17:52:12
13455262,08/10/2026 14:54:23,08/10/2026 15:09:16,rodriguezt,6419,00:06:43,00:14:53,403,893,Fuera de Tiempo,12,21,0,00:02:11,131,Logico,"16030BL        ",16030BL - PERCHA LINEA 16000 BLACK,0,0,08/10/2026 18:09:16
13455262,08/10/2026 14:54:23,08/10/2026 15:09:16,rodriguezt,6419,00:06:43,00:14:53,403,893,Fuera de Tiempo,5,21,0,00:02:11,131,Logico,"16040BL        ",16040BL - PORTA ROLLO ACCESORIOS LINEA 16000 BLACK,0,0,08/10/2026 18:09:16
13455262,08/10/2026 14:54:23,08/10/2026 15:09:16,rodriguezt,6419,00:06:43,00:14:53,403,893,Fuera de Tiempo,7,21,0,00:02:11,131,Logico,"60-200C        ",60-200C - LAVATORIO MONOC BAJO CR FABRIC,0,0,08/10/2026 18:09:16
13455262,08/10/2026 14:54:23,08/10/2026 15:09:16,rodriguezt,6419,00:06:43,00:14:53,403,893,Fuera de Tiempo,3,21,0,00:02:11,131,Logico,"70-200C        ",70-200C - BIDE MONOCOMANDO CR FABRIC,0,0,08/10/2026 18:09:16
13455262,08/10/2026 14:54:23,08/10/2026 15:09:16,rodriguezt,6419,00:06:43,00:14:53,403,893,Fuera de Tiempo,2,21,0,00:02:11,131,Logico,"70-168         ",70-168 - BIDE MONOC CR WAVE,0,0,08/10/2026 18:09:16
13455262,08/10/2026 14:54:23,08/10/2026 15:09:16,rodriguezt,6419,00:06:43,00:14:53,403,893,Fuera de Tiempo,1,21,0,00:02:11,131,Logico,"61-168         ",61-168 - LAVATORIO MONOC ALTO CR WAVE,0,0,08/10/2026 18:09:16
13455262,08/10/2026 14:54:23,08/10/2026 15:09:16,rodriguezt,6419,00:06:43,00:14:53,403,893,Fuera de Tiempo,1,21,0,00:02:11,131,Logico,"60-180         ",60-180 - LAVATORIO MONOCOMANDO BAJO VERA,0,0,08/10/2026 18:09:16
13455262,08/10/2026 14:54:23,08/10/2026 15:09:16,rodriguezt,6419,00:06:43,00:14:53,403,893,Fuera de Tiempo,2,21,0,00:02:11,131,Logico,"85-168         ",85-168 - DUCHA MONOC C/TRANSF Y DUCHADOR CR WAVE,0,0,08/10/2026 18:09:16
13455262,08/10/2026 14:54:23,08/10/2026 15:09:16,rodriguezt,6419,00:06:43,00:14:53,403,893,Fuera de Tiempo,2,21,0,00:02:11,131,Logico,"51-057         ",51-057 - COCINA MESADA CR C.STD VERIN PLUS,0,0,08/10/2026 18:09:16
13455262,08/10/2026 14:54:23,08/10/2026 15:09:16,rodriguezt,6419,00:06:43,00:14:53,403,893,Fuera de Tiempo,4,21,0,00:02:11,131,Logico,"80-200C        ",80-200C - DUCHA EMB. MONOC. 3 FUNCIONES CR FABRIC,0,0,08/10/2026 18:09:16
13455262,08/10/2026 14:54:23,08/10/2026 15:09:16,rodriguezt,6419,00:06:43,00:14:53,403,893,Fuera de Tiempo,3,21,0,00:02:11,131,Logico,"62-100G        ",62-100G - LAVATORIO DE PARED GOLD C.CERAM FABRIC,0,0,08/10/2026 18:09:16
13455262,08/10/2026 14:54:23,08/10/2026 15:09:16,rodriguezt,6419,00:06:43,00:14:53,403,893,Fuera de Tiempo,1,21,0,00:02:11,131,Logico,"70-190         ",70-190 - BIDE C.CERAM BLACK VELVET,0,0,08/10/2026 18:09:16
13455262,08/10/2026 14:54:23,08/10/2026 15:09:16,rodriguezt,6419,00:06:43,00:14:53,403,893,Fuera de Tiempo,1,21,0,00:02:11,131,Logico,"80-329         ",80-329 - DUCHA DE EMB 3 FUNCIONES CASTILLA,0,0,08/10/2026 18:09:16
13455262,08/10/2026 14:54:23,08/10/2026 15:09:16,rodriguezt,6419,00:06:43,00:14:53,403,893,Fuera de Tiempo,2,21,0,00:02:11,131,Logico,"70-162N        ",70-162N - BIDE BLACK C.CERAM LINEA ADRA,0,0,08/10/2026 18:09:16
13455262,08/10/2026 14:54:23,08/10/2026 15:09:16,rodriguezt,6419,00:06:43,00:14:53,403,893,Fuera de Tiempo,2,21,0,00:02:11,131,Logico,"80-166N        ",80-166N - DUCHA EMB. C/TRANSF. BLACK C.CERAM ADRA PLUS,0,0,08/10/2026 18:09:16
13455262,08/10/2026 14:54:23,08/10/2026 15:09:16,rodriguezt,6419,00:06:43,00:14:53,403,893,Fuera de Tiempo,1,21,0,00:02:11,131,Logico,"80-162         ",80-162 - DUCHA EMB. C/TRANSF. CR C.CERAM ADRA,0,0,08/10/2026 18:09:16
13455262,08/10/2026 14:54:23,08/10/2026 15:09:16,rodriguezt,6419,00:06:43,00:14:53,403,893,Fuera de Tiempo,1,21,0,00:02:11,131,Logico,"90-166         ",90-166 - PACK GRIF. ADRA PLUS (Lav-Bide-Ducha c/t Plus),0,0,08/10/2026 18:09:16
13455262,08/10/2026 14:54:23,08/10/2026 15:09:16,rodriguezt,6419,00:06:43,00:14:53,403,893,Fuera de Tiempo,1,21,0,00:02:11,131,Logico,"80-200G        ",80-200G - DUCHA EMB. MONOC. 3 FUNCIONES GOLD FABRIC,0,0,08/10/2026 18:09:16
13455262,08/10/2026 14:54:23,08/10/2026 15:09:16,rodriguezt,6419,00:06:43,00:14:53,403,893,Fuera de Tiempo,1,21,0,00:02:11,131,Logico,"RA1269G        ",RA1269G - BRAZO Y FLOR DE DUCHA FABRIC GOLD,0,0,08/10/2026 18:09:16
13455262,08/10/2026 14:54:23,08/10/2026 15:09:16,rodriguezt,6419,00:06:43,00:14:53,403,893,Fuera de Tiempo,4,21,0,00:02:11,131,Logico,"60-176         ","LAVATORIO MONOCOMANDO BAJO CR RIO                                     ",0,0,08/10/2026 18:09:16
13455262,08/10/2026 14:54:23,08/10/2026 15:09:16,rodriguezt,6419,00:06:43,00:14:53,403,893,Fuera de Tiempo,2,21,0,00:02:11,131,Logico,"17030N         ",17030N - PERCHA LINEA FABRIC BLACK,0,0,08/10/2026 18:09:16
13456151,08/10/2026 15:23:06,08/10/2026 15:26:21,rodriguezt,6419,00:07:36,00:03:15,456,195,En Tiempo,2,29,0,00:13:50,830,Excedido,"70-200C        ",70-200C - BIDE MONOCOMANDO CR FABRIC,0,0,08/10/2026 18:26:21
13456151,08/10/2026 15:23:06,08/10/2026 15:26:21,rodriguezt,6419,00:07:36,00:03:15,456,195,En Tiempo,1,29,0,00:13:50,830,Excedido,"84-190         ",84-190 - DUCHA EXTERIOR CON COLUMNA BLACK VELVET,0,0,08/10/2026 18:26:21
13456151,08/10/2026 15:23:06,08/10/2026 15:26:21,rodriguezt,6419,00:07:36,00:03:15,456,195,En Tiempo,1,29,0,00:13:50,830,Excedido,"60-205         ",60-205 - LAVATORIO MONOC BAJO STEEL,0,0,08/10/2026 18:26:21
13456151,08/10/2026 15:23:06,08/10/2026 15:26:21,rodriguezt,6419,00:07:36,00:03:15,456,195,En Tiempo,1,29,0,00:13:50,830,Excedido,"70-205         ",70-205 - BIDE MONOCOMANDO STEEL,0,0,08/10/2026 18:26:21
13456151,08/10/2026 15:23:06,08/10/2026 15:26:21,rodriguezt,6419,00:07:36,00:03:15,456,195,En Tiempo,2,29,0,00:13:50,830,Excedido,"84-203         ","DUCHA EXT C/COLUMNA Y TRANSF CR ADRA                                  ",0,0,08/10/2026 18:26:21
13456151,08/10/2026 15:23:06,08/10/2026 15:26:21,rodriguezt,6419,00:07:36,00:03:15,456,195,En Tiempo,1,29,0,00:13:50,830,Excedido,"70-200G        ",70-200G - BIDE MONOCOMANDO GOLD FABRIC,0,0,08/10/2026 18:26:21
13456151,08/10/2026 15:23:06,08/10/2026 15:26:21,rodriguezt,6419,00:07:36,00:03:15,456,195,En Tiempo,2,29,0,00:13:50,830,Excedido,"20-150         ",20-150 - MONOCOMANDO MESADA COCINA TOLEDO,0,0,08/10/2026 18:26:21
13456151,08/10/2026 15:23:06,08/10/2026 15:26:21,rodriguezt,6419,00:07:36,00:03:15,456,195,En Tiempo,6,29,0,00:13:50,830,Excedido,"61-180         ",61-180 - LAVATORIO MONOCOMANDO ALTO VERA,0,0,08/10/2026 18:26:21
13456151,08/10/2026 15:23:06,08/10/2026 15:26:21,rodriguezt,6419,00:07:36,00:03:15,456,195,En Tiempo,1,29,0,00:13:50,830,Excedido,"20020G         ",20020G - TOALLERO DE ARO GOLD LINEA PULSE,0,0,08/10/2026 18:26:21
13456151,08/10/2026 15:23:06,08/10/2026 15:26:21,rodriguezt,6419,00:07:36,00:03:15,456,195,En Tiempo,1,29,0,00:13:50,830,Excedido,"20010G         ",20010G - TOALLERO BARRAL GOLD LINEA PULSE,0,0,08/10/2026 18:26:21
13456151,08/10/2026 15:23:06,08/10/2026 15:26:21,rodriguezt,6419,00:07:36,00:03:15,456,195,En Tiempo,1,29,0,00:13:50,830,Excedido,"20040G         ",20040G - PORTA ROLLO GOLD LINEA PULSE,0,0,08/10/2026 18:26:21
13456151,08/10/2026 15:23:06,08/10/2026 15:26:21,rodriguezt,6419,00:07:36,00:03:15,456,195,En Tiempo,2,29,0,00:13:50,830,Excedido,"70-203         ",70-203 - BIDE MONOCOMANDO ADRA,0,0,08/10/2026 18:26:21
13456151,08/10/2026 15:23:06,08/10/2026 15:26:21,rodriguezt,6419,00:07:36,00:03:15,456,195,En Tiempo,10,29,0,00:13:50,830,Excedido,"80-203P        ",80-203P - DUCHA EMB C/TRANSF. MONOCOMANDO ADRA PLUS,0,0,08/10/2026 18:26:21
13456151,08/10/2026 15:23:06,08/10/2026 15:26:21,rodriguezt,6419,00:07:36,00:03:15,456,195,En Tiempo,10,29,0,00:13:50,830,Excedido,"20-162         ",20-162 - MONOCOMANDO COCINA ADRA,0,0,08/10/2026 18:26:21
13456151,08/10/2026 15:23:06,08/10/2026 15:26:21,rodriguezt,6419,00:07:36,00:03:15,456,195,En Tiempo,1,29,0,00:13:50,830,Excedido,"80-180         ",80-180 - DUCHA EMB. C/TRANSF. MONOCOMANDO VERA,0,0,08/10/2026 18:26:21
13456151,08/10/2026 15:23:06,08/10/2026 15:26:21,rodriguezt,6419,00:07:36,00:03:15,456,195,En Tiempo,2,29,0,00:13:50,830,Excedido,"80-200N        ",80-200N - DUCHA EMB. MONOC. 3 FUNCIONES BLACK FABRIC,0,0,08/10/2026 18:26:21
13456151,08/10/2026 15:23:06,08/10/2026 15:26:21,rodriguezt,6419,00:07:36,00:03:15,456,195,En Tiempo,6,29,0,00:13:50,830,Excedido,"60-203         ",60-203 - LAVATORIO MONOCOMANDO BAJO ADRA,0,0,08/10/2026 18:26:21
13456151,08/10/2026 15:23:06,08/10/2026 15:26:21,rodriguezt,6419,00:07:36,00:03:15,456,195,En Tiempo,6,29,0,00:13:50,830,Excedido,"90-166N        ",90-166N - PACK GRIF. ADRA BLACK PLUS  (Lav-Bide-Ducha c/t Plus),0,0,08/10/2026 18:26:21
13456151,08/10/2026 15:23:06,08/10/2026 15:26:21,rodriguezt,6419,00:07:36,00:03:15,456,195,En Tiempo,1,29,0,00:13:50,830,Excedido,"70-162N        ",70-162N - BIDE BLACK C.CERAM LINEA ADRA,0,0,08/10/2026 18:26:21
13456151,08/10/2026 15:23:06,08/10/2026 15:26:21,rodriguezt,6419,00:07:36,00:03:15,456,195,En Tiempo,2,29,0,00:13:50,830,Excedido,"62-100C        ",62-100C - LAVATORIO DE PARED CR C.CERAM FABRIC,0,0,08/10/2026 18:26:21
13456151,08/10/2026 15:23:06,08/10/2026 15:26:21,rodriguezt,6419,00:07:36,00:03:15,456,195,En Tiempo,3,29,0,00:13:50,830,Excedido,"62-100N        ",62-100N - LAVATORIO DE PARED BLACK C.CERAM FABRIC,0,0,08/10/2026 18:26:21
13456151,08/10/2026 15:23:06,08/10/2026 15:26:21,rodriguezt,6419,00:07:36,00:03:15,456,195,En Tiempo,2,29,0,00:13:50,830,Excedido,"BAI01N         ",BAI01N - BACHA EMB COCINA C/ACCESORIOS 750x450x220 BLACK GUN BRUSHED,0,0,08/10/2026 18:26:21
13456151,08/10/2026 15:23:06,08/10/2026 15:26:21,rodriguezt,6419,00:07:36,00:03:15,456,195,En Tiempo,1,29,0,00:13:50,830,Excedido,"BAI01NI        ",BAI01NI - BACHA EMB COCINA C/ACCESORIOS 750x450x220 NICKEL BRUSHED,0,0,08/10/2026 18:26:21
13456151,08/10/2026 15:23:06,08/10/2026 15:26:21,rodriguezt,6419,00:07:36,00:03:15,456,195,En Tiempo,3,29,0,00:13:50,830,Excedido,"BCH19          ","BACHA DE APOYAR BLANCA 365x235x120                                    ",0,0,08/10/2026 18:26:21
13456151,08/10/2026 15:23:06,08/10/2026 15:26:21,rodriguezt,6419,00:07:36,00:03:15,456,195,En Tiempo,2,29,0,00:13:50,830,Excedido,"70-201NI       ",70-201NI - BIDE CR C.CERAM BEAT NICKEL,0,0,08/10/2026 18:26:21
13456151,08/10/2026 15:23:06,08/10/2026 15:26:21,rodriguezt,6419,00:07:36,00:03:15,456,195,En Tiempo,5,29,0,00:13:50,830,Excedido,"70-162         ",70-162 - BIDE CR C.CERAM LINEA ADRA,0,0,08/10/2026 18:26:21
13456151,08/10/2026 15:23:06,08/10/2026 15:26:21,rodriguezt,6419,00:07:36,00:03:15,456,195,En Tiempo,10,29,0,00:13:50,830,Excedido,"90-166         ",90-166 - PACK GRIF. ADRA PLUS (Lav-Bide-Ducha c/t Plus),0,0,08/10/2026 18:26:21
13456151,08/10/2026 15:23:06,08/10/2026 15:26:21,rodriguezt,6419,00:07:36,00:03:15,456,195,En Tiempo,1,29,0,00:13:50,830,Excedido,"60-175G        ",60-175G - LAVATORIO GOLD C.CERAM PULSE,0,0,08/10/2026 18:26:21
13456151,08/10/2026 15:23:06,08/10/2026 15:26:21,rodriguezt,6419,00:07:36,00:03:15,456,195,En Tiempo,1,29,0,00:13:50,830,Excedido,"70-175G        ",70-175G - BIDE GOLD C.CERAM PULSE,0,0,08/10/2026 18:26:21
13456181,08/10/2026 15:23:51,08/10/2026 15:23:57,gsoderquvist,6415,00:00:39,00:00:06,39,6,En Tiempo,1,1,0,00:41:41,2501,Excedido,"60-162         ",60-162 - LAVATORIO CR C.CERAM LINEA ADRA,0,0,08/10/2026 18:23:57
13456226,08/10/2026 15:25:19,08/10/2026 15:28:09,gsoderquvist,6415,00:02:58,00:02:50,178,170,En Tiempo,3,10,0,00:01:22,82,Logico,"914/CR         ",914/CR - JGO.MDA.P.CAÑO CR ARES,0,0,08/10/2026 18:28:09
13456226,08/10/2026 15:25:19,08/10/2026 15:28:09,gsoderquvist,6415,00:02:58,00:02:50,178,170,En Tiempo,4,10,0,00:01:22,82,Logico,"314/CR         ",314/CR - BIDE CROMO ARES,0,0,08/10/2026 18:28:09
13456226,08/10/2026 15:25:19,08/10/2026 15:28:09,gsoderquvist,6415,00:02:58,00:02:50,178,170,En Tiempo,4,10,0,00:01:22,82,Logico,"309            ","309 - BIDE CROMO ""LAZA""",0,0,08/10/2026 18:28:09
13456226,08/10/2026 15:25:19,08/10/2026 15:28:09,gsoderquvist,6415,00:02:58,00:02:50,178,170,En Tiempo,2,10,0,00:01:22,82,Logico,"80-150         ",80-150 - DUCHA EMB. C/TRANSF. CR C.CERAM TOLEDO,0,0,08/10/2026 18:28:09
13456226,08/10/2026 15:25:19,08/10/2026 15:28:09,gsoderquvist,6415,00:02:58,00:02:50,178,170,En Tiempo,2,10,0,00:01:22,82,Logico,"80-166N        ",80-166N - DUCHA EMB. C/TRANSF. BLACK C.CERAM ADRA PLUS,0,0,08/10/2026 18:28:09
13456226,08/10/2026 15:25:19,08/10/2026 15:28:09,gsoderquvist,6415,00:02:58,00:02:50,178,170,En Tiempo,3,10,0,00:01:22,82,Logico,"60-162N        ",60-162N - LAVATORIO BLACK C.CERAM LINEA ADRA,0,0,08/10/2026 18:28:09
13456226,08/10/2026 15:25:19,08/10/2026 15:28:09,gsoderquvist,6415,00:02:58,00:02:50,178,170,En Tiempo,3,10,0,00:01:22,82,Logico,"60-176         ","LAVATORIO MONOCOMANDO BAJO CR RIO                                     ",0,0,08/10/2026 18:28:09
13456226,08/10/2026 15:25:19,08/10/2026 15:28:09,gsoderquvist,6415,00:02:58,00:02:50,178,170,En Tiempo,4,10,0,00:01:22,82,Logico,"20-147         ",20-147 - MONOCOMANDO DE COCINA SWIFT,0,0,08/10/2026 18:28:09
13456226,08/10/2026 15:25:19,08/10/2026 15:28:09,gsoderquvist,6415,00:02:58,00:02:50,178,170,En Tiempo,3,10,0,00:01:22,82,Logico,"61-205         ",61-205 - LAVATORIO MONOC ALTO STEEL,0,0,08/10/2026 18:28:09
13456226,08/10/2026 15:25:19,08/10/2026 15:28:09,gsoderquvist,6415,00:02:58,00:02:50,178,170,En Tiempo,4,10,0,00:01:22,82,Logico,"20-184         ","MONOCOMANDO DE COCINA CR SUV                                          ",0,0,08/10/2026 18:28:09
13456348,08/10/2026 15:29:37,08/10/2026 15:30:11,rodriguezt,6419,00:00:56,00:00:34,56,34,En Tiempo,3,3,0,00:03:16,196,Logico,"INO104-1       ","INODORO BLANCO C/ASIENTO LINEA STONE                                  ",0,0,08/10/2026 18:30:11
13456348,08/10/2026 15:29:37,08/10/2026 15:30:11,rodriguezt,6419,00:00:56,00:00:34,56,34,En Tiempo,2,3,0,00:03:16,196,Logico,"BID104N-1      ","BIDE 1 AGUJERO BLACK LINEA STONE                                      ",0,0,08/10/2026 18:30:11
13456348,08/10/2026 15:29:37,08/10/2026 15:30:11,rodriguezt,6419,00:00:56,00:00:34,56,34,En Tiempo,3,3,0,00:03:16,196,Logico,"INO104-2       ","DEPOSITO C/DESCARGA DUAL BLANCO LINEA STONE                           ",0,0,08/10/2026 18:30:11
13456369,08/10/2026 15:30:31,08/10/2026 15:30:58,gsoderquvist,6415,00:01:31,00:00:27,91,27,En Tiempo,2,6,0,00:02:22,142,Logico,"62-100C        ",62-100C - LAVATORIO DE PARED CR C.CERAM FABRIC,0,0,08/10/2026 18:30:58
13456369,08/10/2026 15:30:31,08/10/2026 15:30:58,gsoderquvist,6415,00:01:31,00:00:27,91,27,En Tiempo,2,6,0,00:02:22,142,Logico,"70-100C        ",70-100C - BIDE CR C.CERAM FABRIC,0,0,08/10/2026 18:30:58
13456369,08/10/2026 15:30:31,08/10/2026 15:30:58,gsoderquvist,6415,00:01:31,00:00:27,91,27,En Tiempo,2,6,0,00:02:22,142,Logico,"80-100C        ",80-100C - DUCHA EMB. C/TRANSF. CR C.CERAM FABRIC,0,0,08/10/2026 18:30:58
13456369,08/10/2026 15:30:31,08/10/2026 15:30:58,gsoderquvist,6415,00:01:31,00:00:27,91,27,En Tiempo,1,6,0,00:02:22,142,Logico,"70-201NI       ",70-201NI - BIDE CR C.CERAM BEAT NICKEL,0,0,08/10/2026 18:30:58
13456369,08/10/2026 15:30:31,08/10/2026 15:30:58,gsoderquvist,6415,00:01:31,00:00:27,91,27,En Tiempo,1,6,0,00:02:22,142,Logico,"80-201NI       ",80-201NI - DUCHA EMB C/TRANSF C.CERAM BEAT NICKEL,0,0,08/10/2026 18:30:58
13456369,08/10/2026 15:30:31,08/10/2026 15:30:58,gsoderquvist,6415,00:01:31,00:00:27,91,27,En Tiempo,1,6,0,00:02:22,142,Logico,"62-201NI       ",62-201NI - LAVATORIO DE PARED C.CERAM BEAT NICKEL,0,0,08/10/2026 18:30:58
13456527,08/10/2026 15:35:26,08/10/2026 15:35:36,rodriguezt,6419,00:00:49,00:00:10,49,10,En Tiempo,2,3,0,00:05:15,315,Logico,"914            ",914 - JGO.MDA.P.CAÑO BL/CR ARES,0,0,08/10/2026 18:35:36
13456527,08/10/2026 15:35:26,08/10/2026 15:35:36,rodriguezt,6419,00:00:49,00:00:10,49,10,En Tiempo,2,3,0,00:05:15,315,Logico,"20-121         ",20-121 - COCINA MSDA MONOC.P. REDONDO MARBELLA,0,0,08/10/2026 18:35:36
13456527,08/10/2026 15:35:26,08/10/2026 15:35:36,rodriguezt,6419,00:00:49,00:00:10,49,10,En Tiempo,1,3,0,00:05:15,315,Logico,"20-135         ",20-135 - MONOCOMANDO COCINA SANTANDER,0,0,08/10/2026 18:35:36
13456545,08/10/2026 15:35:45,08/10/2026 15:36:01,rodriguezt,6419,00:00:49,00:00:16,49,16,En Tiempo,3,3,0,00:00:09,9,Logico,"83-133         ",83-133 - DUCHA EXT. C/TRANSF. MONOCOMANDO LUGO,0,0,08/10/2026 18:36:01
13456545,08/10/2026 15:35:45,08/10/2026 15:36:01,rodriguezt,6419,00:00:49,00:00:16,49,16,En Tiempo,2,3,0,00:00:09,9,Logico,"83-203         ",83-203 - DUCHA EXT C/TRANSF. MONOCOMANDO ADRA,0,0,08/10/2026 18:36:01
13456545,08/10/2026 15:35:45,08/10/2026 15:36:01,rodriguezt,6419,00:00:49,00:00:16,49,16,En Tiempo,1,3,0,00:00:09,9,Logico,"60-203         ",60-203 - LAVATORIO MONOCOMANDO BAJO ADRA,0,0,08/10/2026 18:36:01
13456557,08/10/2026 15:36:10,08/10/2026 15:37:07,rodriguezt,6419,00:00:56,00:00:57,56,57,Fuera de Tiempo,6,3,0,00:00:09,9,Logico,"20-122S        ","MONOCOMANDO COCINA INOX C/PICO EXTRAIBLE VALENCIA                     ",0,0,08/10/2026 18:37:07
13456557,08/10/2026 15:36:10,08/10/2026 15:37:07,rodriguezt,6419,00:00:56,00:00:57,56,57,Fuera de Tiempo,1,3,0,00:00:09,9,Logico,"63-176N        ","LAVATORIO PARED EMB MONOC BLACK RIO                                   ",0,0,08/10/2026 18:37:07
13456557,08/10/2026 15:36:10,08/10/2026 15:37:07,rodriguezt,6419,00:00:56,00:00:57,56,57,Fuera de Tiempo,1,3,0,00:00:09,9,Logico,"63-176         ","LAVATORIO PARED EMB MONOC CR RIO                                      ",0,0,08/10/2026 18:37:07
13456604,08/10/2026 15:37:33,08/10/2026 15:38:36,rodriguezt,6419,00:02:28,00:01:03,148,63,En Tiempo,1,12,0,00:00:26,26,Logico,"20-150         ",20-150 - MONOCOMANDO MESADA COCINA TOLEDO,0,0,08/10/2026 18:38:36
13456604,08/10/2026 15:37:33,08/10/2026 15:38:36,rodriguezt,6419,00:02:28,00:01:03,148,63,En Tiempo,1,12,0,00:00:26,26,Logico,"70-180         ",70-180 - BIDE MONOCOMANDO C/TRANSF. VERA,0,0,08/10/2026 18:38:36
13456604,08/10/2026 15:37:33,08/10/2026 15:38:36,rodriguezt,6419,00:02:28,00:01:03,148,63,En Tiempo,1,12,0,00:00:26,26,Logico,"80-152         ",80-152 - DUCHA EMB. CR C/TRANSF. MONOCOMANDO SORIA,0,0,08/10/2026 18:38:36
13456604,08/10/2026 15:37:33,08/10/2026 15:38:36,rodriguezt,6419,00:02:28,00:01:03,148,63,En Tiempo,2,12,0,00:00:26,26,Logico,"60-176         ","LAVATORIO MONOCOMANDO BAJO CR RIO                                     ",0,0,08/10/2026 18:38:36
13456604,08/10/2026 15:37:33,08/10/2026 15:38:36,rodriguezt,6419,00:02:28,00:01:03,148,63,En Tiempo,1,12,0,00:00:26,26,Logico,"20-147         ",20-147 - MONOCOMANDO DE COCINA SWIFT,0,0,08/10/2026 18:38:36
13456604,08/10/2026 15:37:33,08/10/2026 15:38:36,rodriguezt,6419,00:02:28,00:01:03,148,63,En Tiempo,1,12,0,00:00:26,26,Logico,"20-205         ",20-205 - MONOCOMANDO DE COCINA STEEL,0,0,08/10/2026 18:38:36
13456604,08/10/2026 15:37:33,08/10/2026 15:38:36,rodriguezt,6419,00:02:28,00:01:03,148,63,En Tiempo,2,12,0,00:00:26,26,Logico,"20-162         ",20-162 - MONOCOMANDO COCINA ADRA,0,0,08/10/2026 18:38:36
13456604,08/10/2026 15:37:33,08/10/2026 15:38:36,rodriguezt,6419,00:02:28,00:01:03,148,63,En Tiempo,1,12,0,00:00:26,26,Logico,"BCH12          ",BCH12 - BACHA DE APOYAR BLANCA 460x320x140,0,0,08/10/2026 18:38:36
13456604,08/10/2026 15:37:33,08/10/2026 15:38:36,rodriguezt,6419,00:02:28,00:01:03,148,63,En Tiempo,1,12,0,00:00:26,26,Logico,"BCH18          ",BCH18 - BACHA DE APOYAR SIMIL MARMOL 460x320x140,0,0,08/10/2026 18:38:36
13456604,08/10/2026 15:37:33,08/10/2026 15:38:36,rodriguezt,6419,00:02:28,00:01:03,148,63,En Tiempo,1,12,0,00:00:26,26,Logico,"BAI01NI        ",BAI01NI - BACHA EMB COCINA C/ACCESORIOS 750x450x220 NICKEL BRUSHED,0,0,08/10/2026 18:38:36
13456604,08/10/2026 15:37:33,08/10/2026 15:38:36,rodriguezt,6419,00:02:28,00:01:03,148,63,En Tiempo,1,12,0,00:00:26,26,Logico,"60-162         ",60-162 - LAVATORIO CR C.CERAM LINEA ADRA,0,0,08/10/2026 18:38:36
13456604,08/10/2026 15:37:33,08/10/2026 15:38:36,rodriguezt,6419,00:02:28,00:01:03,148,63,En Tiempo,1,12,0,00:00:26,26,Logico,"60-199         ",60-199 - LAVATORIO CR C.CERAM LIVE,0,0,08/10/2026 18:38:36
13456835,08/10/2026 15:45:07,08/10/2026 15:49:08,gsoderquvist,6415,00:10:24,00:04:01,624,241,En Tiempo,2,25,0,00:14:09,849,Excedido,"30-132         ",30-132 - COCINA MESADA MONOC. C/DUCHADOR EXTENSIBLE VIGO,0,0,08/10/2026 18:49:08
13456835,08/10/2026 15:45:07,08/10/2026 15:49:08,gsoderquvist,6415,00:10:24,00:04:01,624,241,En Tiempo,2,25,0,00:14:09,849,Excedido,"10030CR        ","PERCHA LINEA 10000 MINIMALISTA                                        ",0,0,08/10/2026 18:49:08
13456835,08/10/2026 15:45:07,08/10/2026 15:49:08,gsoderquvist,6415,00:10:24,00:04:01,624,241,En Tiempo,6,25,0,00:14:09,849,Excedido,"30-121         ",30-121 - COCINA MSDA MONOC.P. CUADRADO MARBELLA,0,0,08/10/2026 18:49:08
13456835,08/10/2026 15:45:07,08/10/2026 15:49:08,gsoderquvist,6415,00:10:24,00:04:01,624,241,En Tiempo,6,25,0,00:14:09,849,Excedido,"20-122         ","MONOCOMANDO COCINA CR C/PICO EXTRAIBLE VALENCIA                       ",0,0,08/10/2026 18:49:08
13456835,08/10/2026 15:45:07,08/10/2026 15:49:08,gsoderquvist,6415,00:10:24,00:04:01,624,241,En Tiempo,2,25,0,00:14:09,849,Excedido,"BCH12          ",BCH12 - BACHA DE APOYAR BLANCA 460x320x140,0,0,08/10/2026 18:49:08
13456835,08/10/2026 15:45:07,08/10/2026 15:49:08,gsoderquvist,6415,00:10:24,00:04:01,624,241,En Tiempo,2,25,0,00:14:09,849,Excedido,"60-058         ",60-058 - LAVATORIO CR C.STD MALBA,0,0,08/10/2026 18:49:08
13456835,08/10/2026 15:45:07,08/10/2026 15:49:08,gsoderquvist,6415,00:10:24,00:04:01,624,241,En Tiempo,4,25,0,00:14:09,849,Excedido,"70-058         ",70-058 - BIDE CR C.STD MALBA,0,0,08/10/2026 18:49:08
13456835,08/10/2026 15:45:07,08/10/2026 15:49:08,gsoderquvist,6415,00:10:24,00:04:01,624,241,En Tiempo,20,25,0,00:14:09,849,Excedido,"60-162         ",60-162 - LAVATORIO CR C.CERAM LINEA ADRA,0,0,08/10/2026 18:49:08
13456835,08/10/2026 15:45:07,08/10/2026 15:49:08,gsoderquvist,6415,00:10:24,00:04:01,624,241,En Tiempo,20,25,0,00:14:09,849,Excedido,"70-162         ",70-162 - BIDE CR C.CERAM LINEA ADRA,0,0,08/10/2026 18:49:08
13456835,08/10/2026 15:45:07,08/10/2026 15:49:08,gsoderquvist,6415,00:10:24,00:04:01,624,241,En Tiempo,20,25,0,00:14:09,849,Excedido,"80-166         ","DUCHA EMB. C/TRANSF. CR C.CERAM ADRA PLUS                             ",0,0,08/10/2026 18:49:08
13456835,08/10/2026 15:45:07,08/10/2026 15:49:08,gsoderquvist,6415,00:10:24,00:04:01,624,241,En Tiempo,2,25,0,00:14:09,849,Excedido,"70-057         ",70-057 - BIDE C.STD VERIN PLUS,0,0,08/10/2026 18:49:08
13456835,08/10/2026 15:45:07,08/10/2026 15:49:08,gsoderquvist,6415,00:10:24,00:04:01,624,241,En Tiempo,1,25,0,00:14:09,849,Excedido,"60-057         ",60-057 - LAVATORIO C.STD VERIN PLUS,0,0,08/10/2026 18:49:08
13456835,08/10/2026 15:45:07,08/10/2026 15:49:08,gsoderquvist,6415,00:10:24,00:04:01,624,241,En Tiempo,1,25,0,00:14:09,849,Excedido,"80-138         ",80-138 - DUCHA EMB. C/TRANSF. CR C.CERAM VALENCIA PLUS,0,0,08/10/2026 18:49:08
13456835,08/10/2026 15:45:07,08/10/2026 15:49:08,gsoderquvist,6415,00:10:24,00:04:01,624,241,En Tiempo,6,25,0,00:14:09,849,Excedido,"60-162N        ",60-162N - LAVATORIO BLACK C.CERAM LINEA ADRA,0,0,08/10/2026 18:49:08
13456835,08/10/2026 15:45:07,08/10/2026 15:49:08,gsoderquvist,6415,00:10:24,00:04:01,624,241,En Tiempo,4,25,0,00:14:09,849,Excedido,"70-122         ",70-122 - BIDE C.CERAM CR VALENCIA,0,0,08/10/2026 18:49:08
13456835,08/10/2026 15:45:07,08/10/2026 15:49:08,gsoderquvist,6415,00:10:24,00:04:01,624,241,En Tiempo,2,25,0,00:14:09,849,Excedido,"60-122         ",60-122 - LAVATORIO C.CERAM CR VALENCIA,0,0,08/10/2026 18:49:08
13456835,08/10/2026 15:45:07,08/10/2026 15:49:08,gsoderquvist,6415,00:10:24,00:04:01,624,241,En Tiempo,6,25,0,00:14:09,849,Excedido,"70-162N        ",70-162N - BIDE BLACK C.CERAM LINEA ADRA,0,0,08/10/2026 18:49:08
13456835,08/10/2026 15:45:07,08/10/2026 15:49:08,gsoderquvist,6415,00:10:24,00:04:01,624,241,En Tiempo,6,25,0,00:14:09,849,Excedido,"80-166N        ",80-166N - DUCHA EMB. C/TRANSF. BLACK C.CERAM ADRA PLUS,0,0,08/10/2026 18:49:08
13456835,08/10/2026 15:45:07,08/10/2026 15:49:08,gsoderquvist,6415,00:10:24,00:04:01,624,241,En Tiempo,4,25,0,00:14:09,849,Excedido,"80-153         ",80-153 - DUCHA EMB. C/TRANSF. CR C.CERAM CASTILLA,0,0,08/10/2026 18:49:08
13456835,08/10/2026 15:45:07,08/10/2026 15:49:08,gsoderquvist,6415,00:10:24,00:04:01,624,241,En Tiempo,4,25,0,00:14:09,849,Excedido,"70-153         ",70-153 - BIDE CR C.CERAM CASTILLA,0,0,08/10/2026 18:49:08
13456835,08/10/2026 15:45:07,08/10/2026 15:49:08,gsoderquvist,6415,00:10:24,00:04:01,624,241,En Tiempo,2,25,0,00:14:09,849,Excedido,"60-153         ",60-153 - LAVATORIO CR C.CERAMICO CASTILLA,0,0,08/10/2026 18:49:08
13456835,08/10/2026 15:45:07,08/10/2026 15:49:08,gsoderquvist,6415,00:10:24,00:04:01,624,241,En Tiempo,2,25,0,00:14:09,849,Excedido,"51-057         ",51-057 - COCINA MESADA CR C.STD VERIN PLUS,0,0,08/10/2026 18:49:08
13456835,08/10/2026 15:45:07,08/10/2026 15:49:08,gsoderquvist,6415,00:10:24,00:04:01,624,241,En Tiempo,6,25,0,00:14:09,849,Excedido,"61-203N        ","LAVATORIO MONOCOMANDO ALTO ADRA BLACK                                 ",0,0,08/10/2026 18:49:08
13456835,08/10/2026 15:45:07,08/10/2026 15:49:08,gsoderquvist,6415,00:10:24,00:04:01,624,241,En Tiempo,4,25,0,00:14:09,849,Excedido,"70-045         ",70-045 - BIDE CROMO C.STD CRUZ,0,0,08/10/2026 18:49:08
13456835,08/10/2026 15:45:07,08/10/2026 15:49:08,gsoderquvist,6415,00:10:24,00:04:01,624,241,En Tiempo,2,25,0,00:14:09,849,Excedido,"60-152         ",60-152 - LAVATORIO CR MONOCOMANDO BAJO SORIA,0,0,08/10/2026 18:49:08
13457926,08/10/2026 16:22:03,08/10/2026 16:32:23,gsoderquvist,6415,00:09:07,00:10:20,547,620,Fuera de Tiempo,5,36,0,00:32:55,1975,Excedido,"16040BL        ",16040BL - PORTA ROLLO ACCESORIOS LINEA 16000 BLACK,0,0,08/10/2026 19:32:23
13457926,08/10/2026 16:22:03,08/10/2026 16:32:23,gsoderquvist,6415,00:09:07,00:10:20,547,620,Fuera de Tiempo,5,36,0,00:32:55,1975,Excedido,"16010BL        ",16010BL - TOALLERO BARRAL LINEA 16000 BLACK,0,0,08/10/2026 19:32:23
13457926,08/10/2026 16:22:03,08/10/2026 16:32:23,gsoderquvist,6415,00:09:07,00:10:20,547,620,Fuera de Tiempo,2,36,0,00:32:55,1975,Excedido,"30-132         ",30-132 - COCINA MESADA MONOC. C/DUCHADOR EXTENSIBLE VIGO,0,0,08/10/2026 19:32:23
13457926,08/10/2026 16:22:03,08/10/2026 16:32:23,gsoderquvist,6415,00:09:07,00:10:20,547,620,Fuera de Tiempo,2,36,0,00:32:55,1975,Excedido,"20-172         ",20-172 - COCINA MESADA MONOC. COLORS NEGRO,0,0,08/10/2026 19:32:23
13457926,08/10/2026 16:22:03,08/10/2026 16:32:23,gsoderquvist,6415,00:09:07,00:10:20,547,620,Fuera de Tiempo,2,36,0,00:32:55,1975,Excedido,"70-168         ",70-168 - BIDE MONOC CR WAVE,0,0,08/10/2026 19:32:23
13457926,08/10/2026 16:22:03,08/10/2026 16:32:23,gsoderquvist,6415,00:09:07,00:10:20,547,620,Fuera de Tiempo,2,36,0,00:32:55,1975,Excedido,"60-168         ",60-168 - LAVATORIO MONOC BAJO CR WAVE,0,0,08/10/2026 19:32:23
13457926,08/10/2026 16:22:03,08/10/2026 16:32:23,gsoderquvist,6415,00:09:07,00:10:20,547,620,Fuera de Tiempo,3,36,0,00:32:55,1975,Excedido,"61-205         ",61-205 - LAVATORIO MONOC ALTO STEEL,0,0,08/10/2026 19:32:23
13457926,08/10/2026 16:22:03,08/10/2026 16:32:23,gsoderquvist,6415,00:09:07,00:10:20,547,620,Fuera de Tiempo,5,36,0,00:32:55,1975,Excedido,"17060G         ",17060G - PORTA VASO Y CEPILLO  LINEA FABRIC GOLD,0,0,08/10/2026 19:32:23
13457926,08/10/2026 16:22:03,08/10/2026 16:32:23,gsoderquvist,6415,00:09:07,00:10:20,547,620,Fuera de Tiempo,5,36,0,00:32:55,1975,Excedido,"17050G         ",17050G - JABONERA  LINEA FABRIC GOLD,0,0,08/10/2026 19:32:23
13457926,08/10/2026 16:22:03,08/10/2026 16:32:23,gsoderquvist,6415,00:09:07,00:10:20,547,620,Fuera de Tiempo,2,36,0,00:32:55,1975,Excedido,"30-121         ",30-121 - COCINA MSDA MONOC.P. CUADRADO MARBELLA,0,0,08/10/2026 19:32:23
13457926,08/10/2026 16:22:03,08/10/2026 16:32:23,gsoderquvist,6415,00:09:07,00:10:20,547,620,Fuera de Tiempo,2,36,0,00:32:55,1975,Excedido,"70-200G        ",70-200G - BIDE MONOCOMANDO GOLD FABRIC,0,0,08/10/2026 19:32:23
13457926,08/10/2026 16:22:03,08/10/2026 16:32:23,gsoderquvist,6415,00:09:07,00:10:20,547,620,Fuera de Tiempo,2,36,0,00:32:55,1975,Excedido,"61-200G        ",61-200G - LAVATORIO MONOC ALTO GOLD FABRIC,0,0,08/10/2026 19:32:23
13457926,08/10/2026 16:22:03,08/10/2026 16:32:23,gsoderquvist,6415,00:09:07,00:10:20,547,620,Fuera de Tiempo,2,36,0,00:32:55,1975,Excedido,"70-180         ",70-180 - BIDE MONOCOMANDO C/TRANSF. VERA,0,0,08/10/2026 19:32:23
13457926,08/10/2026 16:22:03,08/10/2026 16:32:23,gsoderquvist,6415,00:09:07,00:10:20,547,620,Fuera de Tiempo,2,36,0,00:32:55,1975,Excedido,"20-150         ",20-150 - MONOCOMANDO MESADA COCINA TOLEDO,0,0,08/10/2026 19:32:23
13457926,08/10/2026 16:22:03,08/10/2026 16:32:23,gsoderquvist,6415,00:09:07,00:10:20,547,620,Fuera de Tiempo,2,36,0,00:32:55,1975,Excedido,"80-192         ",80-192 - DUCHA EMB. C/TRANSF. SORIA BLACK,0,0,08/10/2026 19:32:23
13457926,08/10/2026 16:22:03,08/10/2026 16:32:23,gsoderquvist,6415,00:09:07,00:10:20,547,620,Fuera de Tiempo,2,36,0,00:32:55,1975,Excedido,"61-192         ",61-192 - LAVATORIO ALTO SORIA BLACK,0,0,08/10/2026 19:32:23
13457926,08/10/2026 16:22:03,08/10/2026 16:32:23,gsoderquvist,6415,00:09:07,00:10:20,547,620,Fuera de Tiempo,2,36,0,00:32:55,1975,Excedido,"60-192         ",60-192 - LAVATORIO BAJO SORIA BLACK,0,0,08/10/2026 19:32:23
13457926,08/10/2026 16:22:03,08/10/2026 16:32:23,gsoderquvist,6415,00:09:07,00:10:20,547,620,Fuera de Tiempo,3,36,0,00:32:55,1975,Excedido,"61-152         ",61-152 - LAVATORIO MONOCOMANDO CROMO ALTO SORIA,0,0,08/10/2026 19:32:23
13457926,08/10/2026 16:22:03,08/10/2026 16:32:23,gsoderquvist,6415,00:09:07,00:10:20,547,620,Fuera de Tiempo,2,36,0,00:32:55,1975,Excedido,"20-122         ","MONOCOMANDO COCINA CR C/PICO EXTRAIBLE VALENCIA                       ",0,0,08/10/2026 19:32:23
13457926,08/10/2026 16:22:03,08/10/2026 16:32:23,gsoderquvist,6415,00:09:07,00:10:20,547,620,Fuera de Tiempo,3,36,0,00:32:55,1975,Excedido,"20-205         ",20-205 - MONOCOMANDO DE COCINA STEEL,0,0,08/10/2026 19:32:23
13457926,08/10/2026 16:22:03,08/10/2026 16:32:23,gsoderquvist,6415,00:09:07,00:10:20,547,620,Fuera de Tiempo,2,36,0,00:32:55,1975,Excedido,"70-133         ",70-133 - BIDE MONOCOMANDO LUGO,0,0,08/10/2026 19:32:23
13457926,08/10/2026 16:22:03,08/10/2026 16:32:23,gsoderquvist,6415,00:09:07,00:10:20,547,620,Fuera de Tiempo,2,36,0,00:32:55,1975,Excedido,"80-200G        ",80-200G - DUCHA EMB. MONOC. 3 FUNCIONES GOLD FABRIC,0,0,08/10/2026 19:32:23
13457926,08/10/2026 16:22:03,08/10/2026 16:32:23,gsoderquvist,6415,00:09:07,00:10:20,547,620,Fuera de Tiempo,2,36,0,00:32:55,1975,Excedido,"80-163         ",80-163 - DUCHA EMB. C/TRANSF. CR C.CERAM SENA,0,0,08/10/2026 19:32:23
13457926,08/10/2026 16:22:03,08/10/2026 16:32:23,gsoderquvist,6415,00:09:07,00:10:20,547,620,Fuera de Tiempo,10,36,0,00:32:55,1975,Excedido,"60-203         ",60-203 - LAVATORIO MONOCOMANDO BAJO ADRA,0,0,08/10/2026 19:32:23
13457926,08/10/2026 16:22:03,08/10/2026 16:32:23,gsoderquvist,6415,00:09:07,00:10:20,547,620,Fuera de Tiempo,3,36,0,00:32:55,1975,Excedido,"60-122         ",60-122 - LAVATORIO C.CERAM CR VALENCIA,0,0,08/10/2026 19:32:23
13457926,08/10/2026 16:22:03,08/10/2026 16:32:23,gsoderquvist,6415,00:09:07,00:10:20,547,620,Fuera de Tiempo,3,36,0,00:32:55,1975,Excedido,"80-153         ",80-153 - DUCHA EMB. C/TRANSF. CR C.CERAM CASTILLA,0,0,08/10/2026 19:32:23
13457926,08/10/2026 16:22:03,08/10/2026 16:32:23,gsoderquvist,6415,00:09:07,00:10:20,547,620,Fuera de Tiempo,2,36,0,00:32:55,1975,Excedido,"80-190P        ",80-190P - DUCHA EMB. C/TRANSF. C.CERAM BLACK VELVET PLUS,0,0,08/10/2026 19:32:23
13457926,08/10/2026 16:22:03,08/10/2026 16:32:23,gsoderquvist,6415,00:09:07,00:10:20,547,620,Fuera de Tiempo,2,36,0,00:32:55,1975,Excedido,"62-100G        ",62-100G - LAVATORIO DE PARED GOLD C.CERAM FABRIC,0,0,08/10/2026 19:32:23
13457926,08/10/2026 16:22:03,08/10/2026 16:32:23,gsoderquvist,6415,00:09:07,00:10:20,547,620,Fuera de Tiempo,2,36,0,00:32:55,1975,Excedido,"70-135         ",70-135 - BIDE C.CERAM SANTANDER,0,0,08/10/2026 19:32:23
13457926,08/10/2026 16:22:03,08/10/2026 16:32:23,gsoderquvist,6415,00:09:07,00:10:20,547,620,Fuera de Tiempo,5,36,0,00:32:55,1975,Excedido,"17030G         ",17030G - PERCHA LINEA FABRIC GOLD,0,0,08/10/2026 19:32:23
13457926,08/10/2026 16:22:03,08/10/2026 16:32:23,gsoderquvist,6415,00:09:07,00:10:20,547,620,Fuera de Tiempo,3,36,0,00:32:55,1975,Excedido,"16006          ",16006 - SET 6 PIEZAS ACCESORIOS LINEA 16000,0,0,08/10/2026 19:32:23
13457926,08/10/2026 16:22:03,08/10/2026 16:32:23,gsoderquvist,6415,00:09:07,00:10:20,547,620,Fuera de Tiempo,5,36,0,00:32:55,1975,Excedido,"17040G         ",17040G - PORTA ROLLO LINEA FABRIC GOLD,0,0,08/10/2026 19:32:23
13457926,08/10/2026 16:22:03,08/10/2026 16:32:23,gsoderquvist,6415,00:09:07,00:10:20,547,620,Fuera de Tiempo,5,36,0,00:32:55,1975,Excedido,"17040C         ",17040C - PORTA ROLLO LINEA FABRIC CROMO,0,0,08/10/2026 19:32:23
13457926,08/10/2026 16:22:03,08/10/2026 16:32:23,gsoderquvist,6415,00:09:07,00:10:20,547,620,Fuera de Tiempo,2,36,0,00:32:55,1975,Excedido,"83-133         ",83-133 - DUCHA EXT. C/TRANSF. MONOCOMANDO LUGO,0,0,08/10/2026 19:32:23
13457926,08/10/2026 16:22:03,08/10/2026 16:32:23,gsoderquvist,6415,00:09:07,00:10:20,547,620,Fuera de Tiempo,5,36,0,00:32:55,1975,Excedido,"60-133         ",60-133 - LAVATORIO MONOCOMANDO LUGO,0,0,08/10/2026 19:32:23
13457926,08/10/2026 16:22:03,08/10/2026 16:32:23,gsoderquvist,6415,00:09:07,00:10:20,547,620,Fuera de Tiempo,2,36,0,00:32:55,1975,Excedido,"20-122N        ",20-122N - MONOCOMANDO COCINA C/PICO EXTRAIBLE VALENCIA BLACK,0,0,08/10/2026 19:32:23
