Id;FechaHoraEstado;PreparacionEstado;PreparacionTipo;PedidoCodigos;DespachoCodigo;DespachoDescripcion;ClienteId;Codigo;Cliente;Domicilio;ArticuloId;CodigoArticulo;Articulo;Unidades;UnidadesReservada;UnidadesSatisfecha;ContenedorId;Contenedor;ContenedorDetalleId;Lote;Serie;PesoDeclarado;FechaVencimiento;ContenedorUnidades;ControlContenedorId;ControlContenedorFechaHoraEstado;ControlContenedorUsuarioNombre;ControlContenedorUsuarioApellido;TareaId;TareaFechaHoraEstado;TareaUsuarioId;TareaUsuarioNombre;TareaUsuarioApellido;ControlContenedorUsuarioCompleto;TareaUsuarioCompleto
14109104;01/09/2026 05:55:58;2;2;0008    2872-1;02;CAMIONETA JUE 1;2094299;"SA40    ";"SANICENTRO S.A. SANITARIOS                        ";CALLE 122 (RUTA 11) E/59 Y 60 1286;952452;"51-122         ";51-122 - MESADA BIMANDO CR C.CERAM VALENCIA;2;2;0;23039081;CARRO94;181000004;;;;01/11/2032 00:00:00;2;;;;;24320837;01/09/2026 06:17:06;7673;Maximo;Batista;;Maximo Batista
14109104;01/09/2026 05:55:58;2;2;0008    2872-1;02;CAMIONETA JUE 1;2094299;"SA40    ";"SANICENTRO S.A. SANITARIOS                        ";CALLE 122 (RUTA 11) E/59 Y 60 1286;952582;"60-057         ";60-057 - LAVATORIO C.STD VERIN PLUS;10;10;0;23039081;CARRO94;181000243;;;;01/06/2032 00:00:00;10;;;;;24320837;01/09/2026 06:17:06;7673;Maximo;Batista;;Maximo Batista
14109104;01/09/2026 05:55:58;2;2;0008    2872-1;02;CAMIONETA JUE 1;2094299;"SA40    ";"SANICENTRO S.A. SANITARIOS                        ";CALLE 122 (RUTA 11) E/59 Y 60 1286;952610;"60-122         ";60-122 - LAVATORIO C.CERAM CR VALENCIA;3;3;0;23039081;CARRO94;181000039;;;;12/10/2031 00:00:00;3;;;;;24320837;01/09/2026 06:17:06;7673;Maximo;Batista;;Maximo Batista
14109104;01/09/2026 05:55:58;2;2;0008    2872-1;02;CAMIONETA JUE 1;2094299;"SA40    ";"SANICENTRO S.A. SANITARIOS                        ";CALLE 122 (RUTA 11) E/59 Y 60 1286;952860;"70-057         ";70-057 - BIDE C.STD VERIN PLUS;5;5;0;23039081;CARRO94;181000307;;;;01/11/2032 00:00:00;5;;;;;24320837;01/09/2026 06:17:06;7673;Maximo;Batista;;Maximo Batista
14109104;01/09/2026 05:55:58;2;2;0008    2872-1;02;CAMIONETA JUE 1;2094299;"SA40    ";"SANICENTRO S.A. SANITARIOS                        ";CALLE 122 (RUTA 11) E/59 Y 60 1286;953059;"80-057         ";80-057 - DUCHA EMB. C/TRANSF. C.STD VERIN PLUS;5;5;0;23039081;CARRO94;181000349;;;;01/04/2032 00:00:00;5;;;;;24320837;01/09/2026 06:17:06;7673;Maximo;Batista;;Maximo Batista
14109104;01/09/2026 05:55:58;2;2;0008    2872-1;02;CAMIONETA JUE 1;2094299;"SA40    ";"SANICENTRO S.A. SANITARIOS                        ";CALLE 122 (RUTA 11) E/59 Y 60 1286;953209;"81-057         ";81-057 - DUCHA EMB. S/TRANSF. C.STD VERIN PLUS;5;5;0;23039081;CARRO94;181000147;;;;07/31/2031 00:00:00;5;;;;;24320837;01/09/2026 06:17:06;7673;Maximo;Batista;;Maximo Batista
14109104;01/09/2026 05:55:58;2;2;0008    2872-1;02;CAMIONETA JUE 1;2094299;"SA40    ";"SANICENTRO S.A. SANITARIOS                        ";CALLE 122 (RUTA 11) E/59 Y 60 1286;953243;"814/CR         ";814/CR - MESADA P.FUNDIDO CR/CR ARES;5;5;0;23039081;CARRO94;180999907;;;;01/13/2032 00:00:00;5;;;;;24320837;01/09/2026 06:17:06;7673;Maximo;Batista;;Maximo Batista
14109104;01/09/2026 05:55:58;2;2;0008    2872-1;02;CAMIONETA JUE 1;2094299;"SA40    ";"SANICENTRO S.A. SANITARIOS                        ";CALLE 122 (RUTA 11) E/59 Y 60 1286;953244;"814/CRC        ";814/CRC - MESADA P.FUNDIDO CR/CR C.CERAM. ARES;5;5;0;23039081;CARRO94;180999946;;;;02/16/2032 00:00:00;5;;;;;24320837;01/09/2026 06:17:06;7673;Maximo;Batista;;Maximo Batista
14109155;01/09/2026 07:01:53;2;2;0001  214687-1;14;RETIRA;2091298;"BG15    ";"BULFON GUILLERMO JESUS - SANIT. MATISA -          ";LUIS MARIA CAMPOS 515;951304;"17040N         ";17040N - PORTA ROLLO LINEA FABRIC BLACK;2;2;0;23039891;CARRO42;181004572;;;;07/29/2031 00:00:00;2;;;;;24321814;01/09/2026 07:09:58;7673;Maximo;Batista;;Maximo Batista
14109155;01/09/2026 07:01:53;2;2;0001  214687-1;14;RETIRA;2091298;"BG15    ";"BULFON GUILLERMO JESUS - SANIT. MATISA -          ";LUIS MARIA CAMPOS 515;953214;"81-100G        ";81-100G - DUCHA EMB S/TRANSF GOLD C.CERAM FABRIC;1;1;0;23039891;CARRO42;181004721;;;;01/11/2032 00:00:00;1;;;;;24321814;01/09/2026 07:09:58;7673;Maximo;Batista;;Maximo Batista
14109156;01/09/2026 07:01:53;2;2;0001  214688-1;14;RETIRA;2092978;"IN15    ";"INTERMARBLE S.R.L.                                ";AV. WARNES 360;952674;"60-200N        ";60-200N - LAVATORIO MONOC BAJO BLACK FABRIC;1;1;0;23039945;CARRO19;181004504;;;;07/28/2031 00:00:00;1;;;;;24321819;01/09/2026 07:07:26;7152;Mirko;Hernandez;;Mirko Hernandez
14109157;01/09/2026 07:01:54;2;2;0001  214730-1;14;RETIRA;2092572;"FS09    ";"FANTINI SERGIO DANIEL - DIST.GUALEGUAY            ";B. ROLDAN 2183;951528;"20-140         ";20-140 - MONOCOMANDO DE COCINA LINEA CUINA;5;5;0;23039958;CARRO97;181005251;;;;10/07/2031 00:00:00;5;;;;;24321855;01/09/2026 07:39:11;7636;Kevin;Arce;;Kevin Arce
14109157;01/09/2026 07:01:54;2;2;0001  214730-1;14;RETIRA;2092572;"FS09    ";"FANTINI SERGIO DANIEL - DIST.GUALEGUAY            ";B. ROLDAN 2183;951535;"20-160         ";20-160 - MONOCOMANDO MESADA COCINA DIQUE;8;8;0;23039958;CARRO97;181007130;;;;07/28/2031 00:00:00;8;;;;;24321855;01/09/2026 07:39:11;7636;Kevin;Arce;;Kevin Arce
14109157;01/09/2026 07:01:54;2;2;0001  214730-1;14;RETIRA;2092572;"FS09    ";"FANTINI SERGIO DANIEL - DIST.GUALEGUAY            ";B. ROLDAN 2183;951611;"21-160         ";"MONOCOMANDO DUO COCINA CROMO DIQUE                                    ";6;6;0;23039958;CARRO97;181004877;;;;12/14/2031 00:00:00;6;;;;;24321855;01/09/2026 07:39:11;7636;Kevin;Arce;;Kevin Arce
14109157;01/09/2026 07:01:54;2;2;0001  214730-1;14;RETIRA;2092572;"FS09    ";"FANTINI SERGIO DANIEL - DIST.GUALEGUAY            ";B. ROLDAN 2183;952618;"60-133         ";60-133 - LAVATORIO MONOCOMANDO LUGO;6;6;0;23039958;CARRO97;181007337;;;;07/29/2031 00:00:00;6;;;;;24321855;01/09/2026 07:39:11;7636;Kevin;Arce;;Kevin Arce
14109157;01/09/2026 07:01:54;2;2;0001  214730-1;14;RETIRA;2092572;"FS09    ";"FANTINI SERGIO DANIEL - DIST.GUALEGUAY            ";B. ROLDAN 2183;952637;"60-168         ";60-168 - LAVATORIO MONOC BAJO CR WAVE;2;2;0;23039958;CARRO97;181005750;;;;07/27/2031 00:00:00;2;;;;;24321855;01/09/2026 07:39:11;7636;Kevin;Arce;;Kevin Arce
14109157;01/09/2026 07:01:54;2;2;0001  214730-1;14;RETIRA;2092572;"FS09    ";"FANTINI SERGIO DANIEL - DIST.GUALEGUAY            ";B. ROLDAN 2183;952713;"61-176N        ";61-176N - LAVATORIO MONOC ALTO BLACK RIO;1;1;0;23039958;CARRO97;181006328;;;;07/29/2031 00:00:00;1;;;;;24321855;01/09/2026 07:39:11;7636;Kevin;Arce;;Kevin Arce
14109157;01/09/2026 07:01:54;2;2;0001  214730-1;14;RETIRA;2092572;"FS09    ";"FANTINI SERGIO DANIEL - DIST.GUALEGUAY            ";B. ROLDAN 2183;952726;"61-203         ";61-203 - LAVATORIO MONOCOMANDO ALTO ADRA;2;2;0;23039958;CARRO97;181008499;;;;01/11/2032 00:00:00;2;;;;;24321855;01/09/2026 07:39:11;7636;Kevin;Arce;;Kevin Arce
14109157;01/09/2026 07:01:54;2;2;0001  214730-1;14;RETIRA;2092572;"FS09    ";"FANTINI SERGIO DANIEL - DIST.GUALEGUAY            ";B. ROLDAN 2183;952896;"70-133         ";70-133 - BIDE MONOCOMANDO LUGO;6;6;0;23039958;CARRO97;181006024;;;;07/30/2031 00:00:00;6;;;;;24321855;01/09/2026 07:39:11;7636;Kevin;Arce;;Kevin Arce
14109157;01/09/2026 07:01:54;2;2;0001  214730-1;14;RETIRA;2092572;"FS09    ";"FANTINI SERGIO DANIEL - DIST.GUALEGUAY            ";B. ROLDAN 2183;952915;"70-168         ";70-168 - BIDE MONOC CR WAVE;2;2;0;23039958;CARRO97;181005654;;;;01/18/2032 00:00:00;2;;;;;24321855;01/09/2026 07:39:11;7636;Kevin;Arce;;Kevin Arce
14109157;01/09/2026 07:01:54;2;2;0001  214730-1;14;RETIRA;2092572;"FS09    ";"FANTINI SERGIO DANIEL - DIST.GUALEGUAY            ";B. ROLDAN 2183;952925;"70-176         ";70-176 - BIDE MONOC C/TRANSF CR RIO;1;1;0;23039958;CARRO97;181006189;;;;11/17/2031 00:00:00;1;;;;;24321855;01/09/2026 07:39:11;7636;Kevin;Arce;;Kevin Arce
14109157;01/09/2026 07:01:54;2;2;0001  214730-1;14;RETIRA;2092572;"FS09    ";"FANTINI SERGIO DANIEL - DIST.GUALEGUAY            ";B. ROLDAN 2183;952926;"70-176N        ";70-176N - BIDE MONOC C/TRANSF BLACK RIO;1;1;0;23039958;CARRO97;181006818;;;;11/23/2031 00:00:00;1;;;;;24321855;01/09/2026 07:39:11;7636;Kevin;Arce;;Kevin Arce
14109157;01/09/2026 07:01:54;2;2;0001  214730-1;14;RETIRA;2092572;"FS09    ";"FANTINI SERGIO DANIEL - DIST.GUALEGUAY            ";B. ROLDAN 2183;953312;"83-133         ";83-133 - DUCHA EXT. C/TRANSF. MONOCOMANDO LUGO;12;12;0;23039958;CARRO97;181007247;;;;07/30/2031 00:00:00;12;;;;;24321855;01/09/2026 07:39:11;7636;Kevin;Arce;;Kevin Arce
14109157;01/09/2026 07:01:54;2;2;0001  214730-1;14;RETIRA;2092572;"FS09    ";"FANTINI SERGIO DANIEL - DIST.GUALEGUAY            ";B. ROLDAN 2183;953316;"83-176         ";83-176 - DUCHA EXT. C/TRANSF. MONOC CR RIO;1;1;0;23039958;CARRO97;181006715;;;;07/28/2031 00:00:00;1;;;;;24321855;01/09/2026 07:39:11;7636;Kevin;Arce;;Kevin Arce
14109157;01/09/2026 07:01:54;2;2;0001  214730-1;14;RETIRA;2092572;"FS09    ";"FANTINI SERGIO DANIEL - DIST.GUALEGUAY            ";B. ROLDAN 2183;953317;"83-176N        ";83-176N - DUCHA EXT. C/TRANSF. MONOC BLACK RIO;1;1;0;23039958;CARRO97;181006757;;;;07/29/2031 00:00:00;1;;;;;24321855;01/09/2026 07:39:11;7636;Kevin;Arce;;Kevin Arce
14109157;01/09/2026 07:01:54;2;2;0001  214730-1;14;RETIRA;2092572;"FS09    ";"FANTINI SERGIO DANIEL - DIST.GUALEGUAY            ";B. ROLDAN 2183;953346;"85-168         ";85-168 - DUCHA MONOC C/TRANSF Y DUCHADOR CR WAVE;3;3;0;23039958;CARRO97;181007667;;;;01/13/2032 00:00:00;3;;;;;24321855;01/09/2026 07:39:11;7636;Kevin;Arce;;Kevin Arce
14109157;01/09/2026 07:01:54;2;2;0001  214730-1;14;RETIRA;2092572;"FS09    ";"FANTINI SERGIO DANIEL - DIST.GUALEGUAY            ";B. ROLDAN 2183;953347;"85-168N        ";85-168N - DUCHA MONOC C/TRANSF Y DUCHADOR BLACK WAVE;1;1;0;23039958;CARRO97;181008288;;;;12/21/2031 00:00:00;1;;;;;24321855;01/09/2026 07:39:11;7636;Kevin;Arce;;Kevin Arce
14109157;01/09/2026 07:01:54;2;2;0001  214730-1;14;RETIRA;2092572;"FS09    ";"FANTINI SERGIO DANIEL - DIST.GUALEGUAY            ";B. ROLDAN 2183;954902;"BCH02          ";BCH02 - BACHA DE APOYAR CIRCULAR 1 AG. 415x145;2;2;0;23039958;CARRO97;181008168;;;;07/27/2031 00:00:00;2;;;;;24321855;01/09/2026 07:39:11;7636;Kevin;Arce;;Kevin Arce
14109157;01/09/2026 07:01:54;2;2;0001  214730-1;14;RETIRA;2092572;"FS09    ";"FANTINI SERGIO DANIEL - DIST.GUALEGUAY            ";B. ROLDAN 2183;954914;"BCH12          ";BCH12 - BACHA DE APOYAR BLANCA 460x320x140;2;2;0;23039958;CARRO97;181007945;;;;11/10/2031 00:00:00;2;;;;;24321855;01/09/2026 07:39:11;7636;Kevin;Arce;;Kevin Arce
14109157;01/09/2026 07:01:54;2;2;0001  214730-1;14;RETIRA;2092572;"FS09    ";"FANTINI SERGIO DANIEL - DIST.GUALEGUAY            ";B. ROLDAN 2183;958177;"RS392          ";RS392 - O-RING M2695 W=4 Øint 34;20;20;0;23039958;CARRO97;181009737;;;;08/02/2031 00:00:00;20;;;;;24321855;01/09/2026 07:39:11;7636;Kevin;Arce;;Kevin Arce
14109157;01/09/2026 07:01:54;2;2;0001  214730-1;14;RETIRA;2092572;"FS09    ";"FANTINI SERGIO DANIEL - DIST.GUALEGUAY            ";B. ROLDAN 2183;958249;"RU989          ";RU989 - VASO DE VIDRIO CUADRADO REPUESTO;4;4;0;23039958;CARRO97;181008835;;;;02/10/2032 00:00:00;4;;;;;24321855;01/09/2026 07:39:11;7636;Kevin;Arce;;Kevin Arce
14097785;01/09/2026 06:35:32;3;2;0001  214506-1;02;CAMIONETA DIARIOS 1;2093099;"KN01    ";"KALFAIAN HNOS. S.R.L                              ";ALBARIÑO 2676;950892;"01-010         ";"VALVULA P/MINGITORIO TEMPORIZADA TECNO                                ";12;12;12;23025103;010926063528493;180896098;;;;07/28/2031 00:00:00;12;13745488;01/09/2026 06:35:28;Maximiliano;Nievas;24306219;31/08/2026 15:42:07;6414;Agustin;Scirica;Maximiliano Nievas;Agustin Scirica
14097785;01/09/2026 06:35:32;3;2;0001  214506-1;02;CAMIONETA DIARIOS 1;2093099;"KN01    ";"KALFAIAN HNOS. S.R.L                              ";ALBARIÑO 2676;951116;"12006          ";"SET DE 6 PIEZAS LINEA 12000                                           ";12;12;12;23025103;010926063528493;180900986;;;;07/30/2031 00:00:00;12;13745488;01/09/2026 06:35:28;Maximiliano;Nievas;24306219;31/08/2026 15:42:07;6414;Agustin;Scirica;Maximiliano Nievas;Agustin Scirica
14097785;01/09/2026 06:35:32;3;2;0001  214506-1;02;CAMIONETA DIARIOS 1;2093099;"KN01    ";"KALFAIAN HNOS. S.R.L                              ";ALBARIÑO 2676;951132;"13006          ";"SET DE 6 PIEZAS LINEA 13000                                           ";2;2;2;23025103;010926063528493;180904450;;;;07/28/2031 00:00:00;2;13745488;01/09/2026 06:35:28;Maximiliano;Nievas;24306219;31/08/2026 15:42:07;6414;Agustin;Scirica;Maximiliano Nievas;Agustin Scirica
14097785;01/09/2026 06:35:32;3;2;0001  214506-1;02;CAMIONETA DIARIOS 1;2093099;"KN01    ";"KALFAIAN HNOS. S.R.L                              ";ALBARIÑO 2676;951259;"16006BL        ";16006BL - SET 6 PIEZAS ACCESORIOS LINEA 16000 BLACK;4;4;4;23025103;010926063528493;180896989;;;;07/27/2031 00:00:00;4;13745488;01/09/2026 06:35:28;Maximiliano;Nievas;24306219;31/08/2026 15:42:07;6414;Agustin;Scirica;Maximiliano Nievas;Agustin Scirica
14097785;01/09/2026 06:35:32;3;2;0001  214506-1;02;CAMIONETA DIARIOS 1;2093099;"KN01    ";"KALFAIAN HNOS. S.R.L                              ";ALBARIÑO 2676;951513;"20-122N        ";20-122N - MONOCOMANDO COCINA C/PICO EXTRAIBLE VALENCIA BLACK;4;4;4;23025103;010926063528493;180902956;;;;08/06/2031 00:00:00;4;13745488;01/09/2026 06:35:28;Maximiliano;Nievas;24306219;31/08/2026 15:42:07;6414;Agustin;Scirica;Maximiliano Nievas;Agustin Scirica
14097785;01/09/2026 06:35:32;3;2;0001  214506-1;02;CAMIONETA DIARIOS 1;2093099;"KN01    ";"KALFAIAN HNOS. S.R.L                              ";ALBARIÑO 2676;951523;"20-134         ";20-134 - MONOCOMANDO COCINA BETIS;23;23;23;23025103;010926063528493;180905933;;;;08/11/2031 00:00:00;23;13745488;01/09/2026 06:35:28;Maximiliano;Nievas;24306219;31/08/2026 15:42:07;6414;Agustin;Scirica;Maximiliano Nievas;Agustin Scirica
14097785;01/09/2026 06:35:32;3;2;0001  214506-1;02;CAMIONETA DIARIOS 1;2093099;"KN01    ";"KALFAIAN HNOS. S.R.L                              ";ALBARIÑO 2676;951528;"20-140         ";20-140 - MONOCOMANDO DE COCINA LINEA CUINA;2;2;2;23025103;010926063528493;180895258;;;;10/07/2031 00:00:00;2;13745488;01/09/2026 06:35:28;Maximiliano;Nievas;24306219;31/08/2026 15:42:07;6414;Agustin;Scirica;Maximiliano Nievas;Agustin Scirica
14097785;01/09/2026 06:35:32;3;2;0001  214506-1;02;CAMIONETA DIARIOS 1;2093099;"KN01    ";"KALFAIAN HNOS. S.R.L                              ";ALBARIÑO 2676;951531;"20-146N        ";20-146N - MONOCOMANDO DE COCINA BLACK LINEA MOVE;3;3;3;23025103;010926063528493;180901595;;;;07/30/2031 00:00:00;3;13745488;01/09/2026 06:35:28;Maximiliano;Nievas;24306219;31/08/2026 15:42:07;6414;Agustin;Scirica;Maximiliano Nievas;Agustin Scirica
14097785;01/09/2026 06:35:32;3;2;0001  214506-1;02;CAMIONETA DIARIOS 1;2093099;"KN01    ";"KALFAIAN HNOS. S.R.L                              ";ALBARIÑO 2676;951535;"20-160         ";20-160 - MONOCOMANDO MESADA COCINA DIQUE;16;16;16;23025103;010926063528493;180901291;;;;07/28/2031 00:00:00;16;13745488;01/09/2026 06:35:28;Maximiliano;Nievas;24306219;31/08/2026 15:42:07;6414;Agustin;Scirica;Maximiliano Nievas;Agustin Scirica
14097785;01/09/2026 06:35:32;3;2;0001  214506-1;02;CAMIONETA DIARIOS 1;2093099;"KN01    ";"KALFAIAN HNOS. S.R.L                              ";ALBARIÑO 2676;951545;"20-172         ";20-172 - COCINA MESADA MONOC. COLORS NEGRO;3;3;3;23025103;010926063528493;180893259;;;;07/28/2031 00:00:00;3;13745488;01/09/2026 06:35:28;Maximiliano;Nievas;24306219;31/08/2026 15:42:07;6414;Agustin;Scirica;Maximiliano Nievas;Agustin Scirica
14097785;01/09/2026 06:35:32;3;2;0001  214506-1;02;CAMIONETA DIARIOS 1;2093099;"KN01    ";"KALFAIAN HNOS. S.R.L                              ";ALBARIÑO 2676;951568;"203            ";"203 - LAVATORIO CROMO ""DIQUE""";17;17;17;23025103;010926063528493;180910711;;;;01/11/2032 00:00:00;17;13745488;01/09/2026 06:35:28;Maximiliano;Nievas;24306219;31/08/2026 15:42:07;6414;Agustin;Scirica;Maximiliano Nievas;Agustin Scirica
14097785;01/09/2026 06:35:32;3;2;0001  214506-1;02;CAMIONETA DIARIOS 1;2093099;"KN01    ";"KALFAIAN HNOS. S.R.L                              ";ALBARIÑO 2676;951620;"214/CR         ";214/CR - LAVATORIO CR/CR ARES;6;6;6;23025103;010926063528493;180917359;;;;01/11/2032 00:00:00;6;13745488;01/09/2026 06:35:28;Maximiliano;Nievas;24306219;31/08/2026 15:42:07;6414;Agustin;Scirica;Maximiliano Nievas;Agustin Scirica
14097785;01/09/2026 06:35:32;3;2;0001  214506-1;02;CAMIONETA DIARIOS 1;2093099;"KN01    ";"KALFAIAN HNOS. S.R.L                              ";ALBARIÑO 2676;951628;"215            ";"215 - LAVATORIO CROMO ""MURCIA""";3;3;3;23025103;010926063528493;180911349;;;;07/31/2031 00:00:00;3;13745488;01/09/2026 06:35:28;Maximiliano;Nievas;24306219;31/08/2026 15:42:07;6414;Agustin;Scirica;Maximiliano Nievas;Agustin Scirica
14097785;01/09/2026 06:35:32;3;2;0001  214506-1;02;CAMIONETA DIARIOS 1;2093099;"KN01    ";"KALFAIAN HNOS. S.R.L                              ";ALBARIÑO 2676;952028;"314/CR         ";314/CR - BIDE CROMO ARES;3;3;3;23025103;010926063528493;180917326;;;;01/11/2032 00:00:00;3;13745488;01/09/2026 06:35:28;Maximiliano;Nievas;24306219;31/08/2026 15:42:07;6414;Agustin;Scirica;Maximiliano Nievas;Agustin Scirica
14097785;01/09/2026 06:35:32;3;2;0001  214506-1;02;CAMIONETA DIARIOS 1;2093099;"KN01    ";"KALFAIAN HNOS. S.R.L                              ";ALBARIÑO 2676;952217;"403            ";403 - DUCHA EXT. C/TRANSF.CR DIQUE;1;1;1;23025103;010926063528493;180916061;;;;01/25/2032 00:00:00;1;13745488;01/09/2026 06:35:28;Maximiliano;Nievas;24306219;31/08/2026 15:42:07;6414;Agustin;Scirica;Maximiliano Nievas;Agustin Scirica
14097785;01/09/2026 06:35:32;3;2;0001  214506-1;02;CAMIONETA DIARIOS 1;2093099;"KN01    ";"KALFAIAN HNOS. S.R.L                              ";ALBARIÑO 2676;952248;"414/CR         ";414/CR - DUCHA EXT.C/TRANSF.CR/CR ARES;3;3;3;23025103;010926063528493;180916360;;;;09/15/2031 00:00:00;3;13745488;01/09/2026 06:35:28;Maximiliano;Nievas;24306219;31/08/2026 15:42:07;6414;Agustin;Scirica;Maximiliano Nievas;Agustin Scirica
14097785;01/09/2026 06:35:32;3;2;0001  214506-1;02;CAMIONETA DIARIOS 1;2093099;"KN01    ";"KALFAIAN HNOS. S.R.L                              ";ALBARIÑO 2676;952326;"454/CR         ";454/CR - DUCHA EXT.S/TRANSF.CR/CR ARES;2;2;2;23025103;010926063528493;180915500;;;;07/29/2031 00:00:00;2;13745488;01/09/2026 06:35:28;Maximiliano;Nievas;24306219;31/08/2026 15:42:07;6414;Agustin;Scirica;Maximiliano Nievas;Agustin Scirica
14097785;01/09/2026 06:35:32;3;2;0001  214506-1;02;CAMIONETA DIARIOS 1;2093099;"KN01    ";"KALFAIAN HNOS. S.R.L                              ";ALBARIÑO 2676;952426;"51-010         ";51-010 - COCINA MESADA BL/CR LORCA;1;1;1;23025103;010926063528493;180926851;;;;01/03/2032 00:00:00;1;13745488;01/09/2026 06:35:28;Maximiliano;Nievas;24306219;31/08/2026 15:42:07;6414;Agustin;Scirica;Maximiliano Nievas;Agustin Scirica
14097785;01/09/2026 06:35:32;3;2;0001  214506-1;02;CAMIONETA DIARIOS 1;2093099;"KN01    ";"KALFAIAN HNOS. S.R.L                              ";ALBARIÑO 2676;952438;"51-058         ";51-058 - COCINA MESADA CR C.STD MALBA;10;10;10;23025103;010926063528493;180925537;;;;10/19/2031 00:00:00;10;13745488;01/09/2026 06:35:28;Maximiliano;Nievas;24306219;31/08/2026 15:42:07;6414;Agustin;Scirica;Maximiliano Nievas;Agustin Scirica
14097785;01/09/2026 06:35:32;3;2;0001  214506-1;02;CAMIONETA DIARIOS 1;2093099;"KN01    ";"KALFAIAN HNOS. S.R.L                              ";ALBARIÑO 2676;952439;"51-059         ";51-059 - COCINA MESADA BL/CR C.STD MALBA;10;10;10;23025103;010926063528493;180924274;;;;12/13/2031 00:00:00;10;13745488;01/09/2026 06:35:28;Maximiliano;Nievas;24306219;31/08/2026 15:42:07;6414;Agustin;Scirica;Maximiliano Nievas;Agustin Scirica
14097785;01/09/2026 06:35:32;3;2;0001  214506-1;02;CAMIONETA DIARIOS 1;2093099;"KN01    ";"KALFAIAN HNOS. S.R.L                              ";ALBARIÑO 2676;952456;"51-190         ";51-190 - MESADA BIMANDO C.CERAM BLACK VELVET;3;3;3;23025103;010926063528493;180918372;;;;10/08/2031 00:00:00;3;13745488;01/09/2026 06:35:28;Maximiliano;Nievas;24306219;31/08/2026 15:42:07;6414;Agustin;Scirica;Maximiliano Nievas;Agustin Scirica
14097785;01/09/2026 06:35:32;3;2;0001  214506-1;02;CAMIONETA DIARIOS 1;2093099;"KN01    ";"KALFAIAN HNOS. S.R.L                              ";ALBARIÑO 2676;952577;"60-045         ";60-045 - LAVATORIO CR/CR C.STD CRUZ;2;2;2;23025103;010926063528493;180917891;;;;01/24/2032 00:00:00;2;13745488;01/09/2026 06:35:28;Maximiliano;Nievas;24306219;31/08/2026 15:42:07;6414;Agustin;Scirica;Maximiliano Nievas;Agustin Scirica
14097785;01/09/2026 06:35:32;3;2;0001  214506-1;02;CAMIONETA DIARIOS 1;2093099;"KN01    ";"KALFAIAN HNOS. S.R.L                              ";ALBARIÑO 2676;952582;"60-057         ";60-057 - LAVATORIO C.STD VERIN PLUS;21;21;21;23025103;010926063528493;180907140;;;;01/06/2032 00:00:00;21;13745488;01/09/2026 06:35:28;Maximiliano;Nievas;24306219;31/08/2026 15:42:07;6414;Agustin;Scirica;Maximiliano Nievas;Agustin Scirica
14097785;01/09/2026 06:35:32;3;2;0001  214506-1;02;CAMIONETA DIARIOS 1;2093099;"KN01    ";"KALFAIAN HNOS. S.R.L                              ";ALBARIÑO 2676;952583;"60-058         ";60-058 - LAVATORIO CR C.STD MALBA;11;11;11;23025103;010926063528493;180909770;;;;12/03/2031 00:00:00;11;13745488;01/09/2026 06:35:28;Maximiliano;Nievas;24306219;31/08/2026 15:42:07;6414;Agustin;Scirica;Maximiliano Nievas;Agustin Scirica
14097785;01/09/2026 06:35:32;3;2;0001  214506-1;02;CAMIONETA DIARIOS 1;2093099;"KN01    ";"KALFAIAN HNOS. S.R.L                              ";ALBARIÑO 2676;952591;"601            ";601 - CANILLA COCINA MESADA CROMO DIQUE;5;5;5;23025103;010926063528493;180914719;;;;12/20/2031 00:00:00;5;13745488;01/09/2026 06:35:28;Maximiliano;Nievas;24306219;31/08/2026 15:42:07;6414;Agustin;Scirica;Maximiliano Nievas;Agustin Scirica
14097785;01/09/2026 06:35:32;3;2;0001  214506-1;02;CAMIONETA DIARIOS 1;2093099;"KN01    ";"KALFAIAN HNOS. S.R.L                              ";ALBARIÑO 2676;952610;"60-122         ";60-122 - LAVATORIO C.CERAM CR VALENCIA;7;7;7;23025103;010926063528493;180921537;;;;12/10/2031 00:00:00;7;13745488;01/09/2026 06:35:28;Maximiliano;Nievas;24306219;31/08/2026 15:42:07;6414;Agustin;Scirica;Maximiliano Nievas;Agustin Scirica
14097785;01/09/2026 06:35:32;3;2;0001  214506-1;02;CAMIONETA DIARIOS 1;2093099;"KN01    ";"KALFAIAN HNOS. S.R.L                              ";ALBARIÑO 2676;952627;"60-149         ";60-149 - LAVATORIO CR C.CERAM SAND;8;8;8;23025103;010926063528493;180926701;;;;07/27/2031 00:00:00;8;13745488;01/09/2026 06:35:28;Maximiliano;Nievas;24306219;31/08/2026 15:42:07;6414;Agustin;Scirica;Maximiliano Nievas;Agustin Scirica
14097785;01/09/2026 06:35:32;3;2;0001  214506-1;02;CAMIONETA DIARIOS 1;2093099;"KN01    ";"KALFAIAN HNOS. S.R.L                              ";ALBARIÑO 2676;952630;"60-152         ";60-152 - LAVATORIO CR MONOCOMANDO BAJO SORIA;3;3;3;23025103;010926063528493;180897870;;;;07/27/2031 00:00:00;3;13745488;01/09/2026 06:35:28;Maximiliano;Nievas;24306219;31/08/2026 15:42:07;6414;Agustin;Scirica;Maximiliano Nievas;Agustin Scirica
14097785;01/09/2026 06:35:32;3;2;0001  214506-1;02;CAMIONETA DIARIOS 1;2093099;"KN01    ";"KALFAIAN HNOS. S.R.L                              ";ALBARIÑO 2676;952635;"60-162N        ";60-162N - LAVATORIO BLACK C.CERAM LINEA ADRA;10;10;10;23025103;010926063528493;180922063;;;;11/03/2031 00:00:00;10;13745488;01/09/2026 06:35:28;Maximiliano;Nievas;24306219;31/08/2026 15:42:07;6414;Agustin;Scirica;Maximiliano Nievas;Agustin Scirica
14097785;01/09/2026 06:35:32;3;2;0001  214506-1;02;CAMIONETA DIARIOS 1;2093099;"KN01    ";"KALFAIAN HNOS. S.R.L                              ";ALBARIÑO 2676;952638;"60-168N        ";60-168N - LAVATORIO MONOC BAJO BLACK WAVE;8;8;8;23025103;010926063528493;180892269;;;;07/27/2031 00:00:00;8;13745488;01/09/2026 06:35:28;Maximiliano;Nievas;24306219;31/08/2026 15:42:07;6414;Agustin;Scirica;Maximiliano Nievas;Agustin Scirica
14097785;01/09/2026 06:35:32;3;2;0001  214506-1;02;CAMIONETA DIARIOS 1;2093099;"KN01    ";"KALFAIAN HNOS. S.R.L                              ";ALBARIÑO 2676;952647;"60-176         ";"LAVATORIO MONOCOMANDO BAJO CR RIO                                     ";2;2;2;23025103;010926063528493;180897394;;;;10/11/2031 00:00:00;2;13745488;01/09/2026 06:35:28;Maximiliano;Nievas;24306219;31/08/2026 15:42:07;6414;Agustin;Scirica;Maximiliano Nievas;Agustin Scirica
14097785;01/09/2026 06:35:32;3;2;0001  214506-1;02;CAMIONETA DIARIOS 1;2093099;"KN01    ";"KALFAIAN HNOS. S.R.L                              ";ALBARIÑO 2676;952650;"60-180         ";60-180 - LAVATORIO MONOCOMANDO BAJO VERA;9;9;9;23025103;010926063528493;180899154;;;;07/28/2031 00:00:00;9;13745488;01/09/2026 06:35:28;Maximiliano;Nievas;24306219;31/08/2026 15:42:07;6414;Agustin;Scirica;Maximiliano Nievas;Agustin Scirica
14097785;01/09/2026 06:35:32;3;2;0001  214506-1;02;CAMIONETA DIARIOS 1;2093099;"KN01    ";"KALFAIAN HNOS. S.R.L                              ";ALBARIÑO 2676;952660;"60-192         ";60-192 - LAVATORIO BAJO SORIA BLACK;1;1;1;23025103;010926063528493;180898112;;;;07/27/2031 00:00:00;1;13745488;01/09/2026 06:35:28;Maximiliano;Nievas;24306219;31/08/2026 15:42:07;6414;Agustin;Scirica;Maximiliano Nievas;Agustin Scirica
14097785;01/09/2026 06:35:32;3;2;0001  214506-1;02;CAMIONETA DIARIOS 1;2093099;"KN01    ";"KALFAIAN HNOS. S.R.L                              ";ALBARIÑO 2676;952667;"60-199         ";60-199 - LAVATORIO CR C.CERAM LIVE;1;1;1;23025103;010926063528493;180911135;;;;11/16/2031 00:00:00;1;13745488;01/09/2026 06:35:28;Maximiliano;Nievas;24306219;31/08/2026 15:42:07;6414;Agustin;Scirica;Maximiliano Nievas;Agustin Scirica
14097785;01/09/2026 06:35:32;3;2;0001  214506-1;02;CAMIONETA DIARIOS 1;2093099;"KN01    ";"KALFAIAN HNOS. S.R.L                              ";ALBARIÑO 2676;952707;"61-152         ";61-152 - LAVATORIO MONOCOMANDO CROMO ALTO SORIA;2;2;2;23025103;010926063528493;180897663;;;;07/27/2031 00:00:00;2;13745488;01/09/2026 06:35:28;Maximiliano;Nievas;24306219;31/08/2026 15:42:07;6414;Agustin;Scirica;Maximiliano Nievas;Agustin Scirica
14097785;01/09/2026 06:35:32;3;2;0001  214506-1;02;CAMIONETA DIARIOS 1;2093099;"KN01    ";"KALFAIAN HNOS. S.R.L                              ";ALBARIÑO 2676;952721;"61-193         ";61-193 - LAVATORIO MONOCOMANDO ALTO MORA;2;2;2;23025103;010926063528493;180903384;;;;07/27/2031 00:00:00;2;13745488;01/09/2026 06:35:28;Maximiliano;Nievas;24306219;31/08/2026 15:42:07;6414;Agustin;Scirica;Maximiliano Nievas;Agustin Scirica
14097785;01/09/2026 06:35:32;3;2;0001  214506-1;02;CAMIONETA DIARIOS 1;2093099;"KN01    ";"KALFAIAN HNOS. S.R.L                              ";ALBARIÑO 2676;952759;"62-162N        ";62-162N - LAVATORIO DE PARED BLACK C.CERAM ADRA;12;12;12;23025103;010926063528493;180911787;;;;10/29/2031 00:00:00;12;13745488;01/09/2026 06:35:28;Maximiliano;Nievas;24306219;31/08/2026 15:42:07;6414;Agustin;Scirica;Maximiliano Nievas;Agustin Scirica
14097785;01/09/2026 06:35:32;3;2;0001  214506-1;02;CAMIONETA DIARIOS 1;2093099;"KN01    ";"KALFAIAN HNOS. S.R.L                              ";ALBARIÑO 2676;952794;"63-152         ";63-152 - LAVATORIO PARED EMBUTIR CR MONOC. SORIA;3;3;3;23025103;010926063528493;180892704;;;;07/28/2031 00:00:00;3;13745488;01/09/2026 06:35:28;Maximiliano;Nievas;24306219;31/08/2026 15:42:07;6414;Agustin;Scirica;Maximiliano Nievas;Agustin Scirica
14097785;01/09/2026 06:35:32;3;2;0001  214506-1;02;CAMIONETA DIARIOS 1;2093099;"KN01    ";"KALFAIAN HNOS. S.R.L                              ";ALBARIÑO 2676;952799;"63-180         ";63-180 - LAVATORIO MONOC. DE PARED VERA;1;1;1;23025103;010926063528493;180899983;;;;07/27/2031 00:00:00;1;13745488;01/09/2026 06:35:28;Maximiliano;Nievas;24306219;31/08/2026 15:42:07;6414;Agustin;Scirica;Maximiliano Nievas;Agustin Scirica
14097785;01/09/2026 06:35:32;3;2;0001  214506-1;02;CAMIONETA DIARIOS 1;2093099;"KN01    ";"KALFAIAN HNOS. S.R.L                              ";ALBARIÑO 2676;952860;"70-057         ";70-057 - BIDE C.STD VERIN PLUS;7;7;7;23025103;010926063528493;180907080;;;;01/11/2032 00:00:00;7;13745488;01/09/2026 06:35:28;Maximiliano;Nievas;24306219;31/08/2026 15:42:07;6414;Agustin;Scirica;Maximiliano Nievas;Agustin Scirica
14097785;01/09/2026 06:35:32;3;2;0001  214506-1;02;CAMIONETA DIARIOS 1;2093099;"KN01    ";"KALFAIAN HNOS. S.R.L                              ";ALBARIÑO 2676;952888;"70-122         ";70-122 - BIDE C.CERAM CR VALENCIA;8;8;8;23025103;010926063528493;180921502;;;;10/26/2031 00:00:00;8;13745488;01/09/2026 06:35:28;Maximiliano;Nievas;24306219;31/08/2026 15:42:07;6414;Agustin;Scirica;Maximiliano Nievas;Agustin Scirica
14097785;01/09/2026 06:35:32;3;2;0001  214506-1;02;CAMIONETA DIARIOS 1;2093099;"KN01    ";"KALFAIAN HNOS. S.R.L                              ";ALBARIÑO 2676;952912;"70-162         ";70-162 - BIDE CR C.CERAM LINEA ADRA;12;12;12;23025103;010926063528493;180908448;;;;07/29/2031 00:00:00;12;13745488;01/09/2026 06:35:28;Maximiliano;Nievas;24306219;31/08/2026 15:42:07;6414;Agustin;Scirica;Maximiliano Nievas;Agustin Scirica
14097785;01/09/2026 06:35:32;3;2;0001  214506-1;02;CAMIONETA DIARIOS 1;2093099;"KN01    ";"KALFAIAN HNOS. S.R.L                              ";ALBARIÑO 2676;952928;"70-180         ";70-180 - BIDE MONOCOMANDO C/TRANSF. VERA;4;4;4;23025103;010926063528493;180899849;;;;07/27/2031 00:00:00;4;13745488;01/09/2026 06:35:28;Maximiliano;Nievas;24306219;31/08/2026 15:42:07;6414;Agustin;Scirica;Maximiliano Nievas;Agustin Scirica
14097785;01/09/2026 06:35:32;3;2;0001  214506-1;02;CAMIONETA DIARIOS 1;2093099;"KN01    ";"KALFAIAN HNOS. S.R.L                              ";ALBARIÑO 2676;952936;"70-190         ";70-190 - BIDE C.CERAM BLACK VELVET;1;1;1;23025103;010926063528493;180918477;;;;11/08/2031 00:00:00;1;13745488;01/09/2026 06:35:28;Maximiliano;Nievas;24306219;31/08/2026 15:42:07;6414;Agustin;Scirica;Maximiliano Nievas;Agustin Scirica
14097785;01/09/2026 06:35:32;3;2;0001  214506-1;02;CAMIONETA DIARIOS 1;2093099;"KN01    ";"KALFAIAN HNOS. S.R.L                              ";ALBARIÑO 2676;952939;"70-193         ";70-193 - BIDE MONOCOMANDO MORA;3;3;3;23025103;010926063528493;180894370;;;;07/28/2031 00:00:00;3;13745488;01/09/2026 06:35:28;Maximiliano;Nievas;24306219;31/08/2026 15:42:07;6414;Agustin;Scirica;Maximiliano Nievas;Agustin Scirica
14097785;01/09/2026 06:35:32;3;2;0001  214506-1;02;CAMIONETA DIARIOS 1;2093099;"KN01    ";"KALFAIAN HNOS. S.R.L                              ";ALBARIÑO 2676;953055;"80-045         ";80-045 - DUCHA EMB.C/TRANSF CR  C.STD CRUZ;2;2;2;23025103;010926063528493;180917506;;;;01/04/2032 00:00:00;2;13745488;01/09/2026 06:35:28;Maximiliano;Nievas;24306219;31/08/2026 15:42:07;6414;Agustin;Scirica;Maximiliano Nievas;Agustin Scirica
14097785;01/09/2026 06:35:32;3;2;0001  214506-1;02;CAMIONETA DIARIOS 1;2093099;"KN01    ";"KALFAIAN HNOS. S.R.L                              ";ALBARIÑO 2676;953059;"80-057         ";80-057 - DUCHA EMB. C/TRANSF. C.STD VERIN PLUS;10;10;10;23025103;010926063528493;180926172;;;;01/04/2032 00:00:00;10;13745488;01/09/2026 06:35:28;Maximiliano;Nievas;24306219;31/08/2026 15:42:07;6414;Agustin;Scirica;Maximiliano Nievas;Agustin Scirica
14097785;01/09/2026 06:35:32;3;2;0001  214506-1;02;CAMIONETA DIARIOS 1;2093099;"KN01    ";"KALFAIAN HNOS. S.R.L                              ";ALBARIÑO 2676;953060;"80-058         ";80-058 - DUCHA EMB. C/TRANSF. CR C.STD MALBA;2;2;2;23025103;010926063528493;180909959;;;;01/06/2032 00:00:00;2;13745488;01/09/2026 06:35:28;Maximiliano;Nievas;24306219;31/08/2026 15:42:07;6414;Agustin;Scirica;Maximiliano Nievas;Agustin Scirica
14097785;01/09/2026 06:35:32;3;2;0001  214506-1;02;CAMIONETA DIARIOS 1;2093099;"KN01    ";"KALFAIAN HNOS. S.R.L                              ";ALBARIÑO 2676;953109;"80-166         ";"DUCHA EMB. C/TRANSF. CR C.CERAM ADRA PLUS                             ";5;5;5;23025103;010926063528493;180907922;;;;01/03/2032 00:00:00;5;13745488;01/09/2026 06:35:28;Maximiliano;Nievas;24306219;31/08/2026 15:42:07;6414;Agustin;Scirica;Maximiliano Nievas;Agustin Scirica
14097785;01/09/2026 06:35:32;3;2;0001  214506-1;02;CAMIONETA DIARIOS 1;2093099;"KN01    ";"KALFAIAN HNOS. S.R.L                              ";ALBARIÑO 2676;953110;"80-166N        ";80-166N - DUCHA EMB. C/TRANSF. BLACK C.CERAM ADRA PLUS;13;13;13;23025103;010926063528493;180919100;;;;11/25/2031 00:00:00;13;13745488;01/09/2026 06:35:28;Maximiliano;Nievas;24306219;31/08/2026 15:42:07;6414;Agustin;Scirica;Maximiliano Nievas;Agustin Scirica
14097785;01/09/2026 06:35:32;3;2;0001  214506-1;02;CAMIONETA DIARIOS 1;2093099;"KN01    ";"KALFAIAN HNOS. S.R.L                              ";ALBARIÑO 2676;953113;"80-168N        ";80-168N - DUCHA EMB C/TRANSF MONOC BLACK WAVE;7;7;7;23025103;010926063528493;180915930;;;;10/20/2031 00:00:00;7;13745488;01/09/2026 06:35:28;Maximiliano;Nievas;24306219;31/08/2026 15:42:07;6414;Agustin;Scirica;Maximiliano Nievas;Agustin Scirica
14097785;01/09/2026 06:35:32;3;2;0001  214506-1;02;CAMIONETA DIARIOS 1;2093099;"KN01    ";"KALFAIAN HNOS. S.R.L                              ";ALBARIÑO 2676;953138;"80-192         ";80-192 - DUCHA EMB. C/TRANSF. SORIA BLACK;1;1;1;23025103;010926063528493;180898286;;;;07/28/2031 00:00:00;1;13745488;01/09/2026 06:35:28;Maximiliano;Nievas;24306219;31/08/2026 15:42:07;6414;Agustin;Scirica;Maximiliano Nievas;Agustin Scirica
14097785;01/09/2026 06:35:32;3;2;0001  214506-1;02;CAMIONETA DIARIOS 1;2093099;"KN01    ";"KALFAIAN HNOS. S.R.L                              ";ALBARIÑO 2676;953148;"80-199         ";80-199 - DUCHA EMB. C/TRANSF. CR C.CERAM LIVE;1;1;1;23025103;010926063528493;180911085;;;;11/03/2031 00:00:00;1;13745488;01/09/2026 06:35:28;Maximiliano;Nievas;24306219;31/08/2026 15:42:07;6414;Agustin;Scirica;Maximiliano Nievas;Agustin Scirica
14097785;01/09/2026 06:35:32;3;2;0001  214506-1;02;CAMIONETA DIARIOS 1;2093099;"KN01    ";"KALFAIAN HNOS. S.R.L                              ";ALBARIÑO 2676;953158;"80-203N        ";"DUCHA EMB C/TRANSF. MONOCOMANDO ADRA BLACK PLUS                       ";6;6;6;23025103;010926063528493;180891366;;;;07/28/2031 00:00:00;6;13745488;01/09/2026 06:35:28;Maximiliano;Nievas;24306219;31/08/2026 15:42:07;6414;Agustin;Scirica;Maximiliano Nievas;Agustin Scirica
14097785;01/09/2026 06:35:32;3;2;0001  214506-1;02;CAMIONETA DIARIOS 1;2093099;"KN01    ";"KALFAIAN HNOS. S.R.L                              ";ALBARIÑO 2676;953197;"81-010         ";81-010 - DUCHA EMB. S/TRANSF. BL/CR LORCA;1;1;1;23025103;010926063528493;180926294;;;;11/24/2031 00:00:00;1;13745488;01/09/2026 06:35:28;Maximiliano;Nievas;24306219;31/08/2026 15:42:07;6414;Agustin;Scirica;Maximiliano Nievas;Agustin Scirica
14097785;01/09/2026 06:35:32;3;2;0001  214506-1;02;CAMIONETA DIARIOS 1;2093099;"KN01    ";"KALFAIAN HNOS. S.R.L                              ";ALBARIÑO 2676;953243;"814/CR         ";814/CR - MESADA P.FUNDIDO CR/CR ARES;10;10;10;23025103;010926063528493;180916980;;;;01/13/2032 00:00:00;10;13745488;01/09/2026 06:35:28;Maximiliano;Nievas;24306219;31/08/2026 15:42:07;6414;Agustin;Scirica;Maximiliano Nievas;Agustin Scirica
14097785;01/09/2026 06:35:32;3;2;0001  214506-1;02;CAMIONETA DIARIOS 1;2093099;"KN01    ";"KALFAIAN HNOS. S.R.L                              ";ALBARIÑO 2676;953312;"83-133         ";83-133 - DUCHA EXT. C/TRANSF. MONOCOMANDO LUGO;11;11;11;23025103;010926063528493;180902425;;;;07/30/2031 00:00:00;11;13745488;01/09/2026 06:35:28;Maximiliano;Nievas;24306219;31/08/2026 15:42:07;6414;Agustin;Scirica;Maximiliano Nievas;Agustin Scirica
14097785;01/09/2026 06:35:32;3;2;0001  214506-1;02;CAMIONETA DIARIOS 1;2093099;"KN01    ";"KALFAIAN HNOS. S.R.L                              ";ALBARIÑO 2676;953432;"910/M          ";"910/M - JGO.MDA.P.CANO CROMO ""DIQUE""";22;22;22;23025103;010926063528493;180910912;;;;12/21/2031 00:00:00;22;13745488;01/09/2026 06:35:28;Maximiliano;Nievas;24306219;31/08/2026 15:42:07;6414;Agustin;Scirica;Maximiliano Nievas;Agustin Scirica
14097785;01/09/2026 06:35:32;3;2;0001  214506-1;02;CAMIONETA DIARIOS 1;2093099;"KN01    ";"KALFAIAN HNOS. S.R.L                              ";ALBARIÑO 2676;953435;"914            ";914 - JGO.MDA.P.CAÑO BL/CR ARES;10;10;10;23025103;010926063528493;180916560;;;;07/31/2031 00:00:00;10;13745488;01/09/2026 06:35:28;Maximiliano;Nievas;24306219;31/08/2026 15:42:07;6414;Agustin;Scirica;Maximiliano Nievas;Agustin Scirica
14097785;01/09/2026 06:35:32;3;2;0001  214506-1;02;CAMIONETA DIARIOS 1;2093099;"KN01    ";"KALFAIAN HNOS. S.R.L                              ";ALBARIÑO 2676;953477;"934/CR         ";934/CR - J.PARED C/EXT CRUZ CR/CR ARES;1;1;1;23025103;010926063528493;180916252;;;;01/03/2032 00:00:00;1;13745488;01/09/2026 06:35:28;Maximiliano;Nievas;24306219;31/08/2026 15:42:07;6414;Agustin;Scirica;Maximiliano Nievas;Agustin Scirica
14097785;01/09/2026 06:35:32;3;2;0001  214506-1;02;CAMIONETA DIARIOS 1;2093099;"KN01    ";"KALFAIAN HNOS. S.R.L                              ";ALBARIÑO 2676;954678;"A842           ";A842 - DUCHADOR ANTICALCAREO 5 FUNCIONES C/SOPORTE Y FLEX;1;1;1;23025103;010926063528493;180890851;;;;07/28/2031 00:00:00;1;13745488;01/09/2026 06:35:28;Maximiliano;Nievas;24306219;31/08/2026 15:42:07;6414;Agustin;Scirica;Maximiliano Nievas;Agustin Scirica
14101811;01/09/2026 07:33:16;3;2;0001  214722-1;05;CAMION EXP 1;2090999;"AC02    ";"ACCESANIGA S.A.                                   ";PARAGUAY 1332;951748;"3006           ";3006 - SET DE 6 PIEZAS LINEA 3000;60;60;60;23039245;010926073315932;181001079;;;;07/29/2031 00:00:00;60;13751246;01/09/2026 07:33:15;Gustavo;Soderquvist;24321024;01/09/2026 07:06:08;7636;Kevin;Arce;Gustavo Soderquvist;Kevin Arce
14101811;01/09/2026 07:33:16;3;2;0001  214722-1;05;CAMION EXP 1;2090999;"AC02    ";"ACCESANIGA S.A.                                   ";PARAGUAY 1332;951794;"3010           ";3010 - TOALLERO BARRAL LINEA 3000;20;20;20;23039245;010926073315932;181001870;;;;07/29/2031 00:00:00;20;13751246;01/09/2026 07:33:15;Gustavo;Soderquvist;24321024;01/09/2026 07:06:08;7636;Kevin;Arce;Gustavo Soderquvist;Kevin Arce
14101811;01/09/2026 07:33:16;3;2;0001  214722-1;05;CAMION EXP 1;2090999;"AC02    ";"ACCESANIGA S.A.                                   ";PARAGUAY 1332;951961;"3030           ";3030 - PERCHA LINEA 3000;100;100;100;23039245;010926073315932;181001802;;;;07/28/2031 00:00:00;100;13751246;01/09/2026 07:33:15;Gustavo;Soderquvist;24321024;01/09/2026 07:06:08;7636;Kevin;Arce;Gustavo Soderquvist;Kevin Arce
14101811;01/09/2026 07:33:16;3;2;0001  214722-1;05;CAMION EXP 1;2090999;"AC02    ";"ACCESANIGA S.A.                                   ";PARAGUAY 1332;951975;"3040           ";3040 - PORTA ROLLO LINEA 3000;100;100;100;23039245;010926073315932;181001704;;;;07/27/2031 00:00:00;100;13751246;01/09/2026 07:33:15;Gustavo;Soderquvist;24321024;01/09/2026 07:06:08;7636;Kevin;Arce;Gustavo Soderquvist;Kevin Arce
14101811;01/09/2026 07:33:16;3;2;0001  214722-1;05;CAMION EXP 1;2090999;"AC02    ";"ACCESANIGA S.A.                                   ";PARAGUAY 1332;951983;"3050           ";3050 - JABONERA LINEA 3000;30;30;30;23039245;010926073315932;181001590;;;;07/27/2031 00:00:00;30;13751246;01/09/2026 07:33:15;Gustavo;Soderquvist;24321024;01/09/2026 07:06:08;7636;Kevin;Arce;Gustavo Soderquvist;Kevin Arce
14101811;01/09/2026 07:33:16;3;2;0001  214722-1;05;CAMION EXP 1;2090999;"AC02    ";"ACCESANIGA S.A.                                   ";PARAGUAY 1332;951993;"3070           ";3070 - JABONERA PARA BAÑERA LINEA 3000;80;80;80;23039245;010926073315932;181001489;;;;07/31/2031 00:00:00;80;13751246;01/09/2026 07:33:15;Gustavo;Soderquvist;24321024;01/09/2026 07:06:08;7636;Kevin;Arce;Gustavo Soderquvist;Kevin Arce
14101813;01/09/2026 08:05:45;3;2;0001  214655-1;05;CAMION EXP 1;2090999;"AC02    ";"ACCESANIGA S.A.                                   ";PARAGUAY 1332;951146;"1320           ";"QUEINOX MACHO MOVIL MH 1/2"" x 20                                      ";250;250;250;23039385;010926080545485;181001738;;;;11/19/2031 00:00:00;250;13751725;01/09/2026 08:05:45;Gustavo;Soderquvist;24321206;01/09/2026 07:11:40;6867;Javier;Lescano;Gustavo Soderquvist;Javier Lescano
14101813;01/09/2026 08:05:45;3;2;0001  214655-1;05;CAMION EXP 1;2090999;"AC02    ";"ACCESANIGA S.A.                                   ";PARAGUAY 1332;951153;"1325           ";"QUEINOX MACHO MOVIL MH 1/2"" x 25                                      ";150;150;150;23039385;010926080545485;181002683;;;;07/27/2031 00:00:00;150;13751725;01/09/2026 08:05:45;Gustavo;Soderquvist;24321206;01/09/2026 07:11:40;6867;Javier;Lescano;Gustavo Soderquvist;Javier Lescano
14101813;01/09/2026 08:05:45;3;2;0001  214655-1;05;CAMION EXP 1;2090999;"AC02    ";"ACCESANIGA S.A.                                   ";PARAGUAY 1332;951156;"1330           ";"QUEINOX MACHO MOVIL MH 1/2"" x 30                                      ";250;250;250;23039385;010926080545485;181003343;;;;01/20/2032 00:00:00;250;13751725;01/09/2026 08:05:45;Gustavo;Soderquvist;24321206;01/09/2026 07:11:40;6867;Javier;Lescano;Gustavo Soderquvist;Javier Lescano
14101813;01/09/2026 08:05:45;3;2;0001  214655-1;05;CAMION EXP 1;2090999;"AC02    ";"ACCESANIGA S.A.                                   ";PARAGUAY 1332;951168;"1340           ";"QUEINOX MACHO MOVIL MH 1/2"" x 40                                      ";150;150;150;23039385;010926080545485;181002307;;;;02/09/2032 00:00:00;150;13751725;01/09/2026 08:05:45;Gustavo;Soderquvist;24321206;01/09/2026 07:11:40;6867;Javier;Lescano;Gustavo Soderquvist;Javier Lescano
14101814;01/09/2026 07:51:27;3;2;0001  214725-1;05;CAMION EXP 1;2090999;"AC02    ";"ACCESANIGA S.A.                                   ";PARAGUAY 1332;951537;"20-162N        ";"MONOCOMANDO COCINA BLACK ADRA                                         ";10;10;10;23039195;010926075127350;181000875;;;;07/28/2031 00:00:00;10;13751704;01/09/2026 07:51:27;Agustin;Scirica;24320964;01/09/2026 07:00:19;7673;Maximo;Batista;Agustin Scirica;Maximo Batista
14101814;01/09/2026 07:51:27;3;2;0001  214725-1;05;CAMION EXP 1;2090999;"AC02    ";"ACCESANIGA S.A.                                   ";PARAGUAY 1332;952677;"60-203         ";60-203 - LAVATORIO MONOCOMANDO BAJO ADRA;25;25;25;23039195;010926075127350;181001383;;;;01/27/2032 00:00:00;25;13751704;01/09/2026 07:51:27;Agustin;Scirica;24320964;01/09/2026 07:00:19;7673;Maximo;Batista;Agustin Scirica;Maximo Batista
14101814;01/09/2026 07:51:27;3;2;0001  214725-1;05;CAMION EXP 1;2090999;"AC02    ";"ACCESANIGA S.A.                                   ";PARAGUAY 1332;952726;"61-203         ";61-203 - LAVATORIO MONOCOMANDO ALTO ADRA;100;100;100;23039195;010926075127350;181001216;;;;01/10/2032 00:00:00;100;13751704;01/09/2026 07:51:27;Agustin;Scirica;24320964;01/09/2026 07:00:19;7673;Maximo;Batista;Agustin Scirica;Maximo Batista
14101814;01/09/2026 07:51:27;3;2;0001  214725-1;05;CAMION EXP 1;2090999;"AC02    ";"ACCESANIGA S.A.                                   ";PARAGUAY 1332;952727;"61-203N        ";"LAVATORIO MONOCOMANDO ALTO ADRA BLACK                                 ";5;5;5;23039195;010926075127350;181003297;;;;01/06/2032 00:00:00;5;13751704;01/09/2026 07:51:27;Agustin;Scirica;24320964;01/09/2026 07:00:19;7673;Maximo;Batista;Agustin Scirica;Maximo Batista
14101814;01/09/2026 07:51:27;3;2;0001  214725-1;05;CAMION EXP 1;2090999;"AC02    ";"ACCESANIGA S.A.                                   ";PARAGUAY 1332;953158;"80-203N        ";"DUCHA EMB C/TRANSF. MONOCOMANDO ADRA BLACK PLUS                       ";3;3;3;23039195;010926075127350;181000620;;;;07/28/2031 00:00:00;3;13751704;01/09/2026 07:51:27;Agustin;Scirica;24320964;01/09/2026 07:00:19;7673;Maximo;Batista;Agustin Scirica;Maximo Batista
14101814;01/09/2026 07:51:27;3;2;0001  214725-1;05;CAMION EXP 1;2090999;"AC02    ";"ACCESANIGA S.A.                                   ";PARAGUAY 1332;953159;"80-203P        ";80-203P - DUCHA EMB C/TRANSF. MONOCOMANDO ADRA PLUS;10;10;10;23039195;010926075127350;181001033;;;;07/27/2031 00:00:00;10;13751704;01/09/2026 07:51:27;Agustin;Scirica;24320964;01/09/2026 07:00:19;7673;Maximo;Batista;Agustin Scirica;Maximo Batista
14109137;01/09/2026 07:14:04;2;2;0001  214597-1;05;CAMIONETA VIE 1;2091589;"CE01    ";"CENCOSUD S.A.                                     ";BRANDSEN 3790;953322;"83-205         ";83-205 - DUCHA EXT C/TRANSF MONOC STEEL PICO CURVO;1;1;0;23040402;CARRO44;181007692;;;;07/27/2031 00:00:00;1;;;;;24322284;01/09/2026 07:26:26;6867;Javier;Lescano;;Javier Lescano
14109138;01/09/2026 07:14:04;2;2;0001  214598-1;05;CAMIONETA VIE 1;2091589;"CE01    ";"CENCOSUD S.A.                                     ";BRANDSEN 3790;951508;"20-121         ";20-121 - COCINA MSDA MONOC.P. REDONDO MARBELLA;5;5;0;23040403;CARRO67;181007412;;;;07/30/2031 00:00:00;5;;;;;24322284;01/09/2026 07:26:26;6867;Javier;Lescano;;Javier Lescano
14109133;01/09/2026 07:14:04;2;2;0001  214540-1;05;CAMIONETA VIE 1;2091589;"CE01    ";"CENCOSUD S.A.                                     ";BRANDSEN 3790;951531;"20-146N        ";20-146N - MONOCOMANDO DE COCINA BLACK LINEA MOVE;1;1;0;23040180;CARRO81;181005958;;;;07/30/2031 00:00:00;1;;;;;24322079;01/09/2026 07:22:39;6867;Javier;Lescano;;Javier Lescano
14109133;01/09/2026 07:14:04;2;2;0001  214540-1;05;CAMIONETA VIE 1;2091589;"CE01    ";"CENCOSUD S.A.                                     ";BRANDSEN 3790;952912;"70-162         ";70-162 - BIDE CR C.CERAM LINEA ADRA;6;6;0;23040180;CARRO81;181005846;;;;07/29/2031 00:00:00;6;;;;;24322079;01/09/2026 07:22:39;6867;Javier;Lescano;;Javier Lescano
14109160;01/09/2026 07:01:54;2;2;0001  214744-1;14;RETIRA;2091829;"CO09    ";"COINGAS S.A.                                      ";CAMINO DE CINTURA 671;951532;"20-147         ";20-147 - MONOCOMANDO DE COCINA SWIFT;30;30;0;23040094;CARRO34;181005886;;;;07/29/2031 00:00:00;30;;;;;24321953;01/09/2026 07:20:13;7673;Maximo;Batista;;Maximo Batista
14109160;01/09/2026 07:01:54;2;2;0001  214744-1;14;RETIRA;2091829;"CO09    ";"COINGAS S.A.                                      ";CAMINO DE CINTURA 671;951535;"20-160         ";20-160 - MONOCOMANDO MESADA COCINA DIQUE;24;24;0;23040094;CARRO34;181006214;;;;07/28/2031 00:00:00;24;;;;;24321953;01/09/2026 07:20:13;7673;Maximo;Batista;;Maximo Batista
14109160;01/09/2026 07:01:54;2;2;0001  214744-1;14;RETIRA;2091829;"CO09    ";"COINGAS S.A.                                      ";CAMINO DE CINTURA 671;951553;"20-184         ";"MONOCOMANDO DE COCINA CR SUV                                          ";30;30;0;23040094;CARRO34;181005357;;;;10/04/2031 00:00:00;30;;;;;24321953;01/09/2026 07:20:13;7673;Maximo;Batista;;Maximo Batista
14109160;01/09/2026 07:01:54;2;2;0001  214744-1;14;RETIRA;2091829;"CO09    ";"COINGAS S.A.                                      ";CAMINO DE CINTURA 671;953334;"84-203         ";"DUCHA EXT C/COLUMNA Y TRANSF CR ADRA                                  ";1;1;0;23040094;CARRO34;181005567;;;;12/02/2031 00:00:00;1;;;;;24321953;01/09/2026 07:20:13;7673;Maximo;Batista;;Maximo Batista
14109159;01/09/2026 07:01:54;2;2;0001  214740-1;14;RETIRA;2091857;"CO42    ";"COLADONATO FEDERICO N.-SANITARIOS CARUPA          ";AV. JUAN B. JUSTO 2476;952647;"60-176         ";"LAVATORIO MONOCOMANDO BAJO CR RIO                                     ";1;1;0;23039892;CARRO8;181004440;;;;10/11/2031 00:00:00;1;;;;;24321814;01/09/2026 07:09:58;7673;Maximo;Batista;;Maximo Batista
14109159;01/09/2026 07:01:54;2;2;0001  214740-1;14;RETIRA;2091857;"CO42    ";"COLADONATO FEDERICO N.-SANITARIOS CARUPA          ";AV. JUAN B. JUSTO 2476;953236;"81-180         ";81-180 - DUCHA EMB. S/TRANSF. MONOCOMANDO VERA;1;1;0;23039892;CARRO8;181004851;;;;01/04/2032 00:00:00;1;;;;;24321814;01/09/2026 07:09:58;7673;Maximo;Batista;;Maximo Batista
14109159;01/09/2026 07:01:54;2;2;0001  214740-1;14;RETIRA;2091857;"CO42    ";"COLADONATO FEDERICO N.-SANITARIOS CARUPA          ";AV. JUAN B. JUSTO 2476;953316;"83-176         ";83-176 - DUCHA EXT. C/TRANSF. MONOC CR RIO;1;1;0;23039892;CARRO8;181004345;;;;07/28/2031 00:00:00;1;;;;;24321814;01/09/2026 07:09:58;7673;Maximo;Batista;;Maximo Batista
14101768;01/09/2026 06:55:42;3;2;0001  214731-1;05;CAMIONETA EXP 6;2092022;"DA32    ";"D AVIS DANIEL DAVID -CASA DAVID                   ";LIBERTADOR 2044;951116;"12006          ";"SET DE 6 PIEZAS LINEA 12000                                           ";4;4;4;23030247;010926065541729;180933703;;;;07/30/2031 00:00:00;4;13751119;01/09/2026 06:55:41;Gustavo;Soderquvist;24311563;31/08/2026 15:56:37;7152;Mirko;Hernandez;Gustavo Soderquvist;Mirko Hernandez
14101768;01/09/2026 06:55:42;3;2;0001  214731-1;05;CAMIONETA EXP 6;2092022;"DA32    ";"D AVIS DANIEL DAVID -CASA DAVID                   ";LIBERTADOR 2044;951488;"20-102         ";"20-102 - MONOCOMANDO MESADA CROMO ""RENACER""";6;6;6;23030247;010926065541729;180935339;;;;08/20/2031 00:00:00;6;13751119;01/09/2026 06:55:41;Gustavo;Soderquvist;24311563;31/08/2026 15:56:37;7152;Mirko;Hernandez;Gustavo Soderquvist;Mirko Hernandez
14101768;01/09/2026 06:55:42;3;2;0001  214731-1;05;CAMIONETA EXP 6;2092022;"DA32    ";"D AVIS DANIEL DAVID -CASA DAVID                   ";LIBERTADOR 2044;951535;"20-160         ";20-160 - MONOCOMANDO MESADA COCINA DIQUE;6;6;6;23030247;010926065541729;180933058;;;;07/28/2031 00:00:00;6;13751119;01/09/2026 06:55:41;Gustavo;Soderquvist;24311563;31/08/2026 15:56:37;7152;Mirko;Hernandez;Gustavo Soderquvist;Mirko Hernandez
14101768;01/09/2026 06:55:42;3;2;0001  214731-1;05;CAMIONETA EXP 6;2092022;"DA32    ";"D AVIS DANIEL DAVID -CASA DAVID                   ";LIBERTADOR 2044;951536;"20-162         ";20-162 - MONOCOMANDO COCINA ADRA;2;2;2;23030247;010926065541729;180934030;;;;07/28/2031 00:00:00;2;13751119;01/09/2026 06:55:41;Gustavo;Soderquvist;24311563;31/08/2026 15:56:37;7152;Mirko;Hernandez;Gustavo Soderquvist;Mirko Hernandez
14101768;01/09/2026 06:55:42;3;2;0001  214731-1;05;CAMIONETA EXP 6;2092022;"DA32    ";"D AVIS DANIEL DAVID -CASA DAVID                   ";LIBERTADOR 2044;951545;"20-172         ";20-172 - COCINA MESADA MONOC. COLORS NEGRO;3;3;3;23030247;010926065541729;180931113;;;;07/28/2031 00:00:00;3;13751119;01/09/2026 06:55:41;Gustavo;Soderquvist;24311563;31/08/2026 15:56:37;7152;Mirko;Hernandez;Gustavo Soderquvist;Mirko Hernandez
14101768;01/09/2026 06:55:42;3;2;0001  214731-1;05;CAMIONETA EXP 6;2092022;"DA32    ";"D AVIS DANIEL DAVID -CASA DAVID                   ";LIBERTADOR 2044;952499;"54-203         ";"COCINA PARED EXT C.CERAM ADRA MONOCOMANDO                             ";2;2;2;23030247;010926065541729;180935070;;;;11/23/2031 00:00:00;2;13751119;01/09/2026 06:55:41;Gustavo;Soderquvist;24311563;31/08/2026 15:56:37;7152;Mirko;Hernandez;Gustavo Soderquvist;Mirko Hernandez
14101768;01/09/2026 06:55:42;3;2;0001  214731-1;05;CAMIONETA EXP 6;2092022;"DA32    ";"D AVIS DANIEL DAVID -CASA DAVID                   ";LIBERTADOR 2044;952618;"60-133         ";60-133 - LAVATORIO MONOCOMANDO LUGO;6;6;6;23030247;010926065541729;180933209;;;;07/29/2031 00:00:00;6;13751119;01/09/2026 06:55:41;Gustavo;Soderquvist;24311563;31/08/2026 15:56:37;7152;Mirko;Hernandez;Gustavo Soderquvist;Mirko Hernandez
14101768;01/09/2026 06:55:42;3;2;0001  214731-1;05;CAMIONETA EXP 6;2092022;"DA32    ";"D AVIS DANIEL DAVID -CASA DAVID                   ";LIBERTADOR 2044;952896;"70-133         ";70-133 - BIDE MONOCOMANDO LUGO;2;2;2;23030247;010926065541729;180932206;;;;07/30/2031 00:00:00;2;13751119;01/09/2026 06:55:41;Gustavo;Soderquvist;24311563;31/08/2026 15:56:37;7152;Mirko;Hernandez;Gustavo Soderquvist;Mirko Hernandez
14109105;01/09/2026 06:50:16;3;2;0001  214811-1;02;CAMIONETA JUE 1;2092441;"FE15    ";"FEDAN S.A.                                        ";LAPRIDA  esq GARCIA 151;952740;"62-100G        ";62-100G - LAVATORIO DE PARED GOLD C.CERAM FABRIC;5;5;5;23039177;010926065016168;181000613;;;;12/20/2031 00:00:00;5;13751084;01/09/2026 06:50:16;Gustavo;Soderquvist;24320940;01/09/2026 06:21:30;7636;Kevin;Arce;Gustavo Soderquvist;Kevin Arce
14109105;01/09/2026 06:50:16;3;2;0001  214811-1;02;CAMIONETA JUE 1;2092441;"FE15    ";"FEDAN S.A.                                        ";LAPRIDA  esq GARCIA 151;952950;"70-200G        ";70-200G - BIDE MONOCOMANDO GOLD FABRIC;4;4;4;23039177;010926065016168;181000504;;;;07/27/2031 00:00:00;4;13751084;01/09/2026 06:50:16;Gustavo;Soderquvist;24320940;01/09/2026 06:21:30;7636;Kevin;Arce;Gustavo Soderquvist;Kevin Arce
14109105;01/09/2026 06:50:16;3;2;0001  214811-1;02;CAMIONETA JUE 1;2092441;"FE15    ";"FEDAN S.A.                                        ";LAPRIDA  esq GARCIA 151;953153;"80-200G        ";80-200G - DUCHA EMB. MONOC. 3 FUNCIONES GOLD FABRIC;4;4;4;23039177;010926065016168;181000680;;;;12/03/2031 00:00:00;4;13751084;01/09/2026 06:50:16;Gustavo;Soderquvist;24320940;01/09/2026 06:21:30;7636;Kevin;Arce;Gustavo Soderquvist;Kevin Arce
14109132;01/09/2026 07:14:04;2;2;0001  214456-1;05;CAMIONETA VIE 1;2092450;"FE24    ";"FEDAMIL S.A.                                      ";GDOR VERGARA 1910;951146;"1320           ";"QUEINOX MACHO MOVIL MH 1/2"" x 20                                      ";10;10;0;23040179;CARRO36;181006351;;;;11/19/2031 00:00:00;10;;;;;24322079;01/09/2026 07:22:39;6867;Javier;Lescano;;Javier Lescano
14109132;01/09/2026 07:14:04;2;2;0001  214456-1;05;CAMIONETA VIE 1;2092450;"FE24    ";"FEDAMIL S.A.                                      ";GDOR VERGARA 1910;951156;"1330           ";"QUEINOX MACHO MOVIL MH 1/2"" x 30                                      ";10;10;0;23040179;CARRO36;181006561;;;;02/16/2032 00:00:00;10;;;;;24322079;01/09/2026 07:22:39;6867;Javier;Lescano;;Javier Lescano
14109132;01/09/2026 07:14:04;2;2;0001  214456-1;05;CAMIONETA VIE 1;2092450;"FE24    ";"FEDAMIL S.A.                                      ";GDOR VERGARA 1910;951168;"1340           ";"QUEINOX MACHO MOVIL MH 1/2"" x 40                                      ";10;10;0;23040179;CARRO36;181006815;;;;02/09/2032 00:00:00;10;;;;;24322079;01/09/2026 07:22:39;6867;Javier;Lescano;;Javier Lescano
14109132;01/09/2026 07:14:04;2;2;0001  214456-1;05;CAMIONETA VIE 1;2092450;"FE24    ";"FEDAMIL S.A.                                      ";GDOR VERGARA 1910;951177;"1350           ";"QUEINOX MACHO MOVIL MH 1/2"" x 50                                      ";10;10;0;23040179;CARRO36;181006680;;;;07/27/2031 00:00:00;10;;;;;24322079;01/09/2026 07:22:39;6867;Javier;Lescano;;Javier Lescano
14109132;01/09/2026 07:14:04;2;2;0001  214456-1;05;CAMIONETA VIE 1;2092450;"FE24    ";"FEDAMIL S.A.                                      ";GDOR VERGARA 1910;951341;"1930           ";"1930 - QUEINOX MH 3/4"" x 30";5;5;0;23040179;CARRO36;181006930;;;;07/31/2031 00:00:00;5;;;;;24322079;01/09/2026 07:22:39;6867;Javier;Lescano;;Javier Lescano
14109132;01/09/2026 07:14:04;2;2;0001  214456-1;05;CAMIONETA VIE 1;2092450;"FE24    ";"FEDAMIL S.A.                                      ";GDOR VERGARA 1910;951348;"1940           ";"1940 - QUEINOX MH 3/4"" x 40";5;5;0;23040179;CARRO36;181007031;;;;07/27/2031 00:00:00;5;;;;;24322079;01/09/2026 07:22:39;6867;Javier;Lescano;;Javier Lescano
14109132;01/09/2026 07:14:04;2;2;0001  214456-1;05;CAMIONETA VIE 1;2092450;"FE24    ";"FEDAMIL S.A.                                      ";GDOR VERGARA 1910;952634;"60-162         ";60-162 - LAVATORIO CR C.CERAM LINEA ADRA;1;1;0;23040179;CARRO36;181005731;;;;07/29/2031 00:00:00;1;;;;;24322079;01/09/2026 07:22:39;6867;Javier;Lescano;;Javier Lescano
14097785;01/09/2026 06:35:32;3;2;0001  214506-1;02;CAMIONETA DIARIOS 1;2093099;"KN01    ";"KALFAIAN HNOS. S.R.L                              ";ALBARIÑO 2676;954904;"BCH04/1        ";BCH04/1 - BACHA DE APOYAR CUADRADA 1 AG 420x420x125;4;4;4;23025103;010926063528493;180924955;;;;10/04/2031 00:00:00;4;13745488;01/09/2026 06:35:28;Maximiliano;Nievas;24306219;31/08/2026 15:42:07;6414;Agustin;Scirica;Maximiliano Nievas;Agustin Scirica
14097785;01/09/2026 06:35:32;3;2;0001  214506-1;02;CAMIONETA DIARIOS 1;2093099;"KN01    ";"KALFAIAN HNOS. S.R.L                              ";ALBARIÑO 2676;955159;"D439           ";D439 - KIT DE DUCHA MANUAL;4;4;4;23025103;010926063528493;180906584;;;;12/16/2031 00:00:00;4;13745488;01/09/2026 06:35:28;Maximiliano;Nievas;24306219;31/08/2026 15:42:07;6414;Agustin;Scirica;Maximiliano Nievas;Agustin Scirica
14097785;01/09/2026 06:35:32;3;2;0001  214506-1;02;CAMIONETA DIARIOS 1;2093099;"KN01    ";"KALFAIAN HNOS. S.R.L                              ";ALBARIÑO 2676;957409;"RA023N         ";RA023N - SOPAPA LAVATORIO / BIDE FABRIC BLACK;20;20;20;23025103;010926063528493;180929422;;;;11/16/2031 00:00:00;20;13745488;01/09/2026 06:35:28;Maximiliano;Nievas;24306219;31/08/2026 15:42:07;6414;Agustin;Scirica;Maximiliano Nievas;Agustin Scirica
14097785;01/09/2026 06:35:32;3;2;0001  214506-1;02;CAMIONETA DIARIOS 1;2093099;"KN01    ";"KALFAIAN HNOS. S.R.L                              ";ALBARIÑO 2676;957875;"RA771C         ";RA771C - CAMPANA C/BUJE LINEAS STD CROMO;14;14;14;23025103;010926063528493;180928183;;;;11/16/2031 00:00:00;14;13745488;01/09/2026 06:35:28;Maximiliano;Nievas;24306219;31/08/2026 15:42:07;6414;Agustin;Scirica;Maximiliano Nievas;Agustin Scirica
14097785;01/09/2026 06:35:32;3;2;0001  214506-1;02;CAMIONETA DIARIOS 1;2093099;"KN01    ";"KALFAIAN HNOS. S.R.L                              ";ALBARIÑO 2676;957876;"RA773C         ";RA773C - CAMPANA C/BUJE ARES/BEDIA/MURCIA;5;5;5;23025103;010926063528493;180928316;;;;11/16/2031 00:00:00;5;13745488;01/09/2026 06:35:28;Maximiliano;Nievas;24306219;31/08/2026 15:42:07;6414;Agustin;Scirica;Maximiliano Nievas;Agustin Scirica
14097785;01/09/2026 06:35:32;3;2;0001  214506-1;02;CAMIONETA DIARIOS 1;2093099;"KN01    ";"KALFAIAN HNOS. S.R.L                              ";ALBARIÑO 2676;957920;"RA920          ";RA920 - VOLANTE VALENCIA;3;3;3;23025103;010926063528493;180928603;;;;01/05/2032 00:00:00;3;13745488;01/09/2026 06:35:28;Maximiliano;Nievas;24306219;31/08/2026 15:42:07;6414;Agustin;Scirica;Maximiliano Nievas;Agustin Scirica
14097785;01/09/2026 06:35:32;3;2;0001  214506-1;02;CAMIONETA DIARIOS 1;2093099;"KN01    ";"KALFAIAN HNOS. S.R.L                              ";ALBARIÑO 2676;957937;"RA967          ";RA967 - CAMPANA VALENCIA - MALLORCA;4;4;4;23025103;010926063528493;180928499;;;;11/30/2031 00:00:00;4;13745488;01/09/2026 06:35:28;Maximiliano;Nievas;24306219;31/08/2026 15:42:07;6414;Agustin;Scirica;Maximiliano Nievas;Agustin Scirica
14097791;01/09/2026 06:44:45;3;2;0001  214654-1;02;CAMIONETA DIARIOS 1;2093099;"KN01    ";"KALFAIAN HNOS. S.R.L                              ";ALBARIÑO 2676;951524;"20-135         ";20-135 - MONOCOMANDO COCINA SANTANDER;2;2;2;23025108;010926064445626;180927411;;;;07/28/2031 00:00:00;2;13750988;01/09/2026 06:44:45;Gustavo;Soderquvist;24306224;31/08/2026 15:55:06;7636;Kevin;Arce;Gustavo Soderquvist;Kevin Arce
14097791;01/09/2026 06:44:45;3;2;0001  214654-1;02;CAMIONETA DIARIOS 1;2093099;"KN01    ";"KALFAIAN HNOS. S.R.L                              ";ALBARIÑO 2676;951535;"20-160         ";20-160 - MONOCOMANDO MESADA COCINA DIQUE;8;8;8;23025108;010926064445626;180926185;;;;07/28/2031 00:00:00;8;13750988;01/09/2026 06:44:45;Gustavo;Soderquvist;24306224;31/08/2026 15:55:06;7636;Kevin;Arce;Gustavo Soderquvist;Kevin Arce
14097791;01/09/2026 06:44:45;3;2;0001  214654-1;02;CAMIONETA DIARIOS 1;2093099;"KN01    ";"KALFAIAN HNOS. S.R.L                              ";ALBARIÑO 2676;951620;"214/CR         ";214/CR - LAVATORIO CR/CR ARES;9;9;9;23025108;010926064445626;180931424;;;;01/11/2032 00:00:00;9;13750988;01/09/2026 06:44:45;Gustavo;Soderquvist;24306224;31/08/2026 15:55:06;7636;Kevin;Arce;Gustavo Soderquvist;Kevin Arce
14097791;01/09/2026 06:44:45;3;2;0001  214654-1;02;CAMIONETA DIARIOS 1;2093099;"KN01    ";"KALFAIAN HNOS. S.R.L                              ";ALBARIÑO 2676;951628;"215            ";"215 - LAVATORIO CROMO ""MURCIA""";2;2;2;23025108;010926064445626;180914856;;;;07/31/2031 00:00:00;2;13750988;01/09/2026 06:44:45;Gustavo;Soderquvist;24306224;31/08/2026 15:55:06;7636;Kevin;Arce;Gustavo Soderquvist;Kevin Arce
14097791;01/09/2026 06:44:45;3;2;0001  214654-1;02;CAMIONETA DIARIOS 1;2093099;"KN01    ";"KALFAIAN HNOS. S.R.L                              ";ALBARIÑO 2676;952028;"314/CR         ";314/CR - BIDE CROMO ARES;2;2;2;23025108;010926064445626;180930823;;;;01/11/2032 00:00:00;2;13750988;01/09/2026 06:44:45;Gustavo;Soderquvist;24306224;31/08/2026 15:55:06;7636;Kevin;Arce;Gustavo Soderquvist;Kevin Arce
14097791;01/09/2026 06:44:45;3;2;0001  214654-1;02;CAMIONETA DIARIOS 1;2093099;"KN01    ";"KALFAIAN HNOS. S.R.L                              ";ALBARIÑO 2676;952247;"414            ";414 - DUCHA EXT.C/TRANSF. BL/CR ARES;2;2;2;23025108;010926064445626;180934255;;;;07/29/2031 00:00:00;2;13750988;01/09/2026 06:44:45;Gustavo;Soderquvist;24306224;31/08/2026 15:55:06;7636;Kevin;Arce;Gustavo Soderquvist;Kevin Arce
14097791;01/09/2026 06:44:45;3;2;0001  214654-1;02;CAMIONETA DIARIOS 1;2093099;"KN01    ";"KALFAIAN HNOS. S.R.L                              ";ALBARIÑO 2676;952267;"423            ";"423 - DUCHA EMB. C/TRANSF.CR ""DIQUE""";6;6;6;23025108;010926064445626;180919265;;;;02/03/2032 00:00:00;6;13750988;01/09/2026 06:44:45;Gustavo;Soderquvist;24306224;31/08/2026 15:55:06;7636;Kevin;Arce;Gustavo Soderquvist;Kevin Arce
14097791;01/09/2026 06:44:45;3;2;0001  214654-1;02;CAMIONETA DIARIOS 1;2093099;"KN01    ";"KALFAIAN HNOS. S.R.L                              ";ALBARIÑO 2676;952362;"474/CR         ";474/CR - DUCHA EMB.S/TRANF.CRUZ CR/CR ARES;4;4;4;23025108;010926064445626;180931914;;;;07/31/2031 00:00:00;4;13750988;01/09/2026 06:44:45;Gustavo;Soderquvist;24306224;31/08/2026 15:55:06;7636;Kevin;Arce;Gustavo Soderquvist;Kevin Arce
14097791;01/09/2026 06:44:45;3;2;0001  214654-1;02;CAMIONETA DIARIOS 1;2093099;"KN01    ";"KALFAIAN HNOS. S.R.L                              ";ALBARIÑO 2676;952426;"51-010         ";51-010 - COCINA MESADA BL/CR LORCA;12;12;12;23025108;010926064445626;180913418;;;;01/03/2032 00:00:00;12;13750988;01/09/2026 06:44:45;Gustavo;Soderquvist;24306224;31/08/2026 15:55:06;7636;Kevin;Arce;Gustavo Soderquvist;Kevin Arce
14097791;01/09/2026 06:44:45;3;2;0001  214654-1;02;CAMIONETA DIARIOS 1;2093099;"KN01    ";"KALFAIAN HNOS. S.R.L                              ";ALBARIÑO 2676;952438;"51-058         ";51-058 - COCINA MESADA CR C.STD MALBA;28;28;28;23025108;010926064445626;180908017;;;;10/19/2031 00:00:00;28;13750988;01/09/2026 06:44:45;Gustavo;Soderquvist;24306224;31/08/2026 15:55:06;7636;Kevin;Arce;Gustavo Soderquvist;Kevin Arce
14097791;01/09/2026 06:44:45;3;2;0001  214654-1;02;CAMIONETA DIARIOS 1;2093099;"KN01    ";"KALFAIAN HNOS. S.R.L                              ";ALBARIÑO 2676;952477;"53-010         ";53-010 - COCINA PARED EXT. P.ALTO BL/CR LORCA;2;2;2;23025108;010926064445626;180910320;;;;11/29/2031 00:00:00;2;13750988;01/09/2026 06:44:45;Gustavo;Soderquvist;24306224;31/08/2026 15:55:06;7636;Kevin;Arce;Gustavo Soderquvist;Kevin Arce
14097791;01/09/2026 06:44:45;3;2;0001  214654-1;02;CAMIONETA DIARIOS 1;2093099;"KN01    ";"KALFAIAN HNOS. S.R.L                              ";ALBARIÑO 2676;952551;"60-010         ";60-010 - LAVATORIO BL/CR LORCA;21;21;21;23025108;010926064445626;180902680;;;;12/02/2031 00:00:00;21;13750988;01/09/2026 06:44:45;Gustavo;Soderquvist;24306224;31/08/2026 15:55:06;7636;Kevin;Arce;Gustavo Soderquvist;Kevin Arce
14097791;01/09/2026 06:44:45;3;2;0001  214654-1;02;CAMIONETA DIARIOS 1;2093099;"KN01    ";"KALFAIAN HNOS. S.R.L                              ";ALBARIÑO 2676;952583;"60-058         ";60-058 - LAVATORIO CR C.STD MALBA;34;34;34;23025108;010926064445626;180923112;;;;12/03/2031 00:00:00;34;13750988;01/09/2026 06:44:45;Gustavo;Soderquvist;24306224;31/08/2026 15:55:06;7636;Kevin;Arce;Gustavo Soderquvist;Kevin Arce
14097791;01/09/2026 06:44:45;3;2;0001  214654-1;02;CAMIONETA DIARIOS 1;2093099;"KN01    ";"KALFAIAN HNOS. S.R.L                              ";ALBARIÑO 2676;952630;"60-152         ";60-152 - LAVATORIO CR MONOCOMANDO BAJO SORIA;3;3;3;23025108;010926064445626;180925449;;;;07/27/2031 00:00:00;3;13750988;01/09/2026 06:44:45;Gustavo;Soderquvist;24306224;31/08/2026 15:55:06;7636;Kevin;Arce;Gustavo Soderquvist;Kevin Arce
14097791;01/09/2026 06:44:45;3;2;0001  214654-1;02;CAMIONETA DIARIOS 1;2093099;"KN01    ";"KALFAIAN HNOS. S.R.L                              ";ALBARIÑO 2676;952647;"60-176         ";"LAVATORIO MONOCOMANDO BAJO CR RIO                                     ";2;2;2;23025108;010926064445626;180924383;;;;10/11/2031 00:00:00;2;13750988;01/09/2026 06:44:45;Gustavo;Soderquvist;24306224;31/08/2026 15:55:06;7636;Kevin;Arce;Gustavo Soderquvist;Kevin Arce
14097791;01/09/2026 06:44:45;3;2;0001  214654-1;02;CAMIONETA DIARIOS 1;2093099;"KN01    ";"KALFAIAN HNOS. S.R.L                              ";ALBARIÑO 2676;952677;"60-203         ";60-203 - LAVATORIO MONOCOMANDO BAJO ADRA;3;3;3;23025108;010926064445626;180927929;;;;01/27/2032 00:00:00;3;13750988;01/09/2026 06:44:45;Gustavo;Soderquvist;24306224;31/08/2026 15:55:06;7636;Kevin;Arce;Gustavo Soderquvist;Kevin Arce
14097791;01/09/2026 06:44:45;3;2;0001  214654-1;02;CAMIONETA DIARIOS 1;2093099;"KN01    ";"KALFAIAN HNOS. S.R.L                              ";ALBARIÑO 2676;952707;"61-152         ";61-152 - LAVATORIO MONOCOMANDO CROMO ALTO SORIA;2;2;2;23025108;010926064445626;180924877;;;;07/27/2031 00:00:00;2;13750988;01/09/2026 06:44:45;Gustavo;Soderquvist;24306224;31/08/2026 15:55:06;7636;Kevin;Arce;Gustavo Soderquvist;Kevin Arce
14097791;01/09/2026 06:44:45;3;2;0001  214654-1;02;CAMIONETA DIARIOS 1;2093099;"KN01    ";"KALFAIAN HNOS. S.R.L                              ";ALBARIÑO 2676;952794;"63-152         ";63-152 - LAVATORIO PARED EMBUTIR CR MONOC. SORIA;3;3;3;23025108;010926064445626;180933376;;;;07/28/2031 00:00:00;3;13750988;01/09/2026 06:44:45;Gustavo;Soderquvist;24306224;31/08/2026 15:55:06;7636;Kevin;Arce;Gustavo Soderquvist;Kevin Arce
14097791;01/09/2026 06:44:45;3;2;0001  214654-1;02;CAMIONETA DIARIOS 1;2093099;"KN01    ";"KALFAIAN HNOS. S.R.L                              ";ALBARIÑO 2676;952860;"70-057         ";70-057 - BIDE C.STD VERIN PLUS;3;3;3;23025108;010926064445626;180909077;;;;01/11/2032 00:00:00;3;13750988;01/09/2026 06:44:45;Gustavo;Soderquvist;24306224;31/08/2026 15:55:06;7636;Kevin;Arce;Gustavo Soderquvist;Kevin Arce
14097791;01/09/2026 06:44:45;3;2;0001  214654-1;02;CAMIONETA DIARIOS 1;2093099;"KN01    ";"KALFAIAN HNOS. S.R.L                              ";ALBARIÑO 2676;952912;"70-162         ";70-162 - BIDE CR C.CERAM LINEA ADRA;38;38;38;23025108;010926064445626;180896020;;;;07/29/2031 00:00:00;38;13750988;01/09/2026 06:44:45;Gustavo;Soderquvist;24306224;31/08/2026 15:55:06;7636;Kevin;Arce;Gustavo Soderquvist;Kevin Arce
14097791;01/09/2026 06:44:45;3;2;0001  214654-1;02;CAMIONETA DIARIOS 1;2093099;"KN01    ";"KALFAIAN HNOS. S.R.L                              ";ALBARIÑO 2676;953055;"80-045         ";80-045 - DUCHA EMB.C/TRANSF CR  C.STD CRUZ;2;2;2;23025108;010926064445626;180929816;;;;01/04/2032 00:00:00;2;13750988;01/09/2026 06:44:45;Gustavo;Soderquvist;24306224;31/08/2026 15:55:06;7636;Kevin;Arce;Gustavo Soderquvist;Kevin Arce
14097791;01/09/2026 06:44:45;3;2;0001  214654-1;02;CAMIONETA DIARIOS 1;2093099;"KN01    ";"KALFAIAN HNOS. S.R.L                              ";ALBARIÑO 2676;953059;"80-057         ";80-057 - DUCHA EMB. C/TRANSF. C.STD VERIN PLUS;2;2;2;23025108;010926064445626;180909361;;;;01/04/2032 00:00:00;2;13750988;01/09/2026 06:44:45;Gustavo;Soderquvist;24306224;31/08/2026 15:55:06;7636;Kevin;Arce;Gustavo Soderquvist;Kevin Arce
14097791;01/09/2026 06:44:45;3;2;0001  214654-1;02;CAMIONETA DIARIOS 1;2093099;"KN01    ";"KALFAIAN HNOS. S.R.L                              ";ALBARIÑO 2676;953109;"80-166         ";"DUCHA EMB. C/TRANSF. CR C.CERAM ADRA PLUS                             ";21;21;21;23025108;010926064445626;180899436;;;;01/03/2032 00:00:00;21;13750988;01/09/2026 06:44:45;Gustavo;Soderquvist;24306224;31/08/2026 15:55:06;7636;Kevin;Arce;Gustavo Soderquvist;Kevin Arce
14097791;01/09/2026 06:44:45;3;2;0001  214654-1;02;CAMIONETA DIARIOS 1;2093099;"KN01    ";"KALFAIAN HNOS. S.R.L                              ";ALBARIÑO 2676;953432;"910/M          ";"910/M - JGO.MDA.P.CANO CROMO ""DIQUE""";15;15;15;23025108;010926064445626;180918288;;;;12/21/2031 00:00:00;15;13750988;01/09/2026 06:44:45;Gustavo;Soderquvist;24306224;31/08/2026 15:55:06;7636;Kevin;Arce;Gustavo Soderquvist;Kevin Arce
14097791;01/09/2026 06:44:45;3;2;0001  214654-1;02;CAMIONETA DIARIOS 1;2093099;"KN01    ";"KALFAIAN HNOS. S.R.L                              ";ALBARIÑO 2676;955159;"D439           ";D439 - KIT DE DUCHA MANUAL;3;3;3;23025108;010926064445626;180932155;;;;12/16/2031 00:00:00;3;13750988;01/09/2026 06:44:45;Gustavo;Soderquvist;24306224;31/08/2026 15:55:06;7636;Kevin;Arce;Gustavo Soderquvist;Kevin Arce
14101767;01/09/2026 07:01:45;3;2;0001  214727-1;05;CAMIONETA EXP 6;2094621;"SR24    ";"SAKER REYNOSO E -SANITARIOS EL TIO                ";DOCTOR ORTEGA S:OESTE 57;951535;"20-160         ";20-160 - MONOCOMANDO MESADA COCINA DIQUE;8;8;8;23032331;010926070139598;180949148;;;;07/28/2031 00:00:00;8;13751165;01/09/2026 07:01:39;Gustavo;Soderquvist;24313639;31/08/2026 16:33:17;7152;Mirko;Hernandez;Gustavo Soderquvist;Mirko Hernandez
14101767;01/09/2026 07:01:45;3;2;0001  214727-1;05;CAMIONETA EXP 6;2094621;"SR24    ";"SAKER REYNOSO E -SANITARIOS EL TIO                ";DOCTOR ORTEGA S:OESTE 57;952438;"51-058         ";51-058 - COCINA MESADA CR C.STD MALBA;10;10;10;23032331;010926070139598;180947639;;;;10/19/2031 00:00:00;10;13751165;01/09/2026 07:01:39;Gustavo;Soderquvist;24313639;31/08/2026 16:33:17;7152;Mirko;Hernandez;Gustavo Soderquvist;Mirko Hernandez
14101767;01/09/2026 07:01:45;3;2;0001  214727-1;05;CAMIONETA EXP 6;2094621;"SR24    ";"SAKER REYNOSO E -SANITARIOS EL TIO                ";DOCTOR ORTEGA S:OESTE 57;957393;"RA004          ";RA004 - CABEZAL P/TRANSF. BIDET Y DUCHA EMBUTIR;10;10;10;23032331;010926070139598;180948078;;;;07/31/2031 00:00:00;10;13751165;01/09/2026 07:01:39;Gustavo;Soderquvist;24313639;31/08/2026 16:33:17;7152;Mirko;Hernandez;Gustavo Soderquvist;Mirko Hernandez
14101772;01/09/2026 06:49:05;3;2;0008    2874-1;05;CAMIONETA EXP 6;2092925;"HU03    ";"HURA S.A.S.                                       ";ALVEAR 671;956490;"LG03C60        ";LG03C60 - LAVATORIO CR C.STD BERNA;18;18;18;23031224;010926064903931;180939488;;;;11/19/2031 00:00:00;18;13750978;01/09/2026 06:49:03;Maximiliano;Nievas;24312548;31/08/2026 16:10:27;7152;Mirko;Hernandez;Maximiliano Nievas;Mirko Hernandez
14101772;01/09/2026 06:49:05;3;2;0008    2874-1;05;CAMIONETA EXP 6;2092925;"HU03    ";"HURA S.A.S.                                       ";ALVEAR 671;956491;"LG03C70        ";LG03C70 - BIDE CR C.STD BERNA;27;27;27;23031224;010926064903931;180938462;;;;12/10/2031 00:00:00;27;13750978;01/09/2026 06:49:03;Maximiliano;Nievas;24312548;31/08/2026 16:10:27;7152;Mirko;Hernandez;Maximiliano Nievas;Mirko Hernandez
14101772;01/09/2026 06:49:05;3;2;0008    2874-1;05;CAMIONETA EXP 6;2092925;"HU03    ";"HURA S.A.S.                                       ";ALVEAR 671;956492;"LG03C80        ";LG03C80 - DUCHA EMB. C/TRANSF. CR C.STD BERNA;6;6;6;23031224;010926064903931;180937430;;;;10/15/2031 00:00:00;6;13750978;01/09/2026 06:49:03;Maximiliano;Nievas;24312548;31/08/2026 16:10:27;7152;Mirko;Hernandez;Maximiliano Nievas;Mirko Hernandez
14101772;01/09/2026 06:49:05;3;2;0008    2874-1;05;CAMIONETA EXP 6;2092925;"HU03    ";"HURA S.A.S.                                       ";ALVEAR 671;956497;"LG04C70        ";LG04C70 - BIDE CR C.CERAM DAVOS;12;12;12;23031224;010926064903931;180940818;;;;07/29/2031 00:00:00;12;13750978;01/09/2026 06:49:03;Maximiliano;Nievas;24312548;31/08/2026 16:10:27;7152;Mirko;Hernandez;Maximiliano Nievas;Mirko Hernandez
14101777;01/09/2026 07:10:00;3;2;0001  214335-2;05;CAMIONETA EXP 6;2095012;"VS08    ";"VIAL SERVICIOS S.A.                               ";EUGENIO TELLO 1064;957094;"PDU101         ";"PISO DUCHA RESINA POLIESTER BLANCA 900x700x25                         ";1;1;1;23031830;010926070959677;180943569;;;;02/09/2032 00:00:00;1;13751208;01/09/2026 07:09:59;Gustavo;Soderquvist;24313083;31/08/2026 16:19:03;7152;Mirko;Hernandez;Gustavo Soderquvist;Mirko Hernandez
14101777;01/09/2026 07:10:00;3;2;0001  214335-2;05;CAMIONETA EXP 6;2095012;"VS08    ";"VIAL SERVICIOS S.A.                               ";EUGENIO TELLO 1064;957102;"PDU120         ";"DESAGUE P/PISO DE DUCHA                                               ";3;3;3;23031830;010926070959677;180943715;;;;12/07/2031 00:00:00;3;13751208;01/09/2026 07:09:59;Gustavo;Soderquvist;24313083;31/08/2026 16:19:03;7152;Mirko;Hernandez;Gustavo Soderquvist;Mirko Hernandez
14101778;01/09/2026 07:47:52;3;2;0008    2875-1;05;CAMIONETA EXP 6;2092925;"HU03    ";"HURA S.A.S.                                       ";ALVEAR 671;951156;"1330           ";"QUEINOX MACHO MOVIL MH 1/2"" x 30                                      ";24;24;24;23027300;010926074751003;180925613;;;;01/20/2032 00:00:00;24;13751715;01/09/2026 07:47:51;Tiago;Rodriguez;24308587;31/08/2026 15:38:57;7152;Mirko;Hernandez;Tiago Rodriguez;Mirko Hernandez
14101778;01/09/2026 07:47:52;3;2;0008    2875-1;05;CAMIONETA EXP 6;2092925;"HU03    ";"HURA S.A.S.                                       ";ALVEAR 671;951168;"1340           ";"QUEINOX MACHO MOVIL MH 1/2"" x 40                                      ";24;24;24;23027300;010926074751003;180927358;;;;02/09/2032 00:00:00;24;13751715;01/09/2026 07:47:51;Tiago;Rodriguez;24308587;31/08/2026 15:38:57;7152;Mirko;Hernandez;Tiago Rodriguez;Mirko Hernandez
14101778;01/09/2026 07:47:52;3;2;0008    2875-1;05;CAMIONETA EXP 6;2092925;"HU03    ";"HURA S.A.S.                                       ";ALVEAR 671;951177;"1350           ";"QUEINOX MACHO MOVIL MH 1/2"" x 50                                      ";9;9;9;23027300;010926074751003;180926159;;;;07/27/2031 00:00:00;9;13751715;01/09/2026 07:47:51;Tiago;Rodriguez;24308587;31/08/2026 15:38:57;7152;Mirko;Hernandez;Tiago Rodriguez;Mirko Hernandez
14101778;01/09/2026 07:47:52;3;2;0008    2875-1;05;CAMIONETA EXP 6;2092925;"HU03    ";"HURA S.A.S.                                       ";ALVEAR 671;952387;"50-002         ";50-002 - MESADA PICO FUNDIDO RENACER CROMO;3;3;3;23027300;010926074751003;180919202;;;;07/31/2031 00:00:00;3;13751715;01/09/2026 07:47:51;Tiago;Rodriguez;24308587;31/08/2026 15:38:57;7152;Mirko;Hernandez;Tiago Rodriguez;Mirko Hernandez
14101778;01/09/2026 07:47:52;3;2;0008    2875-1;05;CAMIONETA EXP 6;2092925;"HU03    ";"HURA S.A.S.                                       ";ALVEAR 671;952426;"51-010         ";51-010 - COCINA MESADA BL/CR LORCA;9;9;9;23027300;010926074751003;180908513;;;;01/03/2032 00:00:00;9;13751715;01/09/2026 07:47:51;Tiago;Rodriguez;24308587;31/08/2026 15:38:57;7152;Mirko;Hernandez;Tiago Rodriguez;Mirko Hernandez
14101778;01/09/2026 07:47:52;3;2;0008    2875-1;05;CAMIONETA EXP 6;2092925;"HU03    ";"HURA S.A.S.                                       ";ALVEAR 671;952453;"51-131         ";51-131 - MESADA BIMANDO CR C.CERAM MALLORCA;3;3;3;23027300;010926074751003;180924107;;;;01/11/2032 00:00:00;3;13751715;01/09/2026 07:47:51;Tiago;Rodriguez;24308587;31/08/2026 15:38:57;7152;Mirko;Hernandez;Tiago Rodriguez;Mirko Hernandez
14101778;01/09/2026 07:47:52;3;2;0008    2875-1;05;CAMIONETA EXP 6;2092925;"HU03    ";"HURA S.A.S.                                       ";ALVEAR 671;952471;"53-002         ";53-002 - COCINA PARED EXT. P.ALTO RENACER;3;3;3;23027300;010926074751003;180918635;;;;07/29/2031 00:00:00;3;13751715;01/09/2026 07:47:51;Tiago;Rodriguez;24308587;31/08/2026 15:38:57;7152;Mirko;Hernandez;Tiago Rodriguez;Mirko Hernandez
14101778;01/09/2026 07:47:52;3;2;0008    2875-1;05;CAMIONETA EXP 6;2092925;"HU03    ";"HURA S.A.S.                                       ";ALVEAR 671;952541;"60-001N        ";"60-001N - LAVATORIO ""CROMO Y""";3;3;3;23027300;010926074751003;180922828;;;;07/29/2031 00:00:00;3;13751715;01/09/2026 07:47:51;Tiago;Rodriguez;24308587;31/08/2026 15:38:57;7152;Mirko;Hernandez;Tiago Rodriguez;Mirko Hernandez
14101778;01/09/2026 07:47:52;3;2;0008    2875-1;05;CAMIONETA EXP 6;2092925;"HU03    ";"HURA S.A.S.                                       ";ALVEAR 671;952582;"60-057         ";60-057 - LAVATORIO C.STD VERIN PLUS;12;12;12;23027300;010926074751003;180911320;;;;01/06/2032 00:00:00;12;13751715;01/09/2026 07:47:51;Tiago;Rodriguez;24308587;31/08/2026 15:38:57;7152;Mirko;Hernandez;Tiago Rodriguez;Mirko Hernandez
14101778;01/09/2026 07:47:52;3;2;0008    2875-1;05;CAMIONETA EXP 6;2092925;"HU03    ";"HURA S.A.S.                                       ";ALVEAR 671;952634;"60-162         ";60-162 - LAVATORIO CR C.CERAM LINEA ADRA;9;9;9;23027300;010926074751003;180914641;;;;07/29/2031 00:00:00;9;13751715;01/09/2026 07:47:51;Tiago;Rodriguez;24308587;31/08/2026 15:38:57;7152;Mirko;Hernandez;Tiago Rodriguez;Mirko Hernandez
14101778;01/09/2026 07:47:52;3;2;0008    2875-1;05;CAMIONETA EXP 6;2092925;"HU03    ";"HURA S.A.S.                                       ";ALVEAR 671;952635;"60-162N        ";60-162N - LAVATORIO BLACK C.CERAM LINEA ADRA;3;3;3;23027300;010926074751003;180920545;;;;11/03/2031 00:00:00;3;13751715;01/09/2026 07:47:51;Tiago;Rodriguez;24308587;31/08/2026 15:38:57;7152;Mirko;Hernandez;Tiago Rodriguez;Mirko Hernandez
14101778;01/09/2026 07:47:52;3;2;0008    2875-1;05;CAMIONETA EXP 6;2092925;"HU03    ";"HURA S.A.S.                                       ";ALVEAR 671;952759;"62-162N        ";62-162N - LAVATORIO DE PARED BLACK C.CERAM ADRA;3;3;3;23027300;010926074751003;180920057;;;;10/29/2031 00:00:00;3;13751715;01/09/2026 07:47:51;Tiago;Rodriguez;24308587;31/08/2026 15:38:57;7152;Mirko;Hernandez;Tiago Rodriguez;Mirko Hernandez
14101778;01/09/2026 07:47:52;3;2;0008    2875-1;05;CAMIONETA EXP 6;2092925;"HU03    ";"HURA S.A.S.                                       ";ALVEAR 671;952831;"70-010         ";70-010 - BIDE BL/CR LORCA;3;3;3;23027300;010926074751003;180912936;;;;12/08/2031 00:00:00;3;13751715;01/09/2026 07:47:51;Tiago;Rodriguez;24308587;31/08/2026 15:38:57;7152;Mirko;Hernandez;Tiago Rodriguez;Mirko Hernandez
14101778;01/09/2026 07:47:52;3;2;0008    2875-1;05;CAMIONETA EXP 6;2092925;"HU03    ";"HURA S.A.S.                                       ";ALVEAR 671;952860;"70-057         ";70-057 - BIDE C.STD VERIN PLUS;9;9;9;23027300;010926074751003;180909642;;;;01/11/2032 00:00:00;9;13751715;01/09/2026 07:47:51;Tiago;Rodriguez;24308587;31/08/2026 15:38:57;7152;Mirko;Hernandez;Tiago Rodriguez;Mirko Hernandez
14101778;01/09/2026 07:47:52;3;2;0008    2875-1;05;CAMIONETA EXP 6;2092925;"HU03    ";"HURA S.A.S.                                       ";ALVEAR 671;952886;"70-121         ";70-121 - BIDE C.CERAM CR MARBELLA;3;3;3;23027300;010926074751003;180923386;;;;08/24/2031 00:00:00;3;13751715;01/09/2026 07:47:51;Tiago;Rodriguez;24308587;31/08/2026 15:38:57;7152;Mirko;Hernandez;Tiago Rodriguez;Mirko Hernandez
14101778;01/09/2026 07:47:52;3;2;0008    2875-1;05;CAMIONETA EXP 6;2092925;"HU03    ";"HURA S.A.S.                                       ";ALVEAR 671;952888;"70-122         ";70-122 - BIDE C.CERAM CR VALENCIA;3;3;3;23027300;010926074751003;180921239;;;;10/26/2031 00:00:00;3;13751715;01/09/2026 07:47:51;Tiago;Rodriguez;24308587;31/08/2026 15:38:57;7152;Mirko;Hernandez;Tiago Rodriguez;Mirko Hernandez
14101778;01/09/2026 07:47:52;3;2;0008    2875-1;05;CAMIONETA EXP 6;2092925;"HU03    ";"HURA S.A.S.                                       ";ALVEAR 671;952909;"70-153         ";70-153 - BIDE CR C.CERAM CASTILLA;3;3;3;23027300;010926074751003;180922213;;;;10/20/2031 00:00:00;3;13751715;01/09/2026 07:47:51;Tiago;Rodriguez;24308587;31/08/2026 15:38:57;7152;Mirko;Hernandez;Tiago Rodriguez;Mirko Hernandez
14101778;01/09/2026 07:47:52;3;2;0008    2875-1;05;CAMIONETA EXP 6;2092925;"HU03    ";"HURA S.A.S.                                       ";ALVEAR 671;952912;"70-162         ";70-162 - BIDE CR C.CERAM LINEA ADRA;9;9;9;23027300;010926074751003;180913991;;;;07/29/2031 00:00:00;9;13751715;01/09/2026 07:47:51;Tiago;Rodriguez;24308587;31/08/2026 15:38:57;7152;Mirko;Hernandez;Tiago Rodriguez;Mirko Hernandez
14101778;01/09/2026 07:47:52;3;2;0008    2875-1;05;CAMIONETA EXP 6;2092925;"HU03    ";"HURA S.A.S.                                       ";ALVEAR 671;952913;"70-162N        ";70-162N - BIDE BLACK C.CERAM LINEA ADRA;6;6;6;23027300;010926074751003;180921981;;;;12/08/2031 00:00:00;6;13751715;01/09/2026 07:47:51;Tiago;Rodriguez;24308587;31/08/2026 15:38:57;7152;Mirko;Hernandez;Tiago Rodriguez;Mirko Hernandez
14101778;01/09/2026 07:47:52;3;2;0008    2875-1;05;CAMIONETA EXP 6;2092925;"HU03    ";"HURA S.A.S.                                       ";ALVEAR 671;953028;"80-010         ";80-010 - DUCHA EMB. C/TRANSF. BL/CR LORCA;3;3;3;23027300;010926074751003;180912547;;;;09/16/2031 00:00:00;3;13751715;01/09/2026 07:47:51;Tiago;Rodriguez;24308587;31/08/2026 15:38:57;7152;Mirko;Hernandez;Tiago Rodriguez;Mirko Hernandez
14101778;01/09/2026 07:47:52;3;2;0008    2875-1;05;CAMIONETA EXP 6;2092925;"HU03    ";"HURA S.A.S.                                       ";ALVEAR 671;953059;"80-057         ";80-057 - DUCHA EMB. C/TRANSF. C.STD VERIN PLUS;6;6;6;23027300;010926074751003;180908909;;;;01/04/2032 00:00:00;6;13751715;01/09/2026 07:47:51;Tiago;Rodriguez;24308587;31/08/2026 15:38:57;7152;Mirko;Hernandez;Tiago Rodriguez;Mirko Hernandez
14101778;01/09/2026 07:47:52;3;2;0008    2875-1;05;CAMIONETA EXP 6;2092925;"HU03    ";"HURA S.A.S.                                       ";ALVEAR 671;953091;"80-138         ";80-138 - DUCHA EMB. C/TRANSF. CR C.CERAM VALENCIA PLUS;3;3;3;23027300;010926074751003;180907868;;;;01/14/2032 00:00:00;3;13751715;01/09/2026 07:47:51;Tiago;Rodriguez;24308587;31/08/2026 15:38:57;7152;Mirko;Hernandez;Tiago Rodriguez;Mirko Hernandez
14101778;01/09/2026 07:47:52;3;2;0008    2875-1;05;CAMIONETA EXP 6;2092925;"HU03    ";"HURA S.A.S.                                       ";ALVEAR 671;953109;"80-166         ";"DUCHA EMB. C/TRANSF. CR C.CERAM ADRA PLUS                             ";6;6;6;23027300;010926074751003;180913509;;;;01/03/2032 00:00:00;6;13751715;01/09/2026 07:47:51;Tiago;Rodriguez;24308587;31/08/2026 15:38:57;7152;Mirko;Hernandez;Tiago Rodriguez;Mirko Hernandez
14101778;01/09/2026 07:47:52;3;2;0008    2875-1;05;CAMIONETA EXP 6;2092925;"HU03    ";"HURA S.A.S.                                       ";ALVEAR 671;953110;"80-166N        ";80-166N - DUCHA EMB. C/TRANSF. BLACK C.CERAM ADRA PLUS;3;3;3;23027300;010926074751003;180921504;;;;11/25/2031 00:00:00;3;13751715;01/09/2026 07:47:51;Tiago;Rodriguez;24308587;31/08/2026 15:38:57;7152;Mirko;Hernandez;Tiago Rodriguez;Mirko Hernandez
14101778;01/09/2026 07:47:52;3;2;0008    2875-1;05;CAMIONETA EXP 6;2092925;"HU03    ";"HURA S.A.S.                                       ";ALVEAR 671;953136;"80-190P        ";80-190P - DUCHA EMB. C/TRANSF. C.CERAM BLACK VELVET PLUS;3;3;3;23027300;010926074751003;180924487;;;;07/29/2031 00:00:00;3;13751715;01/09/2026 07:47:51;Tiago;Rodriguez;24308587;31/08/2026 15:38:57;7152;Mirko;Hernandez;Tiago Rodriguez;Mirko Hernandez
14101778;01/09/2026 07:47:52;3;2;0008    2875-1;05;CAMIONETA EXP 6;2092925;"HU03    ";"HURA S.A.S.                                       ";ALVEAR 671;953278;"83-001N        ";"83-001N - DUCHA EXT. C/TRANSF. ""CROMO Y""";3;3;3;23027300;010926074751003;180923129;;;;11/26/2031 00:00:00;3;13751715;01/09/2026 07:47:51;Tiago;Rodriguez;24308587;31/08/2026 15:38:57;7152;Mirko;Hernandez;Tiago Rodriguez;Mirko Hernandez
14101778;01/09/2026 07:47:52;3;2;0008    2875-1;05;CAMIONETA EXP 6;2092925;"HU03    ";"HURA S.A.S.                                       ";ALVEAR 671;953324;"835            ";835 - JGO.MDA. P.FUNDIDO CR MURCIA;3;3;3;23027300;010926074751003;180915759;;;;07/29/2031 00:00:00;3;13751715;01/09/2026 07:47:51;Tiago;Rodriguez;24308587;31/08/2026 15:38:57;7152;Mirko;Hernandez;Tiago Rodriguez;Mirko Hernandez
14101778;01/09/2026 07:47:52;3;2;0008    2875-1;05;CAMIONETA EXP 6;2092925;"HU03    ";"HURA S.A.S.                                       ";ALVEAR 671;953421;"90-166         ";90-166 - PACK GRIF. ADRA PLUS (Lav-Bide-Ducha c/t Plus);6;6;6;23027300;010926074751003;180915201;;;;11/08/2031 00:00:00;6;13751715;01/09/2026 07:47:51;Tiago;Rodriguez;24308587;31/08/2026 15:38:57;7152;Mirko;Hernandez;Tiago Rodriguez;Mirko Hernandez
14101778;01/09/2026 07:47:52;3;2;0008    2875-1;05;CAMIONETA EXP 6;2092925;"HU03    ";"HURA S.A.S.                                       ";ALVEAR 671;953553;"985            ";985 - JGO PARED EXT CR P.FUNDIDO MURCIA;3;3;3;23027300;010926074751003;180915708;;;;09/01/2031 00:00:00;3;13751715;01/09/2026 07:47:51;Tiago;Rodriguez;24308587;31/08/2026 15:38:57;7152;Mirko;Hernandez;Tiago Rodriguez;Mirko Hernandez
14109102;01/09/2026 07:06:16;3;2;0001  214720-1;02;CAMIONETA JUE 1;2094299;"SA40    ";"SANICENTRO S.A. SANITARIOS                        ";CALLE 122 (RUTA 11) E/59 Y 60 1286;951535;"20-160         ";20-160 - MONOCOMANDO MESADA COCINA DIQUE;24;24;24;23039075;010926070616524;181000141;;;;07/28/2031 00:00:00;24;13750986;01/09/2026 07:06:16;Maximiliano;Nievas;24320823;01/09/2026 06:26:56;7152;Mirko;Hernandez;Maximiliano Nievas;Mirko Hernandez
14109102;01/09/2026 07:06:16;3;2;0001  214720-1;02;CAMIONETA JUE 1;2094299;"SA40    ";"SANICENTRO S.A. SANITARIOS                        ";CALLE 122 (RUTA 11) E/59 Y 60 1286;951545;"20-172         ";20-172 - COCINA MESADA MONOC. COLORS NEGRO;2;2;2;23039075;010926070616524;181000967;;;;07/28/2031 00:00:00;2;13750986;01/09/2026 07:06:16;Maximiliano;Nievas;24320823;01/09/2026 06:26:56;7152;Mirko;Hernandez;Maximiliano Nievas;Mirko Hernandez
14109102;01/09/2026 07:06:16;3;2;0001  214720-1;02;CAMIONETA JUE 1;2094299;"SA40    ";"SANICENTRO S.A. SANITARIOS                        ";CALLE 122 (RUTA 11) E/59 Y 60 1286;951547;"20-174         ";20-174 - COCINA MESADA MONOC. COLORS BLACK;2;2;2;23039075;010926070616524;181001064;;;;07/28/2031 00:00:00;2;13750986;01/09/2026 07:06:16;Maximiliano;Nievas;24320823;01/09/2026 06:26:56;7152;Mirko;Hernandez;Maximiliano Nievas;Mirko Hernandez
14109102;01/09/2026 07:06:16;3;2;0001  214720-1;02;CAMIONETA JUE 1;2094299;"SA40    ";"SANICENTRO S.A. SANITARIOS                        ";CALLE 122 (RUTA 11) E/59 Y 60 1286;952647;"60-176         ";"LAVATORIO MONOCOMANDO BAJO CR RIO                                     ";5;5;5;23039075;010926070616524;181000775;;;;10/11/2031 00:00:00;5;13750986;01/09/2026 07:06:16;Maximiliano;Nievas;24320823;01/09/2026 06:26:56;7152;Mirko;Hernandez;Maximiliano Nievas;Mirko Hernandez
14109102;01/09/2026 07:06:16;3;2;0001  214720-1;02;CAMIONETA JUE 1;2094299;"SA40    ";"SANICENTRO S.A. SANITARIOS                        ";CALLE 122 (RUTA 11) E/59 Y 60 1286;952650;"60-180         ";60-180 - LAVATORIO MONOCOMANDO BAJO VERA;5;5;5;23039075;010926070616524;181000705;;;;07/28/2031 00:00:00;5;13750986;01/09/2026 07:06:16;Maximiliano;Nievas;24320823;01/09/2026 06:26:56;7152;Mirko;Hernandez;Maximiliano Nievas;Mirko Hernandez
14109102;01/09/2026 07:06:16;3;2;0001  214720-1;02;CAMIONETA JUE 1;2094299;"SA40    ";"SANICENTRO S.A. SANITARIOS                        ";CALLE 122 (RUTA 11) E/59 Y 60 1286;952661;"60-193         ";60-193 - LAVATORIO MONOCOMANDO BAJO MORA;3;3;3;23039075;010926070616524;181000365;;;;07/28/2031 00:00:00;3;13750986;01/09/2026 07:06:16;Maximiliano;Nievas;24320823;01/09/2026 06:26:56;7152;Mirko;Hernandez;Maximiliano Nievas;Mirko Hernandez
14109102;01/09/2026 07:06:16;3;2;0001  214720-1;02;CAMIONETA JUE 1;2094299;"SA40    ";"SANICENTRO S.A. SANITARIOS                        ";CALLE 122 (RUTA 11) E/59 Y 60 1286;952721;"61-193         ";61-193 - LAVATORIO MONOCOMANDO ALTO MORA;2;2;2;23039075;010926070616524;181000466;;;;07/27/2031 00:00:00;2;13750986;01/09/2026 07:06:16;Maximiliano;Nievas;24320823;01/09/2026 06:26:56;7152;Mirko;Hernandez;Maximiliano Nievas;Mirko Hernandez
14109102;01/09/2026 07:06:16;3;2;0001  214720-1;02;CAMIONETA JUE 1;2094299;"SA40    ";"SANICENTRO S.A. SANITARIOS                        ";CALLE 122 (RUTA 11) E/59 Y 60 1286;952928;"70-180         ";70-180 - BIDE MONOCOMANDO C/TRANSF. VERA;3;3;3;23039075;010926070616524;181000632;;;;07/27/2031 00:00:00;3;13750986;01/09/2026 07:06:16;Maximiliano;Nievas;24320823;01/09/2026 06:26:56;7152;Mirko;Hernandez;Maximiliano Nievas;Mirko Hernandez
14109102;01/09/2026 07:06:16;3;2;0001  214720-1;02;CAMIONETA JUE 1;2094299;"SA40    ";"SANICENTRO S.A. SANITARIOS                        ";CALLE 122 (RUTA 11) E/59 Y 60 1286;953125;"80-180         ";80-180 - DUCHA EMB. C/TRANSF. MONOCOMANDO VERA;3;3;3;23039075;010926070616524;181000238;;;;09/03/2031 00:00:00;3;13750986;01/09/2026 07:06:16;Maximiliano;Nievas;24320823;01/09/2026 06:26:56;7152;Mirko;Hernandez;Maximiliano Nievas;Mirko Hernandez
14109102;01/09/2026 07:06:16;3;2;0001  214720-1;02;CAMIONETA JUE 1;2094299;"SA40    ";"SANICENTRO S.A. SANITARIOS                        ";CALLE 122 (RUTA 11) E/59 Y 60 1286;953967;"A1250          ";A1250 - COLUMNA DE DUCHA CROMO;2;2;2;23039075;010926070616524;181000911;;;;07/27/2031 00:00:00;2;13750986;01/09/2026 07:06:16;Maximiliano;Nievas;24320823;01/09/2026 06:26:56;7152;Mirko;Hernandez;Maximiliano Nievas;Mirko Hernandez
14109102;01/09/2026 07:06:16;3;2;0001  214720-1;02;CAMIONETA JUE 1;2094299;"SA40    ";"SANICENTRO S.A. SANITARIOS                        ";CALLE 122 (RUTA 11) E/59 Y 60 1286;954901;"BCH01          ";BCH01 - BACHA DE APOYAR CIRCULAR 320x145;3;3;3;23039075;010926070616524;181000047;;;;07/28/2031 00:00:00;3;13750986;01/09/2026 07:06:16;Maximiliano;Nievas;24320823;01/09/2026 06:26:56;7152;Mirko;Hernandez;Maximiliano Nievas;Mirko Hernandez
14109102;01/09/2026 07:06:16;3;2;0001  214720-1;02;CAMIONETA JUE 1;2094299;"SA40    ";"SANICENTRO S.A. SANITARIOS                        ";CALLE 122 (RUTA 11) E/59 Y 60 1286;954914;"BCH12          ";BCH12 - BACHA DE APOYAR BLANCA 460x320x140;5;5;5;23039075;010926070616524;180999991;;;;11/10/2031 00:00:00;5;13750986;01/09/2026 07:06:16;Maximiliano;Nievas;24320823;01/09/2026 06:26:56;7152;Mirko;Hernandez;Maximiliano Nievas;Mirko Hernandez
14109103;01/09/2026 07:12:35;3;2;0001  214726-1;02;CAMIONETA JUE 1;2093008;"JA01    ";"JOSE ANACLETO E HIJOS S.A.                        ";CALLE 44 1031;952634;"60-162         ";60-162 - LAVATORIO CR C.CERAM LINEA ADRA;1;1;1;23039041;010926071235553;180999777;;;;07/29/2031 00:00:00;1;13751244;01/09/2026 07:12:35;Tiago;Rodriguez;24320783;01/09/2026 06:06:30;7673;Maximo;Batista;Tiago Rodriguez;Maximo Batista
14109134;01/09/2026 07:14:04;2;2;0001  214572-1;05;CAMIONETA VIE 1;2094514;"SJ21    ";"SANITARIOS JULICAM SRL                            ";AV. PRESIDENTE PERON 6763;951545;"20-172         ";20-172 - COCINA MESADA MONOC. COLORS NEGRO;2;2;0;23040401;CARRO35;181007562;;;;07/28/2031 00:00:00;2;;;;;24322284;01/09/2026 07:26:26;6867;Javier;Lescano;;Javier Lescano
14109139;01/09/2026 07:14:05;2;2;0001  214695-1;05;CAMIONETA VIE 1;2092695;"GG26    ";"GUERRERO EMILIO G. Y GUERRERO MATIA SH            ";GRAL ALVARADO 280;957516;"RA1149         ";RA1149 - SUJECION ACCESORIOS LINEA 3000;100;100;0;23040515;CARRO46;181008830;;;;08/02/2031 00:00:00;100;;;;;24322437;01/09/2026 07:33:52;6867;Javier;Lescano;;Javier Lescano
14109140;01/09/2026 07:14:05;2;2;0001  214701-1;05;CAMIONETA VIE 1;2094882;"UG01    ";"UCCELI GABRIEL A.-SANITARIOS GABRIEL              ";SANTOS VEGA 8007;954915;"BCH13          ";BCH13 - BACHA DE APOYAR BLANCA RECTANGULAR 465x260x125;1;1;0;23040488;CARRO14;181007919;;;;07/27/2031 00:00:00;1;;;;;24322369;01/09/2026 07:28:03;6867;Javier;Lescano;;Javier Lescano
14109142;01/09/2026 07:14:05;2;2;0001  214714-1;05;CAMIONETA VIE 1;2094666;"SS45    ";"SANITARIOS SAN MARTIN S.A.                        ";HUMBOLTD 7;952655;"60-183         ";"LAVATORIO MONOCOMANDO BAJO MAT                                        ";15;15;0;23040822;CARRO86;181012937;;;;11/02/2031 00:00:00;15;;;;;24322748;01/09/2026 08:00:44;7636;Kevin;Arce;;Kevin Arce
14109142;01/09/2026 07:14:05;2;2;0001  214714-1;05;CAMIONETA VIE 1;2094666;"SS45    ";"SANITARIOS SAN MARTIN S.A.                        ";HUMBOLTD 7;952800;"63-183         ";"LAVATORIO PARED EMB MONOCOMANDO MAT                                   ";15;15;0;23040822;CARRO86;181012132;;;;11/02/2031 00:00:00;15;;;;;24322748;01/09/2026 08:00:44;7636;Kevin;Arce;;Kevin Arce
14109142;01/09/2026 07:14:05;2;2;0001  214714-1;05;CAMIONETA VIE 1;2094666;"SS45    ";"SANITARIOS SAN MARTIN S.A.                        ";HUMBOLTD 7;952933;"70-183         ";"BIDE MONOCOMANDO C/TRANSF MAT                                         ";15;15;0;23040822;CARRO86;181013139;;;;11/02/2031 00:00:00;15;;;;;24322748;01/09/2026 08:00:44;7636;Kevin;Arce;;Kevin Arce
14109142;01/09/2026 07:14:05;2;2;0001  214714-1;05;CAMIONETA VIE 1;2094666;"SS45    ";"SANITARIOS SAN MARTIN S.A.                        ";HUMBOLTD 7;953131;"80-183         ";"DUCHA EMB C/TRANSF MONOCOMANDO MAT                                    ";15;15;0;23040822;CARRO86;181011003;;;;11/02/2031 00:00:00;15;;;;;24322748;01/09/2026 08:00:44;7636;Kevin;Arce;;Kevin Arce
14109143;01/09/2026 07:14:05;2;2;0008    2870-1;05;CAMIONETA VIE 1;2094666;"SS45    ";"SANITARIOS SAN MARTIN S.A.                        ";HUMBOLTD 7;952800;"63-183         ";"LAVATORIO PARED EMB MONOCOMANDO MAT                                   ";15;15;0;23040806;CARRO92;181012834;;;;11/02/2031 00:00:00;4;;;;;24322777;01/09/2026 07:44:03;7152;Mirko;Hernandez;;Mirko Hernandez
14109143;01/09/2026 07:14:05;2;2;0008    2870-1;05;CAMIONETA VIE 1;2094666;"SS45    ";"SANITARIOS SAN MARTIN S.A.                        ";HUMBOLTD 7;953131;"80-183         ";"DUCHA EMB C/TRANSF MONOCOMANDO MAT                                    ";15;15;0;23040806;CARRO92;181011263;;;;11/02/2031 00:00:00;11;;;;;24322777;01/09/2026 07:44:03;7152;Mirko;Hernandez;;Mirko Hernandez
14109144;01/09/2026 07:14:05;2;2;0001  214771-1;05;CAMIONETA VIE 1;2094666;"SS45    ";"SANITARIOS SAN MARTIN S.A.                        ";HUMBOLTD 7;951488;"20-102         ";"20-102 - MONOCOMANDO MESADA CROMO ""RENACER""";6;6;0;23040419;CARRO25;181013921;;;;08/20/2031 00:00:00;6;;;;;24322310;01/09/2026 07:28:12;7673;Maximo;Batista;;Maximo Batista
14109144;01/09/2026 07:14:05;2;2;0001  214771-1;05;CAMIONETA VIE 1;2094666;"SS45    ";"SANITARIOS SAN MARTIN S.A.                        ";HUMBOLTD 7;951653;"22-178         ";22-178 - MONOCOMANDO DE COCINA P/AGUA FILTRADA VITA;4;4;0;23040419;CARRO25;181008658;;;;12/23/2031 00:00:00;4;;;;;24322310;01/09/2026 07:28:12;7673;Maximo;Batista;;Maximo Batista
14109144;01/09/2026 07:14:05;2;2;0001  214771-1;05;CAMIONETA VIE 1;2094666;"SS45    ";"SANITARIOS SAN MARTIN S.A.                        ";HUMBOLTD 7;954804;"AB-001         ";AB-001 - AGARRADERA ACERO INOX CROMADO 30 CM SAFE;10;10;0;23040419;CARRO25;181007982;;;;07/28/2031 00:00:00;10;;;;;24322310;01/09/2026 07:28:12;7673;Maximo;Batista;;Maximo Batista
14109144;01/09/2026 07:14:05;2;2;0001  214771-1;05;CAMIONETA VIE 1;2094666;"SS45    ";"SANITARIOS SAN MARTIN S.A.                        ";HUMBOLTD 7;954806;"AB-003         ";AB-003 - AGARRADERA ACERO INOX CROMADO 50 CM SAFE;5;5;0;23040419;CARRO25;181008199;;;;07/27/2031 00:00:00;5;;;;;24322310;01/09/2026 07:28:12;7673;Maximo;Batista;;Maximo Batista
14109144;01/09/2026 07:14:05;2;2;0001  214771-1;05;CAMIONETA VIE 1;2094666;"SS45    ";"SANITARIOS SAN MARTIN S.A.                        ";HUMBOLTD 7;954908;"BCH07          ";BCH07 - BACHA DE APOYAR OVALADA 400x330x150;2;2;0;23040419;CARRO25;181013308;;;;07/29/2031 00:00:00;2;;;;;24322310;01/09/2026 07:28:12;7673;Maximo;Batista;;Maximo Batista
14109144;01/09/2026 07:14:05;2;2;0001  214771-1;05;CAMIONETA VIE 1;2094666;"SS45    ";"SANITARIOS SAN MARTIN S.A.                        ";HUMBOLTD 7;954910;"BCH09          ";BCH09 - BACHA DE APOYAR RECTANGULAR 610x410x115;24;24;0;23040419;CARRO25;181009430;;;;07/28/2031 00:00:00;24;;;;;24322310;01/09/2026 07:28:12;7673;Maximo;Batista;;Maximo Batista
14109144;01/09/2026 07:14:05;2;2;0001  214771-1;05;CAMIONETA VIE 1;2094666;"SS45    ";"SANITARIOS SAN MARTIN S.A.                        ";HUMBOLTD 7;954914;"BCH12          ";BCH12 - BACHA DE APOYAR BLANCA 460x320x140;5;5;0;23040419;CARRO25;181014248;;;;11/10/2031 00:00:00;5;;;;;24322310;01/09/2026 07:28:12;7673;Maximo;Batista;;Maximo Batista
14109145;01/09/2026 07:14:05;2;2;0008    2877-1;05;CAMIONETA VIE 1;2094666;"SS45    ";"SANITARIOS SAN MARTIN S.A.                        ";HUMBOLTD 7;951098;"11006          ";"SET DE 6 PIEZAS LINEA 11000                                           ";5;5;0;23040677;CARRO56;181013552;;;;07/29/2031 00:00:00;5;;;;;24322609;01/09/2026 07:35:43;6867;Javier;Lescano;;Javier Lescano
14109145;01/09/2026 07:14:05;2;2;0008    2877-1;05;CAMIONETA VIE 1;2094666;"SS45    ";"SANITARIOS SAN MARTIN S.A.                        ";HUMBOLTD 7;951114;"12005          ";"SET DE 5 PIEZAS LINEA 12000                                           ";5;5;0;23040677;CARRO56;181012847;;;;07/30/2031 00:00:00;5;;;;;24322609;01/09/2026 07:35:43;6867;Javier;Lescano;;Javier Lescano
14109145;01/09/2026 07:14:05;2;2;0008    2877-1;05;CAMIONETA VIE 1;2094666;"SS45    ";"SANITARIOS SAN MARTIN S.A.                        ";HUMBOLTD 7;951116;"12006          ";"SET DE 6 PIEZAS LINEA 12000                                           ";20;20;0;23040677;CARRO56;181013257;;;;07/30/2031 00:00:00;20;;;;;24322609;01/09/2026 07:35:43;6867;Javier;Lescano;;Javier Lescano
14109145;01/09/2026 07:14:05;2;2;0008    2877-1;05;CAMIONETA VIE 1;2094666;"SS45    ";"SANITARIOS SAN MARTIN S.A.                        ";HUMBOLTD 7;951136;"13040          ";"PORTA ROLLO LINEA 13000                                               ";5;5;0;23040677;CARRO56;181009578;;;;07/31/2031 00:00:00;5;;;;;24322609;01/09/2026 07:35:43;6867;Javier;Lescano;;Javier Lescano
14109145;01/09/2026 07:14:05;2;2;0008    2877-1;05;CAMIONETA VIE 1;2094666;"SS45    ";"SANITARIOS SAN MARTIN S.A.                        ";HUMBOLTD 7;951259;"16006BL        ";16006BL - SET 6 PIEZAS ACCESORIOS LINEA 16000 BLACK;5;5;0;23040677;CARRO56;181011621;;;;07/27/2031 00:00:00;5;;;;;24322609;01/09/2026 07:35:43;6867;Javier;Lescano;;Javier Lescano
14109145;01/09/2026 07:14:05;2;2;0008    2877-1;05;CAMIONETA VIE 1;2094666;"SS45    ";"SANITARIOS SAN MARTIN S.A.                        ";HUMBOLTD 7;951262;"16030          ";16030 - PERCHA LINEA 16000;5;5;0;23040677;CARRO56;181009914;;;;07/27/2031 00:00:00;5;;;;;24322609;01/09/2026 07:35:43;6867;Javier;Lescano;;Javier Lescano
14109145;01/09/2026 07:14:05;2;2;0008    2877-1;05;CAMIONETA VIE 1;2094666;"SS45    ";"SANITARIOS SAN MARTIN S.A.                        ";HUMBOLTD 7;951263;"16030BL        ";16030BL - PERCHA LINEA 16000 BLACK;5;5;0;23040677;CARRO56;181009713;;;;07/28/2031 00:00:00;5;;;;;24322609;01/09/2026 07:35:43;6867;Javier;Lescano;;Javier Lescano
14109145;01/09/2026 07:14:05;2;2;0008    2877-1;05;CAMIONETA VIE 1;2094666;"SS45    ";"SANITARIOS SAN MARTIN S.A.                        ";HUMBOLTD 7;951264;"16040          ";16040 - PORTA ROLLO ACCESORIOS LINEA 16000;5;5;0;23040677;CARRO56;181010517;;;;07/30/2031 00:00:00;5;;;;;24322609;01/09/2026 07:35:43;6867;Javier;Lescano;;Javier Lescano
14109145;01/09/2026 07:14:05;2;2;0008    2877-1;05;CAMIONETA VIE 1;2094666;"SS45    ";"SANITARIOS SAN MARTIN S.A.                        ";HUMBOLTD 7;951297;"17020G         ";17020G - TOALLERO DE ARO LINEA FABRIC GOLD;5;5;0;23040677;CARRO56;181011693;;;;07/29/2031 00:00:00;5;;;;;24322609;01/09/2026 07:35:43;6867;Javier;Lescano;;Javier Lescano
14109145;01/09/2026 07:14:05;2;2;0008    2877-1;05;CAMIONETA VIE 1;2094666;"SS45    ";"SANITARIOS SAN MARTIN S.A.                        ";HUMBOLTD 7;951299;"17030C         ";17030C - PERCHA LINEA FABRIC CROMO;10;10;0;23040677;CARRO56;181014584;;;;11/10/2031 00:00:00;10;;;;;24322609;01/09/2026 07:35:43;6867;Javier;Lescano;;Javier Lescano
14109145;01/09/2026 07:14:05;2;2;0008    2877-1;05;CAMIONETA VIE 1;2094666;"SS45    ";"SANITARIOS SAN MARTIN S.A.                        ";HUMBOLTD 7;951302;"17040C         ";17040C - PORTA ROLLO LINEA FABRIC CROMO;5;5;0;23040677;CARRO56;181014336;;;;07/29/2031 00:00:00;5;;;;;24322609;01/09/2026 07:35:43;6867;Javier;Lescano;;Javier Lescano
14109145;01/09/2026 07:14:05;2;2;0008    2877-1;05;CAMIONETA VIE 1;2094666;"SS45    ";"SANITARIOS SAN MARTIN S.A.                        ";HUMBOLTD 7;951303;"17040G         ";17040G - PORTA ROLLO LINEA FABRIC GOLD;5;5;0;23040677;CARRO56;181014135;;;;07/28/2031 00:00:00;5;;;;;24322609;01/09/2026 07:35:43;6867;Javier;Lescano;;Javier Lescano
14109145;01/09/2026 07:14:05;2;2;0008    2877-1;05;CAMIONETA VIE 1;2094666;"SS45    ";"SANITARIOS SAN MARTIN S.A.                        ";HUMBOLTD 7;951327;"19030          ";19030 - PERCHA LINEA 19000;5;5;0;23040677;CARRO56;181009975;;;;07/29/2031 00:00:00;5;;;;;24322609;01/09/2026 07:35:43;6867;Javier;Lescano;;Javier Lescano
14109145;01/09/2026 07:14:05;2;2;0008    2877-1;05;CAMIONETA VIE 1;2094666;"SS45    ";"SANITARIOS SAN MARTIN S.A.                        ";HUMBOLTD 7;951530;"20-146         ";20-146 - MONOCOMANDO DE COCINA CR LINEA MOVE;15;15;0;23040677;CARRO56;181012713;;;;10/07/2031 00:00:00;15;;;;;24322609;01/09/2026 07:35:43;6867;Javier;Lescano;;Javier Lescano
14109145;01/09/2026 07:14:05;2;2;0008    2877-1;05;CAMIONETA VIE 1;2094666;"SS45    ";"SANITARIOS SAN MARTIN S.A.                        ";HUMBOLTD 7;951565;"20-205         ";20-205 - MONOCOMANDO DE COCINA STEEL;6;6;0;23040677;CARRO56;181011427;;;;07/28/2031 00:00:00;6;;;;;24322609;01/09/2026 07:35:43;6867;Javier;Lescano;;Javier Lescano
14109145;01/09/2026 07:14:05;2;2;0008    2877-1;05;CAMIONETA VIE 1;2094666;"SS45    ";"SANITARIOS SAN MARTIN S.A.                        ";HUMBOLTD 7;951748;"3006           ";3006 - SET DE 6 PIEZAS LINEA 3000;10;10;0;23040677;CARRO56;181013347;;;;07/29/2031 00:00:00;10;;;;;24322609;01/09/2026 07:35:43;6867;Javier;Lescano;;Javier Lescano
14109145;01/09/2026 07:14:05;2;2;0008    2877-1;05;CAMIONETA VIE 1;2094666;"SS45    ";"SANITARIOS SAN MARTIN S.A.                        ";HUMBOLTD 7;951794;"3010           ";3010 - TOALLERO BARRAL LINEA 3000;5;5;0;23040677;CARRO56;181010296;;;;07/29/2031 00:00:00;5;;;;;24322609;01/09/2026 07:35:43;6867;Javier;Lescano;;Javier Lescano
14109145;01/09/2026 07:14:05;2;2;0008    2877-1;05;CAMIONETA VIE 1;2094666;"SS45    ";"SANITARIOS SAN MARTIN S.A.                        ";HUMBOLTD 7;951961;"3030           ";3030 - PERCHA LINEA 3000;10;10;0;23040677;CARRO56;181010424;;;;08/27/2031 00:00:00;10;;;;;24322609;01/09/2026 07:35:43;6867;Javier;Lescano;;Javier Lescano
14109145;01/09/2026 07:14:05;2;2;0008    2877-1;05;CAMIONETA VIE 1;2094666;"SS45    ";"SANITARIOS SAN MARTIN S.A.                        ";HUMBOLTD 7;951983;"3050           ";3050 - JABONERA LINEA 3000;15;15;0;23040677;CARRO56;181010713;;;;07/27/2031 00:00:00;15;;;;;24322609;01/09/2026 07:35:43;6867;Javier;Lescano;;Javier Lescano
14109145;01/09/2026 07:14:05;2;2;0008    2877-1;05;CAMIONETA VIE 1;2094666;"SS45    ";"SANITARIOS SAN MARTIN S.A.                        ";HUMBOLTD 7;952618;"60-133         ";60-133 - LAVATORIO MONOCOMANDO LUGO;2;2;0;23040677;CARRO56;181013768;;;;07/29/2031 00:00:00;2;;;;;24322609;01/09/2026 07:35:43;6867;Javier;Lescano;;Javier Lescano
14109145;01/09/2026 07:14:05;2;2;0008    2877-1;05;CAMIONETA VIE 1;2094666;"SS45    ";"SANITARIOS SAN MARTIN S.A.                        ";HUMBOLTD 7;952713;"61-176N        ";61-176N - LAVATORIO MONOC ALTO BLACK RIO;6;6;0;23040677;CARRO56;181011147;;;;07/29/2031 00:00:00;6;;;;;24322609;01/09/2026 07:35:43;6867;Javier;Lescano;;Javier Lescano
14109145;01/09/2026 07:14:05;2;2;0008    2877-1;05;CAMIONETA VIE 1;2094666;"SS45    ";"SANITARIOS SAN MARTIN S.A.                        ";HUMBOLTD 7;952925;"70-176         ";70-176 - BIDE MONOC C/TRANSF CR RIO;6;6;0;23040677;CARRO56;181010969;;;;11/17/2031 00:00:00;6;;;;;24322609;01/09/2026 07:35:43;6867;Javier;Lescano;;Javier Lescano
14109145;01/09/2026 07:14:05;2;2;0008    2877-1;05;CAMIONETA VIE 1;2094666;"SS45    ";"SANITARIOS SAN MARTIN S.A.                        ";HUMBOLTD 7;953123;"80-176N        ";80-176N - DUCHA EMB C/TRANSF MONOC BLACK RIO;6;6;0;23040677;CARRO56;181011042;;;;07/27/2031 00:00:00;6;;;;;24322609;01/09/2026 07:35:43;6867;Javier;Lescano;;Javier Lescano
14109145;01/09/2026 07:14:05;2;2;0008    2877-1;05;CAMIONETA VIE 1;2094666;"SS45    ";"SANITARIOS SAN MARTIN S.A.                        ";HUMBOLTD 7;953153;"80-200G        ";80-200G - DUCHA EMB. MONOC. 3 FUNCIONES GOLD FABRIC;4;4;0;23040677;CARRO56;181009308;;;;12/03/2031 00:00:00;4;;;;;24322609;01/09/2026 07:35:43;6867;Javier;Lescano;;Javier Lescano
14109145;01/09/2026 07:14:05;2;2;0008    2877-1;05;CAMIONETA VIE 1;2094666;"SS45    ";"SANITARIOS SAN MARTIN S.A.                        ";HUMBOLTD 7;953312;"83-133         ";83-133 - DUCHA EXT. C/TRANSF. MONOCOMANDO LUGO;5;5;0;23040677;CARRO56;181013928;;;;07/30/2031 00:00:00;5;;;;;24322609;01/09/2026 07:35:43;6867;Javier;Lescano;;Javier Lescano
14109145;01/09/2026 07:14:05;2;2;0008    2877-1;05;CAMIONETA VIE 1;2094666;"SS45    ";"SANITARIOS SAN MARTIN S.A.                        ";HUMBOLTD 7;954230;"A1452C         ";A1452C - CAÑO DE DUCHA RECTO 150 MM CROMO C/BLISTER;10;10;0;23040677;CARRO56;181010865;;;;07/31/2031 00:00:00;10;;;;;24322609;01/09/2026 07:35:43;6867;Javier;Lescano;;Javier Lescano
14109145;01/09/2026 07:14:05;2;2;0008    2877-1;05;CAMIONETA VIE 1;2094666;"SS45    ";"SANITARIOS SAN MARTIN S.A.                        ";HUMBOLTD 7;954234;"A1452N         ";A1452N - CAÑO DE DUCHA RECTO 150 MM BLACK C/BLISTER;5;5;0;23040677;CARRO56;181010068;;;;07/31/2031 00:00:00;5;;;;;24322609;01/09/2026 07:35:43;6867;Javier;Lescano;;Javier Lescano
14109147;01/09/2026 07:16:37;3;2;4444    2362-1;10;URGENTES;2109166;"CLIEVEN ";"CLIENTE EVENTUAL                                  ";RIVADAVIA 3428;958146;"RINO102-3      ";"ASIENTO INODORO LINEA LOFT                                            ";1;1;1;23039836;010926071637167;181004067;;;;01/24/2032 00:00:00;1;13751308;01/09/2026 07:16:37;Gaston Alejandro;Kiriczuk;24321757;01/09/2026 07:04:21;7152;Mirko;Hernandez;Gaston Alejandro Kiriczuk;Mirko Hernandez
14109148;01/09/2026 07:17:19;3;2;4444    2364-1;10;URGENTES;2109166;"CLIEVEN ";"CLIENTE EVENTUAL                                  ";RIVADAVIA 3428;957393;"RA004          ";RA004 - CABEZAL P/TRANSF. BIDET Y DUCHA EMBUTIR;1;1;1;23039831;010926071717540;181003998;;;;07/31/2031 00:00:00;1;13751314;01/09/2026 07:17:17;Gaston Alejandro;Kiriczuk;24321763;01/09/2026 07:03:54;7673;Maximo;Batista;Gaston Alejandro Kiriczuk;Maximo Batista
14109158;01/09/2026 07:01:54;2;2;0008    2873-1;14;RETIRA;2092572;"FS09    ";"FANTINI SERGIO DANIEL - DIST.GUALEGUAY            ";B. ROLDAN 2183;951168;"1340           ";"QUEINOX MACHO MOVIL MH 1/2"" x 40                                      ";20;20;0;23040013;CARRO31;181009507;;;;02/09/2032 00:00:00;20;;;;;24321901;01/09/2026 07:38:30;7152;Mirko;Hernandez;;Mirko Hernandez
14109158;01/09/2026 07:01:54;2;2;0008    2873-1;14;RETIRA;2092572;"FS09    ";"FANTINI SERGIO DANIEL - DIST.GUALEGUAY            ";B. ROLDAN 2183;951348;"1940           ";"1940 - QUEINOX MH 3/4"" x 40";10;10;0;23040013;CARRO31;181009640;;;;07/27/2031 00:00:00;10;;;;;24321901;01/09/2026 07:38:30;7152;Mirko;Hernandez;;Mirko Hernandez
14109158;01/09/2026 07:01:54;2;2;0008    2873-1;14;RETIRA;2092572;"FS09    ";"FANTINI SERGIO DANIEL - DIST.GUALEGUAY            ";B. ROLDAN 2183;951568;"203            ";"203 - LAVATORIO CROMO ""DIQUE""";4;4;0;23040013;CARRO31;181005963;;;;01/11/2032 00:00:00;4;;;;;24321901;01/09/2026 07:38:30;7152;Mirko;Hernandez;;Mirko Hernandez
14109158;01/09/2026 07:01:54;2;2;0008    2873-1;14;RETIRA;2092572;"FS09    ";"FANTINI SERGIO DANIEL - DIST.GUALEGUAY            ";B. ROLDAN 2183;951600;"209            ";209 - LAVATORIO CROMO LAZA;5;5;0;23040013;CARRO31;181008732;;;;01/10/2032 00:00:00;5;;;;;24321901;01/09/2026 07:38:30;7152;Mirko;Hernandez;;Mirko Hernandez
14109158;01/09/2026 07:01:54;2;2;0008    2873-1;14;RETIRA;2092572;"FS09    ";"FANTINI SERGIO DANIEL - DIST.GUALEGUAY            ";B. ROLDAN 2183;951957;"303            ";"303 - BIDET CROMO ""DIQUE""";4;4;0;23040013;CARRO31;181006158;;;;11/25/2031 00:00:00;4;;;;;24321901;01/09/2026 07:38:30;7152;Mirko;Hernandez;;Mirko Hernandez
14109158;01/09/2026 07:01:54;2;2;0008    2873-1;14;RETIRA;2092572;"FS09    ";"FANTINI SERGIO DANIEL - DIST.GUALEGUAY            ";B. ROLDAN 2183;952267;"423            ";"423 - DUCHA EMB. C/TRANSF.CR ""DIQUE""";2;2;0;23040013;CARRO31;181006027;;;;02/03/2032 00:00:00;2;;;;;24321901;01/09/2026 07:38:30;7152;Mirko;Hernandez;;Mirko Hernandez
14109158;01/09/2026 07:01:54;2;2;0008    2873-1;14;RETIRA;2092572;"FS09    ";"FANTINI SERGIO DANIEL - DIST.GUALEGUAY            ";B. ROLDAN 2183;952420;"51-002         ";51-002 - COCINA MESADA RENACER;2;2;0;23040013;CARRO31;181006438;;;;11/03/2031 00:00:00;2;;;;;24321901;01/09/2026 07:38:30;7152;Mirko;Hernandez;;Mirko Hernandez
14109158;01/09/2026 07:01:54;2;2;0008    2873-1;14;RETIRA;2092572;"FS09    ";"FANTINI SERGIO DANIEL - DIST.GUALEGUAY            ";B. ROLDAN 2183;952452;"51-122         ";51-122 - MESADA BIMANDO CR C.CERAM VALENCIA;1;1;0;23040013;CARRO31;181008604;;;;01/11/2032 00:00:00;1;;;;;24321901;01/09/2026 07:38:30;7152;Mirko;Hernandez;;Mirko Hernandez
14109158;01/09/2026 07:01:54;2;2;0008    2873-1;14;RETIRA;2092572;"FS09    ";"FANTINI SERGIO DANIEL - DIST.GUALEGUAY            ";B. ROLDAN 2183;952471;"53-002         ";53-002 - COCINA PARED EXT. P.ALTO RENACER;2;2;0;23040013;CARRO31;181005785;;;;07/29/2031 00:00:00;2;;;;;24321901;01/09/2026 07:38:30;7152;Mirko;Hernandez;;Mirko Hernandez
14109158;01/09/2026 07:01:54;2;2;0008    2873-1;14;RETIRA;2092572;"FS09    ";"FANTINI SERGIO DANIEL - DIST.GUALEGUAY            ";B. ROLDAN 2183;952542;"60-002         ";60-002 - LAVATORIO RENACER;4;4;0;23040013;CARRO31;181006307;;;;07/29/2031 00:00:00;4;;;;;24321901;01/09/2026 07:38:30;7152;Mirko;Hernandez;;Mirko Hernandez
14109158;01/09/2026 07:01:54;2;2;0008    2873-1;14;RETIRA;2092572;"FS09    ";"FANTINI SERGIO DANIEL - DIST.GUALEGUAY            ";B. ROLDAN 2183;952582;"60-057         ";60-057 - LAVATORIO C.STD VERIN PLUS;5;5;0;23040013;CARRO31;181007276;;;;01/06/2032 00:00:00;5;;;;;24321901;01/09/2026 07:38:30;7152;Mirko;Hernandez;;Mirko Hernandez
14109158;01/09/2026 07:01:54;2;2;0008    2873-1;14;RETIRA;2092572;"FS09    ";"FANTINI SERGIO DANIEL - DIST.GUALEGUAY            ";B. ROLDAN 2183;952583;"60-058         ";60-058 - LAVATORIO CR C.STD MALBA;6;6;0;23040013;CARRO31;181005553;;;;12/03/2031 00:00:00;6;;;;;24321901;01/09/2026 07:38:30;7152;Mirko;Hernandez;;Mirko Hernandez
14109158;01/09/2026 07:01:54;2;2;0008    2873-1;14;RETIRA;2092572;"FS09    ";"FANTINI SERGIO DANIEL - DIST.GUALEGUAY            ";B. ROLDAN 2183;952822;"70-002         ";70-002 - BIDE RENACER;2;2;0;23040013;CARRO31;181005683;;;;07/31/2031 00:00:00;2;;;;;24321901;01/09/2026 07:38:30;7152;Mirko;Hernandez;;Mirko Hernandez
14109158;01/09/2026 07:01:54;2;2;0008    2873-1;14;RETIRA;2092572;"FS09    ";"FANTINI SERGIO DANIEL - DIST.GUALEGUAY            ";B. ROLDAN 2183;952860;"70-057         ";70-057 - BIDE C.STD VERIN PLUS;5;5;0;23040013;CARRO31;181007354;;;;01/11/2032 00:00:00;5;;;;;24321901;01/09/2026 07:38:30;7152;Mirko;Hernandez;;Mirko Hernandez
14109158;01/09/2026 07:01:54;2;2;0008    2873-1;14;RETIRA;2092572;"FS09    ";"FANTINI SERGIO DANIEL - DIST.GUALEGUAY            ";B. ROLDAN 2183;952862;"70-058         ";70-058 - BIDE CR C.STD MALBA;4;4;0;23040013;CARRO31;181005364;;;;10/20/2031 00:00:00;4;;;;;24321901;01/09/2026 07:38:30;7152;Mirko;Hernandez;;Mirko Hernandez
14109158;01/09/2026 07:01:54;2;2;0008    2873-1;14;RETIRA;2092572;"FS09    ";"FANTINI SERGIO DANIEL - DIST.GUALEGUAY            ";B. ROLDAN 2183;953059;"80-057         ";80-057 - DUCHA EMB. C/TRANSF. C.STD VERIN PLUS;5;5;0;23040013;CARRO31;181007474;;;;01/04/2032 00:00:00;5;;;;;24321901;01/09/2026 07:38:30;7152;Mirko;Hernandez;;Mirko Hernandez
14109158;01/09/2026 07:01:54;2;2;0008    2873-1;14;RETIRA;2092572;"FS09    ";"FANTINI SERGIO DANIEL - DIST.GUALEGUAY            ";B. ROLDAN 2183;953109;"80-166         ";"DUCHA EMB. C/TRANSF. CR C.CERAM ADRA PLUS                             ";4;4;0;23040013;CARRO31;181005058;;;;01/13/2032 00:00:00;4;;;;;24321901;01/09/2026 07:38:30;7152;Mirko;Hernandez;;Mirko Hernandez
14109158;01/09/2026 07:01:54;2;2;0008    2873-1;14;RETIRA;2092572;"FS09    ";"FANTINI SERGIO DANIEL - DIST.GUALEGUAY            ";B. ROLDAN 2183;953210;"81-058         ";81-058 - DUCHA EMB. S/TRANSF. CR STD MALBA;2;2;0;23040013;CARRO31;181005613;;;;11/25/2031 00:00:00;2;;;;;24321901;01/09/2026 07:38:30;7152;Mirko;Hernandez;;Mirko Hernandez
14109158;01/09/2026 07:01:54;2;2;0008    2873-1;14;RETIRA;2092572;"FS09    ";"FANTINI SERGIO DANIEL - DIST.GUALEGUAY            ";B. ROLDAN 2183;953432;"910/M          ";"910/M - JGO.MDA.P.CANO CROMO ""DIQUE""";6;6;0;23040013;CARRO31;181006622;;;;12/21/2031 00:00:00;6;;;;;24321901;01/09/2026 07:38:30;7152;Mirko;Hernandez;;Mirko Hernandez
14109158;01/09/2026 07:01:54;2;2;0008    2873-1;14;RETIRA;2092572;"FS09    ";"FANTINI SERGIO DANIEL - DIST.GUALEGUAY            ";B. ROLDAN 2183;953445;"919/M          ";919/M - JGO.MDA.P.CANO CROMO LAZA;5;5;0;23040013;CARRO31;181006750;;;;01/31/2032 00:00:00;5;;;;;24321901;01/09/2026 07:38:30;7152;Mirko;Hernandez;;Mirko Hernandez
14109158;01/09/2026 07:01:54;2;2;0008    2873-1;14;RETIRA;2092572;"FS09    ";"FANTINI SERGIO DANIEL - DIST.GUALEGUAY            ";B. ROLDAN 2183;953474;"933            ";933 - JGO PARED C/EXT CR DIQUE;2;2;0;23040013;CARRO31;181009016;;;;01/07/2032 00:00:00;2;;;;;24321901;01/09/2026 07:38:30;7152;Mirko;Hernandez;;Mirko Hernandez
14109158;01/09/2026 07:01:54;2;2;0008    2873-1;14;RETIRA;2092572;"FS09    ";"FANTINI SERGIO DANIEL - DIST.GUALEGUAY            ";B. ROLDAN 2183;953477;"934/CR         ";934/CR - J.PARED C/EXT CRUZ CR/CR ARES;4;4;0;23040013;CARRO31;181008918;;;;01/03/2032 00:00:00;4;;;;;24321901;01/09/2026 07:38:30;7152;Mirko;Hernandez;;Mirko Hernandez
