TareaId,FechaInicio,FechaFin,CuantasTareas,Tipo,Usuario,UsuarioId,VehiculoSugerido,VehiculoReal,TiempoEstimadoMinutos,TiempoRealMinutos,TiempoEstimadoSegundos,TiempoRealSegundos,CumplioTiempo,UnidadesTarea,Articulos,CantidadConversionTarea,TiempoEntreTareasMinutos,TiempoEntreTareasSegundos,CumplioTiempoEntreTareas,CodigoArticulo,DescripcionArticulo,UnidadesDetalle,CantidadConversionDetalle,FechaPickeo,Ubicacion,Orden,SegundosEnPickear
25077260,10/01/2026 06:03:00,10/01/2026 06:15:00,1,Preparacion,Claudio Juarez,7839,CARRO MULTIPLE 6,MULTIPALLET,00:15:18,00:12:42,918,762,En Tiempo,26,6,0,00:00:00,0,Logico,"12006N         ","SET DE 6 PIEZAS LINEA 12000 BLACK                                     ",5,0,10/01/2026 06:06:19,IMP-15-7-1,187,0
25077260,10/01/2026 06:03:00,10/01/2026 06:15:00,1,Preparacion,Claudio Juarez,7839,CARRO MULTIPLE 6,MULTIPALLET,00:15:18,00:12:42,918,762,En Tiempo,26,6,0,00:00:00,0,Logico,"12006          ","SET DE 6 PIEZAS LINEA 12000                                           ",5,0,10/01/2026 06:07:53,IMP-13-12-1,161,94
25077260,10/01/2026 06:03:00,10/01/2026 06:15:00,1,Preparacion,Claudio Juarez,7839,CARRO MULTIPLE 6,MULTIPALLET,00:15:18,00:12:42,918,762,En Tiempo,26,6,0,00:00:00,0,Logico,"16006BL        ",16006BL - SET 6 PIEZAS ACCESORIOS LINEA 16000 BLACK,5,0,10/01/2026 06:10:14,IMP-12-2-1,148,141
25077260,10/01/2026 06:03:00,10/01/2026 06:15:00,1,Preparacion,Claudio Juarez,7839,CARRO MULTIPLE 6,MULTIPALLET,00:15:18,00:12:42,918,762,En Tiempo,26,6,0,00:00:00,0,Logico,"61-192         ",61-192 - LAVATORIO ALTO SORIA BLACK,3,0,10/01/2026 06:12:07,IMP-12-18-1,132,113
25077260,10/01/2026 06:03:00,10/01/2026 06:15:00,1,Preparacion,Claudio Juarez,7839,CARRO MULTIPLE 6,MULTIPALLET,00:15:18,00:12:42,918,762,En Tiempo,26,6,0,00:00:00,0,Logico,"70-192         ",70-192 - BIDE SORIA BLACK,5,0,10/01/2026 06:12:42,IMP-12-19-1,131,35
25077260,10/01/2026 06:03:00,10/01/2026 06:15:00,1,Preparacion,Claudio Juarez,7839,CARRO MULTIPLE 6,MULTIPALLET,00:15:18,00:12:42,918,762,En Tiempo,26,6,0,00:00:00,0,Logico,"80-192         ",80-192 - DUCHA EMB. C/TRANSF. SORIA BLACK,3,0,10/01/2026 06:15:12,IMP-12-19-1,131,150
25077293,10/01/2026 06:05:00,10/01/2026 06:12:00,1,Preparacion,Kevin Arce,7636,CARRO MULTIPLE 9,MULTIPALLET,00:05:17,00:07:18,317,438,Fuera de Tiempo,3,1,0,00:00:00,0,Logico,"BCH09          ",BCH09 - BACHA DE APOYAR RECTANGULAR 610x410x115,3,0,10/01/2026 06:12:20,SAN-17-5-1,207,0
25077388,10/01/2026 06:15:00,10/01/2026 06:18:00,1,Reposicion,Emmanuel Trias,6413,MULTIPALLET,APILADORA,00:11:42,00:03:27,702,207,En Tiempo,6,1,0,00:00:00,0,Logico,"INO102-1       ","INODORO BLANCO C/ASIENTO LINEA LOFT                                   ",6,0,10/01/2026 06:18:25,,10,0
25077399,10/01/2026 06:16:00,10/01/2026 07:18:00,1,Preparacion,Kevin Arce,7636,MULTIPALLET,MULTIPALLET,00:59:34,01:02:00,3574,3720,Fuera de Tiempo,70,47,0,00:00:00,0,Logico,"20060GR        ",20060GR - PORTA VASO Y CEPILLO GRAFITO LINEA PULSE,2,0,10/01/2026 06:23:21,IMP-9-20-1,88,0
25077399,10/01/2026 06:16:00,10/01/2026 07:18:00,1,Preparacion,Kevin Arce,7636,MULTIPALLET,MULTIPALLET,00:59:34,01:02:00,3574,3720,Fuera de Tiempo,70,47,0,00:00:00,0,Logico,"20050GR        ",20050GR - JABONERA GRAFITO LINEA PULSE   ,2,0,10/01/2026 06:24:03,IMP-9-20-1,88,42
25077399,10/01/2026 06:16:00,10/01/2026 07:18:00,1,Preparacion,Kevin Arce,7636,MULTIPALLET,MULTIPALLET,00:59:34,01:02:00,3574,3720,Fuera de Tiempo,70,47,0,00:00:00,0,Logico,"20-174         ",20-174 - COCINA MESADA MONOC. COLORS BLACK,2,0,10/01/2026 06:25:20,IMP-10-19-1,90,77
25077399,10/01/2026 06:16:00,10/01/2026 07:18:00,1,Preparacion,Kevin Arce,7636,MULTIPALLET,MULTIPALLET,00:59:34,01:02:00,3574,3720,Fuera de Tiempo,70,47,0,00:00:00,0,Logico,"20030GR        ",20030GR - PERCHA GRAFITO LINEA PULSE  ,2,0,10/01/2026 06:26:01,IMP-9-19-1,87,41
25077399,10/01/2026 06:16:00,10/01/2026 07:18:00,1,Preparacion,Kevin Arce,7636,MULTIPALLET,MULTIPALLET,00:59:34,01:02:00,3574,3720,Fuera de Tiempo,70,47,0,00:00:00,0,Logico,"20040GR        ",20040GR - PORTA ROLLO GRAFITO LINEA PULSE,2,0,10/01/2026 06:26:41,IMP-9-19-1,87,40
25077399,10/01/2026 06:16:00,10/01/2026 07:18:00,1,Preparacion,Kevin Arce,7636,MULTIPALLET,MULTIPALLET,00:59:34,01:02:00,3574,3720,Fuera de Tiempo,70,47,0,00:00:00,0,Logico,"21200          ",21200 - ESQUINERO ORGANIZADOR 19x19x7,1,0,10/01/2026 06:27:08,IMP-9-18-1,86,27
25077399,10/01/2026 06:16:00,10/01/2026 07:18:00,1,Preparacion,Kevin Arce,7636,MULTIPALLET,MULTIPALLET,00:59:34,01:02:00,3574,3720,Fuera de Tiempo,70,47,0,00:00:00,0,Logico,"20-168N        ",20-168N - MONOCOMANDO COCINA BLACK WAVE,2,0,10/01/2026 06:28:07,IMP-9-17-1,85,59
25077399,10/01/2026 06:16:00,10/01/2026 07:18:00,1,Preparacion,Kevin Arce,7636,MULTIPALLET,MULTIPALLET,00:59:34,01:02:00,3574,3720,Fuera de Tiempo,70,47,0,00:00:00,0,Logico,"20020GR        ",20020GR - TOALLERO DE ARO GRAFITO LINEA PULSE,2,0,10/01/2026 06:28:18,IMP-9-17-1,85,11
25077399,10/01/2026 06:16:00,10/01/2026 07:18:00,1,Preparacion,Kevin Arce,7636,MULTIPALLET,MULTIPALLET,00:59:34,01:02:00,3574,3720,Fuera de Tiempo,70,47,0,00:00:00,0,Logico,"60-200N        ",60-200N - LAVATORIO MONOC BAJO BLACK FABRIC,1,0,10/01/2026 06:29:58,IMP-10-10-1,99,100
25077399,10/01/2026 06:16:00,10/01/2026 07:18:00,1,Preparacion,Kevin Arce,7636,MULTIPALLET,MULTIPALLET,00:59:34,01:02:00,3574,3720,Fuera de Tiempo,70,47,0,00:00:00,0,Logico,"61-200N        ",61-200N - LAVATORIO MONOC ALTO FABRIC BLACK,1,0,10/01/2026 06:30:22,IMP-10-9-1,100,24
25077399,10/01/2026 06:16:00,10/01/2026 07:18:00,1,Preparacion,Kevin Arce,7636,MULTIPALLET,MULTIPALLET,00:59:34,01:02:00,3574,3720,Fuera de Tiempo,70,47,0,00:00:00,0,Logico,"17060G         ",17060G - PORTA VASO Y CEPILLO  LINEA FABRIC GOLD,1,0,10/01/2026 06:32:23,IMP-10-7-1,102,121
25077399,10/01/2026 06:16:00,10/01/2026 07:18:00,1,Preparacion,Kevin Arce,7636,MULTIPALLET,MULTIPALLET,00:59:34,01:02:00,3574,3720,Fuera de Tiempo,70,47,0,00:00:00,0,Logico,"03-010         ","LAVATORIO ALTO TEMPORIZADO TECNO                                      ",3,0,10/01/2026 06:33:21,IMP-10-4-1,106,58
25077399,10/01/2026 06:16:00,10/01/2026 07:18:00,1,Preparacion,Kevin Arce,7636,MULTIPALLET,MULTIPALLET,00:59:34,01:02:00,3574,3720,Fuera de Tiempo,70,47,0,00:00:00,0,Logico,"01-010         ","VALVULA P/MINGITORIO TEMPORIZADA TECNO                                ",1,0,10/01/2026 06:33:40,IMP-10-3-1,107,19
25077399,10/01/2026 06:16:00,10/01/2026 07:18:00,1,Preparacion,Kevin Arce,7636,MULTIPALLET,MULTIPALLET,00:59:34,01:02:00,3574,3720,Fuera de Tiempo,70,47,0,00:00:00,0,Logico,"04-010         ","LAVATORIO DE PARED TEMPORIZADO TECNO                                  ",1,0,10/01/2026 06:34:07,IMP-10-3-1,107,27
25077399,10/01/2026 06:16:00,10/01/2026 07:18:00,1,Preparacion,Kevin Arce,7636,MULTIPALLET,MULTIPALLET,00:59:34,01:02:00,3574,3720,Fuera de Tiempo,70,47,0,00:00:00,0,Logico,"17050G         ",17050G - JABONERA  LINEA FABRIC GOLD,1,0,10/01/2026 06:34:41,IMP-10-1-1,109,34
25077399,10/01/2026 06:16:00,10/01/2026 07:18:00,1,Preparacion,Kevin Arce,7636,MULTIPALLET,MULTIPALLET,00:59:34,01:02:00,3574,3720,Fuera de Tiempo,70,47,0,00:00:00,0,Logico,"17010G         ",17010G - TOALLERO BARRAL LINEA FABRIC GOLD,1,0,10/01/2026 06:35:53,IMP-11-1-1,110,72
25077399,10/01/2026 06:16:00,10/01/2026 07:18:00,1,Preparacion,Kevin Arce,7636,MULTIPALLET,MULTIPALLET,00:59:34,01:02:00,3574,3720,Fuera de Tiempo,70,47,0,00:00:00,0,Logico,"17020G         ",17020G - TOALLERO DE ARO LINEA FABRIC GOLD,1,0,10/01/2026 06:36:02,IMP-11-1-1,110,9
25077399,10/01/2026 06:16:00,10/01/2026 07:18:00,1,Preparacion,Kevin Arce,7636,MULTIPALLET,MULTIPALLET,00:59:34,01:02:00,3574,3720,Fuera de Tiempo,70,47,0,00:00:00,0,Logico,"05-010         ","LAVATORIO BAJO TEMPORIZADO TECNO                                      ",3,0,10/01/2026 06:37:01,IMP-12-1-1,149,59
25077399,10/01/2026 06:16:00,10/01/2026 07:18:00,1,Preparacion,Kevin Arce,7636,MULTIPALLET,MULTIPALLET,00:59:34,01:02:00,3574,3720,Fuera de Tiempo,70,47,0,00:00:00,0,Logico,"16006BL        ",16006BL - SET 6 PIEZAS ACCESORIOS LINEA 16000 BLACK,1,0,10/01/2026 06:37:34,IMP-12-2-1,148,33
25077399,10/01/2026 06:16:00,10/01/2026 07:18:00,1,Preparacion,Kevin Arce,7636,MULTIPALLET,MULTIPALLET,00:59:34,01:02:00,3574,3720,Fuera de Tiempo,70,47,0,00:00:00,0,Logico,"84-203         ","DUCHA EXT C/COLUMNA Y TRANSF CR ADRA                                  ",1,0,10/01/2026 06:40:31,IMP-11-6-1,115,177
25077399,10/01/2026 06:16:00,10/01/2026 07:18:00,1,Preparacion,Kevin Arce,7636,MULTIPALLET,MULTIPALLET,00:59:34,01:02:00,3574,3720,Fuera de Tiempo,70,47,0,00:00:00,0,Logico,"21100N         ",21100N - ESTANTE ORGANIZADOR RECTANGULAR BLACK 25x12x7,1,0,10/01/2026 06:42:34,IMP-12-11-1,139,123
25077399,10/01/2026 06:16:00,10/01/2026 07:18:00,1,Preparacion,Kevin Arce,7636,MULTIPALLET,MULTIPALLET,00:59:34,01:02:00,3574,3720,Fuera de Tiempo,70,47,0,00:00:00,0,Logico,"61-176         ",61-176 - LAVATORIO MONOC ALTO CR RIO,1,0,10/01/2026 06:44:35,IMP-12-12-1,138,121
25077399,10/01/2026 06:16:00,10/01/2026 07:18:00,1,Preparacion,Kevin Arce,7636,MULTIPALLET,MULTIPALLET,00:59:34,01:02:00,3574,3720,Fuera de Tiempo,70,47,0,00:00:00,0,Logico,"60-176         ","LAVATORIO MONOCOMANDO BAJO CR RIO                                     ",1,0,10/01/2026 06:46:51,IMP-12-13-1,137,136
25077399,10/01/2026 06:16:00,10/01/2026 07:18:00,1,Preparacion,Kevin Arce,7636,MULTIPALLET,MULTIPALLET,00:59:34,01:02:00,3574,3720,Fuera de Tiempo,70,47,0,00:00:00,0,Logico,"80-176         ",80-176 - DUCHA EMB C/TRANSF MONOC CR RIO,1,0,10/01/2026 06:46:59,IMP-12-13-1,137,8
25077399,10/01/2026 06:16:00,10/01/2026 07:18:00,1,Preparacion,Kevin Arce,7636,MULTIPALLET,MULTIPALLET,00:59:34,01:02:00,3574,3720,Fuera de Tiempo,70,47,0,00:00:00,0,Logico,"60-176N        ","LAVATORIO MONOCOMANDO BAJO BLACK RIO                                  ",2,0,10/01/2026 06:48:59,IMP-11-13-1,122,120
25077399,10/01/2026 06:16:00,10/01/2026 07:18:00,1,Preparacion,Kevin Arce,7636,MULTIPALLET,MULTIPALLET,00:59:34,01:02:00,3574,3720,Fuera de Tiempo,70,47,0,00:00:00,0,Logico,"61-176N        ",61-176N - LAVATORIO MONOC ALTO BLACK RIO,3,0,10/01/2026 06:49:19,IMP-11-13-1,122,20
25077399,10/01/2026 06:16:00,10/01/2026 07:18:00,1,Preparacion,Kevin Arce,7636,MULTIPALLET,MULTIPALLET,00:59:34,01:02:00,3574,3720,Fuera de Tiempo,70,47,0,00:00:00,0,Logico,"83-176N        ",83-176N - DUCHA EXT. C/TRANSF. MONOC BLACK RIO,2,0,10/01/2026 06:51:20,IMP-12-14-1,136,121
25077399,10/01/2026 06:16:00,10/01/2026 07:18:00,1,Preparacion,Kevin Arce,7636,MULTIPALLET,MULTIPALLET,00:59:34,01:02:00,3574,3720,Fuera de Tiempo,70,47,0,00:00:00,0,Logico,"18060          ",18060 - PORTA VASO Y CEPILLO NIQUEL LINEA BEAT,1,0,10/01/2026 06:52:12,IMP-11-15-1,124,52
25077399,10/01/2026 06:16:00,10/01/2026 07:18:00,1,Preparacion,Kevin Arce,7636,MULTIPALLET,MULTIPALLET,00:59:34,01:02:00,3574,3720,Fuera de Tiempo,70,47,0,00:00:00,0,Logico,"18050          ",18050 - JABONERA NIQUEL LINEA BEAT,1,0,10/01/2026 06:52:29,IMP-11-15-1,124,17
25077399,10/01/2026 06:16:00,10/01/2026 07:18:00,1,Preparacion,Kevin Arce,7636,MULTIPALLET,MULTIPALLET,00:59:34,01:02:00,3574,3720,Fuera de Tiempo,70,47,0,00:00:00,0,Logico,"18040          ",18040 - PORTA ROLLO NIQUEL LINEA BEAT,1,0,10/01/2026 06:53:44,IMP-11-16-1,125,75
25077399,10/01/2026 06:16:00,10/01/2026 07:18:00,1,Preparacion,Kevin Arce,7636,MULTIPALLET,MULTIPALLET,00:59:34,01:02:00,3574,3720,Fuera de Tiempo,70,47,0,00:00:00,0,Logico,"60-192         ",60-192 - LAVATORIO BAJO SORIA BLACK,1,0,10/01/2026 06:55:08,IMP-12-17-1,133,84
25077399,10/01/2026 06:16:00,10/01/2026 07:18:00,1,Preparacion,Kevin Arce,7636,MULTIPALLET,MULTIPALLET,00:59:34,01:02:00,3574,3720,Fuera de Tiempo,70,47,0,00:00:00,0,Logico,"18020          ",18020 - TOALLERO DE ARO NIQUEL LINEA BEAT,1,0,10/01/2026 06:56:18,IMP-11-17-1,126,70
25077399,10/01/2026 06:16:00,10/01/2026 07:18:00,1,Preparacion,Kevin Arce,7636,MULTIPALLET,MULTIPALLET,00:59:34,01:02:00,3574,3720,Fuera de Tiempo,70,47,0,00:00:00,0,Logico,"18010          ",18010 - TOALLERO BARRAL NIQUEL LINEA BEAT,1,0,10/01/2026 06:56:45,IMP-11-17-1,126,27
25077399,10/01/2026 06:16:00,10/01/2026 07:18:00,1,Preparacion,Kevin Arce,7636,MULTIPALLET,MULTIPALLET,00:59:34,01:02:00,3574,3720,Fuera de Tiempo,70,47,0,00:00:00,0,Logico,"19006          ",19006 - SET DE 6 PIEZAS LINEA 19000,3,0,10/01/2026 06:59:25,IMP-13-19-1,168,160
25077399,10/01/2026 06:16:00,10/01/2026 07:18:00,1,Preparacion,Kevin Arce,7636,MULTIPALLET,MULTIPALLET,00:59:34,01:02:00,3574,3720,Fuera de Tiempo,70,47,0,00:00:00,0,Logico,"10006CR        ","SET DE 6 PIEZAS LINEA 10000 MINIMALISTA                               ",1,0,10/01/2026 07:01:49,IMP-13-18-1,167,144
25077399,10/01/2026 06:16:00,10/01/2026 07:18:00,1,Preparacion,Kevin Arce,7636,MULTIPALLET,MULTIPALLET,00:59:34,01:02:00,3574,3720,Fuera de Tiempo,70,47,0,00:00:00,0,Logico,"22-178         ",22-178 - MONOCOMANDO DE COCINA P/AGUA FILTRADA VITA,1,0,10/01/2026 07:03:38,IMP-13-16-1,165,109
25077399,10/01/2026 06:16:00,10/01/2026 07:18:00,1,Preparacion,Kevin Arce,7636,MULTIPALLET,MULTIPALLET,00:59:34,01:02:00,3574,3720,Fuera de Tiempo,70,47,0,00:00:00,0,Logico,"60-133         ",60-133 - LAVATORIO MONOCOMANDO LUGO,1,0,10/01/2026 07:04:47,IMP-14-11-1,170,69
25077399,10/01/2026 06:16:00,10/01/2026 07:18:00,1,Preparacion,Kevin Arce,7636,MULTIPALLET,MULTIPALLET,00:59:34,01:02:00,3574,3720,Fuera de Tiempo,70,47,0,00:00:00,0,Logico,"83-133         ",83-133 - DUCHA EXT. C/TRANSF. MONOCOMANDO LUGO,1,0,10/01/2026 07:06:01,IMP-14-10-1,171,74
25077399,10/01/2026 06:16:00,10/01/2026 07:18:00,1,Preparacion,Kevin Arce,7636,MULTIPALLET,MULTIPALLET,00:59:34,01:02:00,3574,3720,Fuera de Tiempo,70,47,0,00:00:00,0,Logico,"12006          ","SET DE 6 PIEZAS LINEA 12000                                           ",1,0,10/01/2026 07:07:09,IMP-13-12-1,161,68
25077399,10/01/2026 06:16:00,10/01/2026 07:18:00,1,Preparacion,Kevin Arce,7636,MULTIPALLET,MULTIPALLET,00:59:34,01:02:00,3574,3720,Fuera de Tiempo,70,47,0,00:00:00,0,Logico,"20-160         ",20-160 - MONOCOMANDO MESADA COCINA DIQUE,2,0,10/01/2026 07:09:05,IMP-13-10-1,159,116
25077399,10/01/2026 06:16:00,10/01/2026 07:18:00,1,Preparacion,Kevin Arce,7636,MULTIPALLET,MULTIPALLET,00:59:34,01:02:00,3574,3720,Fuera de Tiempo,70,47,0,00:00:00,0,Logico,"20-162         ",20-162 - MONOCOMANDO COCINA ADRA,2,0,10/01/2026 07:09:44,IMP-14-8-1,173,39
25077399,10/01/2026 06:16:00,10/01/2026 07:18:00,1,Preparacion,Kevin Arce,7636,MULTIPALLET,MULTIPALLET,00:59:34,01:02:00,3574,3720,Fuera de Tiempo,70,47,0,00:00:00,0,Logico,"20-146N        ",20-146N - MONOCOMANDO DE COCINA BLACK LINEA MOVE,3,0,10/01/2026 07:10:34,IMP-13-8-1,157,50
25077399,10/01/2026 06:16:00,10/01/2026 07:18:00,1,Preparacion,Kevin Arce,7636,MULTIPALLET,MULTIPALLET,00:59:34,01:02:00,3574,3720,Fuera de Tiempo,70,47,0,00:00:00,0,Logico,"17040G         ",17040G - PORTA ROLLO LINEA FABRIC GOLD,1,0,10/01/2026 07:12:21,IMP-14-7-1,174,107
25077399,10/01/2026 06:16:00,10/01/2026 07:18:00,1,Preparacion,Kevin Arce,7636,MULTIPALLET,MULTIPALLET,00:59:34,01:02:00,3574,3720,Fuera de Tiempo,70,47,0,00:00:00,0,Logico,"22004          ","SET DE 4 PIEZAS LINEA 22000                                           ",1,0,10/01/2026 07:13:56,IMP-14-3-1,178,95
25077399,10/01/2026 06:16:00,10/01/2026 07:18:00,1,Preparacion,Kevin Arce,7636,MULTIPALLET,MULTIPALLET,00:59:34,01:02:00,3574,3720,Fuera de Tiempo,70,47,0,00:00:00,0,Logico,"20010GR        ",20010GR - TOALLERO BARRAL GRAFITO LINEA PULSE  ,2,0,10/01/2026 07:15:22,IMP-15-2-1,182,86
25077399,10/01/2026 06:16:00,10/01/2026 07:18:00,1,Preparacion,Kevin Arce,7636,MULTIPALLET,MULTIPALLET,00:59:34,01:02:00,3574,3720,Fuera de Tiempo,70,47,0,00:00:00,0,Logico,"20-134         ",20-134 - MONOCOMANDO COCINA BETIS,2,0,10/01/2026 07:16:57,IMP-15-9-1,189,95
25077399,10/01/2026 06:16:00,10/01/2026 07:18:00,1,Preparacion,Kevin Arce,7636,MULTIPALLET,MULTIPALLET,00:59:34,01:02:00,3574,3720,Fuera de Tiempo,70,47,0,00:00:00,0,Logico,"17030G         ",17030G - PERCHA LINEA FABRIC GOLD,1,0,10/01/2026 07:17:43,IMP-15-11-1,191,46
25077447,10/01/2026 06:19:00,10/01/2026 06:22:00,1,Reposicion,Emmanuel Trias,6413,CARRO MULTIPLE 9,APILADORA,00:08:58,00:03:16,538,196,En Tiempo,47,1,0,00:00:05,5,Logico,"RA1268NI       ","CAMPANA LAVATORIO / DUCHA FABRIC NICKEL                               ",47,0,10/01/2026 06:21:46,IMP-20-26-1,,0
25077475,10/01/2026 06:22:00,10/01/2026 06:26:00,1,Preparacion,Claudio Juarez,7839,CARRO MULTIPLE 9,CARRO MULTIPLE 9,00:07:26,00:04:36,446,276,En Tiempo,5,5,0,00:06:36,396,Excedido,"D439           ",D439 - KIT DE DUCHA MANUAL,1,0,10/01/2026 06:23:06,NAC-18-13-2,497,0
25077475,10/01/2026 06:22:00,10/01/2026 06:26:00,1,Preparacion,Claudio Juarez,7839,CARRO MULTIPLE 9,CARRO MULTIPLE 9,00:07:26,00:04:36,446,276,En Tiempo,5,5,0,00:06:36,396,Excedido,"60-203N        ","LAVATORIO MONOCOMANDO BAJO ADRA BLACK                                 ",1,0,10/01/2026 06:24:03,NAC-15-19-2,535,57
25077475,10/01/2026 06:22:00,10/01/2026 06:26:00,1,Preparacion,Claudio Juarez,7839,CARRO MULTIPLE 9,CARRO MULTIPLE 9,00:07:26,00:04:36,446,276,En Tiempo,5,5,0,00:06:36,396,Excedido,"61-203N        ","LAVATORIO MONOCOMANDO ALTO ADRA BLACK                                 ",1,0,10/01/2026 06:24:14,NAC-15-19-2,535,11
25077475,10/01/2026 06:22:00,10/01/2026 06:26:00,1,Preparacion,Claudio Juarez,7839,CARRO MULTIPLE 9,CARRO MULTIPLE 9,00:07:26,00:04:36,446,276,En Tiempo,5,5,0,00:06:36,396,Excedido,"80-200N        ",80-200N - DUCHA EMB. MONOC. 3 FUNCIONES BLACK FABRIC,1,0,10/01/2026 06:25:08,NAC-14-12-2,565,54
25077475,10/01/2026 06:22:00,10/01/2026 06:26:00,1,Preparacion,Claudio Juarez,7839,CARRO MULTIPLE 9,CARRO MULTIPLE 9,00:07:26,00:04:36,446,276,En Tiempo,5,5,0,00:06:36,396,Excedido,"85-168N        ",85-168N - DUCHA MONOC C/TRANSF Y DUCHADOR BLACK WAVE,1,0,10/01/2026 06:26:24,NAC-18-10-1,9999,76
25077477,10/01/2026 06:22:00,10/01/2026 06:23:00,1,Reposicion,Emmanuel Trias,6413,CARRO MULTIPLE 9,APILADORA,00:09:03,00:01:30,543,90,En Tiempo,50,1,0,00:00:03,3,Logico,"RS704-1C       ","VOLANTE MONOC LAV DE EMB CR  MARBELLA, SANTANDER                      ",50,0,10/01/2026 06:23:19,,131,0
25077486,10/01/2026 06:23:00,10/01/2026 06:26:00,1,Reposicion,Emmanuel Trias,6413,CARRO MULTIPLE 9,APILADORA,00:10:21,00:02:25,621,145,En Tiempo,100,1,0,00:00:02,2,Logico,"RA002          ",RA002 - CABEZAL DERECHO CIERRE CERAMICO (FRIA),100,0,10/01/2026 06:25:46,,172,0
25077508,10/01/2026 06:26:00,10/01/2026 06:28:00,1,Reposicion,Emmanuel Trias,6413,CARRO MULTIPLE 9,APILADORA,00:08:58,00:02:00,538,120,En Tiempo,50,1,0,00:00:07,7,Logico,"RA1012         ",RA1012 - GOMA CONICA P/TRANSFERENCIA BIDET,50,0,10/01/2026 06:27:53,IMP-20-51-5,,0
25077536,10/01/2026 06:28:00,10/01/2026 06:32:00,1,Reposicion,Emmanuel Trias,6413,CARRO MULTIPLE 9,APILADORA,00:07:36,00:03:27,456,207,En Tiempo,17,1,0,00:00:18,18,Logico,"RA835          ",RA835 - PICO FUNDIDO MESADA STD C/AIREADOR CR,17,0,10/01/2026 06:31:38,IMP-20-4-3,,0
25077574,10/01/2026 06:30:00,10/01/2026 06:44:00,1,Preparacion,Claudio Juarez,7839,MULTIPALLET,MULTIPALLET,00:21:04,00:13:58,1264,838,En Tiempo,30,12,0,00:03:42,222,Logico,"17030G         ",17030G - PERCHA LINEA FABRIC GOLD,4,0,10/01/2026 06:32:59,IMP-15-11-1,191,0
25077574,10/01/2026 06:30:00,10/01/2026 06:44:00,1,Preparacion,Claudio Juarez,7839,MULTIPALLET,MULTIPALLET,00:21:04,00:13:58,1264,838,En Tiempo,30,12,0,00:03:42,222,Logico,"22-178         ",22-178 - MONOCOMANDO DE COCINA P/AGUA FILTRADA VITA,3,0,10/01/2026 06:33:54,IMP-13-16-1,165,55
25077574,10/01/2026 06:30:00,10/01/2026 06:44:00,1,Preparacion,Claudio Juarez,7839,MULTIPALLET,MULTIPALLET,00:21:04,00:13:58,1264,838,En Tiempo,30,12,0,00:03:42,222,Logico,"20-150         ",20-150 - MONOCOMANDO MESADA COCINA TOLEDO,6,0,10/01/2026 06:35:32,IMP-12-20-1,130,98
25077574,10/01/2026 06:30:00,10/01/2026 06:44:00,1,Preparacion,Claudio Juarez,7839,MULTIPALLET,MULTIPALLET,00:21:04,00:13:58,1264,838,En Tiempo,30,12,0,00:03:42,222,Logico,"70-192         ",70-192 - BIDE SORIA BLACK,1,0,10/01/2026 06:35:51,IMP-12-19-1,131,19
25077574,10/01/2026 06:30:00,10/01/2026 06:44:00,1,Preparacion,Claudio Juarez,7839,MULTIPALLET,MULTIPALLET,00:21:04,00:13:58,1264,838,En Tiempo,30,12,0,00:03:42,222,Logico,"61-192         ",61-192 - LAVATORIO ALTO SORIA BLACK,1,0,10/01/2026 06:36:13,IMP-12-18-1,132,22
25077574,10/01/2026 06:30:00,10/01/2026 06:44:00,1,Preparacion,Claudio Juarez,7839,MULTIPALLET,MULTIPALLET,00:21:04,00:13:58,1264,838,En Tiempo,30,12,0,00:03:42,222,Logico,"22-178N        ",22-178N - MONOCOMANDO DE COCINA P/AGUA FILTRADA VITA BLACK,2,0,10/01/2026 06:37:24,IMP-11-12-1,121,71
25077574,10/01/2026 06:30:00,10/01/2026 06:44:00,1,Preparacion,Claudio Juarez,7839,MULTIPALLET,MULTIPALLET,00:21:04,00:13:58,1264,838,En Tiempo,30,12,0,00:03:42,222,Logico,"60-200G        ",60-200G - LAVATORIO MONOC BAJO GOLD FABRIC,2,0,10/01/2026 06:38:40,IMP-11-9-1,118,76
25077574,10/01/2026 06:30:00,10/01/2026 06:44:00,1,Preparacion,Claudio Juarez,7839,MULTIPALLET,MULTIPALLET,00:21:04,00:13:58,1264,838,En Tiempo,30,12,0,00:03:42,222,Logico,"61-200N        ",61-200N - LAVATORIO MONOC ALTO FABRIC BLACK,1,0,10/01/2026 06:39:42,IMP-10-9-1,100,62
25077574,10/01/2026 06:30:00,10/01/2026 06:44:00,1,Preparacion,Claudio Juarez,7839,MULTIPALLET,MULTIPALLET,00:21:04,00:13:58,1264,838,En Tiempo,30,12,0,00:03:42,222,Logico,"70-200N        ",70-200N - BIDE MONOCOMANDO BLACK FABRIC,1,0,10/01/2026 06:40:11,IMP-10-9-1,100,29
25077574,10/01/2026 06:30:00,10/01/2026 06:44:00,1,Preparacion,Claudio Juarez,7839,MULTIPALLET,MULTIPALLET,00:21:04,00:13:58,1264,838,En Tiempo,30,12,0,00:03:42,222,Logico,"20-140         ",20-140 - MONOCOMANDO DE COCINA LINEA CUINA,5,0,10/01/2026 06:40:46,IMP-10-5-1,105,35
25077574,10/01/2026 06:30:00,10/01/2026 06:44:00,1,Preparacion,Claudio Juarez,7839,MULTIPALLET,MULTIPALLET,00:21:04,00:13:58,1264,838,En Tiempo,30,12,0,00:03:42,222,Logico,"20-172         ",20-172 - COCINA MESADA MONOC. COLORS NEGRO,2,0,10/01/2026 06:43:04,IMP-10-16-1,93,138
25077574,10/01/2026 06:30:00,10/01/2026 06:44:00,1,Preparacion,Claudio Juarez,7839,MULTIPALLET,MULTIPALLET,00:21:04,00:13:58,1264,838,En Tiempo,30,12,0,00:03:42,222,Logico,"16010BL        ",16010BL - TOALLERO BARRAL LINEA 16000 BLACK,2,0,10/01/2026 06:44:04,IMP-7-16-1,45,60
25077592,10/01/2026 06:32:00,10/01/2026 06:33:00,1,Reposicion,Emmanuel Trias,6413,CARRO MULTIPLE 9,APILADORA,00:06:52,00:01:30,412,90,En Tiempo,25,1,0,00:00:03,3,Logico,"RU878          ",RU878 - VIDRIO JABONERA REDONADA REPUESTO,25,0,10/01/2026 06:33:11,,159,0
25077614,10/01/2026 06:33:00,10/01/2026 06:35:00,1,Reposicion,Emmanuel Trias,6413,CARRO MULTIPLE 9,APILADORA,00:06:52,00:01:35,412,95,En Tiempo,25,1,0,00:00:02,2,Logico,"RU878          ",RU878 - VIDRIO JABONERA REDONADA REPUESTO,25,0,10/01/2026 06:34:48,IMP-20-32-5,,0
25077640,10/01/2026 06:35:00,10/01/2026 06:37:00,1,Reposicion,Emmanuel Trias,6413,CARRO MULTIPLE 9,APILADORA,00:05:18,00:02:36,318,156,En Tiempo,5,1,0,00:00:05,5,Logico,"403            ",403 - DUCHA EXT. C/TRANSF.CR DIQUE,5,0,10/01/2026 06:37:29,NAC-18-8-1,,0
25077662,10/01/2026 06:36:00,10/01/2026 06:37:00,1,Preparacion,Gaston Alejandro Kiriczuk,6409,CARRO MULTIPLE 9,CARRO MULTIPLE 9,00:02:39,00:00:57,159,57,En Tiempo,1,1,0,00:00:00,0,Logico,"20-122N        ",20-122N - MONOCOMANDO COCINA C/PICO EXTRAIBLE VALENCIA BLACK,1,0,10/01/2026 06:37:01,IMP-13-14-1,163,0
25077690,10/01/2026 06:38:00,10/01/2026 06:46:00,1,Preparacion,Gaston Alejandro Kiriczuk,6409,CARRO MULTIPLE 9,CARRO MULTIPLE 9,00:03:07,00:08:15,187,495,Fuera de Tiempo,2,2,0,00:00:42,42,Logico,"INO104NV-1     ","INODORO BLACK C/ASIENTO LINEA STONE L-2024                            ",1,0,10/01/2026 06:45:23,PAS-3-6-1,9999,0
25077690,10/01/2026 06:38:00,10/01/2026 06:46:00,1,Preparacion,Gaston Alejandro Kiriczuk,6409,CARRO MULTIPLE 9,CARRO MULTIPLE 9,00:03:07,00:08:15,187,495,Fuera de Tiempo,2,2,0,00:00:42,42,Logico,"INO104NV-2     ","DEPOSITO C/DESCARGA DUAL BLACK LINEA STONE L-2024                     ",1,0,10/01/2026 06:45:58,PAS-2-4-1,9999,35
25077694,10/01/2026 06:38:00,10/01/2026 06:43:00,1,Reposicion,Emmanuel Trias,6413,MULTIPALLET,APILADORA,00:13:13,00:05:13,793,313,En Tiempo,300,1,0,00:00:26,26,Logico,"54-203         ","COCINA PARED EXT C.CERAM ADRA MONOCOMANDO                             ",300,0,10/01/2026 06:43:08,IMP-15-8-1,,0
25077788,10/01/2026 06:42:00,10/01/2026 06:47:00,3,Preparacion,Javier Lescano,6867,CARRO MULTIPLE 9,CARRO MULTIPLE 9,00:14:18,00:05:27,858,327,En Tiempo,6,4,0,00:00:00,0,Logico,"BCH07          ",BCH07 - BACHA DE APOYAR OVALADA 400x330x150,2,0,10/01/2026 06:44:10,SAN-16-10-1,193,0
25077788,10/01/2026 06:42:00,10/01/2026 06:47:00,3,Preparacion,Javier Lescano,6867,CARRO MULTIPLE 9,CARRO MULTIPLE 9,00:14:18,00:05:27,858,327,En Tiempo,6,4,0,00:00:00,0,Logico,"BCH01          ",BCH01 - BACHA DE APOYAR CIRCULAR 320x145,2,0,10/01/2026 06:44:53,SAN-16-8-1,195,43
25077788,10/01/2026 06:42:00,10/01/2026 06:47:00,3,Preparacion,Javier Lescano,6867,CARRO MULTIPLE 9,CARRO MULTIPLE 9,00:14:18,00:05:27,858,327,En Tiempo,6,4,0,00:00:00,0,Logico,"BCH05          ",BCH05 - BACHA DE APOYAR CUADRADA 370x370x130,1,0,10/01/2026 06:46:14,SAN-17-8-1,210,81
25077788,10/01/2026 06:42:00,10/01/2026 06:47:00,3,Preparacion,Javier Lescano,6867,CARRO MULTIPLE 9,CARRO MULTIPLE 9,00:14:18,00:05:27,858,327,En Tiempo,6,4,0,00:00:00,0,Logico,"BAI01N         ",BAI01N - BACHA EMB COCINA C/ACCESORIOS 750x450x220 BLACK GUN BRUSHED,1,0,10/01/2026 06:46:59,SAN-17-6-1,208,45
25077978,10/01/2026 06:44:00,10/01/2026 06:56:00,1,Reposicion,Emmanuel Trias,6413,CARRO MULTIPLE 9,APILADORA,00:04:35,00:12:05,275,725,Fuera de Tiempo,3,1,0,00:01:02,62,Logico,"70-194         ",70-194 - BIDE CR C.CERAM LINEA LARA,3,0,10/01/2026 06:56:15,NAC-19-19-1,,0
25078056,10/01/2026 06:50:00,10/01/2026 06:54:00,1,Preparacion,Claudio Juarez,7839,MULTIPALLET,MULTIPALLET,00:11:19,00:04:30,679,270,En Tiempo,5,3,0,00:05:53,353,Excedido,"BAI01N         ",BAI01N - BACHA EMB COCINA C/ACCESORIOS 750x450x220 BLACK GUN BRUSHED,1,0,10/01/2026 06:52:40,SAN-17-6-1,208,0
25078056,10/01/2026 06:50:00,10/01/2026 06:54:00,1,Preparacion,Claudio Juarez,7839,MULTIPALLET,MULTIPALLET,00:11:19,00:04:30,679,270,En Tiempo,5,3,0,00:05:53,353,Excedido,"BCH12          ",BCH12 - BACHA DE APOYAR BLANCA 460x320x140,2,0,10/01/2026 06:53:16,SAN-16-9-1,194,36
25078056,10/01/2026 06:50:00,10/01/2026 06:54:00,1,Preparacion,Claudio Juarez,7839,MULTIPALLET,MULTIPALLET,00:11:19,00:04:30,679,270,En Tiempo,5,3,0,00:05:53,353,Excedido,"BCH10          ",BCH10 - BACHA DE APOYAR NEGRO MATE 460x320x140,2,0,10/01/2026 06:54:27,SAN-16-6-1,197,71
25078063,10/01/2026 06:51:00,10/01/2026 07:03:00,1,Preparacion,Javier Lescano,6867,CARRO MULTIPLE 3,MULTIPALLET,00:20:44,00:12:23,1244,743,En Tiempo,39,10,0,00:00:00,0,Logico,"1340           ","QUEINOX MACHO MOVIL MH 1/2"" x 40                                      ",20,0,10/01/2026 06:53:11,IMP-7-8-1,37,0
25078063,10/01/2026 06:51:00,10/01/2026 07:03:00,1,Preparacion,Javier Lescano,6867,CARRO MULTIPLE 3,MULTIPALLET,00:20:44,00:12:23,1244,743,En Tiempo,39,10,0,00:00:00,0,Logico,"11030          ","PERCHA LINEA 11000                                                    ",2,0,10/01/2026 06:53:48,IMP-7-14-1,43,37
25078063,10/01/2026 06:51:00,10/01/2026 07:03:00,1,Preparacion,Javier Lescano,6867,CARRO MULTIPLE 3,MULTIPALLET,00:20:44,00:12:23,1244,743,En Tiempo,39,10,0,00:00:00,0,Logico,"80-203         ",80-203 - DUCHA EMB C/TRANSF. MONOCOMANDO ADRA,1,0,10/01/2026 06:54:43,IMP-12-2-1,148,55
25078063,10/01/2026 06:51:00,10/01/2026 07:03:00,1,Preparacion,Javier Lescano,6867,CARRO MULTIPLE 3,MULTIPALLET,00:20:44,00:12:23,1244,743,En Tiempo,39,10,0,00:00:00,0,Logico,"80-152         ",80-152 - DUCHA EMB. CR C/TRANSF. MONOCOMANDO SORIA,1,0,10/01/2026 06:56:02,IMP-12-17-1,133,79
25078063,10/01/2026 06:51:00,10/01/2026 07:03:00,1,Preparacion,Javier Lescano,6867,CARRO MULTIPLE 3,MULTIPALLET,00:20:44,00:12:23,1244,743,En Tiempo,39,10,0,00:00:00,0,Logico,"63-192         ",63-192 - LAVATORIO PARED EMBUTIR MONOCOMANDO SORIA BLACK,2,0,10/01/2026 06:56:29,IMP-12-18-1,132,27
25078063,10/01/2026 06:51:00,10/01/2026 07:03:00,1,Preparacion,Javier Lescano,6867,CARRO MULTIPLE 3,MULTIPALLET,00:20:44,00:12:23,1244,743,En Tiempo,39,10,0,00:00:00,0,Logico,"80-192         ",80-192 - DUCHA EMB. C/TRANSF. SORIA BLACK,3,0,10/01/2026 06:57:52,IMP-12-19-1,131,83
25078063,10/01/2026 06:51:00,10/01/2026 07:03:00,1,Preparacion,Javier Lescano,6867,CARRO MULTIPLE 3,MULTIPALLET,00:20:44,00:12:23,1244,743,En Tiempo,39,10,0,00:00:00,0,Logico,"11006          ","SET DE 6 PIEZAS LINEA 11000                                           ",2,0,10/01/2026 06:58:57,IMP-13-15-1,164,65
25078063,10/01/2026 06:51:00,10/01/2026 07:03:00,1,Preparacion,Javier Lescano,6867,CARRO MULTIPLE 3,MULTIPALLET,00:20:44,00:12:23,1244,743,En Tiempo,39,10,0,00:00:00,0,Logico,"20-162         ",20-162 - MONOCOMANDO COCINA ADRA,3,0,10/01/2026 07:00:27,IMP-14-8-1,173,90
25078063,10/01/2026 06:51:00,10/01/2026 07:03:00,1,Preparacion,Javier Lescano,6867,CARRO MULTIPLE 3,MULTIPALLET,00:20:44,00:12:23,1244,743,En Tiempo,39,10,0,00:00:00,0,Logico,"70-203         ",70-203 - BIDE MONOCOMANDO ADRA,3,0,10/01/2026 07:01:03,IMP-14-5-1,176,36
25078063,10/01/2026 06:51:00,10/01/2026 07:03:00,1,Preparacion,Javier Lescano,6867,CARRO MULTIPLE 3,MULTIPALLET,00:20:44,00:12:23,1244,743,En Tiempo,39,10,0,00:00:00,0,Logico,"54-203         ","COCINA PARED EXT C.CERAM ADRA MONOCOMANDO                             ",2,0,10/01/2026 07:02:59,IMP-15-8-1,188,116
25078148,10/01/2026 06:56:00,10/01/2026 07:10:00,1,Reposicion,Andres Cejas,6417,MULTIPALLET,APILADORA,00:11:02,00:13:30,662,810,Fuera de Tiempo,60,1,0,00:00:00,0,Logico,"20-140         ",20-140 - MONOCOMANDO DE COCINA LINEA CUINA,60,0,10/01/2026 07:09:42,IMP-10-5-1,,0
25078180,10/01/2026 06:58:00,10/01/2026 08:40:00,1,Preparacion,Emmanuel Trias,6413,MULTIPALLET,MULTIPALLET,00:29:55,01:41:42,1795,6102,Fuera de Tiempo,14494,8,0,00:00:00,0,Logico,"A1401G         ",A1401G - CAÑO FLOR DUCHA GOLD 400 mm C/CAMPANA CUADRADA,432,0,10/01/2026 07:06:54,ALM-16-4-2,9999,0
25078180,10/01/2026 06:58:00,10/01/2026 08:40:00,1,Preparacion,Emmanuel Trias,6413,MULTIPALLET,MULTIPALLET,00:29:55,01:41:42,1795,6102,Fuera de Tiempo,14494,8,0,00:00:00,0,Logico,"A1401G         ",A1401G - CAÑO FLOR DUCHA GOLD 400 mm C/CAMPANA CUADRADA,318,0,10/01/2026 07:27:16,ALM-51-29-2,9999,1222
25078180,10/01/2026 06:58:00,10/01/2026 08:40:00,1,Preparacion,Emmanuel Trias,6413,MULTIPALLET,MULTIPALLET,00:29:55,01:41:42,1795,6102,Fuera de Tiempo,14494,8,0,00:00:00,0,Logico,"A960           ","A960 - FLOR DE DUCHA MALLORCA/VIGO 6""",462,0,10/01/2026 07:29:21,ALM-52-8-1,9999,125
25078180,10/01/2026 06:58:00,10/01/2026 08:40:00,1,Preparacion,Emmanuel Trias,6413,MULTIPALLET,MULTIPALLET,00:29:55,01:41:42,1795,6102,Fuera de Tiempo,14494,8,0,00:00:00,0,Logico,"M91-006        ","ARANDELA HIERRO ZINCADO MONOCOMANDO BIDE                              ",600,0,10/01/2026 07:32:24,EST-1-2-4,9999,183
25078180,10/01/2026 06:58:00,10/01/2026 08:40:00,1,Preparacion,Emmanuel Trias,6413,MULTIPALLET,MULTIPALLET,00:29:55,01:41:42,1795,6102,Fuera de Tiempo,14494,8,0,00:00:00,0,Logico,"A1366          ",A1366 - SUPERBASE + ORING MONOC ASSC00600,5000,0,10/01/2026 07:36:55,EST-1-48-3,9999,271
25078180,10/01/2026 06:58:00,10/01/2026 08:40:00,1,Preparacion,Emmanuel Trias,6413,MULTIPALLET,MULTIPALLET,00:29:55,01:41:42,1795,6102,Fuera de Tiempo,14494,8,0,00:00:00,0,Logico,"A960           ","A960 - FLOR DE DUCHA MALLORCA/VIGO 6""",42,0,10/01/2026 07:40:43,ALM-15-6-1,9999,228
25078180,10/01/2026 06:58:00,10/01/2026 08:40:00,1,Preparacion,Emmanuel Trias,6413,MULTIPALLET,MULTIPALLET,00:29:55,01:41:42,1795,6102,Fuera de Tiempo,14494,8,0,00:00:00,0,Logico,"A846           ",A846 - PICO DUCHA RODA / MARBELLA / VALENCIA / MALL,720,0,10/01/2026 07:43:04,ALM-16-18-1,9999,141
25078180,10/01/2026 06:58:00,10/01/2026 08:40:00,1,Preparacion,Emmanuel Trias,6413,MULTIPALLET,MULTIPALLET,00:29:55,01:41:42,1795,6102,Fuera de Tiempo,14494,8,0,00:00:00,0,Logico,"A846           ",A846 - PICO DUCHA RODA / MARBELLA / VALENCIA / MALL,720,0,10/01/2026 07:44:16,ALM-11-17-1,9999,72
25078180,10/01/2026 06:58:00,10/01/2026 08:40:00,1,Preparacion,Emmanuel Trias,6413,MULTIPALLET,MULTIPALLET,00:29:55,01:41:42,1795,6102,Fuera de Tiempo,14494,8,0,00:00:00,0,Logico,"A846           ",A846 - PICO DUCHA RODA / MARBELLA / VALENCIA / MALL,120,0,10/01/2026 07:47:27,ALM-30-20-2,9999,191
25078180,10/01/2026 06:58:00,10/01/2026 08:40:00,1,Preparacion,Emmanuel Trias,6413,MULTIPALLET,MULTIPALLET,00:29:55,01:41:42,1795,6102,Fuera de Tiempo,14494,8,0,00:00:00,0,Logico,"A997           ",A997 - PICO LAVATORIO Lineas Roda Valencia Marbella Imp,200,0,10/01/2026 07:50:36,ALM-10-19-2,9999,189
25078180,10/01/2026 06:58:00,10/01/2026 08:40:00,1,Preparacion,Emmanuel Trias,6413,MULTIPALLET,MULTIPALLET,00:29:55,01:41:42,1795,6102,Fuera de Tiempo,14494,8,0,00:00:00,0,Logico,"A997           ",A997 - PICO LAVATORIO Lineas Roda Valencia Marbella Imp,240,0,10/01/2026 07:58:55,ALM-50-12-3,9999,499
25078180,10/01/2026 06:58:00,10/01/2026 08:40:00,1,Preparacion,Emmanuel Trias,6413,MULTIPALLET,MULTIPALLET,00:29:55,01:41:42,1795,6102,Fuera de Tiempo,14494,8,0,00:00:00,0,Logico,"A846           ",A846 - PICO DUCHA RODA / MARBELLA / VALENCIA / MALL,320,0,10/01/2026 08:03:25,EST-1-22-5,9999,270
25078180,10/01/2026 06:58:00,10/01/2026 08:40:00,1,Preparacion,Emmanuel Trias,6413,MULTIPALLET,MULTIPALLET,00:29:55,01:41:42,1795,6102,Fuera de Tiempo,14494,8,0,00:00:00,0,Logico,"A846           ",A846 - PICO DUCHA RODA / MARBELLA / VALENCIA / MALL,40,0,10/01/2026 08:07:41,ALM-51-18-1,9999,256
25078180,10/01/2026 06:58:00,10/01/2026 08:40:00,1,Preparacion,Emmanuel Trias,6413,MULTIPALLET,MULTIPALLET,00:29:55,01:41:42,1795,6102,Fuera de Tiempo,14494,8,0,00:00:00,0,Logico,"A1008          ",A1008 - VOLANTE CRUZ SANTANDER COMPLETO,60,0,10/01/2026 08:11:22,ALM-17-17-1,9999,221
25078180,10/01/2026 06:58:00,10/01/2026 08:40:00,1,Preparacion,Emmanuel Trias,6413,MULTIPALLET,MULTIPALLET,00:29:55,01:41:42,1795,6102,Fuera de Tiempo,14494,8,0,00:00:00,0,Logico,"A1008          ",A1008 - VOLANTE CRUZ SANTANDER COMPLETO,2040,0,10/01/2026 08:13:44,ALM-18-10-3,9999,142
25078180,10/01/2026 06:58:00,10/01/2026 08:40:00,1,Preparacion,Emmanuel Trias,6413,MULTIPALLET,MULTIPALLET,00:29:55,01:41:42,1795,6102,Fuera de Tiempo,14494,8,0,00:00:00,0,Logico,"A1008          ",A1008 - VOLANTE CRUZ SANTANDER COMPLETO,2700,0,10/01/2026 08:23:19,ALM-52-11-1,9999,575
25078180,10/01/2026 06:58:00,10/01/2026 08:40:00,1,Preparacion,Emmanuel Trias,6413,MULTIPALLET,MULTIPALLET,00:29:55,01:41:42,1795,6102,Fuera de Tiempo,14494,8,0,00:00:00,0,Logico,"A1003          ",A1003 - PICO LAVATORIO BETIS / SEVILLA,200,0,10/01/2026 08:26:45,ALM-30-20-2,9999,206
25078180,10/01/2026 06:58:00,10/01/2026 08:40:00,1,Preparacion,Emmanuel Trias,6413,MULTIPALLET,MULTIPALLET,00:29:55,01:41:42,1795,6102,Fuera de Tiempo,14494,8,0,00:00:00,0,Logico,"A1003          ",A1003 - PICO LAVATORIO BETIS / SEVILLA,80,0,10/01/2026 08:31:37,ALM-17-16-3,9999,292
25078180,10/01/2026 06:58:00,10/01/2026 08:40:00,1,Preparacion,Emmanuel Trias,6413,MULTIPALLET,MULTIPALLET,00:29:55,01:41:42,1795,6102,Fuera de Tiempo,14494,8,0,00:00:00,0,Logico,"A1003          ",A1003 - PICO LAVATORIO BETIS / SEVILLA,180,0,10/01/2026 08:36:50,ALM-31-19-3,9999,313
25078180,10/01/2026 06:58:00,10/01/2026 08:40:00,1,Preparacion,Emmanuel Trias,6413,MULTIPALLET,MULTIPALLET,00:29:55,01:41:42,1795,6102,Fuera de Tiempo,14494,8,0,00:00:00,0,Logico,"A1003          ",A1003 - PICO LAVATORIO BETIS / SEVILLA,20,0,10/01/2026 08:39:38,ALM-5-41-2,9999,168
25078181,10/01/2026 06:58:00,10/01/2026 07:15:00,1,Preparacion,Claudio Juarez,7839,CARRO MULTIPLE 3,MULTIPALLET,00:16:14,00:16:36,974,996,Fuera de Tiempo,18,7,0,00:00:00,0,Logico,"19010          ",19010 - TOALLERO BARRAL LINEA 19000,2,0,10/01/2026 07:02:32,IMP-6-17-1,4,0
25078181,10/01/2026 06:58:00,10/01/2026 07:15:00,1,Preparacion,Claudio Juarez,7839,CARRO MULTIPLE 3,MULTIPALLET,00:16:14,00:16:36,974,996,Fuera de Tiempo,18,7,0,00:00:00,0,Logico,"A996           ",A996 - DUCHA 8' CUADRADA CR C/BRAZO Y CAMPANA,2,0,10/01/2026 07:03:10,IMP-6-15-1,6,38
25078181,10/01/2026 06:58:00,10/01/2026 07:15:00,1,Preparacion,Claudio Juarez,7839,CARRO MULTIPLE 3,MULTIPALLET,00:16:14,00:16:36,974,996,Fuera de Tiempo,18,7,0,00:00:00,0,Logico,"16010BL        ",16010BL - TOALLERO BARRAL LINEA 16000 BLACK,2,0,10/01/2026 07:04:11,IMP-7-16-1,45,61
25078181,10/01/2026 06:58:00,10/01/2026 07:15:00,1,Preparacion,Claudio Juarez,7839,CARRO MULTIPLE 3,MULTIPALLET,00:16:14,00:16:36,974,996,Fuera de Tiempo,18,7,0,00:00:00,0,Logico,"3010           ",3010 - TOALLERO BARRAL LINEA 3000,2,0,10/01/2026 07:04:41,IMP-8-19-1,51,30
25078181,10/01/2026 06:58:00,10/01/2026 07:15:00,1,Preparacion,Claudio Juarez,7839,CARRO MULTIPLE 3,MULTIPALLET,00:16:14,00:16:36,974,996,Fuera de Tiempo,18,7,0,00:00:00,0,Logico,"20-205         ",20-205 - MONOCOMANDO DE COCINA STEEL,2,0,10/01/2026 07:05:56,IMP-12-8-1,142,75
25078181,10/01/2026 06:58:00,10/01/2026 07:15:00,1,Preparacion,Claudio Juarez,7839,CARRO MULTIPLE 3,MULTIPALLET,00:16:14,00:16:36,974,996,Fuera de Tiempo,18,7,0,00:00:00,0,Logico,"60-133         ",60-133 - LAVATORIO MONOCOMANDO LUGO,4,0,10/01/2026 07:10:01,IMP-14-11-1,170,245
25078181,10/01/2026 06:58:00,10/01/2026 07:15:00,1,Preparacion,Claudio Juarez,7839,CARRO MULTIPLE 3,MULTIPALLET,00:16:14,00:16:36,974,996,Fuera de Tiempo,18,7,0,00:00:00,0,Logico,"83-203         ",83-203 - DUCHA EXT C/TRANSF. MONOCOMANDO ADRA,4,0,10/01/2026 07:14:43,IMP-14-6-1,175,282
25078381,10/01/2026 07:07:00,10/01/2026 07:23:00,8,Preparacion,Javier Lescano,6867,CARRO MULTIPLE 9,CARRO MULTIPLE 9,00:21:11,00:16:16,1271,976,En Tiempo,40,13,0,00:04:13,253,Logico,"20050DG        ",20050DG - JABONERA DARK GOLD LINEA PULSE,1,0,10/01/2026 07:14:18,IMP-9-1-1,70,0
25078381,10/01/2026 07:07:00,10/01/2026 07:23:00,8,Preparacion,Javier Lescano,6867,CARRO MULTIPLE 9,CARRO MULTIPLE 9,00:21:11,00:16:16,1271,976,En Tiempo,40,13,0,00:04:13,253,Logico,"20030DG        ",20030DG - PERCHA DARK GOLD LINEA PULSE,1,0,10/01/2026 07:14:31,IMP-9-2-1,71,13
25078381,10/01/2026 07:07:00,10/01/2026 07:23:00,8,Preparacion,Javier Lescano,6867,CARRO MULTIPLE 9,CARRO MULTIPLE 9,00:21:11,00:16:16,1271,976,En Tiempo,40,13,0,00:04:13,253,Logico,"20020DG        ",20020DG - TOALLERO DE ARO DARK GOLD LINEA PULSE,1,0,10/01/2026 07:14:49,IMP-9-2-1,71,18
25078381,10/01/2026 07:07:00,10/01/2026 07:23:00,8,Preparacion,Javier Lescano,6867,CARRO MULTIPLE 9,CARRO MULTIPLE 9,00:21:11,00:16:16,1271,976,En Tiempo,40,13,0,00:04:13,253,Logico,"60-200N        ",60-200N - LAVATORIO MONOC BAJO BLACK FABRIC,2,0,10/01/2026 07:15:43,IMP-10-10-1,99,54
25078381,10/01/2026 07:07:00,10/01/2026 07:23:00,8,Preparacion,Javier Lescano,6867,CARRO MULTIPLE 9,CARRO MULTIPLE 9,00:21:11,00:16:16,1271,976,En Tiempo,40,13,0,00:04:13,253,Logico,"20-147         ",20-147 - MONOCOMANDO DE COCINA SWIFT,1,0,10/01/2026 07:16:27,IMP-12-10-1,140,44
25078381,10/01/2026 07:07:00,10/01/2026 07:23:00,8,Preparacion,Javier Lescano,6867,CARRO MULTIPLE 9,CARRO MULTIPLE 9,00:21:11,00:16:16,1271,976,En Tiempo,40,13,0,00:04:13,253,Logico,"20-122         ","MONOCOMANDO COCINA CR C/PICO EXTRAIBLE VALENCIA                       ",1,0,10/01/2026 07:17:37,IMP-12-9-1,141,70
25078381,10/01/2026 07:07:00,10/01/2026 07:23:00,8,Preparacion,Javier Lescano,6867,CARRO MULTIPLE 9,CARRO MULTIPLE 9,00:21:11,00:16:16,1271,976,En Tiempo,40,13,0,00:04:13,253,Logico,"20-205         ",20-205 - MONOCOMANDO DE COCINA STEEL,1,0,10/01/2026 07:18:18,IMP-12-8-1,142,41
25078381,10/01/2026 07:07:00,10/01/2026 07:23:00,8,Preparacion,Javier Lescano,6867,CARRO MULTIPLE 9,CARRO MULTIPLE 9,00:21:11,00:16:16,1271,976,En Tiempo,40,13,0,00:04:13,253,Logico,"20060DG        ",20060DG - PORTA VASO Y CEPILLO DARK GOLD LINEA PULSE,1,0,10/01/2026 07:19:41,IMP-15-2-1,182,83
25078381,10/01/2026 07:07:00,10/01/2026 07:23:00,8,Preparacion,Javier Lescano,6867,CARRO MULTIPLE 9,CARRO MULTIPLE 9,00:21:11,00:16:16,1271,976,En Tiempo,40,13,0,00:04:13,253,Logico,"17010N         ",17010N - TOALLERO BARRAL LINEA FABRIC BLACK,1,0,10/01/2026 07:20:11,IMP-15-5-1,185,30
25078381,10/01/2026 07:07:00,10/01/2026 07:23:00,8,Preparacion,Javier Lescano,6867,CARRO MULTIPLE 9,CARRO MULTIPLE 9,00:21:11,00:16:16,1271,976,En Tiempo,40,13,0,00:04:13,253,Logico,"RA002          ",RA002 - CABEZAL DERECHO CIERRE CERAMICO (FRIA),12,0,10/01/2026 07:21:39,IMP-20-35-1,171,88
25078381,10/01/2026 07:07:00,10/01/2026 07:23:00,8,Preparacion,Javier Lescano,6867,CARRO MULTIPLE 9,CARRO MULTIPLE 9,00:21:11,00:16:16,1271,976,En Tiempo,40,13,0,00:04:13,253,Logico,"RA003          ",RA003 - CABEZAL IZQUIERDO CIERRE CERAMICO (CALIENTE),12,0,10/01/2026 07:22:24,IMP-20-34-5,170,45
25078381,10/01/2026 07:07:00,10/01/2026 07:23:00,8,Preparacion,Javier Lescano,6867,CARRO MULTIPLE 9,CARRO MULTIPLE 9,00:21:11,00:16:16,1271,976,En Tiempo,40,13,0,00:04:13,253,Logico,"RA771C         ",RA771C - CAMPANA C/BUJE LINEAS STD CROMO,3,0,10/01/2026 07:22:58,IMP-20-33-3,163,34
25078381,10/01/2026 07:07:00,10/01/2026 07:23:00,8,Preparacion,Javier Lescano,6867,CARRO MULTIPLE 9,CARRO MULTIPLE 9,00:21:11,00:16:16,1271,976,En Tiempo,40,13,0,00:04:13,253,Logico,"RA5041         ",RA5041 - VOLANTE RENACER COMPLETO,3,0,10/01/2026 07:23:28,IMP-20-27-4,134,30
25078471,10/01/2026 07:10:00,10/01/2026 07:31:00,1,Preparacion,Alejandro Dure,6866,MULTIPALLET,MULTIPALLET,00:21:34,00:20:25,1294,1225,En Tiempo,42,10,0,00:00:00,0,Logico,"13010          ","TOALLERO BARRAL LINEA 13000                                           ",10,0,10/01/2026 07:13:39,IMP-5-14-1,14,0
25078471,10/01/2026 07:10:00,10/01/2026 07:31:00,1,Preparacion,Alejandro Dure,6866,MULTIPALLET,MULTIPALLET,00:21:34,00:20:25,1294,1225,En Tiempo,42,10,0,00:00:00,0,Logico,"11040          ","PORTA ROLLO LINEA 11000                                               ",5,0,10/01/2026 07:14:51,IMP-7-14-1,43,72
25078471,10/01/2026 07:10:00,10/01/2026 07:31:00,1,Preparacion,Alejandro Dure,6866,MULTIPALLET,MULTIPALLET,00:21:34,00:20:25,1294,1225,En Tiempo,42,10,0,00:00:00,0,Logico,"11030          ","PERCHA LINEA 11000                                                    ",3,0,10/01/2026 07:15:02,IMP-7-14-1,43,11
25078471,10/01/2026 07:10:00,10/01/2026 07:31:00,1,Preparacion,Alejandro Dure,6866,MULTIPALLET,MULTIPALLET,00:21:34,00:20:25,1294,1225,En Tiempo,42,10,0,00:00:00,0,Logico,"70-203N        ","BIDE MONOCOMANDO ADRA BLACK                                           ",2,0,10/01/2026 07:17:09,IMP-9-3-1,72,127
25078471,10/01/2026 07:10:00,10/01/2026 07:31:00,1,Preparacion,Alejandro Dure,6866,MULTIPALLET,MULTIPALLET,00:21:34,00:20:25,1294,1225,En Tiempo,42,10,0,00:00:00,0,Logico,"61-205         ",61-205 - LAVATORIO MONOC ALTO STEEL,3,0,10/01/2026 07:18:30,IMP-10-12-1,97,81
25078471,10/01/2026 07:10:00,10/01/2026 07:31:00,1,Preparacion,Alejandro Dure,6866,MULTIPALLET,MULTIPALLET,00:21:34,00:20:25,1294,1225,En Tiempo,42,10,0,00:00:00,0,Logico,"61-200G        ",61-200G - LAVATORIO MONOC ALTO GOLD FABRIC,2,0,10/01/2026 07:19:24,IMP-11-9-1,118,54
25078471,10/01/2026 07:10:00,10/01/2026 07:31:00,1,Preparacion,Alejandro Dure,6866,MULTIPALLET,MULTIPALLET,00:21:34,00:20:25,1294,1225,En Tiempo,42,10,0,00:00:00,0,Logico,"20-205         ",20-205 - MONOCOMANDO DE COCINA STEEL,5,0,10/01/2026 07:26:21,IMP-12-8-1,142,417
25078471,10/01/2026 07:10:00,10/01/2026 07:31:00,1,Preparacion,Alejandro Dure,6866,MULTIPALLET,MULTIPALLET,00:21:34,00:20:25,1294,1225,En Tiempo,42,10,0,00:00:00,0,Logico,"61-176N        ",61-176N - LAVATORIO MONOC ALTO BLACK RIO,1,0,10/01/2026 07:27:57,IMP-11-13-1,122,96
25078471,10/01/2026 07:10:00,10/01/2026 07:31:00,1,Preparacion,Alejandro Dure,6866,MULTIPALLET,MULTIPALLET,00:21:34,00:20:25,1294,1225,En Tiempo,42,10,0,00:00:00,0,Logico,"17040G         ",17040G - PORTA ROLLO LINEA FABRIC GOLD,3,0,10/01/2026 07:29:45,IMP-14-7-1,174,108
25078471,10/01/2026 07:10:00,10/01/2026 07:31:00,1,Preparacion,Alejandro Dure,6866,MULTIPALLET,MULTIPALLET,00:21:34,00:20:25,1294,1225,En Tiempo,42,10,0,00:00:00,0,Logico,"17030G         ",17030G - PERCHA LINEA FABRIC GOLD,8,0,10/01/2026 07:30:35,IMP-15-11-1,191,50
25078633,10/01/2026 07:16:00,10/01/2026 07:43:00,3,Preparacion,Claudio Juarez,7839,CARRO MULTIPLE 3,CARRO MULTIPLE 3,00:41:54,00:26:42,2514,1602,En Tiempo,44,26,0,00:01:44,104,Logico,"17010N         ",17010N - TOALLERO BARRAL LINEA FABRIC BLACK,3,0,10/01/2026 07:20:09,IMP-15-5-1,185,0
25078633,10/01/2026 07:16:00,10/01/2026 07:43:00,3,Preparacion,Claudio Juarez,7839,CARRO MULTIPLE 3,CARRO MULTIPLE 3,00:41:54,00:26:42,2514,1602,En Tiempo,44,26,0,00:01:44,104,Logico,"3005           ",3005 - SET DE 5 PIEZAS LINEA 3000,1,0,10/01/2026 07:21:18,IMP-14-5-1,176,69
25078633,10/01/2026 07:16:00,10/01/2026 07:43:00,3,Preparacion,Claudio Juarez,7839,CARRO MULTIPLE 3,CARRO MULTIPLE 3,00:41:54,00:26:42,2514,1602,En Tiempo,44,26,0,00:01:44,104,Logico,"83-133         ",83-133 - DUCHA EXT. C/TRANSF. MONOCOMANDO LUGO,1,0,10/01/2026 07:22:01,IMP-14-10-1,171,43
25078633,10/01/2026 07:16:00,10/01/2026 07:43:00,3,Preparacion,Claudio Juarez,7839,CARRO MULTIPLE 3,CARRO MULTIPLE 3,00:41:54,00:26:42,2514,1602,En Tiempo,44,26,0,00:01:44,104,Logico,"60-133         ",60-133 - LAVATORIO MONOCOMANDO LUGO,2,0,10/01/2026 07:22:35,IMP-14-11-1,170,34
25078633,10/01/2026 07:16:00,10/01/2026 07:43:00,3,Preparacion,Claudio Juarez,7839,CARRO MULTIPLE 3,CARRO MULTIPLE 3,00:41:54,00:26:42,2514,1602,En Tiempo,44,26,0,00:01:44,104,Logico,"12006          ","SET DE 6 PIEZAS LINEA 12000                                           ",10,0,10/01/2026 07:23:56,IMP-13-12-1,161,81
25078633,10/01/2026 07:16:00,10/01/2026 07:43:00,3,Preparacion,Claudio Juarez,7839,CARRO MULTIPLE 3,CARRO MULTIPLE 3,00:41:54,00:26:42,2514,1602,En Tiempo,44,26,0,00:01:44,104,Logico,"20-146N        ",20-146N - MONOCOMANDO DE COCINA BLACK LINEA MOVE,1,0,10/01/2026 07:26:16,IMP-13-8-1,157,140
25078633,10/01/2026 07:16:00,10/01/2026 07:43:00,3,Preparacion,Claudio Juarez,7839,CARRO MULTIPLE 3,CARRO MULTIPLE 3,00:41:54,00:26:42,2514,1602,En Tiempo,44,26,0,00:01:44,104,Logico,"05-010         ","LAVATORIO BAJO TEMPORIZADO TECNO                                      ",1,0,10/01/2026 07:27:31,IMP-12-1-1,149,75
25078633,10/01/2026 07:16:00,10/01/2026 07:43:00,3,Preparacion,Claudio Juarez,7839,CARRO MULTIPLE 3,CARRO MULTIPLE 3,00:41:54,00:26:42,2514,1602,En Tiempo,44,26,0,00:01:44,104,Logico,"8006           ",8006 - SET DE 6 PIEZAS LINEA 8000,3,0,10/01/2026 07:28:04,IMP-12-7-1,143,33
25078633,10/01/2026 07:16:00,10/01/2026 07:43:00,3,Preparacion,Claudio Juarez,7839,CARRO MULTIPLE 3,CARRO MULTIPLE 3,00:41:54,00:26:42,2514,1602,En Tiempo,44,26,0,00:01:44,104,Logico,"70-133         ",70-133 - BIDE MONOCOMANDO LUGO,2,0,10/01/2026 07:28:53,IMP-12-7-1,143,49
25078633,10/01/2026 07:16:00,10/01/2026 07:43:00,3,Preparacion,Claudio Juarez,7839,CARRO MULTIPLE 3,CARRO MULTIPLE 3,00:41:54,00:26:42,2514,1602,En Tiempo,44,26,0,00:01:44,104,Logico,"20-122         ","MONOCOMANDO COCINA CR C/PICO EXTRAIBLE VALENCIA                       ",1,0,10/01/2026 07:29:28,IMP-12-9-1,141,35
25078633,10/01/2026 07:16:00,10/01/2026 07:43:00,3,Preparacion,Claudio Juarez,7839,CARRO MULTIPLE 3,CARRO MULTIPLE 3,00:41:54,00:26:42,2514,1602,En Tiempo,44,26,0,00:01:44,104,Logico,"20-147         ",20-147 - MONOCOMANDO DE COCINA SWIFT,1,0,10/01/2026 07:29:55,IMP-12-10-1,140,27
25078633,10/01/2026 07:16:00,10/01/2026 07:43:00,3,Preparacion,Claudio Juarez,7839,CARRO MULTIPLE 3,CARRO MULTIPLE 3,00:41:54,00:26:42,2514,1602,En Tiempo,44,26,0,00:01:44,104,Logico,"61-180         ",61-180 - LAVATORIO MONOCOMANDO ALTO VERA,1,0,10/01/2026 07:31:20,IMP-11-18-1,127,85
25078633,10/01/2026 07:16:00,10/01/2026 07:43:00,3,Preparacion,Claudio Juarez,7839,CARRO MULTIPLE 3,CARRO MULTIPLE 3,00:41:54,00:26:42,2514,1602,En Tiempo,44,26,0,00:01:44,104,Logico,"18030          ",18030 - PERCHA NIQUEL LINEA BEAT,1,0,10/01/2026 07:31:43,IMP-11-16-1,125,23
25078633,10/01/2026 07:16:00,10/01/2026 07:43:00,3,Preparacion,Claudio Juarez,7839,CARRO MULTIPLE 3,CARRO MULTIPLE 3,00:41:54,00:26:42,2514,1602,En Tiempo,44,26,0,00:01:44,104,Logico,"20-140         ",20-140 - MONOCOMANDO DE COCINA LINEA CUINA,1,0,10/01/2026 07:34:53,IMP-10-5-1,105,190
25078633,10/01/2026 07:16:00,10/01/2026 07:43:00,3,Preparacion,Claudio Juarez,7839,CARRO MULTIPLE 3,CARRO MULTIPLE 3,00:41:54,00:26:42,2514,1602,En Tiempo,44,26,0,00:01:44,104,Logico,"61-200N        ",61-200N - LAVATORIO MONOC ALTO FABRIC BLACK,1,0,10/01/2026 07:36:07,IMP-10-9-1,100,74
25078633,10/01/2026 07:16:00,10/01/2026 07:43:00,3,Preparacion,Claudio Juarez,7839,CARRO MULTIPLE 3,CARRO MULTIPLE 3,00:41:54,00:26:42,2514,1602,En Tiempo,44,26,0,00:01:44,104,Logico,"70-200N        ",70-200N - BIDE MONOCOMANDO BLACK FABRIC,1,0,10/01/2026 07:36:27,IMP-10-9-1,100,20
25078633,10/01/2026 07:16:00,10/01/2026 07:43:00,3,Preparacion,Claudio Juarez,7839,CARRO MULTIPLE 3,CARRO MULTIPLE 3,00:41:54,00:26:42,2514,1602,En Tiempo,44,26,0,00:01:44,104,Logico,"60-205         ",60-205 - LAVATORIO MONOC BAJO STEEL,1,0,10/01/2026 07:37:07,IMP-10-12-1,97,40
25078633,10/01/2026 07:16:00,10/01/2026 07:43:00,3,Preparacion,Claudio Juarez,7839,CARRO MULTIPLE 3,CARRO MULTIPLE 3,00:41:54,00:26:42,2514,1602,En Tiempo,44,26,0,00:01:44,104,Logico,"70-205         ",70-205 - BIDE MONOCOMANDO STEEL,1,0,10/01/2026 07:37:42,IMP-10-13-1,96,35
25078633,10/01/2026 07:16:00,10/01/2026 07:43:00,3,Preparacion,Claudio Juarez,7839,CARRO MULTIPLE 3,CARRO MULTIPLE 3,00:41:54,00:26:42,2514,1602,En Tiempo,44,26,0,00:01:44,104,Logico,"20-172         ",20-172 - COCINA MESADA MONOC. COLORS NEGRO,1,0,10/01/2026 07:38:25,IMP-10-16-1,93,43
25078633,10/01/2026 07:16:00,10/01/2026 07:43:00,3,Preparacion,Claudio Juarez,7839,CARRO MULTIPLE 3,CARRO MULTIPLE 3,00:41:54,00:26:42,2514,1602,En Tiempo,44,26,0,00:01:44,104,Logico,"70-200C        ",70-200C - BIDE MONOCOMANDO CR FABRIC,1,0,10/01/2026 07:39:40,IMP-9-14-1,83,75
25078633,10/01/2026 07:16:00,10/01/2026 07:43:00,3,Preparacion,Claudio Juarez,7839,CARRO MULTIPLE 3,CARRO MULTIPLE 3,00:41:54,00:26:42,2514,1602,En Tiempo,44,26,0,00:01:44,104,Logico,"61-200C        ",61-200C - LAVATORIO MONOC ALTO CR FABRIC,1,0,10/01/2026 07:40:09,IMP-9-13-1,82,29
25078633,10/01/2026 07:16:00,10/01/2026 07:43:00,3,Preparacion,Claudio Juarez,7839,CARRO MULTIPLE 3,CARRO MULTIPLE 3,00:41:54,00:26:42,2514,1602,En Tiempo,44,26,0,00:01:44,104,Logico,"8050           ",8050 - JABONERA LINEA 8000,1,0,10/01/2026 07:40:55,IMP-8-12-1,58,46
25078633,10/01/2026 07:16:00,10/01/2026 07:43:00,3,Preparacion,Claudio Juarez,7839,CARRO MULTIPLE 3,CARRO MULTIPLE 3,00:41:54,00:26:42,2514,1602,En Tiempo,44,26,0,00:01:44,104,Logico,"8030           ",8030 - PERCHA LINEA 8000,1,0,10/01/2026 07:41:16,IMP-8-13-1,57,21
25078633,10/01/2026 07:16:00,10/01/2026 07:43:00,3,Preparacion,Claudio Juarez,7839,CARRO MULTIPLE 3,CARRO MULTIPLE 3,00:41:54,00:26:42,2514,1602,En Tiempo,44,26,0,00:01:44,104,Logico,"3020           ",3020 - TOALLERO DE ARO LINEA 3000,1,0,10/01/2026 07:41:51,IMP-8-18-1,52,35
25078633,10/01/2026 07:16:00,10/01/2026 07:43:00,3,Preparacion,Claudio Juarez,7839,CARRO MULTIPLE 3,CARRO MULTIPLE 3,00:41:54,00:26:42,2514,1602,En Tiempo,44,26,0,00:01:44,104,Logico,"3030           ",3030 - PERCHA LINEA 3000,4,0,10/01/2026 07:42:19,IMP-8-18-1,52,28
25078633,10/01/2026 07:16:00,10/01/2026 07:43:00,3,Preparacion,Claudio Juarez,7839,CARRO MULTIPLE 3,CARRO MULTIPLE 3,00:41:54,00:26:42,2514,1602,En Tiempo,44,26,0,00:01:44,104,Logico,"AB-001         ",AB-001 - AGARRADERA ACERO INOX CROMADO 30 CM SAFE,1,0,10/01/2026 07:43:09,IMP-5-12-1,12,50
25078719,10/01/2026 07:20:00,10/01/2026 07:26:00,1,Reposicion,Andres Cejas,6417,CARRO MULTIPLE 9,APILADORA,00:08:24,00:06:29,504,389,En Tiempo,20,1,0,00:10:18,618,Excedido,"20-131         ",20-131 - MONOCOMANDO COCINA MALLORCA,20,0,10/01/2026 07:26:29,NAC-16-14-2,,0
25078898,10/01/2026 07:26:00,10/01/2026 08:01:00,1,Preparacion,Javier Lescano,6867,MULTIPALLET,MULTIPALLET,00:13:01,00:35:06,781,2106,Fuera de Tiempo,111,2,0,00:00:00,0,Logico,"70-198         ",70-198 - BIDE CR C.CERAM PURA,76,0,10/01/2026 07:33:23,NAC-17-14-1,502,0
25078898,10/01/2026 07:26:00,10/01/2026 08:01:00,1,Preparacion,Javier Lescano,6867,MULTIPALLET,MULTIPALLET,00:13:01,00:35:06,781,2106,Fuera de Tiempo,111,2,0,00:00:00,0,Logico,"80-198         ",80-198 - DUCHA EMB. C/TRANSF. CR C.CERAM PURA,31,0,10/01/2026 07:39:51,NAC-17-14-1,502,388
25078898,10/01/2026 07:26:00,10/01/2026 08:01:00,1,Preparacion,Javier Lescano,6867,MULTIPALLET,MULTIPALLET,00:13:01,00:35:06,781,2106,Fuera de Tiempo,111,2,0,00:00:00,0,Logico,"70-198         ",70-198 - BIDE CR C.CERAM PURA,4,0,10/01/2026 08:01:19,NAC-17-14-1,502,1288
25078937,10/01/2026 07:28:00,10/01/2026 07:34:00,1,Preparacion,Kevin Arce,7636,MULTIPALLET,MULTIPALLET,00:13:40,00:06:01,820,361,En Tiempo,7,3,0,00:10:01,601,Excedido,"BCH12          ",BCH12 - BACHA DE APOYAR BLANCA 460x320x140,3,0,10/01/2026 07:31:42,SAN-16-9-1,194,0
25078937,10/01/2026 07:28:00,10/01/2026 07:34:00,1,Preparacion,Kevin Arce,7636,MULTIPALLET,MULTIPALLET,00:13:40,00:06:01,820,361,En Tiempo,7,3,0,00:10:01,601,Excedido,"BCH05          ",BCH05 - BACHA DE APOYAR CUADRADA 370x370x130,2,0,10/01/2026 07:32:55,SAN-17-8-1,210,73
25078937,10/01/2026 07:28:00,10/01/2026 07:34:00,1,Preparacion,Kevin Arce,7636,MULTIPALLET,MULTIPALLET,00:13:40,00:06:01,820,361,En Tiempo,7,3,0,00:10:01,601,Excedido,"BAI01NI        ",BAI01NI - BACHA EMB COCINA C/ACCESORIOS 750x450x220 NICKEL BRUSHED,2,0,10/01/2026 07:33:45,SAN-17-7-1,209,50
25079151,10/01/2026 07:35:00,10/01/2026 08:07:00,1,Preparacion,Alejandro Dure,6866,MULTIPALLET,MULTIPALLET,00:19:47,00:31:47,1187,1907,Fuera de Tiempo,116,4,0,00:00:00,0,Logico,"60-198         ",60-198 - LAVATORIO CR C.CERAM PURA,100,0,10/01/2026 07:47:57,NAC-17-14-1,502,0
25079151,10/01/2026 07:35:00,10/01/2026 08:07:00,1,Preparacion,Alejandro Dure,6866,MULTIPALLET,MULTIPALLET,00:19:47,00:31:47,1187,1907,Fuera de Tiempo,116,4,0,00:00:00,0,Logico,"70-196         ",70-196 - BIDE CR C.CERAM LOOP,8,0,10/01/2026 07:49:35,NAC-17-13-1,498,98
25079151,10/01/2026 07:35:00,10/01/2026 08:07:00,1,Preparacion,Alejandro Dure,6866,MULTIPALLET,MULTIPALLET,00:19:47,00:31:47,1187,1907,Fuera de Tiempo,116,4,0,00:00:00,0,Logico,"60-196         ",60-196 - LAVATORIO CR C.CERAM LOOP,3,0,10/01/2026 07:55:49,NAC-17-13-1,498,374
25079151,10/01/2026 07:35:00,10/01/2026 08:07:00,1,Preparacion,Alejandro Dure,6866,MULTIPALLET,MULTIPALLET,00:19:47,00:31:47,1187,1907,Fuera de Tiempo,116,4,0,00:00:00,0,Logico,"62-196         ",62-196 - LAVATORIO DE PARED CR C.CERAM LOOP,5,0,10/01/2026 08:06:47,NAC-1-4-1,715,658
25079270,10/01/2026 07:37:00,10/01/2026 08:17:00,1,Preparacion,Kevin Arce,7636,MULTIPALLET,MULTIPALLET,00:30:43,00:40:01,1843,2401,Fuera de Tiempo,45,22,0,00:00:00,0,Logico,"A1452N         ",A1452N - CAÑO DE DUCHA RECTO 150 MM BLACK C/BLISTER,2,0,10/01/2026 07:41:53,IMP-6-20-1,1,0
25079270,10/01/2026 07:37:00,10/01/2026 08:17:00,1,Preparacion,Kevin Arce,7636,MULTIPALLET,MULTIPALLET,00:30:43,00:40:01,1843,2401,Fuera de Tiempo,45,22,0,00:00:00,0,Logico,"20-168         ",20-168 - MONOCOMANDO COCINA CR WAVE,3,0,10/01/2026 07:43:50,IMP-9-16-1,85,117
25079270,10/01/2026 07:37:00,10/01/2026 08:17:00,1,Preparacion,Kevin Arce,7636,MULTIPALLET,MULTIPALLET,00:30:43,00:40:01,1843,2401,Fuera de Tiempo,45,22,0,00:00:00,0,Logico,"63-168         ",63-168 - LAVATORIO PARED EMB MONOC CR WAVE,2,0,10/01/2026 07:45:41,IMP-10-17-1,92,111
25079270,10/01/2026 07:37:00,10/01/2026 08:17:00,1,Preparacion,Kevin Arce,7636,MULTIPALLET,MULTIPALLET,00:30:43,00:40:01,1843,2401,Fuera de Tiempo,45,22,0,00:00:00,0,Logico,"21100          ",21100 - ESTANTE ORGANIZADOR RECTANGULAR 25x12x7,1,0,10/01/2026 07:46:18,IMP-10-15-1,94,37
25079270,10/01/2026 07:37:00,10/01/2026 08:17:00,1,Preparacion,Kevin Arce,7636,MULTIPALLET,MULTIPALLET,00:30:43,00:40:01,1843,2401,Fuera de Tiempo,45,22,0,00:00:00,0,Logico,"60-168         ",60-168 - LAVATORIO MONOC BAJO CR WAVE,2,0,10/01/2026 07:47:59,IMP-10-14-1,95,101
25079270,10/01/2026 07:37:00,10/01/2026 08:17:00,1,Preparacion,Kevin Arce,7636,MULTIPALLET,MULTIPALLET,00:30:43,00:40:01,1843,2401,Fuera de Tiempo,45,22,0,00:00:00,0,Logico,"61-205         ",61-205 - LAVATORIO MONOC ALTO STEEL,2,0,10/01/2026 07:50:41,IMP-10-12-1,97,162
25079270,10/01/2026 07:37:00,10/01/2026 08:17:00,1,Preparacion,Kevin Arce,7636,MULTIPALLET,MULTIPALLET,00:30:43,00:40:01,1843,2401,Fuera de Tiempo,45,22,0,00:00:00,0,Logico,"20040DG        ",20040DG - PORTA ROLLO DARK GOLD LINEA PULSE,1,0,10/01/2026 07:52:48,IMP-9-1-1,70,127
25079270,10/01/2026 07:37:00,10/01/2026 08:17:00,1,Preparacion,Kevin Arce,7636,MULTIPALLET,MULTIPALLET,00:30:43,00:40:01,1843,2401,Fuera de Tiempo,45,22,0,00:00:00,0,Logico,"20050DG        ",20050DG - JABONERA DARK GOLD LINEA PULSE,1,0,10/01/2026 07:53:10,IMP-9-1-1,70,22
25079270,10/01/2026 07:37:00,10/01/2026 08:17:00,1,Preparacion,Kevin Arce,7636,MULTIPALLET,MULTIPALLET,00:30:43,00:40:01,1843,2401,Fuera de Tiempo,45,22,0,00:00:00,0,Logico,"63-168N        ","LAVATORIO PARED EMB MONOC BLACK WAVE                                  ",2,0,10/01/2026 07:55:56,IMP-9-6-1,75,166
25079270,10/01/2026 07:37:00,10/01/2026 08:17:00,1,Preparacion,Kevin Arce,7636,MULTIPALLET,MULTIPALLET,00:30:43,00:40:01,1843,2401,Fuera de Tiempo,45,22,0,00:00:00,0,Logico,"70-200N        ",70-200N - BIDE MONOCOMANDO BLACK FABRIC,1,0,10/01/2026 07:57:59,IMP-10-9-1,100,123
25079270,10/01/2026 07:37:00,10/01/2026 08:17:00,1,Preparacion,Kevin Arce,7636,MULTIPALLET,MULTIPALLET,00:30:43,00:40:01,1843,2401,Fuera de Tiempo,45,22,0,00:00:00,0,Logico,"17050C         ",17050C - JABONERA  LINEA FABRIC CROMO,2,0,10/01/2026 08:00:15,IMP-10-1-1,109,136
25079270,10/01/2026 07:37:00,10/01/2026 08:17:00,1,Preparacion,Kevin Arce,7636,MULTIPALLET,MULTIPALLET,00:30:43,00:40:01,1843,2401,Fuera de Tiempo,45,22,0,00:00:00,0,Logico,"17020C         ",17020C - TOALLERO DE ARO LINEA FABRIC CROMO,1,0,10/01/2026 08:01:10,IMP-14-1-1,180,55
25079270,10/01/2026 07:37:00,10/01/2026 08:17:00,1,Preparacion,Kevin Arce,7636,MULTIPALLET,MULTIPALLET,00:30:43,00:40:01,1843,2401,Fuera de Tiempo,45,22,0,00:00:00,0,Logico,"17030C         ",17030C - PERCHA LINEA FABRIC CROMO,6,0,10/01/2026 08:02:26,IMP-14-2-1,179,76
25079270,10/01/2026 07:37:00,10/01/2026 08:17:00,1,Preparacion,Kevin Arce,7636,MULTIPALLET,MULTIPALLET,00:30:43,00:40:01,1843,2401,Fuera de Tiempo,45,22,0,00:00:00,0,Logico,"20040G         ",20040G - PORTA ROLLO GOLD LINEA PULSE,1,0,10/01/2026 08:03:45,IMP-13-2-1,151,79
25079270,10/01/2026 07:37:00,10/01/2026 08:17:00,1,Preparacion,Kevin Arce,7636,MULTIPALLET,MULTIPALLET,00:30:43,00:40:01,1843,2401,Fuera de Tiempo,45,22,0,00:00:00,0,Logico,"70-183         ","BIDE MONOCOMANDO C/TRANSF MAT                                         ",2,0,10/01/2026 08:05:03,IMP-13-5-1,154,78
25079270,10/01/2026 07:37:00,10/01/2026 08:17:00,1,Preparacion,Kevin Arce,7636,MULTIPALLET,MULTIPALLET,00:30:43,00:40:01,1843,2401,Fuera de Tiempo,45,22,0,00:00:00,0,Logico,"17040C         ",17040C - PORTA ROLLO LINEA FABRIC CROMO,1,0,10/01/2026 08:06:18,IMP-14-7-1,174,75
25079270,10/01/2026 07:37:00,10/01/2026 08:17:00,1,Preparacion,Kevin Arce,7636,MULTIPALLET,MULTIPALLET,00:30:43,00:40:01,1843,2401,Fuera de Tiempo,45,22,0,00:00:00,0,Logico,"20-122         ","MONOCOMANDO COCINA CR C/PICO EXTRAIBLE VALENCIA                       ",2,0,10/01/2026 08:08:59,IMP-12-9-1,141,161
25079270,10/01/2026 07:37:00,10/01/2026 08:17:00,1,Preparacion,Kevin Arce,7636,MULTIPALLET,MULTIPALLET,00:30:43,00:40:01,1843,2401,Fuera de Tiempo,45,22,0,00:00:00,0,Logico,"61-200G        ",61-200G - LAVATORIO MONOC ALTO GOLD FABRIC,2,0,10/01/2026 08:10:29,IMP-11-9-1,118,90
25079270,10/01/2026 07:37:00,10/01/2026 08:17:00,1,Preparacion,Kevin Arce,7636,MULTIPALLET,MULTIPALLET,00:30:43,00:40:01,1843,2401,Fuera de Tiempo,45,22,0,00:00:00,0,Logico,"80-180         ",80-180 - DUCHA EMB. C/TRANSF. MONOCOMANDO VERA,2,0,10/01/2026 08:12:22,IMP-15-10-1,190,113
25079270,10/01/2026 07:37:00,10/01/2026 08:17:00,1,Preparacion,Kevin Arce,7636,MULTIPALLET,MULTIPALLET,00:30:43,00:40:01,1843,2401,Fuera de Tiempo,45,22,0,00:00:00,0,Logico,"63-176         ","LAVATORIO PARED EMB MONOC CR RIO                                      ",7,0,10/01/2026 08:15:09,IMP-15-5-1,185,167
25079270,10/01/2026 07:37:00,10/01/2026 08:17:00,1,Preparacion,Kevin Arce,7636,MULTIPALLET,MULTIPALLET,00:30:43,00:40:01,1843,2401,Fuera de Tiempo,45,22,0,00:00:00,0,Logico,"17020N         ",17020N - TOALLERO DE ARO LINEA FABRIC BLACK,1,0,10/01/2026 08:16:46,IMP-15-3-1,183,97
25079270,10/01/2026 07:37:00,10/01/2026 08:17:00,1,Preparacion,Kevin Arce,7636,MULTIPALLET,MULTIPALLET,00:30:43,00:40:01,1843,2401,Fuera de Tiempo,45,22,0,00:00:00,0,Logico,"20060DG        ",20060DG - PORTA VASO Y CEPILLO DARK GOLD LINEA PULSE,1,0,10/01/2026 08:17:17,IMP-15-2-1,182,31
25079599,10/01/2026 07:49:00,10/01/2026 07:53:00,1,Reposicion,Andres Cejas,6417,MULTIPALLET,APILADORA,00:14:29,00:04:09,869,249,En Tiempo,200,1,0,00:22:05,1325,Excedido,"70-198         ",70-198 - BIDE CR C.CERAM PURA,200,0,10/01/2026 07:52:43,NAC-17-14-1,,0
25079663,10/01/2026 07:49:00,10/01/2026 09:04:00,6,Preparacion,Claudio Juarez,7839,CARRO MULTIPLE 9,CARRO MULTIPLE 6,00:50:01,01:15:00,3001,4500,Fuera de Tiempo,106,27,0,00:00:00,0,Logico,"80-166         ","DUCHA EMB. C/TRANSF. CR C.CERAM ADRA PLUS                             ",10,0,10/01/2026 07:55:59,NAC-19-13-2,488,0
25079663,10/01/2026 07:49:00,10/01/2026 09:04:00,6,Preparacion,Claudio Juarez,7839,CARRO MULTIPLE 9,CARRO MULTIPLE 6,00:50:01,01:15:00,3001,4500,Fuera de Tiempo,106,27,0,00:00:00,0,Logico,"70-162         ",70-162 - BIDE CR C.CERAM LINEA ADRA,10,0,10/01/2026 07:57:23,NAC-19-13-1,489,84
25079663,10/01/2026 07:49:00,10/01/2026 09:04:00,6,Preparacion,Claudio Juarez,7839,CARRO MULTIPLE 9,CARRO MULTIPLE 6,00:50:01,01:15:00,3001,4500,Fuera de Tiempo,106,27,0,00:00:00,0,Logico,"60-162         ",60-162 - LAVATORIO CR C.CERAM LINEA ADRA,15,0,10/01/2026 08:00:22,NAC-19-12-1,491,179
25079663,10/01/2026 07:49:00,10/01/2026 09:04:00,6,Preparacion,Claudio Juarez,7839,CARRO MULTIPLE 9,CARRO MULTIPLE 6,00:50:01,01:15:00,3001,4500,Fuera de Tiempo,106,27,0,00:00:00,0,Logico,"70-201NI       ",70-201NI - BIDE CR C.CERAM BEAT NICKEL,1,0,10/01/2026 08:01:56,NAC-17-20-1,526,94
25079663,10/01/2026 07:49:00,10/01/2026 09:04:00,6,Preparacion,Claudio Juarez,7839,CARRO MULTIPLE 9,CARRO MULTIPLE 6,00:50:01,01:15:00,3001,4500,Fuera de Tiempo,106,27,0,00:00:00,0,Logico,"80-353NI       ",80-353NI - DUCHA DE EMB 3 FUNCIONES BEAT NICKEL,1,0,10/01/2026 08:02:26,NAC-17-20-2,527,30
25079663,10/01/2026 07:49:00,10/01/2026 09:04:00,6,Preparacion,Claudio Juarez,7839,CARRO MULTIPLE 9,CARRO MULTIPLE 6,00:50:01,01:15:00,3001,4500,Fuera de Tiempo,106,27,0,00:00:00,0,Logico,"61-203         ",61-203 - LAVATORIO MONOCOMANDO ALTO ADRA,5,0,10/01/2026 08:04:16,NAC-15-20-1,530,110
25079663,10/01/2026 07:49:00,10/01/2026 09:04:00,6,Preparacion,Claudio Juarez,7839,CARRO MULTIPLE 9,CARRO MULTIPLE 6,00:50:01,01:15:00,3001,4500,Fuera de Tiempo,106,27,0,00:00:00,0,Logico,"60-190         ",60-190 - LAVATORIO C.CERAM BLACK VELVET,1,0,10/01/2026 08:05:02,NAC-15-19-1,534,46
25079663,10/01/2026 07:49:00,10/01/2026 09:04:00,6,Preparacion,Claudio Juarez,7839,CARRO MULTIPLE 9,CARRO MULTIPLE 6,00:50:01,01:15:00,3001,4500,Fuera de Tiempo,106,27,0,00:00:00,0,Logico,"60-190         ",60-190 - LAVATORIO C.CERAM BLACK VELVET,3,0,10/01/2026 08:05:44,NAC-15-19-1,534,42
25079663,10/01/2026 07:49:00,10/01/2026 09:04:00,6,Preparacion,Claudio Juarez,7839,CARRO MULTIPLE 9,CARRO MULTIPLE 6,00:50:01,01:15:00,3001,4500,Fuera de Tiempo,106,27,0,00:00:00,0,Logico,"80-390         ",80-390 - DUCHA DE EMB 3 FUNCIONES BLACK VELVET,1,0,10/01/2026 08:06:35,NAC-15-18-2,539,51
25079663,10/01/2026 07:49:00,10/01/2026 09:04:00,6,Preparacion,Claudio Juarez,7839,CARRO MULTIPLE 9,CARRO MULTIPLE 6,00:50:01,01:15:00,3001,4500,Fuera de Tiempo,106,27,0,00:00:00,0,Logico,"85-190         ",85-190 - DUCHA EMB C/TRANSF Y DUCHADOR CR C.CERAM BLACK VELVET,3,0,10/01/2026 08:07:40,NAC-15-18-2,539,65
25079663,10/01/2026 07:49:00,10/01/2026 09:04:00,6,Preparacion,Claudio Juarez,7839,CARRO MULTIPLE 9,CARRO MULTIPLE 6,00:50:01,01:15:00,3001,4500,Fuera de Tiempo,106,27,0,00:00:00,0,Logico,"70-100C        ",70-100C - BIDE CR C.CERAM FABRIC,2,0,10/01/2026 08:08:27,NAC-16-17-1,540,47
25079663,10/01/2026 07:49:00,10/01/2026 09:04:00,6,Preparacion,Claudio Juarez,7839,CARRO MULTIPLE 9,CARRO MULTIPLE 6,00:50:01,01:15:00,3001,4500,Fuera de Tiempo,106,27,0,00:00:00,0,Logico,"51-190         ",51-190 - MESADA BIMANDO C.CERAM BLACK VELVET,2,0,10/01/2026 08:09:23,NAC-15-17-1,542,56
25079663,10/01/2026 07:49:00,10/01/2026 09:04:00,6,Preparacion,Claudio Juarez,7839,CARRO MULTIPLE 9,CARRO MULTIPLE 6,00:50:01,01:15:00,3001,4500,Fuera de Tiempo,106,27,0,00:00:00,0,Logico,"60-100N        ",60-100N - LAVATORIO BLACK C.CERAM FABRIC,3,0,10/01/2026 08:10:36,NAC-16-16-2,545,73
25079663,10/01/2026 07:49:00,10/01/2026 09:04:00,6,Preparacion,Claudio Juarez,7839,CARRO MULTIPLE 9,CARRO MULTIPLE 6,00:50:01,01:15:00,3001,4500,Fuera de Tiempo,106,27,0,00:00:00,0,Logico,"60-100N        ",60-100N - LAVATORIO BLACK C.CERAM FABRIC,1,0,10/01/2026 08:11:13,NAC-16-16-2,545,37
25079663,10/01/2026 07:49:00,10/01/2026 09:04:00,6,Preparacion,Claudio Juarez,7839,CARRO MULTIPLE 9,CARRO MULTIPLE 6,00:50:01,01:15:00,3001,4500,Fuera de Tiempo,106,27,0,00:00:00,0,Logico,"70-100N        ",70-100N - BIDE BLACK C.CERAM FABRIC,4,0,10/01/2026 08:12:31,NAC-16-16-2,545,78
25079663,10/01/2026 07:49:00,10/01/2026 09:04:00,6,Preparacion,Claudio Juarez,7839,CARRO MULTIPLE 9,CARRO MULTIPLE 6,00:50:01,01:15:00,3001,4500,Fuera de Tiempo,106,27,0,00:00:00,0,Logico,"70-100N        ",70-100N - BIDE BLACK C.CERAM FABRIC,1,0,10/01/2026 08:12:51,NAC-16-16-2,545,20
25079663,10/01/2026 07:49:00,10/01/2026 09:04:00,6,Preparacion,Claudio Juarez,7839,CARRO MULTIPLE 9,CARRO MULTIPLE 6,00:50:01,01:15:00,3001,4500,Fuera de Tiempo,106,27,0,00:00:00,0,Logico,"60-100G        ",60-100G - LAVATORIO GOLD C.CERAM FABRIC,2,0,10/01/2026 08:13:29,NAC-16-16-1,544,38
25079663,10/01/2026 07:49:00,10/01/2026 09:04:00,6,Preparacion,Claudio Juarez,7839,CARRO MULTIPLE 9,CARRO MULTIPLE 6,00:50:01,01:15:00,3001,4500,Fuera de Tiempo,106,27,0,00:00:00,0,Logico,"62-100G        ",62-100G - LAVATORIO DE PARED GOLD C.CERAM FABRIC,3,0,10/01/2026 08:16:11,NAC-16-15-1,548,162
25079663,10/01/2026 07:49:00,10/01/2026 09:04:00,6,Preparacion,Claudio Juarez,7839,CARRO MULTIPLE 9,CARRO MULTIPLE 6,00:50:01,01:15:00,3001,4500,Fuera de Tiempo,106,27,0,00:00:00,0,Logico,"62-100N        ",62-100N - LAVATORIO DE PARED BLACK C.CERAM FABRIC,2,0,10/01/2026 08:16:42,NAC-16-15-2,549,31
25079663,10/01/2026 07:49:00,10/01/2026 09:04:00,6,Preparacion,Claudio Juarez,7839,CARRO MULTIPLE 9,CARRO MULTIPLE 6,00:50:01,01:15:00,3001,4500,Fuera de Tiempo,106,27,0,00:00:00,0,Logico,"80-200N        ",80-200N - DUCHA EMB. MONOC. 3 FUNCIONES BLACK FABRIC,3,0,10/01/2026 08:19:35,NAC-14-12-2,565,173
25079663,10/01/2026 07:49:00,10/01/2026 09:04:00,6,Preparacion,Claudio Juarez,7839,CARRO MULTIPLE 9,CARRO MULTIPLE 6,00:50:01,01:15:00,3001,4500,Fuera de Tiempo,106,27,0,00:00:00,0,Logico,"80-200C        ",80-200C - DUCHA EMB. MONOC. 3 FUNCIONES CR FABRIC,2,0,10/01/2026 08:22:29,NAC-14-12-2,565,174
25079663,10/01/2026 07:49:00,10/01/2026 09:04:00,6,Preparacion,Claudio Juarez,7839,CARRO MULTIPLE 9,CARRO MULTIPLE 6,00:50:01,01:15:00,3001,4500,Fuera de Tiempo,106,27,0,00:00:00,0,Logico,"80-200C        ",80-200C - DUCHA EMB. MONOC. 3 FUNCIONES CR FABRIC,2,0,10/01/2026 08:23:45,NAC-14-12-2,565,76
25079663,10/01/2026 07:49:00,10/01/2026 09:04:00,6,Preparacion,Claudio Juarez,7839,CARRO MULTIPLE 9,CARRO MULTIPLE 6,00:50:01,01:15:00,3001,4500,Fuera de Tiempo,106,27,0,00:00:00,0,Logico,"80-200N        ",80-200N - DUCHA EMB. MONOC. 3 FUNCIONES BLACK FABRIC,3,0,10/01/2026 08:27:08,NAC-14-12-2,565,203
25079663,10/01/2026 07:49:00,10/01/2026 09:04:00,6,Preparacion,Claudio Juarez,7839,CARRO MULTIPLE 9,CARRO MULTIPLE 6,00:50:01,01:15:00,3001,4500,Fuera de Tiempo,106,27,0,00:00:00,0,Logico,"62-175G        ",62-175G - LAVATORIO DE PARED GOLD C.CERAM PULSE,2,0,10/01/2026 08:28:09,NAC-14-13-2,567,61
25079663,10/01/2026 07:49:00,10/01/2026 09:04:00,6,Preparacion,Claudio Juarez,7839,CARRO MULTIPLE 9,CARRO MULTIPLE 6,00:50:01,01:15:00,3001,4500,Fuera de Tiempo,106,27,0,00:00:00,0,Logico,"80-168         ",80-168 - DUCHA EMB C/TRANSF MONOC CR WAVE,2,0,10/01/2026 08:29:35,NAC-14-16-1,572,86
25079663,10/01/2026 07:49:00,10/01/2026 09:04:00,6,Preparacion,Claudio Juarez,7839,CARRO MULTIPLE 9,CARRO MULTIPLE 6,00:50:01,01:15:00,3001,4500,Fuera de Tiempo,106,27,0,00:00:00,0,Logico,"70-175DG       ",70-175DG - BIDE PULSE DARK GOLD C.CERAM,2,0,10/01/2026 08:30:20,NAC-14-18-2,577,45
25079663,10/01/2026 07:49:00,10/01/2026 09:04:00,6,Preparacion,Claudio Juarez,7839,CARRO MULTIPLE 9,CARRO MULTIPLE 6,00:50:01,01:15:00,3001,4500,Fuera de Tiempo,106,27,0,00:00:00,0,Logico,"60-175GR       ",60-175GR - LAVATORIO PULSE GRAFITO C.CERAM,1,0,10/01/2026 08:31:24,NAC-14-19-2,579,64
25079663,10/01/2026 07:49:00,10/01/2026 09:04:00,6,Preparacion,Claudio Juarez,7839,CARRO MULTIPLE 9,CARRO MULTIPLE 6,00:50:01,01:15:00,3001,4500,Fuera de Tiempo,106,27,0,00:00:00,0,Logico,"80-175DG       ",80-175DG - DUCHA EMB C/TRANSF. PULSE DARK GOLD C.CERAM,2,0,10/01/2026 08:31:56,NAC-14-19-2,579,32
25079663,10/01/2026 07:49:00,10/01/2026 09:04:00,6,Preparacion,Claudio Juarez,7839,CARRO MULTIPLE 9,CARRO MULTIPLE 6,00:50:01,01:15:00,3001,4500,Fuera de Tiempo,106,27,0,00:00:00,0,Logico,"60-175G        ",60-175G - LAVATORIO GOLD C.CERAM PULSE,2,0,10/01/2026 08:54:28,NAC-19-11-1,9999,1352
25079663,10/01/2026 07:49:00,10/01/2026 09:04:00,6,Preparacion,Claudio Juarez,7839,CARRO MULTIPLE 9,CARRO MULTIPLE 6,00:50:01,01:15:00,3001,4500,Fuera de Tiempo,106,27,0,00:00:00,0,Logico,"80-175G        ",80-175G - DUCHA EMB C/TRANSF. GOLD C.CERAM PULSE,2,0,10/01/2026 08:55:27,NAC-19-9-1,9999,59
25079663,10/01/2026 07:49:00,10/01/2026 09:04:00,6,Preparacion,Claudio Juarez,7839,CARRO MULTIPLE 9,CARRO MULTIPLE 6,00:50:01,01:15:00,3001,4500,Fuera de Tiempo,106,27,0,00:00:00,0,Logico,"80-200G        ",80-200G - DUCHA EMB. MONOC. 3 FUNCIONES GOLD FABRIC,5,0,10/01/2026 08:58:04,NAC-18-11-1,9999,157
25079663,10/01/2026 07:49:00,10/01/2026 09:04:00,6,Preparacion,Claudio Juarez,7839,CARRO MULTIPLE 9,CARRO MULTIPLE 6,00:50:01,01:15:00,3001,4500,Fuera de Tiempo,106,27,0,00:00:00,0,Logico,"80-200G        ",80-200G - DUCHA EMB. MONOC. 3 FUNCIONES GOLD FABRIC,2,0,10/01/2026 08:59:04,NAC-18-11-1,9999,60
25079663,10/01/2026 07:49:00,10/01/2026 09:04:00,6,Preparacion,Claudio Juarez,7839,CARRO MULTIPLE 9,CARRO MULTIPLE 6,00:50:01,01:15:00,3001,4500,Fuera de Tiempo,106,27,0,00:00:00,0,Logico,"80-200G        ",80-200G - DUCHA EMB. MONOC. 3 FUNCIONES GOLD FABRIC,1,0,10/01/2026 08:59:46,NAC-18-11-1,9999,42
25079663,10/01/2026 07:49:00,10/01/2026 09:04:00,6,Preparacion,Claudio Juarez,7839,CARRO MULTIPLE 9,CARRO MULTIPLE 6,00:50:01,01:15:00,3001,4500,Fuera de Tiempo,106,27,0,00:00:00,0,Logico,"80-200N        ",80-200N - DUCHA EMB. MONOC. 3 FUNCIONES BLACK FABRIC,2,0,10/01/2026 09:01:38,NAC-14-12-2,565,112
25079663,10/01/2026 07:49:00,10/01/2026 09:04:00,6,Preparacion,Claudio Juarez,7839,CARRO MULTIPLE 9,CARRO MULTIPLE 6,00:50:01,01:15:00,3001,4500,Fuera de Tiempo,106,27,0,00:00:00,0,Logico,"A1539G         ","TAPA Y TECLA PARA VALVULA DE DESCARGA CUADRADA MINIMALISTA GOLD       ",3,0,10/01/2026 09:04:29,NAC-1-6-2,9999,171
25079838,10/01/2026 07:55:00,10/01/2026 08:00:00,1,Reposicion,Andres Cejas,6417,MULTIPALLET,APILADORA,00:13:22,00:05:14,802,314,En Tiempo,36,1,0,00:01:50,110,Logico,"BCH12          ",BCH12 - BACHA DE APOYAR BLANCA 460x320x140,36,0,10/01/2026 07:59:47,SAN-16-9-1,,0
25079948,10/01/2026 07:58:00,10/01/2026 08:01:00,1,Preparacion,Gaston Alejandro Kiriczuk,6409,CARRO MULTIPLE 9,CARRO MULTIPLE 9,00:08:30,00:03:10,510,190,En Tiempo,50,2,0,00:00:00,0,Logico,"RA1149         ",RA1149 - SUJECION ACCESORIOS LINEA 3000,40,0,10/01/2026 07:59:54,IMP-20-59-3,317,0
25079948,10/01/2026 07:58:00,10/01/2026 08:01:00,1,Preparacion,Gaston Alejandro Kiriczuk,6409,CARRO MULTIPLE 9,CARRO MULTIPLE 9,00:08:30,00:03:10,510,190,En Tiempo,50,2,0,00:00:00,0,Logico,"RA1158         ",RA1158 - BUJE AIREADOR COMPLETO MONOC SANTANDER-MALLORCA M20x1,10,0,10/01/2026 08:00:47,IMP-20-49-3,257,53
25080162,10/01/2026 08:04:00,10/01/2026 08:41:00,9,Preparacion,Javier Lescano,6867,CARRO MULTIPLE 9,CARRO MULTIPLE 9,00:45:37,00:37:03,2737,2223,En Tiempo,98,27,0,00:02:26,146,Logico,"16030BL        ",16030BL - PERCHA LINEA 16000 BLACK,1,0,10/01/2026 08:06:49,IMP-5-16-1,16,0
25080162,10/01/2026 08:04:00,10/01/2026 08:41:00,9,Preparacion,Javier Lescano,6867,CARRO MULTIPLE 9,CARRO MULTIPLE 9,00:45:37,00:37:03,2737,2223,En Tiempo,98,27,0,00:02:26,146,Logico,"10040CR        ","PORTA ROLLO LINEA 10000 MINIMALISTA                                   ",2,0,10/01/2026 08:07:47,IMP-8-19-1,51,58
25080162,10/01/2026 08:04:00,10/01/2026 08:41:00,9,Preparacion,Javier Lescano,6867,CARRO MULTIPLE 9,CARRO MULTIPLE 9,00:45:37,00:37:03,2737,2223,En Tiempo,98,27,0,00:02:26,146,Logico,"20-100N        ",20-100N - MONOCOMANDO DE COCINA FABRIC BLACK,1,0,10/01/2026 08:08:41,IMP-8-11-1,59,54
25080162,10/01/2026 08:04:00,10/01/2026 08:41:00,9,Preparacion,Javier Lescano,6867,CARRO MULTIPLE 9,CARRO MULTIPLE 9,00:45:37,00:37:03,2737,2223,En Tiempo,98,27,0,00:02:26,146,Logico,"20040DG        ",20040DG - PORTA ROLLO DARK GOLD LINEA PULSE,6,0,10/01/2026 08:09:54,IMP-9-1-1,70,73
25080162,10/01/2026 08:04:00,10/01/2026 08:41:00,9,Preparacion,Javier Lescano,6867,CARRO MULTIPLE 9,CARRO MULTIPLE 9,00:45:37,00:37:03,2737,2223,En Tiempo,98,27,0,00:02:26,146,Logico,"20030DG        ",20030DG - PERCHA DARK GOLD LINEA PULSE,6,0,10/01/2026 08:11:10,IMP-9-2-1,71,76
25080162,10/01/2026 08:04:00,10/01/2026 08:41:00,9,Preparacion,Javier Lescano,6867,CARRO MULTIPLE 9,CARRO MULTIPLE 9,00:45:37,00:37:03,2737,2223,En Tiempo,98,27,0,00:02:26,146,Logico,"30-132         ",30-132 - COCINA MESADA MONOC. C/DUCHADOR EXTENSIBLE VIGO,5,0,10/01/2026 08:12:16,IMP-9-12-1,81,66
25080162,10/01/2026 08:04:00,10/01/2026 08:41:00,9,Preparacion,Javier Lescano,6867,CARRO MULTIPLE 9,CARRO MULTIPLE 9,00:45:37,00:37:03,2737,2223,En Tiempo,98,27,0,00:02:26,146,Logico,"60-200C        ",60-200C - LAVATORIO MONOC BAJO CR FABRIC,1,0,10/01/2026 08:12:39,IMP-9-13-1,82,23
25080162,10/01/2026 08:04:00,10/01/2026 08:41:00,9,Preparacion,Javier Lescano,6867,CARRO MULTIPLE 9,CARRO MULTIPLE 9,00:45:37,00:37:03,2737,2223,En Tiempo,98,27,0,00:02:26,146,Logico,"70-200C        ",70-200C - BIDE MONOCOMANDO CR FABRIC,2,0,10/01/2026 08:13:11,IMP-9-14-1,83,32
25080162,10/01/2026 08:04:00,10/01/2026 08:41:00,9,Preparacion,Javier Lescano,6867,CARRO MULTIPLE 9,CARRO MULTIPLE 9,00:45:37,00:37:03,2737,2223,En Tiempo,98,27,0,00:02:26,146,Logico,"20020GR        ",20020GR - TOALLERO DE ARO GRAFITO LINEA PULSE,2,0,10/01/2026 08:13:41,IMP-9-17-1,85,30
25080162,10/01/2026 08:04:00,10/01/2026 08:41:00,9,Preparacion,Javier Lescano,6867,CARRO MULTIPLE 9,CARRO MULTIPLE 9,00:45:37,00:37:03,2737,2223,En Tiempo,98,27,0,00:02:26,146,Logico,"20030GR        ",20030GR - PERCHA GRAFITO LINEA PULSE  ,9,0,10/01/2026 08:14:59,IMP-9-19-1,87,78
25080162,10/01/2026 08:04:00,10/01/2026 08:41:00,9,Preparacion,Javier Lescano,6867,CARRO MULTIPLE 9,CARRO MULTIPLE 9,00:45:37,00:37:03,2737,2223,En Tiempo,98,27,0,00:02:26,146,Logico,"80-192         ",80-192 - DUCHA EMB. C/TRANSF. SORIA BLACK,1,0,10/01/2026 08:16:01,IMP-12-19-1,131,62
25080162,10/01/2026 08:04:00,10/01/2026 08:41:00,9,Preparacion,Javier Lescano,6867,CARRO MULTIPLE 9,CARRO MULTIPLE 9,00:45:37,00:37:03,2737,2223,En Tiempo,98,27,0,00:02:26,146,Logico,"61-192         ",61-192 - LAVATORIO ALTO SORIA BLACK,1,0,10/01/2026 08:16:19,IMP-12-18-1,132,18
25080162,10/01/2026 08:04:00,10/01/2026 08:41:00,9,Preparacion,Javier Lescano,6867,CARRO MULTIPLE 9,CARRO MULTIPLE 9,00:45:37,00:37:03,2737,2223,En Tiempo,98,27,0,00:02:26,146,Logico,"61-200G        ",61-200G - LAVATORIO MONOC ALTO GOLD FABRIC,1,0,10/01/2026 08:17:39,IMP-11-9-1,118,80
25080162,10/01/2026 08:04:00,10/01/2026 08:41:00,9,Preparacion,Javier Lescano,6867,CARRO MULTIPLE 9,CARRO MULTIPLE 9,00:45:37,00:37:03,2737,2223,En Tiempo,98,27,0,00:02:26,146,Logico,"16006BL        ",16006BL - SET 6 PIEZAS ACCESORIOS LINEA 16000 BLACK,3,0,10/01/2026 08:18:53,IMP-12-2-1,148,74
25080162,10/01/2026 08:04:00,10/01/2026 08:41:00,9,Preparacion,Javier Lescano,6867,CARRO MULTIPLE 9,CARRO MULTIPLE 9,00:45:37,00:37:03,2737,2223,En Tiempo,98,27,0,00:02:26,146,Logico,"60-183         ","LAVATORIO MONOCOMANDO BAJO MAT                                        ",3,0,10/01/2026 08:20:20,IMP-13-5-1,154,87
25080162,10/01/2026 08:04:00,10/01/2026 08:41:00,9,Preparacion,Javier Lescano,6867,CARRO MULTIPLE 9,CARRO MULTIPLE 9,00:45:37,00:37:03,2737,2223,En Tiempo,98,27,0,00:02:26,146,Logico,"63-183         ","LAVATORIO PARED EMB MONOCOMANDO MAT                                   ",5,0,10/01/2026 08:21:49,IMP-13-6-1,155,89
25080162,10/01/2026 08:04:00,10/01/2026 08:41:00,9,Preparacion,Javier Lescano,6867,CARRO MULTIPLE 9,CARRO MULTIPLE 9,00:45:37,00:37:03,2737,2223,En Tiempo,98,27,0,00:02:26,146,Logico,"20010DG        ",20010DG - TOALLERO BARRAL DARK GOLD LINEA PULSE,3,0,10/01/2026 08:23:13,IMP-14-2-1,179,84
25080162,10/01/2026 08:04:00,10/01/2026 08:41:00,9,Preparacion,Javier Lescano,6867,CARRO MULTIPLE 9,CARRO MULTIPLE 9,00:45:37,00:37:03,2737,2223,En Tiempo,98,27,0,00:02:26,146,Logico,"17030C         ",17030C - PERCHA LINEA FABRIC CROMO,10,0,10/01/2026 08:24:09,IMP-14-2-1,179,56
25080162,10/01/2026 08:04:00,10/01/2026 08:41:00,9,Preparacion,Javier Lescano,6867,CARRO MULTIPLE 9,CARRO MULTIPLE 9,00:45:37,00:37:03,2737,2223,En Tiempo,98,27,0,00:02:26,146,Logico,"17020C         ",17020C - TOALLERO DE ARO LINEA FABRIC CROMO,2,0,10/01/2026 08:25:03,IMP-14-1-1,180,54
25080162,10/01/2026 08:04:00,10/01/2026 08:41:00,9,Preparacion,Javier Lescano,6867,CARRO MULTIPLE 9,CARRO MULTIPLE 9,00:45:37,00:37:03,2737,2223,En Tiempo,98,27,0,00:02:26,146,Logico,"17010C         ",17010C - TOALLERO BARRAL LINEA FABRIC CROMO,1,0,10/01/2026 08:25:46,IMP-14-1-1,180,43
25080162,10/01/2026 08:04:00,10/01/2026 08:41:00,9,Preparacion,Javier Lescano,6867,CARRO MULTIPLE 9,CARRO MULTIPLE 9,00:45:37,00:37:03,2737,2223,En Tiempo,98,27,0,00:02:26,146,Logico,"17040C         ",17040C - PORTA ROLLO LINEA FABRIC CROMO,4,0,10/01/2026 08:27:07,IMP-14-7-1,174,81
25080162,10/01/2026 08:04:00,10/01/2026 08:41:00,9,Preparacion,Javier Lescano,6867,CARRO MULTIPLE 9,CARRO MULTIPLE 9,00:45:37,00:37:03,2737,2223,En Tiempo,98,27,0,00:02:26,146,Logico,"17040C         ",17040C - PORTA ROLLO LINEA FABRIC CROMO,1,0,10/01/2026 08:27:41,IMP-14-7-1,174,34
25080162,10/01/2026 08:04:00,10/01/2026 08:41:00,9,Preparacion,Javier Lescano,6867,CARRO MULTIPLE 9,CARRO MULTIPLE 9,00:45:37,00:37:03,2737,2223,En Tiempo,98,27,0,00:02:26,146,Logico,"20-146N        ",20-146N - MONOCOMANDO DE COCINA BLACK LINEA MOVE,1,0,10/01/2026 08:28:43,IMP-13-8-1,157,62
25080162,10/01/2026 08:04:00,10/01/2026 08:41:00,9,Preparacion,Javier Lescano,6867,CARRO MULTIPLE 9,CARRO MULTIPLE 9,00:45:37,00:37:03,2737,2223,En Tiempo,98,27,0,00:02:26,146,Logico,"20-134         ",20-134 - MONOCOMANDO COCINA BETIS,10,0,10/01/2026 08:30:14,IMP-15-9-1,189,91
25080162,10/01/2026 08:04:00,10/01/2026 08:41:00,9,Preparacion,Javier Lescano,6867,CARRO MULTIPLE 9,CARRO MULTIPLE 9,00:45:37,00:37:03,2737,2223,En Tiempo,98,27,0,00:02:26,146,Logico,"54-203         ","COCINA PARED EXT C.CERAM ADRA MONOCOMANDO                             ",1,0,10/01/2026 08:31:25,IMP-15-8-1,188,71
25080162,10/01/2026 08:04:00,10/01/2026 08:41:00,9,Preparacion,Javier Lescano,6867,CARRO MULTIPLE 9,CARRO MULTIPLE 9,00:45:37,00:37:03,2737,2223,En Tiempo,98,27,0,00:02:26,146,Logico,"17030N         ",17030N - PERCHA LINEA FABRIC BLACK,10,0,10/01/2026 08:32:27,IMP-15-6-1,186,62
25080162,10/01/2026 08:04:00,10/01/2026 08:41:00,9,Preparacion,Javier Lescano,6867,CARRO MULTIPLE 9,CARRO MULTIPLE 9,00:45:37,00:37:03,2737,2223,En Tiempo,98,27,0,00:02:26,146,Logico,"63-176N        ","LAVATORIO PARED EMB MONOC BLACK RIO                                   ",5,0,10/01/2026 08:34:08,IMP-15-6-1,186,101
25080162,10/01/2026 08:04:00,10/01/2026 08:41:00,9,Preparacion,Javier Lescano,6867,CARRO MULTIPLE 9,CARRO MULTIPLE 9,00:45:37,00:37:03,2737,2223,En Tiempo,98,27,0,00:02:26,146,Logico,"17040N         ",17040N - PORTA ROLLO LINEA FABRIC BLACK,1,0,10/01/2026 08:40:48,IMP-15-4-1,184,400
25080209,10/01/2026 08:05:00,10/01/2026 08:12:00,1,Reposicion,Andres Cejas,6417,MULTIPALLET,APILADORA,00:14:02,00:07:11,842,431,En Tiempo,80,1,0,00:00:00,0,Logico,"80-166         ","DUCHA EMB. C/TRANSF. CR C.CERAM ADRA PLUS                             ",80,0,10/01/2026 08:12:27,NAC-19-13-2,,0
25080332,10/01/2026 08:09:00,10/01/2026 08:27:00,7,Preparacion,Alejandro Dure,6866,CARRO MULTIPLE 9,CARRO MULTIPLE 9,00:27:36,00:18:33,1656,1113,En Tiempo,33,15,0,00:01:50,110,Logico,"70-199         ",70-199 - BIDE CR C.CERAM LIVE,2,0,10/01/2026 08:12:49,NAC-17-18-1,518,0
25080332,10/01/2026 08:09:00,10/01/2026 08:27:00,7,Preparacion,Alejandro Dure,6866,CARRO MULTIPLE 9,CARRO MULTIPLE 9,00:27:36,00:18:33,1656,1113,En Tiempo,33,15,0,00:01:50,110,Logico,"910/M          ","910/M - JGO.MDA.P.CANO CROMO ""DIQUE""",8,0,10/01/2026 08:14:10,NAC-17-17-1,514,81
25080332,10/01/2026 08:09:00,10/01/2026 08:27:00,7,Preparacion,Alejandro Dure,6866,CARRO MULTIPLE 9,CARRO MULTIPLE 9,00:27:36,00:18:33,1656,1113,En Tiempo,33,15,0,00:01:50,110,Logico,"60-162N        ",60-162N - LAVATORIO BLACK C.CERAM LINEA ADRA,1,0,10/01/2026 08:15:08,NAC-15-20-1,530,58
25080332,10/01/2026 08:09:00,10/01/2026 08:27:00,7,Preparacion,Alejandro Dure,6866,CARRO MULTIPLE 9,CARRO MULTIPLE 9,00:27:36,00:18:33,1656,1113,En Tiempo,33,15,0,00:01:50,110,Logico,"62-162N        ",62-162N - LAVATORIO DE PARED BLACK C.CERAM ADRA,1,0,10/01/2026 08:15:45,NAC-15-20-2,531,37
25080332,10/01/2026 08:09:00,10/01/2026 08:27:00,7,Preparacion,Alejandro Dure,6866,CARRO MULTIPLE 9,CARRO MULTIPLE 9,00:27:36,00:18:33,1656,1113,En Tiempo,33,15,0,00:01:50,110,Logico,"70-162N        ",70-162N - BIDE BLACK C.CERAM LINEA ADRA,1,0,10/01/2026 08:16:11,NAC-15-19-1,534,26
25080332,10/01/2026 08:09:00,10/01/2026 08:27:00,7,Preparacion,Alejandro Dure,6866,CARRO MULTIPLE 9,CARRO MULTIPLE 9,00:27:36,00:18:33,1656,1113,En Tiempo,33,15,0,00:01:50,110,Logico,"70-100N        ",70-100N - BIDE BLACK C.CERAM FABRIC,1,0,10/01/2026 08:17:13,NAC-16-16-2,545,62
25080332,10/01/2026 08:09:00,10/01/2026 08:27:00,7,Preparacion,Alejandro Dure,6866,CARRO MULTIPLE 9,CARRO MULTIPLE 9,00:27:36,00:18:33,1656,1113,En Tiempo,33,15,0,00:01:50,110,Logico,"60-100N        ",60-100N - LAVATORIO BLACK C.CERAM FABRIC,1,0,10/01/2026 08:17:30,NAC-16-16-2,545,17
25080332,10/01/2026 08:09:00,10/01/2026 08:27:00,7,Preparacion,Alejandro Dure,6866,CARRO MULTIPLE 9,CARRO MULTIPLE 9,00:27:36,00:18:33,1656,1113,En Tiempo,33,15,0,00:01:50,110,Logico,"70-100G        ",70-100G - BIDE GOLD C.CERAM FABRIC,1,0,10/01/2026 08:18:03,NAC-16-16-1,544,33
25080332,10/01/2026 08:09:00,10/01/2026 08:27:00,7,Preparacion,Alejandro Dure,6866,CARRO MULTIPLE 9,CARRO MULTIPLE 9,00:27:36,00:18:33,1656,1113,En Tiempo,33,15,0,00:01:50,110,Logico,"62-100N        ",62-100N - LAVATORIO DE PARED BLACK C.CERAM FABRIC,5,0,10/01/2026 08:19:45,NAC-16-15-2,549,102
25080332,10/01/2026 08:09:00,10/01/2026 08:27:00,7,Preparacion,Alejandro Dure,6866,CARRO MULTIPLE 9,CARRO MULTIPLE 9,00:27:36,00:18:33,1656,1113,En Tiempo,33,15,0,00:01:50,110,Logico,"62-175GR       ",62-175GR - LAVATORIO DE PARED PULSE GRAFITO C.CERAM,1,0,10/01/2026 08:20:25,NAC-14-20-2,581,40
25080332,10/01/2026 08:09:00,10/01/2026 08:27:00,7,Preparacion,Alejandro Dure,6866,CARRO MULTIPLE 9,CARRO MULTIPLE 9,00:27:36,00:18:33,1656,1113,En Tiempo,33,15,0,00:01:50,110,Logico,"80-175GR       ",80-175GR - DUCHA EMB C/TRANSF. PULSE GRAFITO C.CERAM,1,0,10/01/2026 08:20:50,NAC-14-20-2,581,25
25080332,10/01/2026 08:09:00,10/01/2026 08:27:00,7,Preparacion,Alejandro Dure,6866,CARRO MULTIPLE 9,CARRO MULTIPLE 9,00:27:36,00:18:33,1656,1113,En Tiempo,33,15,0,00:01:50,110,Logico,"A1540          ","CUERPO VALVULA DE DESAGOTE P/INODORO TECNO 02-010/011                 ",5,0,10/01/2026 08:23:26,NAC-1-6-2,9999,156
25080332,10/01/2026 08:09:00,10/01/2026 08:27:00,7,Preparacion,Alejandro Dure,6866,CARRO MULTIPLE 9,CARRO MULTIPLE 9,00:27:36,00:18:33,1656,1113,En Tiempo,33,15,0,00:01:50,110,Logico,"80-200G        ",80-200G - DUCHA EMB. MONOC. 3 FUNCIONES GOLD FABRIC,3,0,10/01/2026 08:25:29,NAC-18-11-1,9999,123
25080332,10/01/2026 08:09:00,10/01/2026 08:27:00,7,Preparacion,Alejandro Dure,6866,CARRO MULTIPLE 9,CARRO MULTIPLE 9,00:27:36,00:18:33,1656,1113,En Tiempo,33,15,0,00:01:50,110,Logico,"85-168N        ",85-168N - DUCHA MONOC C/TRANSF Y DUCHADOR BLACK WAVE,1,0,10/01/2026 08:26:04,NAC-18-10-1,9999,35
25080332,10/01/2026 08:09:00,10/01/2026 08:27:00,7,Preparacion,Alejandro Dure,6866,CARRO MULTIPLE 9,CARRO MULTIPLE 9,00:27:36,00:18:33,1656,1113,En Tiempo,33,15,0,00:01:50,110,Logico,"80-168N        ",80-168N - DUCHA EMB C/TRANSF MONOC BLACK WAVE,1,0,10/01/2026 08:27:10,NAC-18-1-1,9999,66
25080511,10/01/2026 08:13:00,10/01/2026 08:16:00,1,Reposicion,Andres Cejas,6417,MULTIPALLET,APILADORA,00:10:40,00:03:55,640,235,En Tiempo,48,1,0,00:00:03,3,Logico,"85-190         ",85-190 - DUCHA EMB C/TRANSF Y DUCHADOR CR C.CERAM BLACK VELVET,48,0,10/01/2026 08:16:25,NAC-15-18-2,,0
25080921,10/01/2026 08:21:00,10/01/2026 08:27:00,1,Reposicion,Andres Cejas,6417,MULTIPALLET,APILADORA,00:12:30,00:06:24,750,384,En Tiempo,482,1,0,00:04:17,257,Logico,"10040CR        ","PORTA ROLLO LINEA 10000 MINIMALISTA                                   ",482,0,10/01/2026 08:27:06,IMP-8-19-1,,0
25080931,10/01/2026 08:21:00,10/01/2026 08:28:00,1,Preparacion,Gaston Alejandro Kiriczuk,6409,MULTIPALLET,MULTIPALLET,00:09:51,00:06:37,591,397,En Tiempo,4,2,0,00:20:10,1210,Excedido,"INO101P-1      ","INODORO BLANCO C/ASIENTO LINEA ACQUA PLUS                             ",2,0,10/01/2026 08:25:00,ALM-26-31-1,9999,0
25080931,10/01/2026 08:21:00,10/01/2026 08:28:00,1,Preparacion,Gaston Alejandro Kiriczuk,6409,MULTIPALLET,MULTIPALLET,00:09:51,00:06:37,591,397,En Tiempo,4,2,0,00:20:10,1210,Excedido,"INO101P-2      ","DEPOSITO C/DESCARGA DUAL BLANCO LINEA ACQUA PLUS                      ",2,0,10/01/2026 08:27:34,PAS-13-1-1,9999,154
25080985,10/01/2026 08:22:00,10/01/2026 08:27:00,2,Preparacion,Kevin Arce,7636,CARRO MULTIPLE 9,CARRO MULTIPLE 6,00:06:37,00:05:20,397,320,En Tiempo,5,1,0,00:04:33,273,Logico,"BCH20          ","BACHA BAJO MESADA BLANCA 500x400x185                                  ",4,0,10/01/2026 08:26:24,SAN-17-6-1,208,0
25080985,10/01/2026 08:22:00,10/01/2026 08:27:00,2,Preparacion,Kevin Arce,7636,CARRO MULTIPLE 9,CARRO MULTIPLE 6,00:06:37,00:05:20,397,320,En Tiempo,5,1,0,00:04:33,273,Logico,"BCH20          ","BACHA BAJO MESADA BLANCA 500x400x185                                  ",1,0,10/01/2026 08:27:10,SAN-17-6-1,208,46
25082122,10/01/2026 08:49:00,10/01/2026 08:55:00,1,Reposicion,Andres Cejas,6417,MULTIPALLET,APILADORA,00:12:04,00:05:46,724,346,En Tiempo,48,1,0,00:22:16,1336,Excedido,"80-200N        ",80-200N - DUCHA EMB. MONOC. 3 FUNCIONES BLACK FABRIC,48,0,10/01/2026 08:55:08,NAC-14-12-2,,0
25082173,10/01/2026 08:50:00,10/01/2026 09:27:00,3,Preparacion,Alejandro Dure,6866,CARRO MULTIPLE 6,CARRO MULTIPLE 3,00:33:33,00:37:00,2013,2220,Fuera de Tiempo,56,16,0,00:00:00,0,Logico,"20-202N        ",20-202N - MONOCOMANDO COCINA BLACK HOOP,5,0,10/01/2026 08:53:52,IMP-10-8-1,101,0
25082173,10/01/2026 08:50:00,10/01/2026 09:27:00,3,Preparacion,Alejandro Dure,6866,CARRO MULTIPLE 6,CARRO MULTIPLE 3,00:33:33,00:37:00,2013,2220,Fuera de Tiempo,56,16,0,00:00:00,0,Logico,"61-200G        ",61-200G - LAVATORIO MONOC ALTO GOLD FABRIC,2,0,10/01/2026 08:55:21,IMP-11-9-1,118,89
25082173,10/01/2026 08:50:00,10/01/2026 09:27:00,3,Preparacion,Alejandro Dure,6866,CARRO MULTIPLE 6,CARRO MULTIPLE 3,00:33:33,00:37:00,2013,2220,Fuera de Tiempo,56,16,0,00:00:00,0,Logico,"60-200G        ",60-200G - LAVATORIO MONOC BAJO GOLD FABRIC,1,0,10/01/2026 08:56:14,IMP-11-9-1,118,53
25082173,10/01/2026 08:50:00,10/01/2026 09:27:00,3,Preparacion,Alejandro Dure,6866,CARRO MULTIPLE 6,CARRO MULTIPLE 3,00:33:33,00:37:00,2013,2220,Fuera de Tiempo,56,16,0,00:00:00,0,Logico,"70-200G        ",70-200G - BIDE MONOCOMANDO GOLD FABRIC,1,0,10/01/2026 08:56:47,IMP-11-8-1,117,33
25082173,10/01/2026 08:50:00,10/01/2026 09:27:00,3,Preparacion,Alejandro Dure,6866,CARRO MULTIPLE 6,CARRO MULTIPLE 3,00:33:33,00:37:00,2013,2220,Fuera de Tiempo,56,16,0,00:00:00,0,Logico,"70-200G        ",70-200G - BIDE MONOCOMANDO GOLD FABRIC,1,0,10/01/2026 08:57:03,IMP-11-8-1,117,16
25082173,10/01/2026 08:50:00,10/01/2026 09:27:00,3,Preparacion,Alejandro Dure,6866,CARRO MULTIPLE 6,CARRO MULTIPLE 3,00:33:33,00:37:00,2013,2220,Fuera de Tiempo,56,16,0,00:00:00,0,Logico,"84-203         ","DUCHA EXT C/COLUMNA Y TRANSF CR ADRA                                  ",1,0,10/01/2026 08:58:34,IMP-11-6-1,115,91
25082173,10/01/2026 08:50:00,10/01/2026 09:27:00,3,Preparacion,Alejandro Dure,6866,CARRO MULTIPLE 6,CARRO MULTIPLE 3,00:33:33,00:37:00,2013,2220,Fuera de Tiempo,56,16,0,00:00:00,0,Logico,"17010G         ",17010G - TOALLERO BARRAL LINEA FABRIC GOLD,2,0,10/01/2026 08:59:31,IMP-11-1-1,110,57
25082173,10/01/2026 08:50:00,10/01/2026 09:27:00,3,Preparacion,Alejandro Dure,6866,CARRO MULTIPLE 6,CARRO MULTIPLE 3,00:33:33,00:37:00,2013,2220,Fuera de Tiempo,56,16,0,00:00:00,0,Logico,"70-183         ","BIDE MONOCOMANDO C/TRANSF MAT                                         ",1,0,10/01/2026 09:00:55,IMP-13-5-1,154,84
25082173,10/01/2026 08:50:00,10/01/2026 09:27:00,3,Preparacion,Alejandro Dure,6866,CARRO MULTIPLE 6,CARRO MULTIPLE 3,00:33:33,00:37:00,2013,2220,Fuera de Tiempo,56,16,0,00:00:00,0,Logico,"60-183         ","LAVATORIO MONOCOMANDO BAJO MAT                                        ",3,0,10/01/2026 09:01:28,IMP-13-5-1,154,33
25082173,10/01/2026 08:50:00,10/01/2026 09:27:00,3,Preparacion,Alejandro Dure,6866,CARRO MULTIPLE 6,CARRO MULTIPLE 3,00:33:33,00:37:00,2013,2220,Fuera de Tiempo,56,16,0,00:00:00,0,Logico,"85-183         ","DUCHA EMB C/TRANSF Y DUCHADOR MONOC MAT                               ",4,0,10/01/2026 09:03:53,IMP-13-7-1,156,145
25082173,10/01/2026 08:50:00,10/01/2026 09:27:00,3,Preparacion,Alejandro Dure,6866,CARRO MULTIPLE 6,CARRO MULTIPLE 3,00:33:33,00:37:00,2013,2220,Fuera de Tiempo,56,16,0,00:00:00,0,Logico,"85-183         ","DUCHA EMB C/TRANSF Y DUCHADOR MONOC MAT                               ",2,0,10/01/2026 09:07:14,IMP-13-7-1,156,201
25082173,10/01/2026 08:50:00,10/01/2026 09:27:00,3,Preparacion,Alejandro Dure,6866,CARRO MULTIPLE 6,CARRO MULTIPLE 3,00:33:33,00:37:00,2013,2220,Fuera de Tiempo,56,16,0,00:00:00,0,Logico,"20-162         ",20-162 - MONOCOMANDO COCINA ADRA,5,0,10/01/2026 09:08:33,IMP-14-8-1,173,79
25082173,10/01/2026 08:50:00,10/01/2026 09:27:00,3,Preparacion,Alejandro Dure,6866,CARRO MULTIPLE 6,CARRO MULTIPLE 3,00:33:33,00:37:00,2013,2220,Fuera de Tiempo,56,16,0,00:00:00,0,Logico,"20-160         ",20-160 - MONOCOMANDO MESADA COCINA DIQUE,5,0,10/01/2026 09:13:51,IMP-13-10-1,159,318
25082173,10/01/2026 08:50:00,10/01/2026 09:27:00,3,Preparacion,Alejandro Dure,6866,CARRO MULTIPLE 6,CARRO MULTIPLE 3,00:33:33,00:37:00,2013,2220,Fuera de Tiempo,56,16,0,00:00:00,0,Logico,"17030G         ",17030G - PERCHA LINEA FABRIC GOLD,2,0,10/01/2026 09:15:27,IMP-15-11-1,191,96
25082173,10/01/2026 08:50:00,10/01/2026 09:27:00,3,Preparacion,Alejandro Dure,6866,CARRO MULTIPLE 6,CARRO MULTIPLE 3,00:33:33,00:37:00,2013,2220,Fuera de Tiempo,56,16,0,00:00:00,0,Logico,"22-178         ",22-178 - MONOCOMANDO DE COCINA P/AGUA FILTRADA VITA,9,0,10/01/2026 09:20:59,IMP-13-16-1,165,332
25082173,10/01/2026 08:50:00,10/01/2026 09:27:00,3,Preparacion,Alejandro Dure,6866,CARRO MULTIPLE 6,CARRO MULTIPLE 3,00:33:33,00:37:00,2013,2220,Fuera de Tiempo,56,16,0,00:00:00,0,Logico,"22-178         ",22-178 - MONOCOMANDO DE COCINA P/AGUA FILTRADA VITA,1,0,10/01/2026 09:21:45,IMP-13-16-1,165,46
25082173,10/01/2026 08:50:00,10/01/2026 09:27:00,3,Preparacion,Alejandro Dure,6866,CARRO MULTIPLE 6,CARRO MULTIPLE 3,00:33:33,00:37:00,2013,2220,Fuera de Tiempo,56,16,0,00:00:00,0,Logico,"20-100G        ",20-100G - MONOCOMANDO DE COCINA FABRIC GOLD,2,0,10/01/2026 09:24:40,IMP-12-20-1,130,175
25082173,10/01/2026 08:50:00,10/01/2026 09:27:00,3,Preparacion,Alejandro Dure,6866,CARRO MULTIPLE 6,CARRO MULTIPLE 3,00:33:33,00:37:00,2013,2220,Fuera de Tiempo,56,16,0,00:00:00,0,Logico,"18030          ",18030 - PERCHA NIQUEL LINEA BEAT,6,0,10/01/2026 09:26:11,IMP-11-16-1,125,91
25082173,10/01/2026 08:50:00,10/01/2026 09:27:00,3,Preparacion,Alejandro Dure,6866,CARRO MULTIPLE 6,CARRO MULTIPLE 3,00:33:33,00:37:00,2013,2220,Fuera de Tiempo,56,16,0,00:00:00,0,Logico,"18040          ",18040 - PORTA ROLLO NIQUEL LINEA BEAT,3,0,10/01/2026 09:27:27,IMP-11-16-1,125,76
25082236,10/01/2026 08:52:00,10/01/2026 09:47:00,4,Preparacion,Kevin Arce,7636,CARRO MULTIPLE 6,CARRO MULTIPLE 6,00:35:24,00:54:20,2124,3260,Fuera de Tiempo,62,20,0,00:00:00,0,Logico,"AB-002         ",AB-002 - AGARRADERA ACERO INOX CROMADO 40 CM SAFE,1,0,10/01/2026 08:58:01,IMP-5-12-1,12,0
25082236,10/01/2026 08:52:00,10/01/2026 09:47:00,4,Preparacion,Kevin Arce,7636,CARRO MULTIPLE 6,CARRO MULTIPLE 6,00:35:24,00:54:20,2124,3260,Fuera de Tiempo,62,20,0,00:00:00,0,Logico,"AB-002         ",AB-002 - AGARRADERA ACERO INOX CROMADO 40 CM SAFE,1,0,10/01/2026 08:59:31,IMP-5-12-1,12,90
25082236,10/01/2026 08:52:00,10/01/2026 09:47:00,4,Preparacion,Kevin Arce,7636,CARRO MULTIPLE 6,CARRO MULTIPLE 6,00:35:24,00:54:20,2124,3260,Fuera de Tiempo,62,20,0,00:00:00,0,Logico,"16030          ",16030 - PERCHA LINEA 16000,4,0,10/01/2026 09:01:38,IMP-5-18-1,18,127
25082236,10/01/2026 08:52:00,10/01/2026 09:47:00,4,Preparacion,Kevin Arce,7636,CARRO MULTIPLE 6,CARRO MULTIPLE 6,00:35:24,00:54:20,2124,3260,Fuera de Tiempo,62,20,0,00:00:00,0,Logico,"10010CR        ","TOALLERO BARRAL LINEA 10000 MINIMALISTA                               ",2,0,10/01/2026 09:04:18,IMP-7-19-1,48,160
25082236,10/01/2026 08:52:00,10/01/2026 09:47:00,4,Preparacion,Kevin Arce,7636,CARRO MULTIPLE 6,CARRO MULTIPLE 6,00:35:24,00:54:20,2124,3260,Fuera de Tiempo,62,20,0,00:00:00,0,Logico,"16040          ",16040 - PORTA ROLLO ACCESORIOS LINEA 16000,1,0,10/01/2026 09:05:30,IMP-7-18-1,47,72
25082236,10/01/2026 08:52:00,10/01/2026 09:47:00,4,Preparacion,Kevin Arce,7636,CARRO MULTIPLE 6,CARRO MULTIPLE 6,00:35:24,00:54:20,2124,3260,Fuera de Tiempo,62,20,0,00:00:00,0,Logico,"10030CR        ","PERCHA LINEA 10000 MINIMALISTA                                        ",6,0,10/01/2026 09:06:37,IMP-7-18-1,47,67
25082236,10/01/2026 08:52:00,10/01/2026 09:47:00,4,Preparacion,Kevin Arce,7636,CARRO MULTIPLE 6,CARRO MULTIPLE 6,00:35:24,00:54:20,2124,3260,Fuera de Tiempo,62,20,0,00:00:00,0,Logico,"A1452NI        ",A1452NI - CAÑO DE DUCHA RECTO 150 MM NICKEL C/BLISTER,1,0,10/01/2026 09:09:40,IMP-8-9-1,61,183
25082236,10/01/2026 08:52:00,10/01/2026 09:47:00,4,Preparacion,Kevin Arce,7636,CARRO MULTIPLE 6,CARRO MULTIPLE 6,00:35:24,00:54:20,2124,3260,Fuera de Tiempo,62,20,0,00:00:00,0,Logico,"60-200C        ",60-200C - LAVATORIO MONOC BAJO CR FABRIC,5,0,10/01/2026 09:12:49,IMP-9-13-1,82,189
25082236,10/01/2026 08:52:00,10/01/2026 09:47:00,4,Preparacion,Kevin Arce,7636,CARRO MULTIPLE 6,CARRO MULTIPLE 6,00:35:24,00:54:20,2124,3260,Fuera de Tiempo,62,20,0,00:00:00,0,Logico,"60-168N        ",60-168N - LAVATORIO MONOC BAJO BLACK WAVE,1,0,10/01/2026 09:13:41,IMP-9-14-1,83,52
25082236,10/01/2026 08:52:00,10/01/2026 09:47:00,4,Preparacion,Kevin Arce,7636,CARRO MULTIPLE 6,CARRO MULTIPLE 6,00:35:24,00:54:20,2124,3260,Fuera de Tiempo,62,20,0,00:00:00,0,Logico,"61-168N        ",61-168N - LAVATORIO MONOC ALTO BLACK WAVE,2,0,10/01/2026 09:16:14,IMP-10-8-1,101,153
25082236,10/01/2026 08:52:00,10/01/2026 09:47:00,4,Preparacion,Kevin Arce,7636,CARRO MULTIPLE 6,CARRO MULTIPLE 6,00:35:24,00:54:20,2124,3260,Fuera de Tiempo,62,20,0,00:00:00,0,Logico,"20-121         ",20-121 - COCINA MSDA MONOC.P. REDONDO MARBELLA,17,0,10/01/2026 09:21:15,IMP-11-10-1,119,301
25082236,10/01/2026 08:52:00,10/01/2026 09:47:00,4,Preparacion,Kevin Arce,7636,CARRO MULTIPLE 6,CARRO MULTIPLE 6,00:35:24,00:54:20,2124,3260,Fuera de Tiempo,62,20,0,00:00:00,0,Logico,"17010G         ",17010G - TOALLERO BARRAL LINEA FABRIC GOLD,1,0,10/01/2026 09:23:44,IMP-11-1-1,110,149
25082236,10/01/2026 08:52:00,10/01/2026 09:47:00,4,Preparacion,Kevin Arce,7636,CARRO MULTIPLE 6,CARRO MULTIPLE 6,00:35:24,00:54:20,2124,3260,Fuera de Tiempo,62,20,0,00:00:00,0,Logico,"17020G         ",17020G - TOALLERO DE ARO LINEA FABRIC GOLD,1,0,10/01/2026 09:24:35,IMP-11-1-1,110,51
25082236,10/01/2026 08:52:00,10/01/2026 09:47:00,4,Preparacion,Kevin Arce,7636,CARRO MULTIPLE 6,CARRO MULTIPLE 6,00:35:24,00:54:20,2124,3260,Fuera de Tiempo,62,20,0,00:00:00,0,Logico,"20-205         ",20-205 - MONOCOMANDO DE COCINA STEEL,2,0,10/01/2026 09:26:59,IMP-12-8-1,142,144
25082236,10/01/2026 08:52:00,10/01/2026 09:47:00,4,Preparacion,Kevin Arce,7636,CARRO MULTIPLE 6,CARRO MULTIPLE 6,00:35:24,00:54:20,2124,3260,Fuera de Tiempo,62,20,0,00:00:00,0,Logico,"70-152         ",70-152 - BIDE MONOCOMANDO CR C/TRANSFERENCIA SORIA,2,0,10/01/2026 09:31:29,IMP-12-16-1,134,270
25082236,10/01/2026 08:52:00,10/01/2026 09:47:00,4,Preparacion,Kevin Arce,7636,CARRO MULTIPLE 6,CARRO MULTIPLE 6,00:35:24,00:54:20,2124,3260,Fuera de Tiempo,62,20,0,00:00:00,0,Logico,"22-178         ",22-178 - MONOCOMANDO DE COCINA P/AGUA FILTRADA VITA,1,0,10/01/2026 09:33:56,IMP-13-16-1,165,147
25082236,10/01/2026 08:52:00,10/01/2026 09:47:00,4,Preparacion,Kevin Arce,7636,CARRO MULTIPLE 6,CARRO MULTIPLE 6,00:35:24,00:54:20,2124,3260,Fuera de Tiempo,62,20,0,00:00:00,0,Logico,"70-168N        ",70-168N - BIDE MONOC BLACK WAVE,1,0,10/01/2026 09:36:04,IMP-14-10-1,171,128
25082236,10/01/2026 08:52:00,10/01/2026 09:47:00,4,Preparacion,Kevin Arce,7636,CARRO MULTIPLE 6,CARRO MULTIPLE 6,00:35:24,00:54:20,2124,3260,Fuera de Tiempo,62,20,0,00:00:00,0,Logico,"17040G         ",17040G - PORTA ROLLO LINEA FABRIC GOLD,4,0,10/01/2026 09:38:03,IMP-14-7-1,174,119
25082236,10/01/2026 08:52:00,10/01/2026 09:47:00,4,Preparacion,Kevin Arce,7636,CARRO MULTIPLE 6,CARRO MULTIPLE 6,00:35:24,00:54:20,2124,3260,Fuera de Tiempo,62,20,0,00:00:00,0,Logico,"17030G         ",17030G - PERCHA LINEA FABRIC GOLD,4,0,10/01/2026 09:43:20,IMP-15-11-1,191,317
25082236,10/01/2026 08:52:00,10/01/2026 09:47:00,4,Preparacion,Kevin Arce,7636,CARRO MULTIPLE 6,CARRO MULTIPLE 6,00:35:24,00:54:20,2124,3260,Fuera de Tiempo,62,20,0,00:00:00,0,Logico,"17010N         ",17010N - TOALLERO BARRAL LINEA FABRIC BLACK,2,0,10/01/2026 09:44:53,IMP-15-5-1,185,93
25082236,10/01/2026 08:52:00,10/01/2026 09:47:00,4,Preparacion,Kevin Arce,7636,CARRO MULTIPLE 6,CARRO MULTIPLE 6,00:35:24,00:54:20,2124,3260,Fuera de Tiempo,62,20,0,00:00:00,0,Logico,"17040N         ",17040N - PORTA ROLLO LINEA FABRIC BLACK,3,0,10/01/2026 09:46:34,IMP-15-4-1,184,101
25082920,10/01/2026 09:09:00,10/01/2026 09:17:00,1,Preparacion,Javier Lescano,6867,CARRO MULTIPLE 3,CARRO MULTIPLE 3,00:07:01,00:08:12,421,492,Fuera de Tiempo,3,2,0,00:00:00,0,Logico,"BAI01NI        ",BAI01NI - BACHA EMB COCINA C/ACCESORIOS 750x450x220 NICKEL BRUSHED,2,0,10/01/2026 09:17:04,SAN-17-7-1,209,0
25082920,10/01/2026 09:09:00,10/01/2026 09:17:00,1,Preparacion,Javier Lescano,6867,CARRO MULTIPLE 3,CARRO MULTIPLE 3,00:07:01,00:08:12,421,492,Fuera de Tiempo,3,2,0,00:00:00,0,Logico,"BCH12          ",BCH12 - BACHA DE APOYAR BLANCA 460x320x140,1,0,10/01/2026 09:17:27,SAN-16-9-1,194,23
25083148,10/01/2026 09:14:00,10/01/2026 09:37:00,1,Preparacion,Claudio Juarez,7839,APILADORA,APILADORA,00:32:47,00:22:46,1967,1366,En Tiempo,25,8,0,00:09:52,592,Excedido,"BAI01NI        ",BAI01NI - BACHA EMB COCINA C/ACCESORIOS 750x450x220 NICKEL BRUSHED,3,0,10/01/2026 09:19:15,SAN-17-7-1,209,0
25083148,10/01/2026 09:14:00,10/01/2026 09:37:00,1,Preparacion,Claudio Juarez,7839,APILADORA,APILADORA,00:32:47,00:22:46,1967,1366,En Tiempo,25,8,0,00:09:52,592,Excedido,"BAI01N         ",BAI01N - BACHA EMB COCINA C/ACCESORIOS 750x450x220 BLACK GUN BRUSHED,2,0,10/01/2026 09:19:39,SAN-17-6-1,208,24
25083148,10/01/2026 09:14:00,10/01/2026 09:37:00,1,Preparacion,Claudio Juarez,7839,APILADORA,APILADORA,00:32:47,00:22:46,1967,1366,En Tiempo,25,8,0,00:09:52,592,Excedido,"BCH11BM        ",BCH11BM - BACHA DE APOYAR REDONDA BLANCO MATE 400x400x125,4,0,10/01/2026 09:21:19,SAN-17-4-1,206,100
25083148,10/01/2026 09:14:00,10/01/2026 09:37:00,1,Preparacion,Claudio Juarez,7839,APILADORA,APILADORA,00:32:47,00:22:46,1967,1366,En Tiempo,25,8,0,00:09:52,592,Excedido,"BCH18          ",BCH18 - BACHA DE APOYAR SIMIL MARMOL 460x320x140,1,0,10/01/2026 09:22:23,SAN-16-7-1,196,64
25083148,10/01/2026 09:14:00,10/01/2026 09:37:00,1,Preparacion,Claudio Juarez,7839,APILADORA,APILADORA,00:32:47,00:22:46,1967,1366,En Tiempo,25,8,0,00:09:52,592,Excedido,"BCH07          ",BCH07 - BACHA DE APOYAR OVALADA 400x330x150,2,0,10/01/2026 09:23:13,SAN-16-10-1,193,50
25083148,10/01/2026 09:14:00,10/01/2026 09:37:00,1,Preparacion,Claudio Juarez,7839,APILADORA,APILADORA,00:32:47,00:22:46,1967,1366,En Tiempo,25,8,0,00:09:52,592,Excedido,"INO104-2       ","DEPOSITO C/DESCARGA DUAL BLANCO LINEA STONE                           ",6,0,10/01/2026 09:24:42,SAN-5-8-1,8,89
25083148,10/01/2026 09:14:00,10/01/2026 09:37:00,1,Preparacion,Claudio Juarez,7839,APILADORA,APILADORA,00:32:47,00:22:46,1967,1366,En Tiempo,25,8,0,00:09:52,592,Excedido,"BID104-3       ","BIDE 3 AGUJEROS BLANCO LINEA STONE                                    ",1,0,10/01/2026 09:29:06,SAN-5-5-1,5,264
25083148,10/01/2026 09:14:00,10/01/2026 09:37:00,1,Preparacion,Claudio Juarez,7839,APILADORA,APILADORA,00:32:47,00:22:46,1967,1366,En Tiempo,25,8,0,00:09:52,592,Excedido,"INO104-1       ","INODORO BLANCO C/ASIENTO LINEA STONE                                  ",6,0,10/01/2026 09:37:07,PAS-1-2-3,9999,481
25083376,10/01/2026 09:19:00,10/01/2026 09:47:00,1,Preparacion,Javier Lescano,6867,APILADORA,APILADORA,00:10:23,00:27:59,623,1679,Fuera de Tiempo,16,2,0,00:02:01,121,Logico,"INO104-2       ","DEPOSITO C/DESCARGA DUAL BLANCO LINEA STONE                           ",8,0,10/01/2026 09:22:40,SAN-5-8-1,8,0
25083376,10/01/2026 09:19:00,10/01/2026 09:47:00,1,Preparacion,Javier Lescano,6867,APILADORA,APILADORA,00:10:23,00:27:59,623,1679,Fuera de Tiempo,16,2,0,00:02:01,121,Logico,"INO104-1       ","INODORO BLANCO C/ASIENTO LINEA STONE                                  ",7,0,10/01/2026 09:45:35,ALM-4-37-2,9999,1375
25083376,10/01/2026 09:19:00,10/01/2026 09:47:00,1,Preparacion,Javier Lescano,6867,APILADORA,APILADORA,00:10:23,00:27:59,623,1679,Fuera de Tiempo,16,2,0,00:02:01,121,Logico,"INO104-1       ","INODORO BLANCO C/ASIENTO LINEA STONE                                  ",1,0,10/01/2026 09:47:27,SAN-5-7-1,7,112
25083888,10/01/2026 09:32:00,10/01/2026 09:43:00,1,Preparacion,Alejandro Dure,6866,MULTIPALLET,MULTIPALLET,00:25:55,00:10:36,1555,636,En Tiempo,28,10,0,00:04:32,272,Logico,"81-201NI       ",81-201NI - DUCHA EMB S/TRANSF C.CERAM NICKEL BEAT,2,0,10/01/2026 09:34:15,NAC-14-12-1,564,0
25083888,10/01/2026 09:32:00,10/01/2026 09:43:00,1,Preparacion,Alejandro Dure,6866,MULTIPALLET,MULTIPALLET,00:25:55,00:10:36,1555,636,En Tiempo,28,10,0,00:04:32,272,Logico,"85-168         ",85-168 - DUCHA MONOC C/TRANSF Y DUCHADOR CR WAVE,2,0,10/01/2026 09:35:24,NAC-14-16-1,572,69
25083888,10/01/2026 09:32:00,10/01/2026 09:43:00,1,Preparacion,Alejandro Dure,6866,MULTIPALLET,MULTIPALLET,00:25:55,00:10:36,1555,636,En Tiempo,28,10,0,00:04:32,272,Logico,"60-190         ",60-190 - LAVATORIO C.CERAM BLACK VELVET,2,0,10/01/2026 09:36:39,NAC-15-19-1,534,75
25083888,10/01/2026 09:32:00,10/01/2026 09:43:00,1,Preparacion,Alejandro Dure,6866,MULTIPALLET,MULTIPALLET,00:25:55,00:10:36,1555,636,En Tiempo,28,10,0,00:04:32,272,Logico,"80-190P        ",80-190P - DUCHA EMB. C/TRANSF. C.CERAM BLACK VELVET PLUS,2,0,10/01/2026 09:37:21,NAC-15-18-1,538,42
25083888,10/01/2026 09:32:00,10/01/2026 09:43:00,1,Preparacion,Alejandro Dure,6866,MULTIPALLET,MULTIPALLET,00:25:55,00:10:36,1555,636,En Tiempo,28,10,0,00:04:32,272,Logico,"70-190         ",70-190 - BIDE C.CERAM BLACK VELVET,3,0,10/01/2026 09:37:41,NAC-15-18-1,538,20
25083888,10/01/2026 09:32:00,10/01/2026 09:43:00,1,Preparacion,Alejandro Dure,6866,MULTIPALLET,MULTIPALLET,00:25:55,00:10:36,1555,636,En Tiempo,28,10,0,00:04:32,272,Logico,"80-353NI       ",80-353NI - DUCHA DE EMB 3 FUNCIONES BEAT NICKEL,3,0,10/01/2026 09:39:00,NAC-17-20-2,527,79
25083888,10/01/2026 09:32:00,10/01/2026 09:43:00,1,Preparacion,Alejandro Dure,6866,MULTIPALLET,MULTIPALLET,00:25:55,00:10:36,1555,636,En Tiempo,28,10,0,00:04:32,272,Logico,"70-201NI       ",70-201NI - BIDE CR C.CERAM BEAT NICKEL,4,0,10/01/2026 09:39:56,NAC-17-20-1,526,56
25083888,10/01/2026 09:32:00,10/01/2026 09:43:00,1,Preparacion,Alejandro Dure,6866,MULTIPALLET,MULTIPALLET,00:25:55,00:10:36,1555,636,En Tiempo,28,10,0,00:04:32,272,Logico,"80-201NI       ",80-201NI - DUCHA EMB C/TRANSF C.CERAM BEAT NICKEL,2,0,10/01/2026 09:40:03,NAC-17-20-1,526,7
25083888,10/01/2026 09:32:00,10/01/2026 09:43:00,1,Preparacion,Alejandro Dure,6866,MULTIPALLET,MULTIPALLET,00:25:55,00:10:36,1555,636,En Tiempo,28,10,0,00:04:32,272,Logico,"60-201NI       ",60-201NI - LAVATORIO C.CERAM BEAT NICKEL,2,0,10/01/2026 09:40:40,NAC-17-20-1,526,37
25083888,10/01/2026 09:32:00,10/01/2026 09:43:00,1,Preparacion,Alejandro Dure,6866,MULTIPALLET,MULTIPALLET,00:25:55,00:10:36,1555,636,En Tiempo,28,10,0,00:04:32,272,Logico,"80-168N        ",80-168N - DUCHA EMB C/TRANSF MONOC BLACK WAVE,6,0,10/01/2026 09:42:35,NAC-18-1-1,9999,115
25083919,10/01/2026 09:33:00,10/01/2026 09:41:00,1,Reposicion,Emmanuel Trias,6413,MULTIPALLET,APILADORA,00:12:04,00:08:40,724,520,En Tiempo,48,1,0,00:00:00,0,Logico,"80-200G        ",80-200G - DUCHA EMB. MONOC. 3 FUNCIONES GOLD FABRIC,48,0,10/01/2026 09:41:12,NAC-18-11-1,,0
25084586,10/01/2026 09:45:00,10/01/2026 09:50:00,1,Preparacion,Alejandro Dure,6866,MULTIPALLET,MULTIPALLET,00:10:23,00:04:32,623,272,En Tiempo,5,3,0,00:02:51,171,Logico,"INO103-1       ","INODORO BLANCO C/ASIENTO LINEA URBAN                                  ",1,0,10/01/2026 09:47:50,SAN-5-1-1,1,0
25084586,10/01/2026 09:45:00,10/01/2026 09:50:00,1,Preparacion,Alejandro Dure,6866,MULTIPALLET,MULTIPALLET,00:10:23,00:04:32,623,272,En Tiempo,5,3,0,00:02:51,171,Logico,"INO103-2       ","DEPOSITO C/DESCARGA DUAL BLANCO LINEA URBAN                           ",1,0,10/01/2026 09:48:16,SAN-5-2-1,2,26
25084586,10/01/2026 09:45:00,10/01/2026 09:50:00,1,Preparacion,Alejandro Dure,6866,MULTIPALLET,MULTIPALLET,00:10:23,00:04:32,623,272,En Tiempo,5,3,0,00:02:51,171,Logico,"BCH12          ",BCH12 - BACHA DE APOYAR BLANCA 460x320x140,3,0,10/01/2026 09:49:58,SAN-16-9-1,194,102
25084615,10/01/2026 09:46:00,10/01/2026 10:21:00,1,Preparacion,Claudio Juarez,7839,MULTIPALLET,MULTIPALLET,00:36:53,00:35:03,2213,2103,En Tiempo,62,25,0,00:00:00,0,Logico,"70-203         ",70-203 - BIDE MONOCOMANDO ADRA,1,0,10/01/2026 09:48:53,IMP-14-5-1,176,0
25084615,10/01/2026 09:46:00,10/01/2026 10:21:00,1,Preparacion,Claudio Juarez,7839,MULTIPALLET,MULTIPALLET,00:36:53,00:35:03,2213,2103,En Tiempo,62,25,0,00:00:00,0,Logico,"80-203P        ",80-203P - DUCHA EMB C/TRANSF. MONOCOMANDO ADRA PLUS,1,0,10/01/2026 09:50:43,IMP-14-6-1,175,110
25084615,10/01/2026 09:46:00,10/01/2026 10:21:00,1,Preparacion,Claudio Juarez,7839,MULTIPALLET,MULTIPALLET,00:36:53,00:35:03,2213,2103,En Tiempo,62,25,0,00:00:00,0,Logico,"20-162         ",20-162 - MONOCOMANDO COCINA ADRA,2,0,10/01/2026 09:52:48,IMP-14-8-1,173,125
25084615,10/01/2026 09:46:00,10/01/2026 10:21:00,1,Preparacion,Claudio Juarez,7839,MULTIPALLET,MULTIPALLET,00:36:53,00:35:03,2213,2103,En Tiempo,62,25,0,00:00:00,0,Logico,"20-146         ",20-146 - MONOCOMANDO DE COCINA CR LINEA MOVE,3,0,10/01/2026 09:54:18,IMP-13-9-1,158,90
25084615,10/01/2026 09:46:00,10/01/2026 10:21:00,1,Preparacion,Claudio Juarez,7839,MULTIPALLET,MULTIPALLET,00:36:53,00:35:03,2213,2103,En Tiempo,62,25,0,00:00:00,0,Logico,"20-122         ","MONOCOMANDO COCINA CR C/PICO EXTRAIBLE VALENCIA                       ",1,0,10/01/2026 09:55:12,IMP-12-9-1,141,54
25084615,10/01/2026 09:46:00,10/01/2026 10:21:00,1,Preparacion,Claudio Juarez,7839,MULTIPALLET,MULTIPALLET,00:36:53,00:35:03,2213,2103,En Tiempo,62,25,0,00:00:00,0,Logico,"60-152         ",60-152 - LAVATORIO CR MONOCOMANDO BAJO SORIA,1,0,10/01/2026 09:55:53,IMP-12-15-1,135,41
25084615,10/01/2026 09:46:00,10/01/2026 10:21:00,1,Preparacion,Claudio Juarez,7839,MULTIPALLET,MULTIPALLET,00:36:53,00:35:03,2213,2103,En Tiempo,62,25,0,00:00:00,0,Logico,"63-180         ",63-180 - LAVATORIO MONOC. DE PARED VERA,1,0,10/01/2026 09:56:37,IMP-11-20-1,129,44
25084615,10/01/2026 09:46:00,10/01/2026 10:21:00,1,Preparacion,Claudio Juarez,7839,MULTIPALLET,MULTIPALLET,00:36:53,00:35:03,2213,2103,En Tiempo,62,25,0,00:00:00,0,Logico,"70-180         ",70-180 - BIDE MONOCOMANDO C/TRANSF. VERA,1,0,10/01/2026 09:56:50,IMP-11-19-1,128,13
25084615,10/01/2026 09:46:00,10/01/2026 10:21:00,1,Preparacion,Claudio Juarez,7839,MULTIPALLET,MULTIPALLET,00:36:53,00:35:03,2213,2103,En Tiempo,62,25,0,00:00:00,0,Logico,"60-180         ",60-180 - LAVATORIO MONOCOMANDO BAJO VERA,7,0,10/01/2026 10:00:05,IMP-11-18-1,127,195
25084615,10/01/2026 09:46:00,10/01/2026 10:21:00,1,Preparacion,Claudio Juarez,7839,MULTIPALLET,MULTIPALLET,00:36:53,00:35:03,2213,2103,En Tiempo,62,25,0,00:00:00,0,Logico,"18040          ",18040 - PORTA ROLLO NIQUEL LINEA BEAT,4,0,10/01/2026 10:01:03,IMP-11-16-1,125,58
25084615,10/01/2026 09:46:00,10/01/2026 10:21:00,1,Preparacion,Claudio Juarez,7839,MULTIPALLET,MULTIPALLET,00:36:53,00:35:03,2213,2103,En Tiempo,62,25,0,00:00:00,0,Logico,"18030          ",18030 - PERCHA NIQUEL LINEA BEAT,17,0,10/01/2026 10:02:09,IMP-11-16-1,125,66
25084615,10/01/2026 09:46:00,10/01/2026 10:21:00,1,Preparacion,Claudio Juarez,7839,MULTIPALLET,MULTIPALLET,00:36:53,00:35:03,2213,2103,En Tiempo,62,25,0,00:00:00,0,Logico,"60-200G        ",60-200G - LAVATORIO MONOC BAJO GOLD FABRIC,1,0,10/01/2026 10:03:03,IMP-11-9-1,118,54
25084615,10/01/2026 09:46:00,10/01/2026 10:21:00,1,Preparacion,Claudio Juarez,7839,MULTIPALLET,MULTIPALLET,00:36:53,00:35:03,2213,2103,En Tiempo,62,25,0,00:00:00,0,Logico,"70-200G        ",70-200G - BIDE MONOCOMANDO GOLD FABRIC,1,0,10/01/2026 10:03:35,IMP-11-8-1,117,32
25084615,10/01/2026 09:46:00,10/01/2026 10:21:00,1,Preparacion,Claudio Juarez,7839,MULTIPALLET,MULTIPALLET,00:36:53,00:35:03,2213,2103,En Tiempo,62,25,0,00:00:00,0,Logico,"20-162N        ","MONOCOMANDO COCINA BLACK ADRA                                         ",1,0,10/01/2026 10:03:54,IMP-11-7-1,116,19
25084615,10/01/2026 09:46:00,10/01/2026 10:21:00,1,Preparacion,Claudio Juarez,7839,MULTIPALLET,MULTIPALLET,00:36:53,00:35:03,2213,2103,En Tiempo,62,25,0,00:00:00,0,Logico,"20-140         ",20-140 - MONOCOMANDO DE COCINA LINEA CUINA,1,0,10/01/2026 10:05:30,IMP-10-5-1,105,96
25084615,10/01/2026 09:46:00,10/01/2026 10:21:00,1,Preparacion,Claudio Juarez,7839,MULTIPALLET,MULTIPALLET,00:36:53,00:35:03,2213,2103,En Tiempo,62,25,0,00:00:00,0,Logico,"60-168         ",60-168 - LAVATORIO MONOC BAJO CR WAVE,3,0,10/01/2026 10:06:11,IMP-10-14-1,95,41
25084615,10/01/2026 09:46:00,10/01/2026 10:21:00,1,Preparacion,Claudio Juarez,7839,MULTIPALLET,MULTIPALLET,00:36:53,00:35:03,2213,2103,En Tiempo,62,25,0,00:00:00,0,Logico,"70-168         ",70-168 - BIDE MONOC CR WAVE,2,0,10/01/2026 10:07:52,IMP-10-15-1,94,101
25084615,10/01/2026 09:46:00,10/01/2026 10:21:00,1,Preparacion,Claudio Juarez,7839,MULTIPALLET,MULTIPALLET,00:36:53,00:35:03,2213,2103,En Tiempo,62,25,0,00:00:00,0,Logico,"20-201NI       ",20-201NI - COCINA MONOCOMANDO JOYSTICK BEAT NICKEL,1,0,10/01/2026 10:08:29,IMP-10-18-1,91,37
25084615,10/01/2026 09:46:00,10/01/2026 10:21:00,1,Preparacion,Claudio Juarez,7839,MULTIPALLET,MULTIPALLET,00:36:53,00:35:03,2213,2103,En Tiempo,62,25,0,00:00:00,0,Logico,"20-168N        ",20-168N - MONOCOMANDO COCINA BLACK WAVE,1,0,10/01/2026 10:10:16,IMP-9-17-1,85,107
25084615,10/01/2026 09:46:00,10/01/2026 10:21:00,1,Preparacion,Claudio Juarez,7839,MULTIPALLET,MULTIPALLET,00:36:53,00:35:03,2213,2103,En Tiempo,62,25,0,00:00:00,0,Logico,"60-168N        ",60-168N - LAVATORIO MONOC BAJO BLACK WAVE,1,0,10/01/2026 10:10:47,IMP-9-14-1,83,31
25084615,10/01/2026 09:46:00,10/01/2026 10:21:00,1,Preparacion,Claudio Juarez,7839,MULTIPALLET,MULTIPALLET,00:36:53,00:35:03,2213,2103,En Tiempo,62,25,0,00:00:00,0,Logico,"30-132         ",30-132 - COCINA MESADA MONOC. C/DUCHADOR EXTENSIBLE VIGO,2,0,10/01/2026 10:13:00,IMP-9-12-1,81,133
25084615,10/01/2026 09:46:00,10/01/2026 10:21:00,1,Preparacion,Claudio Juarez,7839,MULTIPALLET,MULTIPALLET,00:36:53,00:35:03,2213,2103,En Tiempo,62,25,0,00:00:00,0,Logico,"19050          ",19050 - JABONERA LINEA 19000,2,0,10/01/2026 10:19:25,IMP-6-19-1,2,385
25084615,10/01/2026 09:46:00,10/01/2026 10:21:00,1,Preparacion,Claudio Juarez,7839,MULTIPALLET,MULTIPALLET,00:36:53,00:35:03,2213,2103,En Tiempo,62,25,0,00:00:00,0,Logico,"19020          ",19020 - TOALLERO DE ARO LINEA 19000,3,0,10/01/2026 10:19:58,IMP-6-18-1,3,33
25084615,10/01/2026 09:46:00,10/01/2026 10:21:00,1,Preparacion,Claudio Juarez,7839,MULTIPALLET,MULTIPALLET,00:36:53,00:35:03,2213,2103,En Tiempo,62,25,0,00:00:00,0,Logico,"19030          ",19030 - PERCHA LINEA 19000,3,0,10/01/2026 10:20:40,IMP-6-18-1,3,42
25084615,10/01/2026 09:46:00,10/01/2026 10:21:00,1,Preparacion,Claudio Juarez,7839,MULTIPALLET,MULTIPALLET,00:36:53,00:35:03,2213,2103,En Tiempo,62,25,0,00:00:00,0,Logico,"19010          ",19010 - TOALLERO BARRAL LINEA 19000,1,0,10/01/2026 10:21:00,IMP-6-17-1,4,20
25084977,10/01/2026 09:53:00,10/01/2026 10:04:00,1,Preparacion,Alejandro Dure,6866,CARRO MULTIPLE 6,MULTIPALLET,00:20:47,00:11:23,1247,683,En Tiempo,25,15,0,00:00:00,0,Logico,"70-201NI       ",70-201NI - BIDE CR C.CERAM BEAT NICKEL,1,0,10/01/2026 09:56:11,NAC-17-20-1,526,0
25084977,10/01/2026 09:53:00,10/01/2026 10:04:00,1,Preparacion,Alejandro Dure,6866,CARRO MULTIPLE 6,MULTIPALLET,00:20:47,00:11:23,1247,683,En Tiempo,25,15,0,00:00:00,0,Logico,"60-201NI       ",60-201NI - LAVATORIO C.CERAM BEAT NICKEL,2,0,10/01/2026 09:56:30,NAC-17-20-1,526,19
25084977,10/01/2026 09:53:00,10/01/2026 10:04:00,1,Preparacion,Alejandro Dure,6866,CARRO MULTIPLE 6,MULTIPALLET,00:20:47,00:11:23,1247,683,En Tiempo,25,15,0,00:00:00,0,Logico,"62-162N        ",62-162N - LAVATORIO DE PARED BLACK C.CERAM ADRA,1,0,10/01/2026 09:57:09,NAC-15-20-2,531,39
25084977,10/01/2026 09:53:00,10/01/2026 10:04:00,1,Preparacion,Alejandro Dure,6866,CARRO MULTIPLE 6,MULTIPALLET,00:20:47,00:11:23,1247,683,En Tiempo,25,15,0,00:00:00,0,Logico,"60-203         ",60-203 - LAVATORIO MONOCOMANDO BAJO ADRA,2,0,10/01/2026 09:57:39,NAC-15-20-1,530,30
25084977,10/01/2026 09:53:00,10/01/2026 10:04:00,1,Preparacion,Alejandro Dure,6866,CARRO MULTIPLE 6,MULTIPALLET,00:20:47,00:11:23,1247,683,En Tiempo,25,15,0,00:00:00,0,Logico,"61-203         ",61-203 - LAVATORIO MONOCOMANDO ALTO ADRA,2,0,10/01/2026 09:58:02,NAC-15-20-1,530,23
25084977,10/01/2026 09:53:00,10/01/2026 10:04:00,1,Preparacion,Alejandro Dure,6866,CARRO MULTIPLE 6,MULTIPALLET,00:20:47,00:11:23,1247,683,En Tiempo,25,15,0,00:00:00,0,Logico,"70-162N        ",70-162N - BIDE BLACK C.CERAM LINEA ADRA,1,0,10/01/2026 09:58:36,NAC-15-19-1,534,34
25084977,10/01/2026 09:53:00,10/01/2026 10:04:00,1,Preparacion,Alejandro Dure,6866,CARRO MULTIPLE 6,MULTIPALLET,00:20:47,00:11:23,1247,683,En Tiempo,25,15,0,00:00:00,0,Logico,"80-166N        ",80-166N - DUCHA EMB. C/TRANSF. BLACK C.CERAM ADRA PLUS,3,0,10/01/2026 09:58:59,NAC-15-19-1,534,23
25084977,10/01/2026 09:53:00,10/01/2026 10:04:00,1,Preparacion,Alejandro Dure,6866,CARRO MULTIPLE 6,MULTIPALLET,00:20:47,00:11:23,1247,683,En Tiempo,25,15,0,00:00:00,0,Logico,"60-153         ",60-153 - LAVATORIO CR C.CERAMICO CASTILLA,1,0,10/01/2026 09:59:28,NAC-16-18-1,536,29
25084977,10/01/2026 09:53:00,10/01/2026 10:04:00,1,Preparacion,Alejandro Dure,6866,CARRO MULTIPLE 6,MULTIPALLET,00:20:47,00:11:23,1247,683,En Tiempo,25,15,0,00:00:00,0,Logico,"70-153         ",70-153 - BIDE CR C.CERAM CASTILLA,1,0,10/01/2026 09:59:38,NAC-16-18-1,536,10
25084977,10/01/2026 09:53:00,10/01/2026 10:04:00,1,Preparacion,Alejandro Dure,6866,CARRO MULTIPLE 6,MULTIPALLET,00:20:47,00:11:23,1247,683,En Tiempo,25,15,0,00:00:00,0,Logico,"60-100N        ",60-100N - LAVATORIO BLACK C.CERAM FABRIC,1,0,10/01/2026 10:00:06,NAC-16-16-2,545,28
25084977,10/01/2026 09:53:00,10/01/2026 10:04:00,1,Preparacion,Alejandro Dure,6866,CARRO MULTIPLE 6,MULTIPALLET,00:20:47,00:11:23,1247,683,En Tiempo,25,15,0,00:00:00,0,Logico,"70-100N        ",70-100N - BIDE BLACK C.CERAM FABRIC,2,0,10/01/2026 10:00:31,NAC-16-16-2,545,25
25084977,10/01/2026 09:53:00,10/01/2026 10:04:00,1,Preparacion,Alejandro Dure,6866,CARRO MULTIPLE 6,MULTIPALLET,00:20:47,00:11:23,1247,683,En Tiempo,25,15,0,00:00:00,0,Logico,"62-100G        ",62-100G - LAVATORIO DE PARED GOLD C.CERAM FABRIC,2,0,10/01/2026 10:01:11,NAC-16-15-1,548,40
25084977,10/01/2026 09:53:00,10/01/2026 10:04:00,1,Preparacion,Alejandro Dure,6866,CARRO MULTIPLE 6,MULTIPALLET,00:20:47,00:11:23,1247,683,En Tiempo,25,15,0,00:00:00,0,Logico,"85-168         ",85-168 - DUCHA MONOC C/TRANSF Y DUCHADOR CR WAVE,2,0,10/01/2026 10:02:30,NAC-14-16-1,572,79
25084977,10/01/2026 09:53:00,10/01/2026 10:04:00,1,Preparacion,Alejandro Dure,6866,CARRO MULTIPLE 6,MULTIPALLET,00:20:47,00:11:23,1247,683,En Tiempo,25,15,0,00:00:00,0,Logico,"80-200G        ",80-200G - DUCHA EMB. MONOC. 3 FUNCIONES GOLD FABRIC,1,0,10/01/2026 10:03:07,NAC-18-11-1,9999,37
25084977,10/01/2026 09:53:00,10/01/2026 10:04:00,1,Preparacion,Alejandro Dure,6866,CARRO MULTIPLE 6,MULTIPALLET,00:20:47,00:11:23,1247,683,En Tiempo,25,15,0,00:00:00,0,Logico,"85-168N        ",85-168N - DUCHA MONOC C/TRANSF Y DUCHADOR BLACK WAVE,3,0,10/01/2026 10:04:10,NAC-18-10-1,9999,63
25084979,10/01/2026 09:53:00,10/01/2026 10:26:00,2,Preparacion,Kevin Arce,7636,CARRO MULTIPLE 9,CARRO MULTIPLE 9,00:24:12,00:32:36,1452,1956,Fuera de Tiempo,19,15,0,00:00:00,0,Logico,"60-162         ",60-162 - LAVATORIO CR C.CERAM LINEA ADRA,1,0,10/01/2026 09:58:12,NAC-19-12-1,491,0
25084979,10/01/2026 09:53:00,10/01/2026 10:26:00,2,Preparacion,Kevin Arce,7636,CARRO MULTIPLE 9,CARRO MULTIPLE 9,00:24:12,00:32:36,1452,1956,Fuera de Tiempo,19,15,0,00:00:00,0,Logico,"70-162         ",70-162 - BIDE CR C.CERAM LINEA ADRA,1,0,10/01/2026 09:59:46,NAC-19-13-1,489,94
25084979,10/01/2026 09:53:00,10/01/2026 10:26:00,2,Preparacion,Kevin Arce,7636,CARRO MULTIPLE 9,CARRO MULTIPLE 9,00:24:12,00:32:36,1452,1956,Fuera de Tiempo,19,15,0,00:00:00,0,Logico,"80-162         ",80-162 - DUCHA EMB. C/TRANSF. CR C.CERAM ADRA,1,0,10/01/2026 10:01:14,NAC-19-13-2,488,88
25084979,10/01/2026 09:53:00,10/01/2026 10:26:00,2,Preparacion,Kevin Arce,7636,CARRO MULTIPLE 9,CARRO MULTIPLE 9,00:24:12,00:32:36,1452,1956,Fuera de Tiempo,19,15,0,00:00:00,0,Logico,"80-136         ",80-136 - DUCHA EMB. C/TRANSF. CR C.C. MARBELLA PLUS,1,0,10/01/2026 10:03:28,NAC-19-20-2,474,134
25084979,10/01/2026 09:53:00,10/01/2026 10:26:00,2,Preparacion,Kevin Arce,7636,CARRO MULTIPLE 9,CARRO MULTIPLE 9,00:24:12,00:32:36,1452,1956,Fuera de Tiempo,19,15,0,00:00:00,0,Logico,"60-100NI       ",60-100NI - LAVATORIO NICKEL C.CERAM FABRIC,1,0,10/01/2026 10:05:50,NAC-18-17-1,513,142
25084979,10/01/2026 09:53:00,10/01/2026 10:26:00,2,Preparacion,Kevin Arce,7636,CARRO MULTIPLE 9,CARRO MULTIPLE 9,00:24:12,00:32:36,1452,1956,Fuera de Tiempo,19,15,0,00:00:00,0,Logico,"60-002         ",60-002 - LAVATORIO RENACER,1,0,10/01/2026 10:07:10,NAC-17-16-1,510,80
25084979,10/01/2026 09:53:00,10/01/2026 10:26:00,2,Preparacion,Kevin Arce,7636,CARRO MULTIPLE 9,CARRO MULTIPLE 9,00:24:12,00:32:36,1452,1956,Fuera de Tiempo,19,15,0,00:00:00,0,Logico,"62-100NI       ",62-100NI - LAVATORIO DE PARED NICKEL C.CERAM FABRIC,1,0,10/01/2026 10:08:40,NAC-16-20-1,528,90
25084979,10/01/2026 09:53:00,10/01/2026 10:26:00,2,Preparacion,Kevin Arce,7636,CARRO MULTIPLE 9,CARRO MULTIPLE 9,00:24:12,00:32:36,1452,1956,Fuera de Tiempo,19,15,0,00:00:00,0,Logico,"80-100NI       ",80-100NI - DUCHA EMB. C/TRANSF. NICKEL C.CERAM FABRIC,2,0,10/01/2026 10:10:05,NAC-16-19-2,533,85
25084979,10/01/2026 09:53:00,10/01/2026 10:26:00,2,Preparacion,Kevin Arce,7636,CARRO MULTIPLE 9,CARRO MULTIPLE 9,00:24:12,00:32:36,1452,1956,Fuera de Tiempo,19,15,0,00:00:00,0,Logico,"81-100N        ","DUCHA EMB. S/TRANSF. BLACK C.CERAM FABRIC                             ",1,0,10/01/2026 10:11:11,NAC-16-20-2,529,66
25084979,10/01/2026 09:53:00,10/01/2026 10:26:00,2,Preparacion,Kevin Arce,7636,CARRO MULTIPLE 9,CARRO MULTIPLE 9,00:24:12,00:32:36,1452,1956,Fuera de Tiempo,19,15,0,00:00:00,0,Logico,"61-203N        ","LAVATORIO MONOCOMANDO ALTO ADRA BLACK                                 ",2,0,10/01/2026 10:14:21,NAC-15-19-2,535,190
25084979,10/01/2026 09:53:00,10/01/2026 10:26:00,2,Preparacion,Kevin Arce,7636,CARRO MULTIPLE 9,CARRO MULTIPLE 9,00:24:12,00:32:36,1452,1956,Fuera de Tiempo,19,15,0,00:00:00,0,Logico,"62-100C        ",62-100C - LAVATORIO DE PARED CR C.CERAM FABRIC,1,0,10/01/2026 10:16:45,NAC-16-16-1,544,144
25084979,10/01/2026 09:53:00,10/01/2026 10:26:00,2,Preparacion,Kevin Arce,7636,CARRO MULTIPLE 9,CARRO MULTIPLE 9,00:24:12,00:32:36,1452,1956,Fuera de Tiempo,19,15,0,00:00:00,0,Logico,"70-121         ",70-121 - BIDE C.CERAM CR MARBELLA,1,0,10/01/2026 10:19:55,NAC-14-12-1,564,190
25084979,10/01/2026 09:53:00,10/01/2026 10:26:00,2,Preparacion,Kevin Arce,7636,CARRO MULTIPLE 9,CARRO MULTIPLE 9,00:24:12,00:32:36,1452,1956,Fuera de Tiempo,19,15,0,00:00:00,0,Logico,"70-121         ",70-121 - BIDE C.CERAM CR MARBELLA,1,0,10/01/2026 10:21:00,NAC-14-12-1,564,65
25084979,10/01/2026 09:53:00,10/01/2026 10:26:00,2,Preparacion,Kevin Arce,7636,CARRO MULTIPLE 9,CARRO MULTIPLE 9,00:24:12,00:32:36,1452,1956,Fuera de Tiempo,19,15,0,00:00:00,0,Logico,"80-200C        ",80-200C - DUCHA EMB. MONOC. 3 FUNCIONES CR FABRIC,1,0,10/01/2026 10:22:06,NAC-14-12-2,565,66
25084979,10/01/2026 09:53:00,10/01/2026 10:26:00,2,Preparacion,Kevin Arce,7636,CARRO MULTIPLE 9,CARRO MULTIPLE 9,00:24:12,00:32:36,1452,1956,Fuera de Tiempo,19,15,0,00:00:00,0,Logico,"A1539NI        ","TAPA Y TECLA PARA VALVULA DE DESCARGA CUADRADA MINIMALISTA NICKEL     ",1,0,10/01/2026 10:24:38,NAC-1-4-1,715,152
25084979,10/01/2026 09:53:00,10/01/2026 10:26:00,2,Preparacion,Kevin Arce,7636,CARRO MULTIPLE 9,CARRO MULTIPLE 9,00:24:12,00:32:36,1452,1956,Fuera de Tiempo,19,15,0,00:00:00,0,Logico,"A1540          ","CUERPO VALVULA DE DESAGOTE P/INODORO TECNO 02-010/011                 ",2,0,10/01/2026 10:25:30,NAC-1-6-2,9999,52
25085081,10/01/2026 09:55:00,10/01/2026 10:40:00,1,Preparacion,Javier Lescano,6867,MULTIPALLET,MULTIPALLET,00:47:38,00:45:16,2858,2716,En Tiempo,61,38,0,00:00:00,0,Logico,"AB-001         ",AB-001 - AGARRADERA ACERO INOX CROMADO 30 CM SAFE,1,0,10/01/2026 09:57:19,IMP-5-12-1,12,0
25085081,10/01/2026 09:55:00,10/01/2026 10:40:00,1,Preparacion,Javier Lescano,6867,MULTIPALLET,MULTIPALLET,00:47:38,00:45:16,2858,2716,En Tiempo,61,38,0,00:00:00,0,Logico,"16030BL        ",16030BL - PERCHA LINEA 16000 BLACK,2,0,10/01/2026 09:57:40,IMP-5-16-1,16,21
25085081,10/01/2026 09:55:00,10/01/2026 10:40:00,1,Preparacion,Javier Lescano,6867,MULTIPALLET,MULTIPALLET,00:47:38,00:45:16,2858,2716,En Tiempo,61,38,0,00:00:00,0,Logico,"16010          ",16010 - TOALLERO BARRAL LINEA 16000,2,0,10/01/2026 09:59:10,IMP-5-17-1,17,90
25085081,10/01/2026 09:55:00,10/01/2026 10:40:00,1,Preparacion,Javier Lescano,6867,MULTIPALLET,MULTIPALLET,00:47:38,00:45:16,2858,2716,En Tiempo,61,38,0,00:00:00,0,Logico,"16040BL        ",16040BL - PORTA ROLLO ACCESORIOS LINEA 16000 BLACK,1,0,10/01/2026 09:59:18,IMP-5-17-1,17,8
25085081,10/01/2026 09:55:00,10/01/2026 10:40:00,1,Preparacion,Javier Lescano,6867,MULTIPALLET,MULTIPALLET,00:47:38,00:45:16,2858,2716,En Tiempo,61,38,0,00:00:00,0,Logico,"16030          ",16030 - PERCHA LINEA 16000,5,0,10/01/2026 09:59:36,IMP-5-18-1,18,18
25085081,10/01/2026 09:55:00,10/01/2026 10:40:00,1,Preparacion,Javier Lescano,6867,MULTIPALLET,MULTIPALLET,00:47:38,00:45:16,2858,2716,En Tiempo,61,38,0,00:00:00,0,Logico,"16040          ",16040 - PORTA ROLLO ACCESORIOS LINEA 16000,3,0,10/01/2026 10:00:50,IMP-7-18-1,47,74
25085081,10/01/2026 09:55:00,10/01/2026 10:40:00,1,Preparacion,Javier Lescano,6867,MULTIPALLET,MULTIPALLET,00:47:38,00:45:16,2858,2716,En Tiempo,61,38,0,00:00:00,0,Logico,"11020          ","TOALLERO DE ARO LINEA 11000                                           ",1,0,10/01/2026 10:01:13,IMP-7-15-1,44,23
25085081,10/01/2026 09:55:00,10/01/2026 10:40:00,1,Preparacion,Javier Lescano,6867,MULTIPALLET,MULTIPALLET,00:47:38,00:45:16,2858,2716,En Tiempo,61,38,0,00:00:00,0,Logico,"11030          ","PERCHA LINEA 11000                                                    ",1,0,10/01/2026 10:02:03,IMP-7-14-1,43,50
25085081,10/01/2026 09:55:00,10/01/2026 10:40:00,1,Preparacion,Javier Lescano,6867,MULTIPALLET,MULTIPALLET,00:47:38,00:45:16,2858,2716,En Tiempo,61,38,0,00:00:00,0,Logico,"54-130         ",54-130 - MONOCOMANDO COCINA PARED EXT BILBAO,1,0,10/01/2026 10:02:43,IMP-9-8-1,77,40
25085081,10/01/2026 09:55:00,10/01/2026 10:40:00,1,Preparacion,Javier Lescano,6867,MULTIPALLET,MULTIPALLET,00:47:38,00:45:16,2858,2716,En Tiempo,61,38,0,00:00:00,0,Logico,"70-200C        ",70-200C - BIDE MONOCOMANDO CR FABRIC,1,0,10/01/2026 10:03:10,IMP-9-14-1,83,27
25085081,10/01/2026 09:55:00,10/01/2026 10:40:00,1,Preparacion,Javier Lescano,6867,MULTIPALLET,MULTIPALLET,00:47:38,00:45:16,2858,2716,En Tiempo,61,38,0,00:00:00,0,Logico,"20-202N        ",20-202N - MONOCOMANDO COCINA BLACK HOOP,1,0,10/01/2026 10:03:48,IMP-10-8-1,101,38
25085081,10/01/2026 09:55:00,10/01/2026 10:40:00,1,Preparacion,Javier Lescano,6867,MULTIPALLET,MULTIPALLET,00:47:38,00:45:16,2858,2716,En Tiempo,61,38,0,00:00:00,0,Logico,"03-010         ","LAVATORIO ALTO TEMPORIZADO TECNO                                      ",2,0,10/01/2026 10:04:17,IMP-10-4-1,106,29
25085081,10/01/2026 09:55:00,10/01/2026 10:40:00,1,Preparacion,Javier Lescano,6867,MULTIPALLET,MULTIPALLET,00:47:38,00:45:16,2858,2716,En Tiempo,61,38,0,00:00:00,0,Logico,"02-010         ","VALVULA P/INODORO TEMPORIZADA TECNO                                   ",2,0,10/01/2026 10:04:43,IMP-10-2-1,108,26
25085081,10/01/2026 09:55:00,10/01/2026 10:40:00,1,Preparacion,Javier Lescano,6867,MULTIPALLET,MULTIPALLET,00:47:38,00:45:16,2858,2716,En Tiempo,61,38,0,00:00:00,0,Logico,"17010G         ",17010G - TOALLERO BARRAL LINEA FABRIC GOLD,1,0,10/01/2026 10:05:19,IMP-11-1-1,110,36
25085081,10/01/2026 09:55:00,10/01/2026 10:40:00,1,Preparacion,Javier Lescano,6867,MULTIPALLET,MULTIPALLET,00:47:38,00:45:16,2858,2716,En Tiempo,61,38,0,00:00:00,0,Logico,"80-205         ",80-205 - DUCHA EMB. C/TRANSF. MONOC STEEL,1,0,10/01/2026 10:06:45,IMP-11-7-1,116,86
25085081,10/01/2026 09:55:00,10/01/2026 10:40:00,1,Preparacion,Javier Lescano,6867,MULTIPALLET,MULTIPALLET,00:47:38,00:45:16,2858,2716,En Tiempo,61,38,0,00:00:00,0,Logico,"21200N         ",21200N - ESQUINERO ORGANIZADOR BLACK 19x19x7,3,0,10/01/2026 10:07:23,IMP-11-8-1,117,38
25085081,10/01/2026 09:55:00,10/01/2026 10:40:00,1,Preparacion,Javier Lescano,6867,MULTIPALLET,MULTIPALLET,00:47:38,00:45:16,2858,2716,En Tiempo,61,38,0,00:00:00,0,Logico,"20-205         ",20-205 - MONOCOMANDO DE COCINA STEEL,1,0,10/01/2026 10:07:47,IMP-12-8-1,142,24
25085081,10/01/2026 09:55:00,10/01/2026 10:40:00,1,Preparacion,Javier Lescano,6867,MULTIPALLET,MULTIPALLET,00:47:38,00:45:16,2858,2716,En Tiempo,61,38,0,00:00:00,0,Logico,"60-200N        ",60-200N - LAVATORIO MONOC BAJO BLACK FABRIC,1,0,10/01/2026 10:08:52,IMP-10-10-1,99,65
25085081,10/01/2026 09:55:00,10/01/2026 10:40:00,1,Preparacion,Javier Lescano,6867,MULTIPALLET,MULTIPALLET,00:47:38,00:45:16,2858,2716,En Tiempo,61,38,0,00:00:00,0,Logico,"60-205         ",60-205 - LAVATORIO MONOC BAJO STEEL,1,0,10/01/2026 10:12:30,IMP-10-12-1,97,218
25085081,10/01/2026 09:55:00,10/01/2026 10:40:00,1,Preparacion,Javier Lescano,6867,MULTIPALLET,MULTIPALLET,00:47:38,00:45:16,2858,2716,En Tiempo,61,38,0,00:00:00,0,Logico,"70-205         ",70-205 - BIDE MONOCOMANDO STEEL,1,0,10/01/2026 10:13:17,IMP-10-13-1,96,47
25085081,10/01/2026 09:55:00,10/01/2026 10:40:00,1,Preparacion,Javier Lescano,6867,MULTIPALLET,MULTIPALLET,00:47:38,00:45:16,2858,2716,En Tiempo,61,38,0,00:00:00,0,Logico,"84-190         ",84-190 - DUCHA EXTERIOR CON COLUMNA BLACK VELVET,1,0,10/01/2026 10:14:39,IMP-10-18-1,91,82
25085081,10/01/2026 09:55:00,10/01/2026 10:40:00,1,Preparacion,Javier Lescano,6867,MULTIPALLET,MULTIPALLET,00:47:38,00:45:16,2858,2716,En Tiempo,61,38,0,00:00:00,0,Logico,"20-135         ",20-135 - MONOCOMANDO COCINA SANTANDER,1,0,10/01/2026 10:15:25,IMP-13-20-1,169,46
25085081,10/01/2026 09:55:00,10/01/2026 10:40:00,1,Preparacion,Javier Lescano,6867,MULTIPALLET,MULTIPALLET,00:47:38,00:45:16,2858,2716,En Tiempo,61,38,0,00:00:00,0,Logico,"22-178         ",22-178 - MONOCOMANDO DE COCINA P/AGUA FILTRADA VITA,2,0,10/01/2026 10:16:15,IMP-13-16-1,165,50
25085081,10/01/2026 09:55:00,10/01/2026 10:40:00,1,Preparacion,Javier Lescano,6867,MULTIPALLET,MULTIPALLET,00:47:38,00:45:16,2858,2716,En Tiempo,61,38,0,00:00:00,0,Logico,"60-176         ","LAVATORIO MONOCOMANDO BAJO CR RIO                                     ",1,0,10/01/2026 10:17:09,IMP-12-13-1,137,54
25085081,10/01/2026 09:55:00,10/01/2026 10:40:00,1,Preparacion,Javier Lescano,6867,MULTIPALLET,MULTIPALLET,00:47:38,00:45:16,2858,2716,En Tiempo,61,38,0,00:00:00,0,Logico,"85-183         ","DUCHA EMB C/TRANSF Y DUCHADOR MONOC MAT                               ",2,0,10/01/2026 10:19:15,IMP-13-7-1,156,126
25085081,10/01/2026 09:55:00,10/01/2026 10:40:00,1,Preparacion,Javier Lescano,6867,MULTIPALLET,MULTIPALLET,00:47:38,00:45:16,2858,2716,En Tiempo,61,38,0,00:00:00,0,Logico,"17040G         ",17040G - PORTA ROLLO LINEA FABRIC GOLD,3,0,10/01/2026 10:19:51,IMP-14-7-1,174,36
25085081,10/01/2026 09:55:00,10/01/2026 10:40:00,1,Preparacion,Javier Lescano,6867,MULTIPALLET,MULTIPALLET,00:47:38,00:45:16,2858,2716,En Tiempo,61,38,0,00:00:00,0,Logico,"70-183         ","BIDE MONOCOMANDO C/TRANSF MAT                                         ",2,0,10/01/2026 10:20:18,IMP-13-5-1,154,27
25085081,10/01/2026 09:55:00,10/01/2026 10:40:00,1,Preparacion,Javier Lescano,6867,MULTIPALLET,MULTIPALLET,00:47:38,00:45:16,2858,2716,En Tiempo,61,38,0,00:00:00,0,Logico,"22004          ","SET DE 4 PIEZAS LINEA 22000                                           ",1,0,10/01/2026 10:20:37,IMP-14-3-1,178,19
25085081,10/01/2026 09:55:00,10/01/2026 10:40:00,1,Preparacion,Javier Lescano,6867,MULTIPALLET,MULTIPALLET,00:47:38,00:45:16,2858,2716,En Tiempo,61,38,0,00:00:00,0,Logico,"22004N         ","SET DE 4 PIEZAS LINEA 22000 BLACK                                     ",1,0,10/01/2026 10:20:45,IMP-14-3-1,178,8
25085081,10/01/2026 09:55:00,10/01/2026 10:40:00,1,Preparacion,Javier Lescano,6867,MULTIPALLET,MULTIPALLET,00:47:38,00:45:16,2858,2716,En Tiempo,61,38,0,00:00:00,0,Logico,"17030C         ",17030C - PERCHA LINEA FABRIC CROMO,1,0,10/01/2026 10:30:37,IMP-14-2-1,179,592
25085081,10/01/2026 09:55:00,10/01/2026 10:40:00,1,Preparacion,Javier Lescano,6867,MULTIPALLET,MULTIPALLET,00:47:38,00:45:16,2858,2716,En Tiempo,61,38,0,00:00:00,0,Logico,"17020N         ",17020N - TOALLERO DE ARO LINEA FABRIC BLACK,1,0,10/01/2026 10:31:20,IMP-15-3-1,183,43
25085081,10/01/2026 09:55:00,10/01/2026 10:40:00,1,Preparacion,Javier Lescano,6867,MULTIPALLET,MULTIPALLET,00:47:38,00:45:16,2858,2716,En Tiempo,61,38,0,00:00:00,0,Logico,"17040N         ",17040N - PORTA ROLLO LINEA FABRIC BLACK,4,0,10/01/2026 10:35:04,IMP-15-4-1,184,224
25085081,10/01/2026 09:55:00,10/01/2026 10:40:00,1,Preparacion,Javier Lescano,6867,MULTIPALLET,MULTIPALLET,00:47:38,00:45:16,2858,2716,En Tiempo,61,38,0,00:00:00,0,Logico,"17010N         ",17010N - TOALLERO BARRAL LINEA FABRIC BLACK,1,0,10/01/2026 10:35:37,IMP-15-5-1,185,33
25085081,10/01/2026 09:55:00,10/01/2026 10:40:00,1,Preparacion,Javier Lescano,6867,MULTIPALLET,MULTIPALLET,00:47:38,00:45:16,2858,2716,En Tiempo,61,38,0,00:00:00,0,Logico,"17030N         ",17030N - PERCHA LINEA FABRIC BLACK,4,0,10/01/2026 10:36:55,IMP-15-6-1,186,78
25085081,10/01/2026 09:55:00,10/01/2026 10:40:00,1,Preparacion,Javier Lescano,6867,MULTIPALLET,MULTIPALLET,00:47:38,00:45:16,2858,2716,En Tiempo,61,38,0,00:00:00,0,Logico,"16006          ",16006 - SET 6 PIEZAS ACCESORIOS LINEA 16000,1,0,10/01/2026 10:38:21,IMP-15-8-1,188,86
25085081,10/01/2026 09:55:00,10/01/2026 10:40:00,1,Preparacion,Javier Lescano,6867,MULTIPALLET,MULTIPALLET,00:47:38,00:45:16,2858,2716,En Tiempo,61,38,0,00:00:00,0,Logico,"RA1255NI       ",RA1255NI - DUCHA DE MANO CILINDRICA NICKEL,1,0,10/01/2026 10:39:13,IMP-20-6-2,27,52
25085081,10/01/2026 09:55:00,10/01/2026 10:40:00,1,Preparacion,Javier Lescano,6867,MULTIPALLET,MULTIPALLET,00:47:38,00:45:16,2858,2716,En Tiempo,61,38,0,00:00:00,0,Logico,"RA1396NI       ",RA1396NI - SUJECCION Y CONEXION DUCHADOR Ø32 NICKEL,1,0,10/01/2026 10:39:37,IMP-20-6-1,26,24
25085081,10/01/2026 09:55:00,10/01/2026 10:40:00,1,Preparacion,Javier Lescano,6867,MULTIPALLET,MULTIPALLET,00:47:38,00:45:16,2858,2716,En Tiempo,61,38,0,00:00:00,0,Logico,"RA1256NI       ","RA1256NI - FLEXIBLE 1,5 m P/DUCHA DE MANO NICKEL BRUSHED",1,0,10/01/2026 10:40:15,IMP-20-40-3,203,38
25085180,10/01/2026 09:57:00,10/01/2026 10:02:00,1,Reposicion,Emmanuel Trias,6413,MULTIPALLET,APILADORA,00:10:45,00:05:14,645,314,En Tiempo,6,1,0,00:00:00,0,Logico,"INO103-1       ","INODORO BLANCO C/ASIENTO LINEA URBAN                                  ",6,0,10/01/2026 10:01:58,SAN-5-1-1,,0
25085700,10/01/2026 10:07:00,10/01/2026 10:08:00,1,Preparacion,Alejandro Dure,6866,CARRO MULTIPLE 9,CARRO MULTIPLE 9,00:03:06,00:01:11,186,71,En Tiempo,1,1,0,00:02:36,156,Logico,"BCH13          ",BCH13 - BACHA DE APOYAR BLANCA RECTANGULAR 465x260x125,1,0,10/01/2026 10:07:57,SAN-17-9-1,211,0
25085937,10/01/2026 10:11:00,10/01/2026 10:13:00,1,Preparacion,Alejandro Dure,6866,CARRO MULTIPLE 9,CARRO MULTIPLE 9,00:02:48,00:01:31,168,91,En Tiempo,1,1,0,00:03:04,184,Logico,"85-183         ","DUCHA EMB C/TRANSF Y DUCHADOR MONOC MAT                               ",1,0,10/01/2026 10:12:32,IMP-13-7-1,156,0
25086058,10/01/2026 10:14:00,10/01/2026 10:25:00,1,Preparacion,Alejandro Dure,6866,CARRO MULTIPLE 6,CARRO MULTIPLE 6,00:13:22,00:10:57,802,657,En Tiempo,8,7,0,00:01:40,100,Logico,"22-178         ",22-178 - MONOCOMANDO DE COCINA P/AGUA FILTRADA VITA,1,0,10/01/2026 10:15:40,IMP-13-16-1,165,0
25086058,10/01/2026 10:14:00,10/01/2026 10:25:00,1,Preparacion,Alejandro Dure,6866,CARRO MULTIPLE 6,CARRO MULTIPLE 6,00:13:22,00:10:57,802,657,En Tiempo,8,7,0,00:01:40,100,Logico,"80-183         ","DUCHA EMB C/TRANSF MONOCOMANDO MAT                                    ",1,0,10/01/2026 10:16:49,IMP-13-7-1,156,69
25086058,10/01/2026 10:14:00,10/01/2026 10:25:00,1,Preparacion,Alejandro Dure,6866,CARRO MULTIPLE 6,CARRO MULTIPLE 6,00:13:22,00:10:57,802,657,En Tiempo,8,7,0,00:01:40,100,Logico,"20-202NI       ",20-202NI - MONOCOMANDO COCINA NICKEL HOOP,1,0,10/01/2026 10:18:30,IMP-9-16-1,85,101
25086058,10/01/2026 10:14:00,10/01/2026 10:25:00,1,Preparacion,Alejandro Dure,6866,CARRO MULTIPLE 6,CARRO MULTIPLE 6,00:13:22,00:10:57,802,657,En Tiempo,8,7,0,00:01:40,100,Logico,"84-203         ","DUCHA EXT C/COLUMNA Y TRANSF CR ADRA                                  ",2,0,10/01/2026 10:22:24,IMP-11-6-1,115,234
25086058,10/01/2026 10:14:00,10/01/2026 10:25:00,1,Preparacion,Alejandro Dure,6866,CARRO MULTIPLE 6,CARRO MULTIPLE 6,00:13:22,00:10:57,802,657,En Tiempo,8,7,0,00:01:40,100,Logico,"80-180         ",80-180 - DUCHA EMB. C/TRANSF. MONOCOMANDO VERA,1,0,10/01/2026 10:23:18,IMP-15-10-1,190,54
25086058,10/01/2026 10:14:00,10/01/2026 10:25:00,1,Preparacion,Alejandro Dure,6866,CARRO MULTIPLE 6,CARRO MULTIPLE 6,00:13:22,00:10:57,802,657,En Tiempo,8,7,0,00:01:40,100,Logico,"54-203         ","COCINA PARED EXT C.CERAM ADRA MONOCOMANDO                             ",1,0,10/01/2026 10:24:02,IMP-15-8-1,188,44
25086058,10/01/2026 10:14:00,10/01/2026 10:25:00,1,Preparacion,Alejandro Dure,6866,CARRO MULTIPLE 6,CARRO MULTIPLE 6,00:13:22,00:10:57,802,657,En Tiempo,8,7,0,00:01:40,100,Logico,"61-183         ","LAVATORIO MONOCOMANDO ALTO MAT                                        ",1,0,10/01/2026 10:25:09,IMP-13-4-1,153,67
25086637,10/01/2026 10:24:00,10/01/2026 10:28:00,1,Reposicion,Emmanuel Trias,6413,MULTIPALLET,APILADORA,00:14:50,00:03:36,890,216,En Tiempo,56,1,0,00:22:08,1328,Excedido,"BCH13          ",BCH13 - BACHA DE APOYAR BLANCA RECTANGULAR 465x260x125,56,0,10/01/2026 10:27:42,SAN-17-9-1,,0
25086918,10/01/2026 10:30:00,10/01/2026 10:51:00,1,Preparacion,Claudio Juarez,7839,CARRO MULTIPLE 3,CARRO MULTIPLE 3,00:19:50,00:20:42,1190,1242,Fuera de Tiempo,27,10,0,00:08:48,528,Excedido,"20010GR        ",20010GR - TOALLERO BARRAL GRAFITO LINEA PULSE  ,1,0,10/01/2026 10:36:55,IMP-15-2-1,182,0
25086918,10/01/2026 10:30:00,10/01/2026 10:51:00,1,Preparacion,Claudio Juarez,7839,CARRO MULTIPLE 3,CARRO MULTIPLE 3,00:19:50,00:20:42,1190,1242,Fuera de Tiempo,27,10,0,00:08:48,528,Excedido,"70-168N        ",70-168N - BIDE MONOC BLACK WAVE,4,0,10/01/2026 10:38:30,IMP-14-10-1,171,95
25086918,10/01/2026 10:30:00,10/01/2026 10:51:00,1,Preparacion,Claudio Juarez,7839,CARRO MULTIPLE 3,CARRO MULTIPLE 3,00:19:50,00:20:42,1190,1242,Fuera de Tiempo,27,10,0,00:08:48,528,Excedido,"84-203         ","DUCHA EXT C/COLUMNA Y TRANSF CR ADRA                                  ",2,0,10/01/2026 10:39:12,IMP-11-6-1,115,42
25086918,10/01/2026 10:30:00,10/01/2026 10:51:00,1,Preparacion,Claudio Juarez,7839,CARRO MULTIPLE 3,CARRO MULTIPLE 3,00:19:50,00:20:42,1190,1242,Fuera de Tiempo,27,10,0,00:08:48,528,Excedido,"61-168N        ",61-168N - LAVATORIO MONOC ALTO BLACK WAVE,2,0,10/01/2026 10:41:35,IMP-10-8-1,101,143
25086918,10/01/2026 10:30:00,10/01/2026 10:51:00,1,Preparacion,Claudio Juarez,7839,CARRO MULTIPLE 3,CARRO MULTIPLE 3,00:19:50,00:20:42,1190,1242,Fuera de Tiempo,27,10,0,00:08:48,528,Excedido,"60-205         ",60-205 - LAVATORIO MONOC BAJO STEEL,3,0,10/01/2026 10:42:20,IMP-10-12-1,97,45
25086918,10/01/2026 10:30:00,10/01/2026 10:51:00,1,Preparacion,Claudio Juarez,7839,CARRO MULTIPLE 3,CARRO MULTIPLE 3,00:19:50,00:20:42,1190,1242,Fuera de Tiempo,27,10,0,00:08:48,528,Excedido,"70-205         ",70-205 - BIDE MONOCOMANDO STEEL,2,0,10/01/2026 10:42:47,IMP-10-13-1,96,27
25086918,10/01/2026 10:30:00,10/01/2026 10:51:00,1,Preparacion,Claudio Juarez,7839,CARRO MULTIPLE 3,CARRO MULTIPLE 3,00:19:50,00:20:42,1190,1242,Fuera de Tiempo,27,10,0,00:08:48,528,Excedido,"60-168         ",60-168 - LAVATORIO MONOC BAJO CR WAVE,3,0,10/01/2026 10:43:13,IMP-10-14-1,95,26
25086918,10/01/2026 10:30:00,10/01/2026 10:51:00,1,Preparacion,Claudio Juarez,7839,CARRO MULTIPLE 3,CARRO MULTIPLE 3,00:19:50,00:20:42,1190,1242,Fuera de Tiempo,27,10,0,00:08:48,528,Excedido,"20030GR        ",20030GR - PERCHA GRAFITO LINEA PULSE  ,3,0,10/01/2026 10:43:56,IMP-9-19-1,87,43
25086918,10/01/2026 10:30:00,10/01/2026 10:51:00,1,Preparacion,Claudio Juarez,7839,CARRO MULTIPLE 3,CARRO MULTIPLE 3,00:19:50,00:20:42,1190,1242,Fuera de Tiempo,27,10,0,00:08:48,528,Excedido,"20040GR        ",20040GR - PORTA ROLLO GRAFITO LINEA PULSE,1,0,10/01/2026 10:44:10,IMP-9-19-1,87,14
25086918,10/01/2026 10:30:00,10/01/2026 10:51:00,1,Preparacion,Claudio Juarez,7839,CARRO MULTIPLE 3,CARRO MULTIPLE 3,00:19:50,00:20:42,1190,1242,Fuera de Tiempo,27,10,0,00:08:48,528,Excedido,"RA1598         ",RA1598 - FILTRO DE AGUA P/MONOCOMANDO VITA,6,0,10/01/2026 10:50:30,IMP-20-9-2,42,380
25086991,10/01/2026 10:31:00,10/01/2026 10:33:00,1,Preparacion,Alejandro Dure,6866,CARRO MULTIPLE 9,CARRO MULTIPLE 9,00:02:39,00:01:50,159,110,En Tiempo,1,1,0,00:05:42,342,Excedido,"A1539          ","TAPA Y TECLA PARA VALVULA DE DESCARGA CUADRADA MINIMALISTA CR         ",1,0,10/01/2026 10:32:41,NAC-1-6-2,9999,0
25087058,10/01/2026 10:32:00,10/01/2026 11:23:00,1,Preparacion,Kevin Arce,7636,APILADORA,APILADORA,00:16:36,00:51:06,996,3066,Fuera de Tiempo,28,3,0,00:00:00,0,Logico,"BID104-3       ","BIDE 3 AGUJEROS BLANCO LINEA STONE                                    ",6,0,10/01/2026 10:38:01,SAN-5-5-1,5,0
25087058,10/01/2026 10:32:00,10/01/2026 11:23:00,1,Preparacion,Kevin Arce,7636,APILADORA,APILADORA,00:16:36,00:51:06,996,3066,Fuera de Tiempo,28,3,0,00:00:00,0,Logico,"INO104-2       ","DEPOSITO C/DESCARGA DUAL BLANCO LINEA STONE                           ",10,0,10/01/2026 10:42:28,SAN-5-8-1,8,267
25087058,10/01/2026 10:32:00,10/01/2026 11:23:00,1,Preparacion,Kevin Arce,7636,APILADORA,APILADORA,00:16:36,00:51:06,996,3066,Fuera de Tiempo,28,3,0,00:00:00,0,Logico,"INO104-1       ","INODORO BLANCO C/ASIENTO LINEA STONE                                  ",6,0,10/01/2026 10:56:22,ALM-26-30-3,9999,834
25087058,10/01/2026 10:32:00,10/01/2026 11:23:00,1,Preparacion,Kevin Arce,7636,APILADORA,APILADORA,00:16:36,00:51:06,996,3066,Fuera de Tiempo,28,3,0,00:00:00,0,Logico,"INO104-1       ","INODORO BLANCO C/ASIENTO LINEA STONE                                  ",4,0,10/01/2026 10:59:45,SAN-5-7-1,7,203
25087058,10/01/2026 10:32:00,10/01/2026 11:23:00,1,Preparacion,Kevin Arce,7636,APILADORA,APILADORA,00:16:36,00:51:06,996,3066,Fuera de Tiempo,28,3,0,00:00:00,0,Logico,"BID104-3       ","BIDE 3 AGUJEROS BLANCO LINEA STONE                                    ",2,0,10/01/2026 11:23:16,SAN-5-5-1,5,1411
25087064,10/01/2026 10:32:00,10/01/2026 12:04:00,1,Preparacion,Emmanuel Trias,6413,CARRO MULTIPLE 9,APILADORA,00:23:47,01:31:18,1427,5478,Fuera de Tiempo,26104,7,0,00:00:00,0,Logico,"U728           ",U728 - VOLANTE RENACER,4560,0,10/01/2026 10:34:10,ALM-19-18-2,9999,0
25087064,10/01/2026 10:32:00,10/01/2026 12:04:00,1,Preparacion,Emmanuel Trias,6413,CARRO MULTIPLE 9,APILADORA,00:23:47,01:31:18,1427,5478,Fuera de Tiempo,26104,7,0,00:00:00,0,Logico,"U728           ",U728 - VOLANTE RENACER,1440,0,10/01/2026 10:44:53,ALM-54-12-3,9999,643
25087064,10/01/2026 10:32:00,10/01/2026 12:04:00,1,Preparacion,Emmanuel Trias,6413,CARRO MULTIPLE 9,APILADORA,00:23:47,01:31:18,1427,5478,Fuera de Tiempo,26104,7,0,00:00:00,0,Logico,"A1399N         ",A1399N - CUERPO COMPLETO DUCHA EMB MONOC FABRIC BLACK,40,0,10/01/2026 11:08:50,ALM-50-10-2,9999,1437
25087064,10/01/2026 10:32:00,10/01/2026 12:04:00,1,Preparacion,Emmanuel Trias,6413,CARRO MULTIPLE 9,APILADORA,00:23:47,01:31:18,1427,5478,Fuera de Tiempo,26104,7,0,00:00:00,0,Logico,"A1399N         ",A1399N - CUERPO COMPLETO DUCHA EMB MONOC FABRIC BLACK,48,0,10/01/2026 11:21:15,ALM-54-6-2,9999,745
25087064,10/01/2026 10:32:00,10/01/2026 12:04:00,1,Preparacion,Emmanuel Trias,6413,CARRO MULTIPLE 9,APILADORA,00:23:47,01:31:18,1427,5478,Fuera de Tiempo,26104,7,0,00:00:00,0,Logico,"A1399N         ",A1399N - CUERPO COMPLETO DUCHA EMB MONOC FABRIC BLACK,8,0,10/01/2026 11:24:50,ALM-50-8-2,9999,215
25087064,10/01/2026 10:32:00,10/01/2026 12:04:00,1,Preparacion,Emmanuel Trias,6413,CARRO MULTIPLE 9,APILADORA,00:23:47,01:31:18,1427,5478,Fuera de Tiempo,26104,7,0,00:00:00,0,Logico,"U025C          ",U025C - VOLANTE CRUZ CROMO,3720,0,10/01/2026 11:28:38,ALM-50-12-1,9999,228
25087064,10/01/2026 10:32:00,10/01/2026 12:04:00,1,Preparacion,Emmanuel Trias,6413,CARRO MULTIPLE 9,APILADORA,00:23:47,01:31:18,1427,5478,Fuera de Tiempo,26104,7,0,00:00:00,0,Logico,"U778           ","CAMPANA VALENCIA                                                      ",6300,0,10/01/2026 11:37:28,ALM-50-5-1,9999,530
25087064,10/01/2026 10:32:00,10/01/2026 12:04:00,1,Preparacion,Emmanuel Trias,6413,CARRO MULTIPLE 9,APILADORA,00:23:47,01:31:18,1427,5478,Fuera de Tiempo,26104,7,0,00:00:00,0,Logico,"A997N          ",A997N - PICO LAVATORIO BLACK VELVET,1000,0,10/01/2026 11:40:37,ALM-55-1-3,9999,189
25087064,10/01/2026 10:32:00,10/01/2026 12:04:00,1,Preparacion,Emmanuel Trias,6413,CARRO MULTIPLE 9,APILADORA,00:23:47,01:31:18,1427,5478,Fuera de Tiempo,26104,7,0,00:00:00,0,Logico,"A023NI         ",A023NI - SUBCONJUNTO DESAGOTE NICKEL,504,0,10/01/2026 11:43:40,EST-1-15-5,9999,183
25087064,10/01/2026 10:32:00,10/01/2026 12:04:00,1,Preparacion,Emmanuel Trias,6413,CARRO MULTIPLE 9,APILADORA,00:23:47,01:31:18,1427,5478,Fuera de Tiempo,26104,7,0,00:00:00,0,Logico,"A1255N         ","DUCHA DE MANO CILINDRICA DE LATON VERA BLACK                          ",200,0,10/01/2026 11:44:50,EST-1-41-1,9999,70
25087064,10/01/2026 10:32:00,10/01/2026 12:04:00,1,Preparacion,Emmanuel Trias,6413,CARRO MULTIPLE 9,APILADORA,00:23:47,01:31:18,1427,5478,Fuera de Tiempo,26104,7,0,00:00:00,0,Logico,"A023NI         ",A023NI - SUBCONJUNTO DESAGOTE NICKEL,3496,0,10/01/2026 11:51:06,ALM-50-20-1,9999,376
25087064,10/01/2026 10:32:00,10/01/2026 12:04:00,1,Preparacion,Emmanuel Trias,6413,CARRO MULTIPLE 9,APILADORA,00:23:47,01:31:18,1427,5478,Fuera de Tiempo,26104,7,0,00:00:00,0,Logico,"U778           ","CAMPANA VALENCIA                                                      ",2100,0,10/01/2026 11:54:30,ALM-17-18-1,9999,204
25087064,10/01/2026 10:32:00,10/01/2026 12:04:00,1,Preparacion,Emmanuel Trias,6413,CARRO MULTIPLE 9,APILADORA,00:23:47,01:31:18,1427,5478,Fuera de Tiempo,26104,7,0,00:00:00,0,Logico,"A1399N         ",A1399N - CUERPO COMPLETO DUCHA EMB MONOC FABRIC BLACK,48,0,10/01/2026 11:58:34,ALM-21-11-2,9999,244
25087064,10/01/2026 10:32:00,10/01/2026 12:04:00,1,Preparacion,Emmanuel Trias,6413,CARRO MULTIPLE 9,APILADORA,00:23:47,01:31:18,1427,5478,Fuera de Tiempo,26104,7,0,00:00:00,0,Logico,"U025C          ",U025C - VOLANTE CRUZ CROMO,1080,0,10/01/2026 12:00:35,ALM-9-18-3,9999,121
25087064,10/01/2026 10:32:00,10/01/2026 12:04:00,1,Preparacion,Emmanuel Trias,6413,CARRO MULTIPLE 9,APILADORA,00:23:47,01:31:18,1427,5478,Fuera de Tiempo,26104,7,0,00:00:00,0,Logico,"U728           ",U728 - VOLANTE RENACER,1560,0,10/01/2026 12:03:39,ALM-8-16-2,9999,184
25087234,10/01/2026 10:35:00,10/01/2026 11:06:00,1,Preparacion,Alejandro Dure,6866,MULTIPALLET,MULTIPALLET,00:34:07,00:31:24,2047,1884,En Tiempo,56,28,0,00:00:00,0,Logico,"60-162         ",60-162 - LAVATORIO CR C.CERAM LINEA ADRA,2,0,10/01/2026 10:36:47,NAC-19-12-1,491,0
25087234,10/01/2026 10:35:00,10/01/2026 11:06:00,1,Preparacion,Alejandro Dure,6866,MULTIPALLET,MULTIPALLET,00:34:07,00:31:24,2047,1884,En Tiempo,56,28,0,00:00:00,0,Logico,"70-162         ",70-162 - BIDE CR C.CERAM LINEA ADRA,2,0,10/01/2026 10:37:17,NAC-19-13-1,489,30
25087234,10/01/2026 10:35:00,10/01/2026 11:06:00,1,Preparacion,Alejandro Dure,6866,MULTIPALLET,MULTIPALLET,00:34:07,00:31:24,2047,1884,En Tiempo,56,28,0,00:00:00,0,Logico,"80-162         ",80-162 - DUCHA EMB. C/TRANSF. CR C.CERAM ADRA,2,0,10/01/2026 10:37:48,NAC-19-13-2,488,31
25087234,10/01/2026 10:35:00,10/01/2026 11:06:00,1,Preparacion,Alejandro Dure,6866,MULTIPALLET,MULTIPALLET,00:34:07,00:31:24,2047,1884,En Tiempo,56,28,0,00:00:00,0,Logico,"70-010         ",70-010 - BIDE BL/CR LORCA,2,0,10/01/2026 10:38:14,NAC-19-14-1,487,26
25087234,10/01/2026 10:35:00,10/01/2026 11:06:00,1,Preparacion,Alejandro Dure,6866,MULTIPALLET,MULTIPALLET,00:34:07,00:31:24,2047,1884,En Tiempo,56,28,0,00:00:00,0,Logico,"80-010         ",80-010 - DUCHA EMB. C/TRANSF. BL/CR LORCA,2,0,10/01/2026 10:38:35,NAC-19-14-1,487,21
25087234,10/01/2026 10:35:00,10/01/2026 11:06:00,1,Preparacion,Alejandro Dure,6866,MULTIPALLET,MULTIPALLET,00:34:07,00:31:24,2047,1884,En Tiempo,56,28,0,00:00:00,0,Logico,"60-010         ",60-010 - LAVATORIO BL/CR LORCA,2,0,10/01/2026 10:38:49,NAC-19-14-1,487,14
25087234,10/01/2026 10:35:00,10/01/2026 11:06:00,1,Preparacion,Alejandro Dure,6866,MULTIPALLET,MULTIPALLET,00:34:07,00:31:24,2047,1884,En Tiempo,56,28,0,00:00:00,0,Logico,"81-010         ",81-010 - DUCHA EMB. S/TRANSF. BL/CR LORCA,2,0,10/01/2026 10:39:22,NAC-19-15-2,484,33
25087234,10/01/2026 10:35:00,10/01/2026 11:06:00,1,Preparacion,Alejandro Dure,6866,MULTIPALLET,MULTIPALLET,00:34:07,00:31:24,2047,1884,En Tiempo,56,28,0,00:00:00,0,Logico,"90-208         ","PACK GRIF LITE CR (LAV - BIDE - DUCHA C/T)                            ",2,0,10/01/2026 10:40:00,NAC-19-17-2,480,38
25087234,10/01/2026 10:35:00,10/01/2026 11:06:00,1,Preparacion,Alejandro Dure,6866,MULTIPALLET,MULTIPALLET,00:34:07,00:31:24,2047,1884,En Tiempo,56,28,0,00:00:00,0,Logico,"70-199         ",70-199 - BIDE CR C.CERAM LIVE,2,0,10/01/2026 10:42:32,NAC-17-18-1,518,152
25087234,10/01/2026 10:35:00,10/01/2026 11:06:00,1,Preparacion,Alejandro Dure,6866,MULTIPALLET,MULTIPALLET,00:34:07,00:31:24,2047,1884,En Tiempo,56,28,0,00:00:00,0,Logico,"60-199         ",60-199 - LAVATORIO CR C.CERAM LIVE,2,0,10/01/2026 10:43:24,NAC-17-18-1,518,52
25087234,10/01/2026 10:35:00,10/01/2026 11:06:00,1,Preparacion,Alejandro Dure,6866,MULTIPALLET,MULTIPALLET,00:34:07,00:31:24,2047,1884,En Tiempo,56,28,0,00:00:00,0,Logico,"80-199         ",80-199 - DUCHA EMB. C/TRANSF. CR C.CERAM LIVE,2,0,10/01/2026 10:43:58,NAC-17-18-1,518,34
25087234,10/01/2026 10:35:00,10/01/2026 11:06:00,1,Preparacion,Alejandro Dure,6866,MULTIPALLET,MULTIPALLET,00:34:07,00:31:24,2047,1884,En Tiempo,56,28,0,00:00:00,0,Logico,"53-002         ",53-002 - COCINA PARED EXT. P.ALTO RENACER,2,0,10/01/2026 10:45:47,NAC-17-15-2,507,109
25087234,10/01/2026 10:35:00,10/01/2026 11:06:00,1,Preparacion,Alejandro Dure,6866,MULTIPALLET,MULTIPALLET,00:34:07,00:31:24,2047,1884,En Tiempo,56,28,0,00:00:00,0,Logico,"51-002         ",51-002 - COCINA MESADA RENACER,2,0,10/01/2026 10:46:55,NAC-17-16-2,511,68
25087234,10/01/2026 10:35:00,10/01/2026 11:06:00,1,Preparacion,Alejandro Dure,6866,MULTIPALLET,MULTIPALLET,00:34:07,00:31:24,2047,1884,En Tiempo,56,28,0,00:00:00,0,Logico,"51-107         ",51-107 - JGO. MESADA CR C.CERAM BEDIA,2,0,10/01/2026 10:48:23,NAC-16-20-2,529,88
25087234,10/01/2026 10:35:00,10/01/2026 11:06:00,1,Preparacion,Alejandro Dure,6866,MULTIPALLET,MULTIPALLET,00:34:07,00:31:24,2047,1884,En Tiempo,56,28,0,00:00:00,0,Logico,"60-001N        ","60-001N - LAVATORIO ""CROMO Y""",2,0,10/01/2026 10:49:49,NAC-16-14-1,552,86
25087234,10/01/2026 10:35:00,10/01/2026 11:06:00,1,Preparacion,Alejandro Dure,6866,MULTIPALLET,MULTIPALLET,00:34:07,00:31:24,2047,1884,En Tiempo,56,28,0,00:00:00,0,Logico,"53-001N        ","53-001N - COCINA PARED EXTERIOR PICO ALTO ""CROMO Y""",2,0,10/01/2026 10:50:19,NAC-16-13-2,557,30
25087234,10/01/2026 10:35:00,10/01/2026 11:06:00,1,Preparacion,Alejandro Dure,6866,MULTIPALLET,MULTIPALLET,00:34:07,00:31:24,2047,1884,En Tiempo,56,28,0,00:00:00,0,Logico,"55-001N        ","55-001N - COCINA PARED EMBUTIR PICO ALTO ""CROMO Y""",2,0,10/01/2026 10:51:32,NAC-16-13-2,557,73
25087234,10/01/2026 10:35:00,10/01/2026 11:06:00,1,Preparacion,Alejandro Dure,6866,MULTIPALLET,MULTIPALLET,00:34:07,00:31:24,2047,1884,En Tiempo,56,28,0,00:00:00,0,Logico,"56-001N        ","56-001N - COCINA PARED EMBUTIR PICO BAJO ""CROMO Y""",2,0,10/01/2026 10:53:00,NAC-18-8-1,9999,88
25087234,10/01/2026 10:35:00,10/01/2026 11:06:00,1,Preparacion,Alejandro Dure,6866,MULTIPALLET,MULTIPALLET,00:34:07,00:31:24,2047,1884,En Tiempo,56,28,0,00:00:00,0,Logico,"80-209         ","DUCHA EMB C/TRANSF CR C.CERAM CADIZ                                   ",2,0,10/01/2026 10:54:05,NAC-18-4-1,9999,65
25087234,10/01/2026 10:35:00,10/01/2026 11:06:00,1,Preparacion,Alejandro Dure,6866,MULTIPALLET,MULTIPALLET,00:34:07,00:31:24,2047,1884,En Tiempo,56,28,0,00:00:00,0,Logico,"70-209         ",70-209 - BIDE CR C.CERAM CADIZ,2,0,10/01/2026 10:54:15,NAC-18-4-1,9999,10
25087234,10/01/2026 10:35:00,10/01/2026 11:06:00,1,Preparacion,Alejandro Dure,6866,MULTIPALLET,MULTIPALLET,00:34:07,00:31:24,2047,1884,En Tiempo,56,28,0,00:00:00,0,Logico,"81-001N        ","81-001N - DUCHA EMB. S/TRANSF. ""CROMO Y""",2,0,10/01/2026 10:55:01,NAC-18-9-1,9999,46
25087234,10/01/2026 10:35:00,10/01/2026 11:06:00,1,Preparacion,Alejandro Dure,6866,MULTIPALLET,MULTIPALLET,00:34:07,00:31:24,2047,1884,En Tiempo,56,28,0,00:00:00,0,Logico,"60-209         ",60-209 - LAVATORIO CR C.CERAM CADIZ,2,0,10/01/2026 10:56:47,NAC-19-2-1,9999,106
25087234,10/01/2026 10:35:00,10/01/2026 11:06:00,1,Preparacion,Alejandro Dure,6866,MULTIPALLET,MULTIPALLET,00:34:07,00:31:24,2047,1884,En Tiempo,56,28,0,00:00:00,0,Logico,"32-001N        ","32-001N - CANILLA DE PARED P.BAJO ""CROMO Y""",1,0,10/01/2026 11:00:04,NAC-1-3-3,713,197
25087234,10/01/2026 10:35:00,10/01/2026 11:06:00,1,Preparacion,Alejandro Dure,6866,MULTIPALLET,MULTIPALLET,00:34:07,00:31:24,2047,1884,En Tiempo,56,28,0,00:00:00,0,Logico,"31-001N        ","31-001N - CANILLA DE PARED P.ALTO ""CROMO Y""",2,0,10/01/2026 11:00:28,NAC-1-3-3,713,24
25087234,10/01/2026 10:35:00,10/01/2026 11:06:00,1,Preparacion,Alejandro Dure,6866,MULTIPALLET,MULTIPALLET,00:34:07,00:31:24,2047,1884,En Tiempo,56,28,0,00:00:00,0,Logico,"33-001N        ","33-001N - CANILLA MESADA ""CROMO Y""",2,0,10/01/2026 11:00:43,NAC-1-3-3,713,15
25087234,10/01/2026 10:35:00,10/01/2026 11:06:00,1,Preparacion,Alejandro Dure,6866,MULTIPALLET,MULTIPALLET,00:34:07,00:31:24,2047,1884,En Tiempo,56,28,0,00:00:00,0,Logico,"31-002         ","31-002 - CANILLA DE PARED PICO ALTO ""RENACER""",2,0,10/01/2026 11:02:01,NAC-1-4-3,717,78
25087234,10/01/2026 10:35:00,10/01/2026 11:06:00,1,Preparacion,Alejandro Dure,6866,MULTIPALLET,MULTIPALLET,00:34:07,00:31:24,2047,1884,En Tiempo,56,28,0,00:00:00,0,Logico,"33-002         ","33-002 - CANILLA MESADA ""RENACER""",2,0,10/01/2026 11:02:47,NAC-1-4-3,717,46
25087234,10/01/2026 10:35:00,10/01/2026 11:06:00,1,Preparacion,Alejandro Dure,6866,MULTIPALLET,MULTIPALLET,00:34:07,00:31:24,2047,1884,En Tiempo,56,28,0,00:00:00,0,Logico,"32-002         ","32-002 - CANILLA DE PARED PICO BAJO ""RENACER""",2,0,10/01/2026 11:03:13,NAC-1-6-3,9999,26
25087234,10/01/2026 10:35:00,10/01/2026 11:06:00,1,Preparacion,Alejandro Dure,6866,MULTIPALLET,MULTIPALLET,00:34:07,00:31:24,2047,1884,En Tiempo,56,28,0,00:00:00,0,Logico,"32-001N        ","32-001N - CANILLA DE PARED P.BAJO ""CROMO Y""",1,0,10/01/2026 11:06:17,ALM-17-53-3,9999,184
25087672,10/01/2026 10:43:00,10/01/2026 10:54:00,1,Preparacion,Javier Lescano,6867,MULTIPALLET,MULTIPALLET,00:17:48,00:11:48,1068,708,En Tiempo,335,7,0,00:02:25,145,Logico,"13120G         ","QUEINOX GAS MH 1/2""x120 APROBADO POR IGA                              ",15,0,10/01/2026 10:46:03,IMP-7-1-1,30,0
25087672,10/01/2026 10:43:00,10/01/2026 10:54:00,1,Preparacion,Javier Lescano,6867,MULTIPALLET,MULTIPALLET,00:17:48,00:11:48,1068,708,En Tiempo,335,7,0,00:02:25,145,Logico,"13100G         ","QUEINOX GAS MH 1/2""x100 APROBADO POR IGA                              ",25,0,10/01/2026 10:47:29,IMP-7-1-1,30,86
25087672,10/01/2026 10:43:00,10/01/2026 10:54:00,1,Preparacion,Javier Lescano,6867,MULTIPALLET,MULTIPALLET,00:17:48,00:11:48,1068,708,En Tiempo,335,7,0,00:02:25,145,Logico,"1370G          ","QUEINOX GAS MH 1/2""x70 APROBADO POR IGA                               ",50,0,10/01/2026 10:48:26,IMP-7-2-1,31,57
25087672,10/01/2026 10:43:00,10/01/2026 10:54:00,1,Preparacion,Javier Lescano,6867,MULTIPALLET,MULTIPALLET,00:17:48,00:11:48,1068,708,En Tiempo,335,7,0,00:02:25,145,Logico,"1380G          ","QUEINOX GAS MH 1/2""x80 APROBADO POR IGA                               ",35,0,10/01/2026 10:50:12,IMP-7-2-1,31,106
25087672,10/01/2026 10:43:00,10/01/2026 10:54:00,1,Preparacion,Javier Lescano,6867,MULTIPALLET,MULTIPALLET,00:17:48,00:11:48,1068,708,En Tiempo,335,7,0,00:02:25,145,Logico,"1350G          ","QUEINOX GAS MH. 1/2""x50 APROBADO POR IGA                              ",50,0,10/01/2026 10:51:06,IMP-7-3-1,32,54
25087672,10/01/2026 10:43:00,10/01/2026 10:54:00,1,Preparacion,Javier Lescano,6867,MULTIPALLET,MULTIPALLET,00:17:48,00:11:48,1068,708,En Tiempo,335,7,0,00:02:25,145,Logico,"1360G          ","QUEINOX GAS MH 1/2""x60 APROBADO POR IGA                               ",100,0,10/01/2026 10:51:29,IMP-7-3-1,32,23
25087672,10/01/2026 10:43:00,10/01/2026 10:54:00,1,Preparacion,Javier Lescano,6867,MULTIPALLET,MULTIPALLET,00:17:48,00:11:48,1068,708,En Tiempo,335,7,0,00:02:25,145,Logico,"1340G          ","QUEINOX GAS MH. 1/2""x40 APROBADO POR IGA                              ",60,0,10/01/2026 10:54:28,IMP-7-4-1,33,179
25088189,10/01/2026 10:52:00,10/01/2026 11:25:00,1,Preparacion,Claudio Juarez,7839,MULTIPALLET,MULTIPALLET,00:32:39,00:32:36,1959,1956,En Tiempo,69,21,0,00:00:00,0,Logico,"12006N         ","SET DE 6 PIEZAS LINEA 12000 BLACK                                     ",2,0,10/01/2026 10:54:59,IMP-15-7-1,187,0
25088189,10/01/2026 10:52:00,10/01/2026 11:25:00,1,Preparacion,Claudio Juarez,7839,MULTIPALLET,MULTIPALLET,00:32:39,00:32:36,1959,1956,En Tiempo,69,21,0,00:00:00,0,Logico,"20-162         ",20-162 - MONOCOMANDO COCINA ADRA,2,0,10/01/2026 10:56:11,IMP-14-8-1,173,72
25088189,10/01/2026 10:52:00,10/01/2026 11:25:00,1,Preparacion,Claudio Juarez,7839,MULTIPALLET,MULTIPALLET,00:32:39,00:32:36,1959,1956,En Tiempo,69,21,0,00:00:00,0,Logico,"60-133         ",60-133 - LAVATORIO MONOCOMANDO LUGO,2,0,10/01/2026 10:58:02,IMP-14-11-1,170,111
25088189,10/01/2026 10:52:00,10/01/2026 11:25:00,1,Preparacion,Claudio Juarez,7839,MULTIPALLET,MULTIPALLET,00:32:39,00:32:36,1959,1956,En Tiempo,69,21,0,00:00:00,0,Logico,"22-178         ",22-178 - MONOCOMANDO DE COCINA P/AGUA FILTRADA VITA,3,0,10/01/2026 10:58:38,IMP-13-16-1,165,36
25088189,10/01/2026 10:52:00,10/01/2026 11:25:00,1,Preparacion,Claudio Juarez,7839,MULTIPALLET,MULTIPALLET,00:32:39,00:32:36,1959,1956,En Tiempo,69,21,0,00:00:00,0,Logico,"3006           ",3006 - SET DE 6 PIEZAS LINEA 3000,10,0,10/01/2026 11:00:20,IMP-13-13-1,162,102
25088189,10/01/2026 10:52:00,10/01/2026 11:25:00,1,Preparacion,Claudio Juarez,7839,MULTIPALLET,MULTIPALLET,00:32:39,00:32:36,1959,1956,En Tiempo,69,21,0,00:00:00,0,Logico,"20-122S        ","MONOCOMANDO COCINA INOX C/PICO EXTRAIBLE VALENCIA                     ",2,0,10/01/2026 11:02:09,IMP-13-13-1,162,109
25088189,10/01/2026 10:52:00,10/01/2026 11:25:00,1,Preparacion,Claudio Juarez,7839,MULTIPALLET,MULTIPALLET,00:32:39,00:32:36,1959,1956,En Tiempo,69,21,0,00:00:00,0,Logico,"20-205         ",20-205 - MONOCOMANDO DE COCINA STEEL,2,0,10/01/2026 11:02:57,IMP-12-8-1,142,48
25088189,10/01/2026 10:52:00,10/01/2026 11:25:00,1,Preparacion,Claudio Juarez,7839,MULTIPALLET,MULTIPALLET,00:32:39,00:32:36,1959,1956,En Tiempo,69,21,0,00:00:00,0,Logico,"20-122         ","MONOCOMANDO COCINA CR C/PICO EXTRAIBLE VALENCIA                       ",2,0,10/01/2026 11:05:42,IMP-12-9-1,141,165
25088189,10/01/2026 10:52:00,10/01/2026 11:25:00,1,Preparacion,Claudio Juarez,7839,MULTIPALLET,MULTIPALLET,00:32:39,00:32:36,1959,1956,En Tiempo,69,21,0,00:00:00,0,Logico,"20-147         ",20-147 - MONOCOMANDO DE COCINA SWIFT,2,0,10/01/2026 11:08:22,IMP-12-10-1,140,160
25088189,10/01/2026 10:52:00,10/01/2026 11:25:00,1,Preparacion,Claudio Juarez,7839,MULTIPALLET,MULTIPALLET,00:32:39,00:32:36,1959,1956,En Tiempo,69,21,0,00:00:00,0,Logico,"20-150         ",20-150 - MONOCOMANDO MESADA COCINA TOLEDO,2,0,10/01/2026 11:11:42,IMP-12-20-1,130,200
25088189,10/01/2026 10:52:00,10/01/2026 11:25:00,1,Preparacion,Claudio Juarez,7839,MULTIPALLET,MULTIPALLET,00:32:39,00:32:36,1959,1956,En Tiempo,69,21,0,00:00:00,0,Logico,"01-010         ","VALVULA P/MINGITORIO TEMPORIZADA TECNO                                ",4,0,10/01/2026 11:12:38,IMP-10-3-1,107,56
25088189,10/01/2026 10:52:00,10/01/2026 11:25:00,1,Preparacion,Claudio Juarez,7839,MULTIPALLET,MULTIPALLET,00:32:39,00:32:36,1959,1956,En Tiempo,69,21,0,00:00:00,0,Logico,"20-140         ",20-140 - MONOCOMANDO DE COCINA LINEA CUINA,2,0,10/01/2026 11:13:42,IMP-10-5-1,105,64
25088189,10/01/2026 10:52:00,10/01/2026 11:25:00,1,Preparacion,Claudio Juarez,7839,MULTIPALLET,MULTIPALLET,00:32:39,00:32:36,1959,1956,En Tiempo,69,21,0,00:00:00,0,Logico,"A1250          ",A1250 - COLUMNA DE DUCHA CROMO,1,0,10/01/2026 11:14:29,IMP-9-8-1,77,47
25088189,10/01/2026 10:52:00,10/01/2026 11:25:00,1,Preparacion,Claudio Juarez,7839,MULTIPALLET,MULTIPALLET,00:32:39,00:32:36,1959,1956,En Tiempo,69,21,0,00:00:00,0,Logico,"61-205         ",61-205 - LAVATORIO MONOC ALTO STEEL,2,0,10/01/2026 11:15:03,IMP-10-12-1,97,34
25088189,10/01/2026 10:52:00,10/01/2026 11:25:00,1,Preparacion,Claudio Juarez,7839,MULTIPALLET,MULTIPALLET,00:32:39,00:32:36,1959,1956,En Tiempo,69,21,0,00:00:00,0,Logico,"A1452C         ",A1452C - CAÑO DE DUCHA RECTO 150 MM CROMO C/BLISTER,3,0,10/01/2026 11:18:04,IMP-8-15-1,55,181
25088189,10/01/2026 10:52:00,10/01/2026 11:25:00,1,Preparacion,Claudio Juarez,7839,MULTIPALLET,MULTIPALLET,00:32:39,00:32:36,1959,1956,En Tiempo,69,21,0,00:00:00,0,Logico,"3040           ",3040 - PORTA ROLLO LINEA 3000,4,0,10/01/2026 11:19:49,IMP-8-17-1,53,105
25088189,10/01/2026 10:52:00,10/01/2026 11:25:00,1,Preparacion,Claudio Juarez,7839,MULTIPALLET,MULTIPALLET,00:32:39,00:32:36,1959,1956,En Tiempo,69,21,0,00:00:00,0,Logico,"3050           ",3050 - JABONERA LINEA 3000,2,0,10/01/2026 11:20:11,IMP-8-17-1,53,22
25088189,10/01/2026 10:52:00,10/01/2026 11:25:00,1,Preparacion,Claudio Juarez,7839,MULTIPALLET,MULTIPALLET,00:32:39,00:32:36,1959,1956,En Tiempo,69,21,0,00:00:00,0,Logico,"3030           ",3030 - PERCHA LINEA 3000,9,0,10/01/2026 11:21:19,IMP-8-18-1,52,68
25088189,10/01/2026 10:52:00,10/01/2026 11:25:00,1,Preparacion,Claudio Juarez,7839,MULTIPALLET,MULTIPALLET,00:32:39,00:32:36,1959,1956,En Tiempo,69,21,0,00:00:00,0,Logico,"10040CR        ","PORTA ROLLO LINEA 10000 MINIMALISTA                                   ",6,0,10/01/2026 11:22:09,IMP-8-19-1,51,50
25088189,10/01/2026 10:52:00,10/01/2026 11:25:00,1,Preparacion,Claudio Juarez,7839,MULTIPALLET,MULTIPALLET,00:32:39,00:32:36,1959,1956,En Tiempo,69,21,0,00:00:00,0,Logico,"3010           ",3010 - TOALLERO BARRAL LINEA 3000,5,0,10/01/2026 11:22:35,IMP-8-19-1,51,26
25088189,10/01/2026 10:52:00,10/01/2026 11:25:00,1,Preparacion,Claudio Juarez,7839,MULTIPALLET,MULTIPALLET,00:32:39,00:32:36,1959,1956,En Tiempo,69,21,0,00:00:00,0,Logico,"A1452N         ",A1452N - CAÑO DE DUCHA RECTO 150 MM BLACK C/BLISTER,2,0,10/01/2026 11:24:52,IMP-6-20-1,1,137
25088631,10/01/2026 11:01:00,10/01/2026 11:40:00,9,Preparacion,Javier Lescano,6867,CARRO MULTIPLE 9,CARRO MULTIPLE 9,00:46:26,00:38:39,2786,2319,En Tiempo,82,29,0,00:00:00,0,Logico,"60-162         ",60-162 - LAVATORIO CR C.CERAM LINEA ADRA,1,0,10/01/2026 11:04:35,NAC-19-12-1,491,0
25088631,10/01/2026 11:01:00,10/01/2026 11:40:00,9,Preparacion,Javier Lescano,6867,CARRO MULTIPLE 9,CARRO MULTIPLE 9,00:46:26,00:38:39,2786,2319,En Tiempo,82,29,0,00:00:00,0,Logico,"60-162         ",60-162 - LAVATORIO CR C.CERAM LINEA ADRA,1,0,10/01/2026 11:04:48,NAC-19-12-1,491,13
25088631,10/01/2026 11:01:00,10/01/2026 11:40:00,9,Preparacion,Javier Lescano,6867,CARRO MULTIPLE 9,CARRO MULTIPLE 9,00:46:26,00:38:39,2786,2319,En Tiempo,82,29,0,00:00:00,0,Logico,"70-162         ",70-162 - BIDE CR C.CERAM LINEA ADRA,2,0,10/01/2026 11:05:27,NAC-19-13-1,489,39
25088631,10/01/2026 11:01:00,10/01/2026 11:40:00,9,Preparacion,Javier Lescano,6867,CARRO MULTIPLE 9,CARRO MULTIPLE 9,00:46:26,00:38:39,2786,2319,En Tiempo,82,29,0,00:00:00,0,Logico,"51-058         ",51-058 - COCINA MESADA CR C.STD MALBA,6,0,10/01/2026 11:06:39,NAC-19-14-2,486,72
25088631,10/01/2026 11:01:00,10/01/2026 11:40:00,9,Preparacion,Javier Lescano,6867,CARRO MULTIPLE 9,CARRO MULTIPLE 9,00:46:26,00:38:39,2786,2319,En Tiempo,82,29,0,00:00:00,0,Logico,"51-058         ",51-058 - COCINA MESADA CR C.STD MALBA,1,0,10/01/2026 11:07:00,NAC-19-14-2,486,21
25088631,10/01/2026 11:01:00,10/01/2026 11:40:00,9,Preparacion,Javier Lescano,6867,CARRO MULTIPLE 9,CARRO MULTIPLE 9,00:46:26,00:38:39,2786,2319,En Tiempo,82,29,0,00:00:00,0,Logico,"80-057         ",80-057 - DUCHA EMB. C/TRANSF. C.STD VERIN PLUS,2,0,10/01/2026 11:07:37,NAC-19-15-1,485,37
25088631,10/01/2026 11:01:00,10/01/2026 11:40:00,9,Preparacion,Javier Lescano,6867,CARRO MULTIPLE 9,CARRO MULTIPLE 9,00:46:26,00:38:39,2786,2319,En Tiempo,82,29,0,00:00:00,0,Logico,"60-057         ",60-057 - LAVATORIO C.STD VERIN PLUS,2,0,10/01/2026 11:08:31,NAC-19-15-1,485,54
25088631,10/01/2026 11:01:00,10/01/2026 11:40:00,9,Preparacion,Javier Lescano,6867,CARRO MULTIPLE 9,CARRO MULTIPLE 9,00:46:26,00:38:39,2786,2319,En Tiempo,82,29,0,00:00:00,0,Logico,"60-058         ",60-058 - LAVATORIO CR C.STD MALBA,2,0,10/01/2026 11:10:03,NAC-18-14-2,501,92
25088631,10/01/2026 11:01:00,10/01/2026 11:40:00,9,Preparacion,Javier Lescano,6867,CARRO MULTIPLE 9,CARRO MULTIPLE 9,00:46:26,00:38:39,2786,2319,En Tiempo,82,29,0,00:00:00,0,Logico,"70-058         ",70-058 - BIDE CR C.STD MALBA,2,0,10/01/2026 11:10:46,NAC-18-14-2,501,43
25088631,10/01/2026 11:01:00,10/01/2026 11:40:00,9,Preparacion,Javier Lescano,6867,CARRO MULTIPLE 9,CARRO MULTIPLE 9,00:46:26,00:38:39,2786,2319,En Tiempo,82,29,0,00:00:00,0,Logico,"80-058         ",80-058 - DUCHA EMB. C/TRANSF. CR C.STD MALBA,1,0,10/01/2026 11:11:09,NAC-18-14-2,501,23
25088631,10/01/2026 11:01:00,10/01/2026 11:40:00,9,Preparacion,Javier Lescano,6867,CARRO MULTIPLE 9,CARRO MULTIPLE 9,00:46:26,00:38:39,2786,2319,En Tiempo,82,29,0,00:00:00,0,Logico,"60-058         ",60-058 - LAVATORIO CR C.STD MALBA,2,0,10/01/2026 11:11:59,NAC-18-14-2,501,50
25088631,10/01/2026 11:01:00,10/01/2026 11:40:00,9,Preparacion,Javier Lescano,6867,CARRO MULTIPLE 9,CARRO MULTIPLE 9,00:46:26,00:38:39,2786,2319,En Tiempo,82,29,0,00:00:00,0,Logico,"70-058         ",70-058 - BIDE CR C.STD MALBA,2,0,10/01/2026 11:12:41,NAC-18-14-2,501,42
25088631,10/01/2026 11:01:00,10/01/2026 11:40:00,9,Preparacion,Javier Lescano,6867,CARRO MULTIPLE 9,CARRO MULTIPLE 9,00:46:26,00:38:39,2786,2319,En Tiempo,82,29,0,00:00:00,0,Logico,"80-058         ",80-058 - DUCHA EMB. C/TRANSF. CR C.STD MALBA,2,0,10/01/2026 11:13:10,NAC-18-14-2,501,29
25088631,10/01/2026 11:01:00,10/01/2026 11:40:00,9,Preparacion,Javier Lescano,6867,CARRO MULTIPLE 9,CARRO MULTIPLE 9,00:46:26,00:38:39,2786,2319,En Tiempo,82,29,0,00:00:00,0,Logico,"62-162         ",62-162 - LAVATORIO DE PARED CR C.CERAM ADRA,2,0,10/01/2026 11:14:16,NAC-18-16-2,509,66
25088631,10/01/2026 11:01:00,10/01/2026 11:40:00,9,Preparacion,Javier Lescano,6867,CARRO MULTIPLE 9,CARRO MULTIPLE 9,00:46:26,00:38:39,2786,2319,En Tiempo,82,29,0,00:00:00,0,Logico,"60-100NI       ",60-100NI - LAVATORIO NICKEL C.CERAM FABRIC,6,0,10/01/2026 11:16:20,NAC-18-17-1,513,124
25088631,10/01/2026 11:01:00,10/01/2026 11:40:00,9,Preparacion,Javier Lescano,6867,CARRO MULTIPLE 9,CARRO MULTIPLE 9,00:46:26,00:38:39,2786,2319,En Tiempo,82,29,0,00:00:00,0,Logico,"70-100NI       ",70-100NI - BIDE NICKEL C.CERAM FABRIC,3,0,10/01/2026 11:16:33,NAC-18-17-1,513,13
25088631,10/01/2026 11:01:00,10/01/2026 11:40:00,9,Preparacion,Javier Lescano,6867,CARRO MULTIPLE 9,CARRO MULTIPLE 9,00:46:26,00:38:39,2786,2319,En Tiempo,82,29,0,00:00:00,0,Logico,"81-100NI       ",81-100NI - DUCHA EMB. S/TRANSF. NICKEL C.CERAM FABRIC,3,0,10/01/2026 11:18:01,NAC-18-17-2,512,88
25088631,10/01/2026 11:01:00,10/01/2026 11:40:00,9,Preparacion,Javier Lescano,6867,CARRO MULTIPLE 9,CARRO MULTIPLE 9,00:46:26,00:38:39,2786,2319,En Tiempo,82,29,0,00:00:00,0,Logico,"85-201NI       ",85-201NI - DUCHA EMB C/TRANSF Y DUCHADOR C.CERAM BEAT NICKEL,1,0,10/01/2026 11:18:37,NAC-17-20-2,527,36
25088631,10/01/2026 11:01:00,10/01/2026 11:40:00,9,Preparacion,Javier Lescano,6867,CARRO MULTIPLE 9,CARRO MULTIPLE 9,00:46:26,00:38:39,2786,2319,En Tiempo,82,29,0,00:00:00,0,Logico,"70-201NI       ",70-201NI - BIDE CR C.CERAM BEAT NICKEL,1,0,10/01/2026 11:19:13,NAC-17-20-1,526,36
25088631,10/01/2026 11:01:00,10/01/2026 11:40:00,9,Preparacion,Javier Lescano,6867,CARRO MULTIPLE 9,CARRO MULTIPLE 9,00:46:26,00:38:39,2786,2319,En Tiempo,82,29,0,00:00:00,0,Logico,"910/M          ","910/M - JGO.MDA.P.CANO CROMO ""DIQUE""",1,0,10/01/2026 11:20:35,NAC-17-17-1,514,82
25088631,10/01/2026 11:01:00,10/01/2026 11:40:00,9,Preparacion,Javier Lescano,6867,CARRO MULTIPLE 9,CARRO MULTIPLE 9,00:46:26,00:38:39,2786,2319,En Tiempo,82,29,0,00:00:00,0,Logico,"55-002         ",55-002 - COCINA P/PARED EMB P.ALTO RENACER,3,0,10/01/2026 11:22:58,NAC-17-15-2,507,143
25088631,10/01/2026 11:01:00,10/01/2026 11:40:00,9,Preparacion,Javier Lescano,6867,CARRO MULTIPLE 9,CARRO MULTIPLE 9,00:46:26,00:38:39,2786,2319,En Tiempo,82,29,0,00:00:00,0,Logico,"934/CR         ",934/CR - J.PARED C/EXT CRUZ CR/CR ARES,3,0,10/01/2026 11:25:18,NAC-15-12-1,562,140
25088631,10/01/2026 11:01:00,10/01/2026 11:40:00,9,Preparacion,Javier Lescano,6867,CARRO MULTIPLE 9,CARRO MULTIPLE 9,00:46:26,00:38:39,2786,2319,En Tiempo,82,29,0,00:00:00,0,Logico,"944/CR         ",944/CR - JGO COC.PARED EMB.CRUZ CR/CR ARES,3,0,10/01/2026 11:25:50,NAC-15-12-2,563,32
25088631,10/01/2026 11:01:00,10/01/2026 11:40:00,9,Preparacion,Javier Lescano,6867,CARRO MULTIPLE 9,CARRO MULTIPLE 9,00:46:26,00:38:39,2786,2319,En Tiempo,82,29,0,00:00:00,0,Logico,"314/CR         ",314/CR - BIDE CROMO ARES,1,0,10/01/2026 11:26:13,NAC-15-13-1,558,23
25088631,10/01/2026 11:01:00,10/01/2026 11:40:00,9,Preparacion,Javier Lescano,6867,CARRO MULTIPLE 9,CARRO MULTIPLE 9,00:46:26,00:38:39,2786,2319,En Tiempo,82,29,0,00:00:00,0,Logico,"214/CR         ",214/CR - LAVATORIO CR/CR ARES,2,0,10/01/2026 11:26:26,NAC-15-13-1,558,13
25088631,10/01/2026 11:01:00,10/01/2026 11:40:00,9,Preparacion,Javier Lescano,6867,CARRO MULTIPLE 9,CARRO MULTIPLE 9,00:46:26,00:38:39,2786,2319,En Tiempo,82,29,0,00:00:00,0,Logico,"62-100G        ",62-100G - LAVATORIO DE PARED GOLD C.CERAM FABRIC,2,0,10/01/2026 11:27:15,NAC-16-15-1,548,49
25088631,10/01/2026 11:01:00,10/01/2026 11:40:00,9,Preparacion,Javier Lescano,6867,CARRO MULTIPLE 9,CARRO MULTIPLE 9,00:46:26,00:38:39,2786,2319,En Tiempo,82,29,0,00:00:00,0,Logico,"70-162N        ",70-162N - BIDE BLACK C.CERAM LINEA ADRA,1,0,10/01/2026 11:27:57,NAC-15-19-1,534,42
25088631,10/01/2026 11:01:00,10/01/2026 11:40:00,9,Preparacion,Javier Lescano,6867,CARRO MULTIPLE 9,CARRO MULTIPLE 9,00:46:26,00:38:39,2786,2319,En Tiempo,82,29,0,00:00:00,0,Logico,"80-166N        ",80-166N - DUCHA EMB. C/TRANSF. BLACK C.CERAM ADRA PLUS,1,0,10/01/2026 11:28:28,NAC-15-19-1,534,31
25088631,10/01/2026 11:01:00,10/01/2026 11:40:00,9,Preparacion,Javier Lescano,6867,CARRO MULTIPLE 9,CARRO MULTIPLE 9,00:46:26,00:38:39,2786,2319,En Tiempo,82,29,0,00:00:00,0,Logico,"61-203N        ","LAVATORIO MONOCOMANDO ALTO ADRA BLACK                                 ",10,0,10/01/2026 11:33:19,NAC-15-19-2,535,291
25088631,10/01/2026 11:01:00,10/01/2026 11:40:00,9,Preparacion,Javier Lescano,6867,CARRO MULTIPLE 9,CARRO MULTIPLE 9,00:46:26,00:38:39,2786,2319,En Tiempo,82,29,0,00:00:00,0,Logico,"80-100NI       ",80-100NI - DUCHA EMB. C/TRANSF. NICKEL C.CERAM FABRIC,1,0,10/01/2026 11:33:49,NAC-16-19-2,533,30
25088631,10/01/2026 11:01:00,10/01/2026 11:40:00,9,Preparacion,Javier Lescano,6867,CARRO MULTIPLE 9,CARRO MULTIPLE 9,00:46:26,00:38:39,2786,2319,En Tiempo,82,29,0,00:00:00,0,Logico,"60-162N        ",60-162N - LAVATORIO BLACK C.CERAM LINEA ADRA,1,0,10/01/2026 11:34:37,NAC-15-20-1,530,48
25088631,10/01/2026 11:01:00,10/01/2026 11:40:00,9,Preparacion,Javier Lescano,6867,CARRO MULTIPLE 9,CARRO MULTIPLE 9,00:46:26,00:38:39,2786,2319,En Tiempo,82,29,0,00:00:00,0,Logico,"933            ",933 - JGO PARED C/EXT CR DIQUE,3,0,10/01/2026 11:36:20,NAC-14-16-2,573,103
25088631,10/01/2026 11:01:00,10/01/2026 11:40:00,9,Preparacion,Javier Lescano,6867,CARRO MULTIPLE 9,CARRO MULTIPLE 9,00:46:26,00:38:39,2786,2319,En Tiempo,82,29,0,00:00:00,0,Logico,"60-100NI       ",60-100NI - LAVATORIO NICKEL C.CERAM FABRIC,1,0,10/01/2026 11:37:46,NAC-18-17-1,513,86
25088631,10/01/2026 11:01:00,10/01/2026 11:40:00,9,Preparacion,Javier Lescano,6867,CARRO MULTIPLE 9,CARRO MULTIPLE 9,00:46:26,00:38:39,2786,2319,En Tiempo,82,29,0,00:00:00,0,Logico,"80-209         ","DUCHA EMB C/TRANSF CR C.CERAM CADIZ                                   ",4,0,10/01/2026 11:39:04,NAC-18-4-1,9999,78
25088631,10/01/2026 11:01:00,10/01/2026 11:40:00,9,Preparacion,Javier Lescano,6867,CARRO MULTIPLE 9,CARRO MULTIPLE 9,00:46:26,00:38:39,2786,2319,En Tiempo,82,29,0,00:00:00,0,Logico,"70-209         ",70-209 - BIDE CR C.CERAM CADIZ,2,0,10/01/2026 11:39:27,NAC-18-4-1,9999,23
25088631,10/01/2026 11:01:00,10/01/2026 11:40:00,9,Preparacion,Javier Lescano,6867,CARRO MULTIPLE 9,CARRO MULTIPLE 9,00:46:26,00:38:39,2786,2319,En Tiempo,82,29,0,00:00:00,0,Logico,"70-209         ",70-209 - BIDE CR C.CERAM CADIZ,1,0,10/01/2026 11:40:07,NAC-18-4-1,9999,40
25089060,10/01/2026 11:09:00,10/01/2026 11:42:00,1,Preparacion,Alejandro Dure,6866,MULTIPALLET,MULTIPALLET,00:26:59,00:32:16,1619,1936,Fuera de Tiempo,71,15,0,00:03:07,187,Logico,"A813           ",A813 - DUCHA C/BRAZO Y CAMPANA CR 3 FUNCIONES,5,0,10/01/2026 11:13:05,IMP-6-12-1,9,0
25089060,10/01/2026 11:09:00,10/01/2026 11:42:00,1,Preparacion,Alejandro Dure,6866,MULTIPALLET,MULTIPALLET,00:26:59,00:32:16,1619,1936,Fuera de Tiempo,71,15,0,00:03:07,187,Logico,"A814           ",A814 - DUCHA C/BRAZO Y CAMPANA CR,5,0,10/01/2026 11:13:10,IMP-6-12-1,9,5
25089060,10/01/2026 11:09:00,10/01/2026 11:42:00,1,Preparacion,Alejandro Dure,6866,MULTIPALLET,MULTIPALLET,00:26:59,00:32:16,1619,1936,Fuera de Tiempo,71,15,0,00:03:07,187,Logico,"A1448C         ","A1448C - CAÑO CURVO METALICO C/FLOR DE DUCHA 4"" ABS CR C/BLISTER",3,0,10/01/2026 11:14:53,IMP-7-12-1,41,103
25089060,10/01/2026 11:09:00,10/01/2026 11:42:00,1,Preparacion,Alejandro Dure,6866,MULTIPALLET,MULTIPALLET,00:26:59,00:32:16,1619,1936,Fuera de Tiempo,71,15,0,00:03:07,187,Logico,"3010           ",3010 - TOALLERO BARRAL LINEA 3000,3,0,10/01/2026 11:15:40,IMP-8-19-1,51,47
25089060,10/01/2026 11:09:00,10/01/2026 11:42:00,1,Preparacion,Alejandro Dure,6866,MULTIPALLET,MULTIPALLET,00:26:59,00:32:16,1619,1936,Fuera de Tiempo,71,15,0,00:03:07,187,Logico,"3040           ",3040 - PORTA ROLLO LINEA 3000,3,0,10/01/2026 11:16:16,IMP-8-17-1,53,36
25089060,10/01/2026 11:09:00,10/01/2026 11:42:00,1,Preparacion,Alejandro Dure,6866,MULTIPALLET,MULTIPALLET,00:26:59,00:32:16,1619,1936,Fuera de Tiempo,71,15,0,00:03:07,187,Logico,"21-160         ","MONOCOMANDO DUO COCINA CROMO DIQUE                                    ",1,0,10/01/2026 11:17:59,IMP-9-3-1,72,103
25089060,10/01/2026 11:09:00,10/01/2026 11:42:00,1,Preparacion,Alejandro Dure,6866,MULTIPALLET,MULTIPALLET,00:26:59,00:32:16,1619,1936,Fuera de Tiempo,71,15,0,00:03:07,187,Logico,"60-130         ",60-130 - LAVATORIO MONOCOMANDO BAJO BILBAO,2,0,10/01/2026 11:19:24,IMP-9-11-1,80,85
25089060,10/01/2026 11:09:00,10/01/2026 11:42:00,1,Preparacion,Alejandro Dure,6866,MULTIPALLET,MULTIPALLET,00:26:59,00:32:16,1619,1936,Fuera de Tiempo,71,15,0,00:03:07,187,Logico,"20-147         ",20-147 - MONOCOMANDO DE COCINA SWIFT,5,0,10/01/2026 11:21:51,IMP-12-10-1,140,147
25089060,10/01/2026 11:09:00,10/01/2026 11:42:00,1,Preparacion,Alejandro Dure,6866,MULTIPALLET,MULTIPALLET,00:26:59,00:32:16,1619,1936,Fuera de Tiempo,71,15,0,00:03:07,187,Logico,"20-146         ",20-146 - MONOCOMANDO DE COCINA CR LINEA MOVE,5,0,10/01/2026 11:23:53,IMP-13-9-1,158,122
25089060,10/01/2026 11:09:00,10/01/2026 11:42:00,1,Preparacion,Alejandro Dure,6866,MULTIPALLET,MULTIPALLET,00:26:59,00:32:16,1619,1936,Fuera de Tiempo,71,15,0,00:03:07,187,Logico,"20-160         ",20-160 - MONOCOMANDO MESADA COCINA DIQUE,5,0,10/01/2026 11:26:19,IMP-13-10-1,159,146
25089060,10/01/2026 11:09:00,10/01/2026 11:42:00,1,Preparacion,Alejandro Dure,6866,MULTIPALLET,MULTIPALLET,00:26:59,00:32:16,1619,1936,Fuera de Tiempo,71,15,0,00:03:07,187,Logico,"12006          ","SET DE 6 PIEZAS LINEA 12000                                           ",2,0,10/01/2026 11:28:18,IMP-13-12-1,161,119
25089060,10/01/2026 11:09:00,10/01/2026 11:42:00,1,Preparacion,Alejandro Dure,6866,MULTIPALLET,MULTIPALLET,00:26:59,00:32:16,1619,1936,Fuera de Tiempo,71,15,0,00:03:07,187,Logico,"83-133         ",83-133 - DUCHA EXT. C/TRANSF. MONOCOMANDO LUGO,2,0,10/01/2026 11:30:22,IMP-14-10-1,171,124
25089060,10/01/2026 11:09:00,10/01/2026 11:42:00,1,Preparacion,Alejandro Dure,6866,MULTIPALLET,MULTIPALLET,00:26:59,00:32:16,1619,1936,Fuera de Tiempo,71,15,0,00:03:07,187,Logico,"20-102         ","20-102 - MONOCOMANDO MESADA CROMO ""RENACER""",5,0,10/01/2026 11:33:13,IMP-15-10-1,190,171
25089060,10/01/2026 11:09:00,10/01/2026 11:42:00,1,Preparacion,Alejandro Dure,6866,MULTIPALLET,MULTIPALLET,00:26:59,00:32:16,1619,1936,Fuera de Tiempo,71,15,0,00:03:07,187,Logico,"RA001          ",RA001 - CABEZAL STD NO ASCENDENTE,15,0,10/01/2026 11:40:27,IMP-20-35-5,175,434
25089060,10/01/2026 11:09:00,10/01/2026 11:42:00,1,Preparacion,Alejandro Dure,6866,MULTIPALLET,MULTIPALLET,00:26:59,00:32:16,1619,1936,Fuera de Tiempo,71,15,0,00:03:07,187,Logico,"RA003          ",RA003 - CABEZAL IZQUIERDO CIERRE CERAMICO (CALIENTE),10,0,10/01/2026 11:41:40,IMP-20-34-5,170,73
25089167,10/01/2026 11:11:00,10/01/2026 11:16:00,1,Reposicion,Andres Cejas,6417,MULTIPALLET,APILADORA,00:10:40,00:05:04,640,304,En Tiempo,10,1,0,00:00:00,0,Logico,"BID104-3       ","BIDE 3 AGUJEROS BLANCO LINEA STONE                                    ",10,0,10/01/2026 11:16:12,,5,0
25089515,10/01/2026 11:17:00,10/01/2026 11:25:00,1,Reposicion,Andres Cejas,6417,MULTIPALLET,APILADORA,00:11:34,00:08:33,694,513,En Tiempo,6,1,0,00:00:30,30,Logico,"INO104-1       ","INODORO BLANCO C/ASIENTO LINEA STONE                                  ",6,0,10/01/2026 11:25:15,,7,0
25090015,10/01/2026 11:25:00,10/01/2026 11:31:00,1,Reposicion,Andres Cejas,6417,CARRO MULTIPLE 9,APILADORA,00:05:31,00:05:40,331,340,Fuera de Tiempo,10,1,0,00:00:02,2,Logico,"31-002         ","31-002 - CANILLA DE PARED PICO ALTO ""RENACER""",10,0,10/01/2026 11:30:57,NAC-1-4-3,,0
25090329,10/01/2026 11:31:00,10/01/2026 11:35:00,1,Reposicion,Andres Cejas,6417,MULTIPALLET,APILADORA,00:13:40,00:04:22,820,262,En Tiempo,80,1,0,00:00:03,3,Logico,"60-100NI       ",60-100NI - LAVATORIO NICKEL C.CERAM FABRIC,80,0,10/01/2026 11:35:22,NAC-18-17-1,,0
25090544,10/01/2026 11:35:00,10/01/2026 12:01:00,1,Preparacion,Claudio Juarez,7839,CARRO MULTIPLE 6,CARRO MULTIPLE 6,00:32:17,00:25:37,1937,1537,En Tiempo,29,24,0,00:00:00,0,Logico,"60-181G        ","LAVATORIO MONOC BAJO GOLD ESENCIA                                     ",1,0,10/01/2026 11:37:07,IMP-8-6-1,64,0
25090544,10/01/2026 11:35:00,10/01/2026 12:01:00,1,Preparacion,Claudio Juarez,7839,CARRO MULTIPLE 6,CARRO MULTIPLE 6,00:32:17,00:25:37,1937,1537,En Tiempo,29,24,0,00:00:00,0,Logico,"61-181G        ","LAVATORIO MONOC ALTO GOLD ESENCIA                                     ",1,0,10/01/2026 11:37:34,IMP-8-5-1,65,27
25090544,10/01/2026 11:35:00,10/01/2026 12:01:00,1,Preparacion,Claudio Juarez,7839,CARRO MULTIPLE 6,CARRO MULTIPLE 6,00:32:17,00:25:37,1937,1537,En Tiempo,29,24,0,00:00:00,0,Logico,"62-181G        ","LAVATORIO PARED EMB MONOC GOLD ESENCIA                                ",1,0,10/01/2026 11:38:43,IMP-8-3-1,67,69
25090544,10/01/2026 11:35:00,10/01/2026 12:01:00,1,Preparacion,Claudio Juarez,7839,CARRO MULTIPLE 6,CARRO MULTIPLE 6,00:32:17,00:25:37,1937,1537,En Tiempo,29,24,0,00:00:00,0,Logico,"20-168         ",20-168 - MONOCOMANDO COCINA CR WAVE,1,0,10/01/2026 11:39:40,IMP-9-16-1,85,57
25090544,10/01/2026 11:35:00,10/01/2026 12:01:00,1,Preparacion,Claudio Juarez,7839,CARRO MULTIPLE 6,CARRO MULTIPLE 6,00:32:17,00:25:37,1937,1537,En Tiempo,29,24,0,00:00:00,0,Logico,"61-168         ",61-168 - LAVATORIO MONOC ALTO CR WAVE,2,0,10/01/2026 11:40:30,IMP-10-19-1,90,50
25090544,10/01/2026 11:35:00,10/01/2026 12:01:00,1,Preparacion,Claudio Juarez,7839,CARRO MULTIPLE 6,CARRO MULTIPLE 6,00:32:17,00:25:37,1937,1537,En Tiempo,29,24,0,00:00:00,0,Logico,"63-168         ",63-168 - LAVATORIO PARED EMB MONOC CR WAVE,1,0,10/01/2026 11:40:58,IMP-10-17-1,92,28
25090544,10/01/2026 11:35:00,10/01/2026 12:01:00,1,Preparacion,Claudio Juarez,7839,CARRO MULTIPLE 6,CARRO MULTIPLE 6,00:32:17,00:25:37,1937,1537,En Tiempo,29,24,0,00:00:00,0,Logico,"60-168         ",60-168 - LAVATORIO MONOC BAJO CR WAVE,2,0,10/01/2026 11:41:34,IMP-10-14-1,95,36
25090544,10/01/2026 11:35:00,10/01/2026 12:01:00,1,Preparacion,Claudio Juarez,7839,CARRO MULTIPLE 6,CARRO MULTIPLE 6,00:32:17,00:25:37,1937,1537,En Tiempo,29,24,0,00:00:00,0,Logico,"80-193         ",80-193 - DUCHA EMB. C/TRANSF. MONOCOMANDO MORA,1,0,10/01/2026 11:43:12,IMP-10-13-1,96,98
25090544,10/01/2026 11:35:00,10/01/2026 12:01:00,1,Preparacion,Claudio Juarez,7839,CARRO MULTIPLE 6,CARRO MULTIPLE 6,00:32:17,00:25:37,1937,1537,En Tiempo,29,24,0,00:00:00,0,Logico,"20-184         ","MONOCOMANDO DE COCINA CR SUV                                          ",1,0,10/01/2026 11:43:51,IMP-10-11-1,98,39
25090544,10/01/2026 11:35:00,10/01/2026 12:01:00,1,Preparacion,Claudio Juarez,7839,CARRO MULTIPLE 6,CARRO MULTIPLE 6,00:32:17,00:25:37,1937,1537,En Tiempo,29,24,0,00:00:00,0,Logico,"84-203ST       ","DUCHA EXT C/COLUMNA CR ADRA                                           ",1,0,10/01/2026 11:45:17,IMP-11-5-1,114,86
25090544,10/01/2026 11:35:00,10/01/2026 12:01:00,1,Preparacion,Claudio Juarez,7839,CARRO MULTIPLE 6,CARRO MULTIPLE 6,00:32:17,00:25:37,1937,1537,En Tiempo,29,24,0,00:00:00,0,Logico,"84-203         ","DUCHA EXT C/COLUMNA Y TRANSF CR ADRA                                  ",1,0,10/01/2026 11:46:36,IMP-11-6-1,115,79
25090544,10/01/2026 11:35:00,10/01/2026 12:01:00,1,Preparacion,Claudio Juarez,7839,CARRO MULTIPLE 6,CARRO MULTIPLE 6,00:32:17,00:25:37,1937,1537,En Tiempo,29,24,0,00:00:00,0,Logico,"83-203N        ",83-203N - DUCHA EXT C/TRANSF. MONOCOMANDO ADRA BLACK,1,0,10/01/2026 11:47:20,IMP-11-4-1,113,44
25090544,10/01/2026 11:35:00,10/01/2026 12:01:00,1,Preparacion,Claudio Juarez,7839,CARRO MULTIPLE 6,CARRO MULTIPLE 6,00:32:17,00:25:37,1937,1537,En Tiempo,29,24,0,00:00:00,0,Logico,"80-181G        ","DUCHA EMB. C/TRANSF. MONOC GOLD ESENCIA                               ",1,0,10/01/2026 11:48:53,IMP-10-5-1,105,93
25090544,10/01/2026 11:35:00,10/01/2026 12:01:00,1,Preparacion,Claudio Juarez,7839,CARRO MULTIPLE 6,CARRO MULTIPLE 6,00:32:17,00:25:37,1937,1537,En Tiempo,29,24,0,00:00:00,0,Logico,"60-176         ","LAVATORIO MONOCOMANDO BAJO CR RIO                                     ",3,0,10/01/2026 11:50:49,IMP-12-13-1,137,116
25090544,10/01/2026 11:35:00,10/01/2026 12:01:00,1,Preparacion,Claudio Juarez,7839,CARRO MULTIPLE 6,CARRO MULTIPLE 6,00:32:17,00:25:37,1937,1537,En Tiempo,29,24,0,00:00:00,0,Logico,"80-176         ",80-176 - DUCHA EMB C/TRANSF MONOC CR RIO,1,0,10/01/2026 11:51:07,IMP-12-13-1,137,18
25090544,10/01/2026 11:35:00,10/01/2026 12:01:00,1,Preparacion,Claudio Juarez,7839,CARRO MULTIPLE 6,CARRO MULTIPLE 6,00:32:17,00:25:37,1937,1537,En Tiempo,29,24,0,00:00:00,0,Logico,"61-176         ",61-176 - LAVATORIO MONOC ALTO CR RIO,1,0,10/01/2026 11:51:38,IMP-12-12-1,138,31
25090544,10/01/2026 11:35:00,10/01/2026 12:01:00,1,Preparacion,Claudio Juarez,7839,CARRO MULTIPLE 6,CARRO MULTIPLE 6,00:32:17,00:25:37,1937,1537,En Tiempo,29,24,0,00:00:00,0,Logico,"20-147         ",20-147 - MONOCOMANDO DE COCINA SWIFT,1,0,10/01/2026 11:52:08,IMP-12-10-1,140,30
25090544,10/01/2026 11:35:00,10/01/2026 12:01:00,1,Preparacion,Claudio Juarez,7839,CARRO MULTIPLE 6,CARRO MULTIPLE 6,00:32:17,00:25:37,1937,1537,En Tiempo,29,24,0,00:00:00,0,Logico,"20-205         ",20-205 - MONOCOMANDO DE COCINA STEEL,2,0,10/01/2026 11:52:41,IMP-12-8-1,142,33
25090544,10/01/2026 11:35:00,10/01/2026 12:01:00,1,Preparacion,Claudio Juarez,7839,CARRO MULTIPLE 6,CARRO MULTIPLE 6,00:32:17,00:25:37,1937,1537,En Tiempo,29,24,0,00:00:00,0,Logico,"61-183         ","LAVATORIO MONOCOMANDO ALTO MAT                                        ",1,0,10/01/2026 11:55:37,IMP-13-4-1,153,176
25090544,10/01/2026 11:35:00,10/01/2026 12:01:00,1,Preparacion,Claudio Juarez,7839,CARRO MULTIPLE 6,CARRO MULTIPLE 6,00:32:17,00:25:37,1937,1537,En Tiempo,29,24,0,00:00:00,0,Logico,"20-160         ",20-160 - MONOCOMANDO MESADA COCINA DIQUE,1,0,10/01/2026 11:56:24,IMP-13-10-1,159,47
25090544,10/01/2026 11:35:00,10/01/2026 12:01:00,1,Preparacion,Claudio Juarez,7839,CARRO MULTIPLE 6,CARRO MULTIPLE 6,00:32:17,00:25:37,1937,1537,En Tiempo,29,24,0,00:00:00,0,Logico,"20-183         ","MONOCOMANDO DE COCINA MAT                                             ",1,0,10/01/2026 11:57:01,IMP-13-6-1,155,37
25090544,10/01/2026 11:35:00,10/01/2026 12:01:00,1,Preparacion,Claudio Juarez,7839,CARRO MULTIPLE 6,CARRO MULTIPLE 6,00:32:17,00:25:37,1937,1537,En Tiempo,29,24,0,00:00:00,0,Logico,"60-183         ","LAVATORIO MONOCOMANDO BAJO MAT                                        ",1,0,10/01/2026 11:58:20,IMP-13-5-1,154,79
25090544,10/01/2026 11:35:00,10/01/2026 12:01:00,1,Preparacion,Claudio Juarez,7839,CARRO MULTIPLE 6,CARRO MULTIPLE 6,00:32:17,00:25:37,1937,1537,En Tiempo,29,24,0,00:00:00,0,Logico,"85-181G        ","DUCHA EMB. C/TRANSF. Y DUCHADOR MONOC GOLD ESENCIA                    ",1,0,10/01/2026 12:00:29,IMP-4-18-1,9999,129
25090544,10/01/2026 11:35:00,10/01/2026 12:01:00,1,Preparacion,Claudio Juarez,7839,CARRO MULTIPLE 6,CARRO MULTIPLE 6,00:32:17,00:25:37,1937,1537,En Tiempo,29,24,0,00:00:00,0,Logico,"60-381G        ","LAVATORIO MONOC GOLD ESENCIA                                          ",1,0,10/01/2026 12:00:39,IMP-4-18-1,9999,10
25090583,10/01/2026 11:35:00,10/01/2026 11:40:00,1,Reposicion,Andres Cejas,6417,MULTIPALLET,APILADORA,00:10:35,00:04:54,635,294,En Tiempo,25,1,0,00:00:04,4,Logico,"84-203         ","DUCHA EXT C/COLUMNA Y TRANSF CR ADRA                                  ",25,0,10/01/2026 11:40:20,IMP-11-6-1,,0
25090585,10/01/2026 11:35:00,10/01/2026 13:44:00,9,Preparacion,Kevin Arce,7636,CARRO MULTIPLE 9,CARRO MULTIPLE 9,00:55:06,02:08:52,3306,7732,Fuera de Tiempo,195,26,0,00:00:00,0,Logico,"A813           ",A813 - DUCHA C/BRAZO Y CAMPANA CR 3 FUNCIONES,10,0,10/01/2026 11:41:41,IMP-6-12-1,9,0
25090585,10/01/2026 11:35:00,10/01/2026 13:44:00,9,Preparacion,Kevin Arce,7636,CARRO MULTIPLE 9,CARRO MULTIPLE 9,00:55:06,02:08:52,3306,7732,Fuera de Tiempo,195,26,0,00:00:00,0,Logico,"A814           ",A814 - DUCHA C/BRAZO Y CAMPANA CR,10,0,10/01/2026 11:43:45,IMP-6-12-1,9,124
25090585,10/01/2026 11:35:00,10/01/2026 13:44:00,9,Preparacion,Kevin Arce,7636,CARRO MULTIPLE 9,CARRO MULTIPLE 9,00:55:06,02:08:52,3306,7732,Fuera de Tiempo,195,26,0,00:00:00,0,Logico,"1340G          ","QUEINOX GAS MH. 1/2""x40 APROBADO POR IGA                              ",10,0,10/01/2026 11:47:32,IMP-7-4-1,33,227
25090585,10/01/2026 11:35:00,10/01/2026 13:44:00,9,Preparacion,Kevin Arce,7636,CARRO MULTIPLE 9,CARRO MULTIPLE 9,00:55:06,02:08:52,3306,7732,Fuera de Tiempo,195,26,0,00:00:00,0,Logico,"1360G          ","QUEINOX GAS MH 1/2""x60 APROBADO POR IGA                               ",10,0,10/01/2026 11:49:11,IMP-7-3-1,32,99
25090585,10/01/2026 11:35:00,10/01/2026 13:44:00,9,Preparacion,Kevin Arce,7636,CARRO MULTIPLE 9,CARRO MULTIPLE 9,00:55:06,02:08:52,3306,7732,Fuera de Tiempo,195,26,0,00:00:00,0,Logico,"1350G          ","QUEINOX GAS MH. 1/2""x50 APROBADO POR IGA                              ",10,0,10/01/2026 11:50:44,IMP-7-3-1,32,93
25090585,10/01/2026 11:35:00,10/01/2026 13:44:00,9,Preparacion,Kevin Arce,7636,CARRO MULTIPLE 9,CARRO MULTIPLE 9,00:55:06,02:08:52,3306,7732,Fuera de Tiempo,195,26,0,00:00:00,0,Logico,"1370G          ","QUEINOX GAS MH 1/2""x70 APROBADO POR IGA                               ",10,0,10/01/2026 11:52:11,IMP-7-2-1,31,87
25090585,10/01/2026 11:35:00,10/01/2026 13:44:00,9,Preparacion,Kevin Arce,7636,CARRO MULTIPLE 9,CARRO MULTIPLE 9,00:55:06,02:08:52,3306,7732,Fuera de Tiempo,195,26,0,00:00:00,0,Logico,"13120G         ","QUEINOX GAS MH 1/2""x120 APROBADO POR IGA                              ",10,0,10/01/2026 11:53:40,IMP-7-1-1,30,89
25090585,10/01/2026 11:35:00,10/01/2026 13:44:00,9,Preparacion,Kevin Arce,7636,CARRO MULTIPLE 9,CARRO MULTIPLE 9,00:55:06,02:08:52,3306,7732,Fuera de Tiempo,195,26,0,00:00:00,0,Logico,"13100G         ","QUEINOX GAS MH 1/2""x100 APROBADO POR IGA                              ",10,0,10/01/2026 11:54:57,IMP-7-1-1,30,77
25090585,10/01/2026 11:35:00,10/01/2026 13:44:00,9,Preparacion,Kevin Arce,7636,CARRO MULTIPLE 9,CARRO MULTIPLE 9,00:55:06,02:08:52,3306,7732,Fuera de Tiempo,195,26,0,00:00:00,0,Logico,"70-203N        ","BIDE MONOCOMANDO ADRA BLACK                                           ",5,0,10/01/2026 11:57:31,IMP-9-3-1,72,154
25090585,10/01/2026 11:35:00,10/01/2026 13:44:00,9,Preparacion,Kevin Arce,7636,CARRO MULTIPLE 9,CARRO MULTIPLE 9,00:55:06,02:08:52,3306,7732,Fuera de Tiempo,195,26,0,00:00:00,0,Logico,"01-010         ","VALVULA P/MINGITORIO TEMPORIZADA TECNO                                ",2,0,10/01/2026 11:59:29,IMP-10-3-1,107,118
25090585,10/01/2026 11:35:00,10/01/2026 13:44:00,9,Preparacion,Kevin Arce,7636,CARRO MULTIPLE 9,CARRO MULTIPLE 9,00:55:06,02:08:52,3306,7732,Fuera de Tiempo,195,26,0,00:00:00,0,Logico,"80-203N        ","DUCHA EMB C/TRANSF. MONOCOMANDO ADRA BLACK PLUS                       ",10,0,10/01/2026 12:04:03,IMP-9-12-1,81,274
25090585,10/01/2026 11:35:00,10/01/2026 13:44:00,9,Preparacion,Kevin Arce,7636,CARRO MULTIPLE 9,CARRO MULTIPLE 9,00:55:06,02:08:52,3306,7732,Fuera de Tiempo,195,26,0,00:00:00,0,Logico,"21100          ",21100 - ESTANTE ORGANIZADOR RECTANGULAR 25x12x7,3,0,10/01/2026 12:50:21,IMP-10-15-1,94,2778
25090585,10/01/2026 11:35:00,10/01/2026 13:44:00,9,Preparacion,Kevin Arce,7636,CARRO MULTIPLE 9,CARRO MULTIPLE 9,00:55:06,02:08:52,3306,7732,Fuera de Tiempo,195,26,0,00:00:00,0,Logico,"20-172         ",20-172 - COCINA MESADA MONOC. COLORS NEGRO,2,0,10/01/2026 12:52:37,IMP-10-16-1,93,136
25090585,10/01/2026 11:35:00,10/01/2026 13:44:00,9,Preparacion,Kevin Arce,7636,CARRO MULTIPLE 9,CARRO MULTIPLE 9,00:55:06,02:08:52,3306,7732,Fuera de Tiempo,195,26,0,00:00:00,0,Logico,"84-190         ",84-190 - DUCHA EXTERIOR CON COLUMNA BLACK VELVET,1,0,10/01/2026 12:54:31,IMP-10-18-1,91,114
25090585,10/01/2026 11:35:00,10/01/2026 13:44:00,9,Preparacion,Kevin Arce,7636,CARRO MULTIPLE 9,CARRO MULTIPLE 9,00:55:06,02:08:52,3306,7732,Fuera de Tiempo,195,26,0,00:00:00,0,Logico,"21200          ",21200 - ESQUINERO ORGANIZADOR 19x19x7,2,0,10/01/2026 12:57:07,IMP-9-18-1,86,156
25090585,10/01/2026 11:35:00,10/01/2026 13:44:00,9,Preparacion,Kevin Arce,7636,CARRO MULTIPLE 9,CARRO MULTIPLE 9,00:55:06,02:08:52,3306,7732,Fuera de Tiempo,195,26,0,00:00:00,0,Logico,"21200          ",21200 - ESQUINERO ORGANIZADOR 19x19x7,26,0,10/01/2026 12:59:19,IMP-9-18-1,86,132
25090585,10/01/2026 11:35:00,10/01/2026 13:44:00,9,Preparacion,Kevin Arce,7636,CARRO MULTIPLE 9,CARRO MULTIPLE 9,00:55:06,02:08:52,3306,7732,Fuera de Tiempo,195,26,0,00:00:00,0,Logico,"20-173         ",20-173 - COCINA MESADA MONOC. COLORS ROJO,2,0,10/01/2026 13:01:27,IMP-10-20-1,89,128
25090585,10/01/2026 11:35:00,10/01/2026 13:44:00,9,Preparacion,Kevin Arce,7636,CARRO MULTIPLE 9,CARRO MULTIPLE 9,00:55:06,02:08:52,3306,7732,Fuera de Tiempo,195,26,0,00:00:00,0,Logico,"20-174         ",20-174 - COCINA MESADA MONOC. COLORS BLACK,6,0,10/01/2026 13:05:11,IMP-10-19-1,90,224
25090585,10/01/2026 11:35:00,10/01/2026 13:44:00,9,Preparacion,Kevin Arce,7636,CARRO MULTIPLE 9,CARRO MULTIPLE 9,00:55:06,02:08:52,3306,7732,Fuera de Tiempo,195,26,0,00:00:00,0,Logico,"20-174         ",20-174 - COCINA MESADA MONOC. COLORS BLACK,6,0,10/01/2026 13:06:27,IMP-10-19-1,90,76
25090585,10/01/2026 11:35:00,10/01/2026 13:44:00,9,Preparacion,Kevin Arce,7636,CARRO MULTIPLE 9,CARRO MULTIPLE 9,00:55:06,02:08:52,3306,7732,Fuera de Tiempo,195,26,0,00:00:00,0,Logico,"20-174         ",20-174 - COCINA MESADA MONOC. COLORS BLACK,2,0,10/01/2026 13:08:35,IMP-10-19-1,90,128
25090585,10/01/2026 11:35:00,10/01/2026 13:44:00,9,Preparacion,Kevin Arce,7636,CARRO MULTIPLE 9,CARRO MULTIPLE 9,00:55:06,02:08:52,3306,7732,Fuera de Tiempo,195,26,0,00:00:00,0,Logico,"20-122         ","MONOCOMANDO COCINA CR C/PICO EXTRAIBLE VALENCIA                       ",6,0,10/01/2026 13:13:51,IMP-12-9-1,141,316
25090585,10/01/2026 11:35:00,10/01/2026 13:44:00,9,Preparacion,Kevin Arce,7636,CARRO MULTIPLE 9,CARRO MULTIPLE 9,00:55:06,02:08:52,3306,7732,Fuera de Tiempo,195,26,0,00:00:00,0,Logico,"05-010         ","LAVATORIO BAJO TEMPORIZADO TECNO                                      ",2,0,10/01/2026 13:16:15,IMP-12-1-1,149,144
25090585,10/01/2026 11:35:00,10/01/2026 13:44:00,9,Preparacion,Kevin Arce,7636,CARRO MULTIPLE 9,CARRO MULTIPLE 9,00:55:06,02:08:52,3306,7732,Fuera de Tiempo,195,26,0,00:00:00,0,Logico,"20-146         ",20-146 - MONOCOMANDO DE COCINA CR LINEA MOVE,5,0,10/01/2026 13:21:48,IMP-13-9-1,158,333
25090585,10/01/2026 11:35:00,10/01/2026 13:44:00,9,Preparacion,Kevin Arce,7636,CARRO MULTIPLE 9,CARRO MULTIPLE 9,00:55:06,02:08:52,3306,7732,Fuera de Tiempo,195,26,0,00:00:00,0,Logico,"20-160         ",20-160 - MONOCOMANDO MESADA COCINA DIQUE,6,0,10/01/2026 13:25:03,IMP-13-10-1,159,195
25090585,10/01/2026 11:35:00,10/01/2026 13:44:00,9,Preparacion,Kevin Arce,7636,CARRO MULTIPLE 9,CARRO MULTIPLE 9,00:55:06,02:08:52,3306,7732,Fuera de Tiempo,195,26,0,00:00:00,0,Logico,"20-160         ",20-160 - MONOCOMANDO MESADA COCINA DIQUE,2,0,10/01/2026 13:26:56,IMP-13-10-1,159,113
25090585,10/01/2026 11:35:00,10/01/2026 13:44:00,9,Preparacion,Kevin Arce,7636,CARRO MULTIPLE 9,CARRO MULTIPLE 9,00:55:06,02:08:52,3306,7732,Fuera de Tiempo,195,26,0,00:00:00,0,Logico,"83-133         ",83-133 - DUCHA EXT. C/TRANSF. MONOCOMANDO LUGO,3,0,10/01/2026 13:30:47,IMP-14-10-1,171,231
25090585,10/01/2026 11:35:00,10/01/2026 13:44:00,9,Preparacion,Kevin Arce,7636,CARRO MULTIPLE 9,CARRO MULTIPLE 9,00:55:06,02:08:52,3306,7732,Fuera de Tiempo,195,26,0,00:00:00,0,Logico,"20-102         ","20-102 - MONOCOMANDO MESADA CROMO ""RENACER""",2,0,10/01/2026 13:32:47,IMP-15-10-1,190,120
25090585,10/01/2026 11:35:00,10/01/2026 13:44:00,9,Preparacion,Kevin Arce,7636,CARRO MULTIPLE 9,CARRO MULTIPLE 9,00:55:06,02:08:52,3306,7732,Fuera de Tiempo,195,26,0,00:00:00,0,Logico,"20-134         ",20-134 - MONOCOMANDO COCINA BETIS,6,0,10/01/2026 13:36:03,IMP-15-9-1,189,196
25090585,10/01/2026 11:35:00,10/01/2026 13:44:00,9,Preparacion,Kevin Arce,7636,CARRO MULTIPLE 9,CARRO MULTIPLE 9,00:55:06,02:08:52,3306,7732,Fuera de Tiempo,195,26,0,00:00:00,0,Logico,"20-134         ",20-134 - MONOCOMANDO COCINA BETIS,4,0,10/01/2026 13:39:19,IMP-15-9-1,189,196
25090585,10/01/2026 11:35:00,10/01/2026 13:44:00,9,Preparacion,Kevin Arce,7636,CARRO MULTIPLE 9,CARRO MULTIPLE 9,00:55:06,02:08:52,3306,7732,Fuera de Tiempo,195,26,0,00:00:00,0,Logico,"16006          ",16006 - SET 6 PIEZAS ACCESORIOS LINEA 16000,10,0,10/01/2026 13:40:51,IMP-15-8-1,188,92
25090585,10/01/2026 11:35:00,10/01/2026 13:44:00,9,Preparacion,Kevin Arce,7636,CARRO MULTIPLE 9,CARRO MULTIPLE 9,00:55:06,02:08:52,3306,7732,Fuera de Tiempo,195,26,0,00:00:00,0,Logico,"54-203         ","COCINA PARED EXT C.CERAM ADRA MONOCOMANDO                             ",2,0,10/01/2026 13:44:20,IMP-15-8-1,188,209
25090910,10/01/2026 11:42:00,10/01/2026 11:47:00,1,Reposicion,Andres Cejas,6417,MULTIPALLET,APILADORA,00:13:40,00:04:23,820,263,En Tiempo,102,1,0,00:01:49,109,Logico,"20-150         ",20-150 - MONOCOMANDO MESADA COCINA TOLEDO,102,0,10/01/2026 11:46:32,IMP-12-20-1,,0
25090976,10/01/2026 11:44:00,10/01/2026 11:47:00,1,Preparacion,Alejandro Dure,6866,CARRO MULTIPLE 9,CARRO MULTIPLE 9,00:04:31,00:02:48,271,168,En Tiempo,3,3,0,00:02:17,137,Logico,"85-168         ",85-168 - DUCHA MONOC C/TRANSF Y DUCHADOR CR WAVE,1,0,10/01/2026 11:45:30,NAC-14-16-1,572,0
25090976,10/01/2026 11:44:00,10/01/2026 11:47:00,1,Preparacion,Alejandro Dure,6866,CARRO MULTIPLE 9,CARRO MULTIPLE 9,00:04:31,00:02:48,271,168,En Tiempo,3,3,0,00:02:17,137,Logico,"61-203N        ","LAVATORIO MONOCOMANDO ALTO ADRA BLACK                                 ",1,0,10/01/2026 11:46:33,NAC-15-19-2,535,63
25090976,10/01/2026 11:44:00,10/01/2026 11:47:00,1,Preparacion,Alejandro Dure,6866,CARRO MULTIPLE 9,CARRO MULTIPLE 9,00:04:31,00:02:48,271,168,En Tiempo,3,3,0,00:02:17,137,Logico,"60-203N        ","LAVATORIO MONOCOMANDO BAJO ADRA BLACK                                 ",1,0,10/01/2026 11:46:45,NAC-15-19-2,535,12
25091301,10/01/2026 11:50:00,10/01/2026 11:54:00,2,Preparacion,Alejandro Dure,6866,CARRO MULTIPLE 9,CARRO MULTIPLE 9,00:04:15,00:04:45,255,285,Fuera de Tiempo,2,2,0,00:02:54,174,Logico,"51-131         ",51-131 - MESADA BIMANDO CR C.CERAM MALLORCA,1,0,10/01/2026 11:53:25,NAC-16-15-2,549,0
25091301,10/01/2026 11:50:00,10/01/2026 11:54:00,2,Preparacion,Alejandro Dure,6866,CARRO MULTIPLE 9,CARRO MULTIPLE 9,00:04:15,00:04:45,255,285,Fuera de Tiempo,2,2,0,00:02:54,174,Logico,"80-122         ",80-122 - DUCHA EMB.C/TRANSF. C.CERAM CR VALENCIA,1,0,10/01/2026 11:54:24,NAC-16-19-1,532,59
25091718,10/01/2026 11:57:00,10/01/2026 12:25:00,2,Preparacion,Alejandro Dure,6866,CARRO MULTIPLE 6,CARRO MULTIPLE 6,00:33:51,00:27:45,2031,1665,En Tiempo,72,18,0,00:00:00,0,Logico,"60-162         ",60-162 - LAVATORIO CR C.CERAM LINEA ADRA,10,0,10/01/2026 12:03:10,NAC-19-12-1,491,0
25091718,10/01/2026 11:57:00,10/01/2026 12:25:00,2,Preparacion,Alejandro Dure,6866,CARRO MULTIPLE 6,CARRO MULTIPLE 6,00:33:51,00:27:45,2031,1665,En Tiempo,72,18,0,00:00:00,0,Logico,"51-010         ",51-010 - COCINA MESADA BL/CR LORCA,7,0,10/01/2026 12:05:04,NAC-19-16-2,482,114
25091718,10/01/2026 11:57:00,10/01/2026 12:25:00,2,Preparacion,Alejandro Dure,6866,CARRO MULTIPLE 6,CARRO MULTIPLE 6,00:33:51,00:27:45,2031,1665,En Tiempo,72,18,0,00:00:00,0,Logico,"70-010         ",70-010 - BIDE BL/CR LORCA,6,0,10/01/2026 12:06:17,NAC-19-14-1,487,73
25091718,10/01/2026 11:57:00,10/01/2026 12:25:00,2,Preparacion,Alejandro Dure,6866,CARRO MULTIPLE 6,CARRO MULTIPLE 6,00:33:51,00:27:45,2031,1665,En Tiempo,72,18,0,00:00:00,0,Logico,"60-010         ",60-010 - LAVATORIO BL/CR LORCA,7,0,10/01/2026 12:07:12,NAC-19-14-1,487,55
25091718,10/01/2026 11:57:00,10/01/2026 12:25:00,2,Preparacion,Alejandro Dure,6866,CARRO MULTIPLE 6,CARRO MULTIPLE 6,00:33:51,00:27:45,2031,1665,En Tiempo,72,18,0,00:00:00,0,Logico,"70-162         ",70-162 - BIDE CR C.CERAM LINEA ADRA,7,0,10/01/2026 12:08:23,NAC-19-13-1,489,71
25091718,10/01/2026 11:57:00,10/01/2026 12:25:00,2,Preparacion,Alejandro Dure,6866,CARRO MULTIPLE 6,CARRO MULTIPLE 6,00:33:51,00:27:45,2031,1665,En Tiempo,72,18,0,00:00:00,0,Logico,"80-166         ","DUCHA EMB. C/TRANSF. CR C.CERAM ADRA PLUS                             ",5,0,10/01/2026 12:09:57,NAC-19-13-2,488,94
25091718,10/01/2026 11:57:00,10/01/2026 12:25:00,2,Preparacion,Alejandro Dure,6866,CARRO MULTIPLE 6,CARRO MULTIPLE 6,00:33:51,00:27:45,2031,1665,En Tiempo,72,18,0,00:00:00,0,Logico,"80-166         ","DUCHA EMB. C/TRANSF. CR C.CERAM ADRA PLUS                             ",3,0,10/01/2026 12:10:27,NAC-19-13-2,488,30
25091718,10/01/2026 11:57:00,10/01/2026 12:25:00,2,Preparacion,Alejandro Dure,6866,CARRO MULTIPLE 6,CARRO MULTIPLE 6,00:33:51,00:27:45,2031,1665,En Tiempo,72,18,0,00:00:00,0,Logico,"60-061         ",60-061 - LAVATORIO CR C.STD PUEBLA,3,0,10/01/2026 12:12:22,NAC-17-12-1,494,115
25091718,10/01/2026 11:57:00,10/01/2026 12:25:00,2,Preparacion,Alejandro Dure,6866,CARRO MULTIPLE 6,CARRO MULTIPLE 6,00:33:51,00:27:45,2031,1665,En Tiempo,72,18,0,00:00:00,0,Logico,"80-196         ",80-196 - DUCHA EMB. C/TRANSF. CR C.CERAM LOOP,3,0,10/01/2026 12:13:31,NAC-17-13-2,499,69
25091718,10/01/2026 11:57:00,10/01/2026 12:25:00,2,Preparacion,Alejandro Dure,6866,CARRO MULTIPLE 6,CARRO MULTIPLE 6,00:33:51,00:27:45,2031,1665,En Tiempo,72,18,0,00:00:00,0,Logico,"60-162N        ",60-162N - LAVATORIO BLACK C.CERAM LINEA ADRA,1,0,10/01/2026 12:15:55,NAC-15-20-1,530,144
25091718,10/01/2026 11:57:00,10/01/2026 12:25:00,2,Preparacion,Alejandro Dure,6866,CARRO MULTIPLE 6,CARRO MULTIPLE 6,00:33:51,00:27:45,2031,1665,En Tiempo,72,18,0,00:00:00,0,Logico,"70-162N        ",70-162N - BIDE BLACK C.CERAM LINEA ADRA,2,0,10/01/2026 12:16:42,NAC-15-19-1,534,47
25091718,10/01/2026 11:57:00,10/01/2026 12:25:00,2,Preparacion,Alejandro Dure,6866,CARRO MULTIPLE 6,CARRO MULTIPLE 6,00:33:51,00:27:45,2031,1665,En Tiempo,72,18,0,00:00:00,0,Logico,"80-166N        ",80-166N - DUCHA EMB. C/TRANSF. BLACK C.CERAM ADRA PLUS,1,0,10/01/2026 12:17:20,NAC-15-19-1,534,38
25091718,10/01/2026 11:57:00,10/01/2026 12:25:00,2,Preparacion,Alejandro Dure,6866,CARRO MULTIPLE 6,CARRO MULTIPLE 6,00:33:51,00:27:45,2031,1665,En Tiempo,72,18,0,00:00:00,0,Logico,"60-190         ",60-190 - LAVATORIO C.CERAM BLACK VELVET,1,0,10/01/2026 12:17:38,NAC-15-19-1,534,18
25091718,10/01/2026 11:57:00,10/01/2026 12:25:00,2,Preparacion,Alejandro Dure,6866,CARRO MULTIPLE 6,CARRO MULTIPLE 6,00:33:51,00:27:45,2031,1665,En Tiempo,72,18,0,00:00:00,0,Logico,"70-190         ",70-190 - BIDE C.CERAM BLACK VELVET,1,0,10/01/2026 12:18:42,NAC-15-18-1,538,64
25091718,10/01/2026 11:57:00,10/01/2026 12:25:00,2,Preparacion,Alejandro Dure,6866,CARRO MULTIPLE 6,CARRO MULTIPLE 6,00:33:51,00:27:45,2031,1665,En Tiempo,72,18,0,00:00:00,0,Logico,"70-121         ",70-121 - BIDE C.CERAM CR MARBELLA,3,0,10/01/2026 12:21:30,NAC-14-12-1,564,168
25091718,10/01/2026 11:57:00,10/01/2026 12:25:00,2,Preparacion,Alejandro Dure,6866,CARRO MULTIPLE 6,CARRO MULTIPLE 6,00:33:51,00:27:45,2031,1665,En Tiempo,72,18,0,00:00:00,0,Logico,"60-121         ",60-121 - LAVATORIO C.CERAM CR MARBELLA,4,0,10/01/2026 12:22:19,NAC-14-13-1,566,49
25091718,10/01/2026 11:57:00,10/01/2026 12:25:00,2,Preparacion,Alejandro Dure,6866,CARRO MULTIPLE 6,CARRO MULTIPLE 6,00:33:51,00:27:45,2031,1665,En Tiempo,72,18,0,00:00:00,0,Logico,"83-010         ",83-010 - DUCHA EXT. C/TRANSF. BL/CR LORCA,2,0,10/01/2026 12:23:44,NAC-1-1-3,705,85
25091718,10/01/2026 11:57:00,10/01/2026 12:25:00,2,Preparacion,Alejandro Dure,6866,CARRO MULTIPLE 6,CARRO MULTIPLE 6,00:33:51,00:27:45,2031,1665,En Tiempo,72,18,0,00:00:00,0,Logico,"32-010         ",32-010 - CANILLA DE PARED P.BAJO BL/CR LORCA,4,0,10/01/2026 12:24:28,NAC-1-5-3,721,44
25091718,10/01/2026 11:57:00,10/01/2026 12:25:00,2,Preparacion,Alejandro Dure,6866,CARRO MULTIPLE 6,CARRO MULTIPLE 6,00:33:51,00:27:45,2031,1665,En Tiempo,72,18,0,00:00:00,0,Logico,"33-010         ",33-010 - CANILLA MESADA BL/CR LORCA,2,0,10/01/2026 12:25:12,NAC-1-6-3,9999,44
25092133,10/01/2026 12:05:00,10/01/2026 13:11:00,9,Preparacion,Claudio Juarez,7839,CARRO MULTIPLE 9,CARRO MULTIPLE 9,00:23:48,01:06:01,1428,3961,Fuera de Tiempo,24,15,0,00:00:00,0,Logico,"54-203         ","COCINA PARED EXT C.CERAM ADRA MONOCOMANDO                             ",1,0,10/01/2026 12:09:56,IMP-15-8-1,188,0
25092133,10/01/2026 12:05:00,10/01/2026 13:11:00,9,Preparacion,Claudio Juarez,7839,CARRO MULTIPLE 9,CARRO MULTIPLE 9,00:23:48,01:06:01,1428,3961,Fuera de Tiempo,24,15,0,00:00:00,0,Logico,"83-133         ",83-133 - DUCHA EXT. C/TRANSF. MONOCOMANDO LUGO,1,0,10/01/2026 12:10:58,IMP-14-10-1,171,62
25092133,10/01/2026 12:05:00,10/01/2026 13:11:00,9,Preparacion,Claudio Juarez,7839,CARRO MULTIPLE 9,CARRO MULTIPLE 9,00:23:48,01:06:01,1428,3961,Fuera de Tiempo,24,15,0,00:00:00,0,Logico,"12006          ","SET DE 6 PIEZAS LINEA 12000                                           ",3,0,10/01/2026 12:12:42,IMP-13-12-1,161,104
25092133,10/01/2026 12:05:00,10/01/2026 13:11:00,9,Preparacion,Claudio Juarez,7839,CARRO MULTIPLE 9,CARRO MULTIPLE 9,00:23:48,01:06:01,1428,3961,Fuera de Tiempo,24,15,0,00:00:00,0,Logico,"12006          ","SET DE 6 PIEZAS LINEA 12000                                           ",4,0,10/01/2026 12:13:46,IMP-13-12-1,161,64
25092133,10/01/2026 12:05:00,10/01/2026 13:11:00,9,Preparacion,Claudio Juarez,7839,CARRO MULTIPLE 9,CARRO MULTIPLE 9,00:23:48,01:06:01,1428,3961,Fuera de Tiempo,24,15,0,00:00:00,0,Logico,"20-146         ",20-146 - MONOCOMANDO DE COCINA CR LINEA MOVE,2,0,10/01/2026 12:58:55,IMP-13-9-1,158,2709
25092133,10/01/2026 12:05:00,10/01/2026 13:11:00,9,Preparacion,Claudio Juarez,7839,CARRO MULTIPLE 9,CARRO MULTIPLE 9,00:23:48,01:06:01,1428,3961,Fuera de Tiempo,24,15,0,00:00:00,0,Logico,"20-146N        ",20-146N - MONOCOMANDO DE COCINA BLACK LINEA MOVE,1,0,10/01/2026 12:59:26,IMP-13-8-1,157,31
25092133,10/01/2026 12:05:00,10/01/2026 13:11:00,9,Preparacion,Claudio Juarez,7839,CARRO MULTIPLE 9,CARRO MULTIPLE 9,00:23:48,01:06:01,1428,3961,Fuera de Tiempo,24,15,0,00:00:00,0,Logico,"20-146N        ",20-146N - MONOCOMANDO DE COCINA BLACK LINEA MOVE,1,0,10/01/2026 13:00:22,IMP-13-8-1,157,56
25092133,10/01/2026 12:05:00,10/01/2026 13:11:00,9,Preparacion,Claudio Juarez,7839,CARRO MULTIPLE 9,CARRO MULTIPLE 9,00:23:48,01:06:01,1428,3961,Fuera de Tiempo,24,15,0,00:00:00,0,Logico,"20-147         ",20-147 - MONOCOMANDO DE COCINA SWIFT,2,0,10/01/2026 13:01:24,IMP-12-10-1,140,62
25092133,10/01/2026 12:05:00,10/01/2026 13:11:00,9,Preparacion,Claudio Juarez,7839,CARRO MULTIPLE 9,CARRO MULTIPLE 9,00:23:48,01:06:01,1428,3961,Fuera de Tiempo,24,15,0,00:00:00,0,Logico,"21100N         ",21100N - ESTANTE ORGANIZADOR RECTANGULAR BLACK 25x12x7,1,0,10/01/2026 13:01:59,IMP-12-11-1,139,35
25092133,10/01/2026 12:05:00,10/01/2026 13:11:00,9,Preparacion,Claudio Juarez,7839,CARRO MULTIPLE 9,CARRO MULTIPLE 9,00:23:48,01:06:01,1428,3961,Fuera de Tiempo,24,15,0,00:00:00,0,Logico,"61-176         ",61-176 - LAVATORIO MONOC ALTO CR RIO,1,0,10/01/2026 13:02:33,IMP-12-12-1,138,34
25092133,10/01/2026 12:05:00,10/01/2026 13:11:00,9,Preparacion,Claudio Juarez,7839,CARRO MULTIPLE 9,CARRO MULTIPLE 9,00:23:48,01:06:01,1428,3961,Fuera de Tiempo,24,15,0,00:00:00,0,Logico,"60-176         ","LAVATORIO MONOCOMANDO BAJO CR RIO                                     ",1,0,10/01/2026 13:02:57,IMP-12-13-1,137,24
25092133,10/01/2026 12:05:00,10/01/2026 13:11:00,9,Preparacion,Claudio Juarez,7839,CARRO MULTIPLE 9,CARRO MULTIPLE 9,00:23:48,01:06:01,1428,3961,Fuera de Tiempo,24,15,0,00:00:00,0,Logico,"60-180         ",60-180 - LAVATORIO MONOCOMANDO BAJO VERA,1,0,10/01/2026 13:03:40,IMP-11-18-1,127,43
25092133,10/01/2026 12:05:00,10/01/2026 13:11:00,9,Preparacion,Claudio Juarez,7839,CARRO MULTIPLE 9,CARRO MULTIPLE 9,00:23:48,01:06:01,1428,3961,Fuera de Tiempo,24,15,0,00:00:00,0,Logico,"61-176N        ",61-176N - LAVATORIO MONOC ALTO BLACK RIO,1,0,10/01/2026 13:04:30,IMP-11-13-1,122,50
25092133,10/01/2026 12:05:00,10/01/2026 13:11:00,9,Preparacion,Claudio Juarez,7839,CARRO MULTIPLE 9,CARRO MULTIPLE 9,00:23:48,01:06:01,1428,3961,Fuera de Tiempo,24,15,0,00:00:00,0,Logico,"60-176N        ","LAVATORIO MONOCOMANDO BAJO BLACK RIO                                  ",1,0,10/01/2026 13:06:03,IMP-11-13-1,122,93
25092133,10/01/2026 12:05:00,10/01/2026 13:11:00,9,Preparacion,Claudio Juarez,7839,CARRO MULTIPLE 9,CARRO MULTIPLE 9,00:23:48,01:06:01,1428,3961,Fuera de Tiempo,24,15,0,00:00:00,0,Logico,"21200N         ",21200N - ESQUINERO ORGANIZADOR BLACK 19x19x7,1,0,10/01/2026 13:06:44,IMP-11-8-1,117,41
25092133,10/01/2026 12:05:00,10/01/2026 13:11:00,9,Preparacion,Claudio Juarez,7839,CARRO MULTIPLE 9,CARRO MULTIPLE 9,00:23:48,01:06:01,1428,3961,Fuera de Tiempo,24,15,0,00:00:00,0,Logico,"20-182         ",20-182 - MONOCOMANDO DE COCINA MULTIFUNCION CR ZENITH,1,0,10/01/2026 13:08:15,IMP-11-3-1,112,91
25092133,10/01/2026 12:05:00,10/01/2026 13:11:00,9,Preparacion,Claudio Juarez,7839,CARRO MULTIPLE 9,CARRO MULTIPLE 9,00:23:48,01:06:01,1428,3961,Fuera de Tiempo,24,15,0,00:00:00,0,Logico,"20-201NI       ",20-201NI - COCINA MONOCOMANDO JOYSTICK BEAT NICKEL,1,0,10/01/2026 13:10:41,IMP-10-18-1,91,146
25092186,10/01/2026 12:06:00,10/01/2026 12:28:00,5,Preparacion,Javier Lescano,6867,CARRO MULTIPLE 9,CARRO MULTIPLE 6,00:30:56,00:21:15,1856,1275,En Tiempo,117,17,0,00:00:00,0,Logico,"A814           ",A814 - DUCHA C/BRAZO Y CAMPANA CR,5,0,10/01/2026 12:09:32,IMP-6-12-1,9,0
25092186,10/01/2026 12:06:00,10/01/2026 12:28:00,5,Preparacion,Javier Lescano,6867,CARRO MULTIPLE 9,CARRO MULTIPLE 6,00:30:56,00:21:15,1856,1275,En Tiempo,117,17,0,00:00:00,0,Logico,"A815           ","A815 - DUCHA 8"" C/BRAZO Y CAMPANA CR",2,0,10/01/2026 12:10:11,IMP-6-13-1,8,39
25092186,10/01/2026 12:06:00,10/01/2026 12:28:00,5,Preparacion,Javier Lescano,6867,CARRO MULTIPLE 9,CARRO MULTIPLE 6,00:30:56,00:21:15,1856,1275,En Tiempo,117,17,0,00:00:00,0,Logico,"A816           ","A816 - DUCHA 6"" C/BRAZO Y CAMPANA CR",5,0,10/01/2026 12:11:19,IMP-6-13-1,8,68
25092186,10/01/2026 12:06:00,10/01/2026 12:28:00,5,Preparacion,Javier Lescano,6867,CARRO MULTIPLE 9,CARRO MULTIPLE 6,00:30:56,00:21:15,1856,1275,En Tiempo,117,17,0,00:00:00,0,Logico,"A996           ",A996 - DUCHA 8' CUADRADA CR C/BRAZO Y CAMPANA,2,0,10/01/2026 12:12:19,IMP-6-15-1,6,60
25092186,10/01/2026 12:06:00,10/01/2026 12:28:00,5,Preparacion,Javier Lescano,6867,CARRO MULTIPLE 9,CARRO MULTIPLE 6,00:30:56,00:21:15,1856,1275,En Tiempo,117,17,0,00:00:00,0,Logico,"A1448C         ","A1448C - CAÑO CURVO METALICO C/FLOR DE DUCHA 4"" ABS CR C/BLISTER",5,0,10/01/2026 12:13:34,IMP-7-12-1,41,75
25092186,10/01/2026 12:06:00,10/01/2026 12:28:00,5,Preparacion,Javier Lescano,6867,CARRO MULTIPLE 9,CARRO MULTIPLE 6,00:30:56,00:21:15,1856,1275,En Tiempo,117,17,0,00:00:00,0,Logico,"1325           ","QUEINOX MACHO MOVIL MH 1/2"" x 25                                      ",10,0,10/01/2026 12:14:41,IMP-7-10-1,39,67
25092186,10/01/2026 12:06:00,10/01/2026 12:28:00,5,Preparacion,Javier Lescano,6867,CARRO MULTIPLE 9,CARRO MULTIPLE 6,00:30:56,00:21:15,1856,1275,En Tiempo,117,17,0,00:00:00,0,Logico,"1330           ","QUEINOX MACHO MOVIL MH 1/2"" x 30                                      ",20,0,10/01/2026 12:17:10,IMP-7-9-1,38,149
25092186,10/01/2026 12:06:00,10/01/2026 12:28:00,5,Preparacion,Javier Lescano,6867,CARRO MULTIPLE 9,CARRO MULTIPLE 6,00:30:56,00:21:15,1856,1275,En Tiempo,117,17,0,00:00:00,0,Logico,"1335           ","QUEINOX MACHO MOVIL MH 1/2"" x 35                                      ",20,0,10/01/2026 12:17:25,IMP-7-9-1,38,15
25092186,10/01/2026 12:06:00,10/01/2026 12:28:00,5,Preparacion,Javier Lescano,6867,CARRO MULTIPLE 9,CARRO MULTIPLE 6,00:30:56,00:21:15,1856,1275,En Tiempo,117,17,0,00:00:00,0,Logico,"1340           ","QUEINOX MACHO MOVIL MH 1/2"" x 40                                      ",30,0,10/01/2026 12:18:29,IMP-7-8-1,37,64
25092186,10/01/2026 12:06:00,10/01/2026 12:28:00,5,Preparacion,Javier Lescano,6867,CARRO MULTIPLE 9,CARRO MULTIPLE 6,00:30:56,00:21:15,1856,1275,En Tiempo,117,17,0,00:00:00,0,Logico,"1340G          ","QUEINOX GAS MH. 1/2""x40 APROBADO POR IGA                              ",5,0,10/01/2026 12:19:25,IMP-7-4-1,33,56
25092186,10/01/2026 12:06:00,10/01/2026 12:28:00,5,Preparacion,Javier Lescano,6867,CARRO MULTIPLE 9,CARRO MULTIPLE 6,00:30:56,00:21:15,1856,1275,En Tiempo,117,17,0,00:00:00,0,Logico,"01-010         ","VALVULA P/MINGITORIO TEMPORIZADA TECNO                                ",2,0,10/01/2026 12:20:45,IMP-10-3-1,107,80
25092186,10/01/2026 12:06:00,10/01/2026 12:28:00,5,Preparacion,Javier Lescano,6867,CARRO MULTIPLE 9,CARRO MULTIPLE 6,00:30:56,00:21:15,1856,1275,En Tiempo,117,17,0,00:00:00,0,Logico,"05-010         ","LAVATORIO BAJO TEMPORIZADO TECNO                                      ",2,0,10/01/2026 12:21:57,IMP-12-1-1,149,72
25092186,10/01/2026 12:06:00,10/01/2026 12:28:00,5,Preparacion,Javier Lescano,6867,CARRO MULTIPLE 9,CARRO MULTIPLE 6,00:30:56,00:21:15,1856,1275,En Tiempo,117,17,0,00:00:00,0,Logico,"18030          ",18030 - PERCHA NIQUEL LINEA BEAT,2,0,10/01/2026 12:23:23,IMP-11-16-1,125,86
25092186,10/01/2026 12:06:00,10/01/2026 12:28:00,5,Preparacion,Javier Lescano,6867,CARRO MULTIPLE 9,CARRO MULTIPLE 6,00:30:56,00:21:15,1856,1275,En Tiempo,117,17,0,00:00:00,0,Logico,"18040          ",18040 - PORTA ROLLO NIQUEL LINEA BEAT,1,0,10/01/2026 12:23:41,IMP-11-16-1,125,18
25092186,10/01/2026 12:06:00,10/01/2026 12:28:00,5,Preparacion,Javier Lescano,6867,CARRO MULTIPLE 9,CARRO MULTIPLE 6,00:30:56,00:21:15,1856,1275,En Tiempo,117,17,0,00:00:00,0,Logico,"18010          ",18010 - TOALLERO BARRAL NIQUEL LINEA BEAT,1,0,10/01/2026 12:24:45,IMP-11-17-1,126,64
25092186,10/01/2026 12:06:00,10/01/2026 12:28:00,5,Preparacion,Javier Lescano,6867,CARRO MULTIPLE 9,CARRO MULTIPLE 6,00:30:56,00:21:15,1856,1275,En Tiempo,117,17,0,00:00:00,0,Logico,"17040C         ",17040C - PORTA ROLLO LINEA FABRIC CROMO,1,0,10/01/2026 12:26:05,IMP-14-7-1,174,80
25092186,10/01/2026 12:06:00,10/01/2026 12:28:00,5,Preparacion,Javier Lescano,6867,CARRO MULTIPLE 9,CARRO MULTIPLE 6,00:30:56,00:21:15,1856,1275,En Tiempo,117,17,0,00:00:00,0,Logico,"RU878          ",RU878 - VIDRIO JABONERA REDONADA REPUESTO,4,0,10/01/2026 12:27:32,IMP-20-32-4,159,87
25093226,10/01/2026 12:29:00,10/01/2026 12:32:00,1,Preparacion,Alejandro Dure,6866,CARRO MULTIPLE 6,CARRO MULTIPLE 6,00:04:31,00:02:56,271,176,En Tiempo,1,1,0,00:04:11,251,Logico,"INO104N-1      ","INODORO BLACK C/ASIENTO LINEA STONE                                   ",1,0,10/01/2026 12:32:19,SAN-6-7-1,25,0
25093338,10/01/2026 12:33:00,10/01/2026 12:52:00,2,Preparacion,Javier Lescano,6867,CARRO MULTIPLE 9,CARRO MULTIPLE 9,00:16:58,00:18:34,1018,1114,Fuera de Tiempo,19,13,0,00:05:24,324,Logico,"16030          ",16030 - PERCHA LINEA 16000,3,0,10/01/2026 12:37:30,IMP-5-18-1,18,0
25093338,10/01/2026 12:33:00,10/01/2026 12:52:00,2,Preparacion,Javier Lescano,6867,CARRO MULTIPLE 9,CARRO MULTIPLE 9,00:16:58,00:18:34,1018,1114,Fuera de Tiempo,19,13,0,00:05:24,324,Logico,"16040          ",16040 - PORTA ROLLO ACCESORIOS LINEA 16000,1,0,10/01/2026 12:38:23,IMP-7-18-1,47,53
25093338,10/01/2026 12:33:00,10/01/2026 12:52:00,2,Preparacion,Javier Lescano,6867,CARRO MULTIPLE 9,CARRO MULTIPLE 9,00:16:58,00:18:34,1018,1114,Fuera de Tiempo,19,13,0,00:05:24,324,Logico,"30-132         ",30-132 - COCINA MESADA MONOC. C/DUCHADOR EXTENSIBLE VIGO,1,0,10/01/2026 12:39:40,IMP-9-12-1,81,77
25093338,10/01/2026 12:33:00,10/01/2026 12:52:00,2,Preparacion,Javier Lescano,6867,CARRO MULTIPLE 9,CARRO MULTIPLE 9,00:16:58,00:18:34,1018,1114,Fuera de Tiempo,19,13,0,00:05:24,324,Logico,"70-205         ",70-205 - BIDE MONOCOMANDO STEEL,1,0,10/01/2026 12:40:49,IMP-10-13-1,96,69
25093338,10/01/2026 12:33:00,10/01/2026 12:52:00,2,Preparacion,Javier Lescano,6867,CARRO MULTIPLE 9,CARRO MULTIPLE 9,00:16:58,00:18:34,1018,1114,Fuera de Tiempo,19,13,0,00:05:24,324,Logico,"20-162N        ","MONOCOMANDO COCINA BLACK ADRA                                         ",1,0,10/01/2026 12:42:30,IMP-11-7-1,116,101
25093338,10/01/2026 12:33:00,10/01/2026 12:52:00,2,Preparacion,Javier Lescano,6867,CARRO MULTIPLE 9,CARRO MULTIPLE 9,00:16:58,00:18:34,1018,1114,Fuera de Tiempo,19,13,0,00:05:24,324,Logico,"61-176N        ",61-176N - LAVATORIO MONOC ALTO BLACK RIO,3,0,10/01/2026 12:44:05,IMP-11-13-1,122,95
25093338,10/01/2026 12:33:00,10/01/2026 12:52:00,2,Preparacion,Javier Lescano,6867,CARRO MULTIPLE 9,CARRO MULTIPLE 9,00:16:58,00:18:34,1018,1114,Fuera de Tiempo,19,13,0,00:05:24,324,Logico,"80-176N        ",80-176N - DUCHA EMB C/TRANSF MONOC BLACK RIO,2,0,10/01/2026 12:45:04,IMP-11-14-1,123,59
25093338,10/01/2026 12:33:00,10/01/2026 12:52:00,2,Preparacion,Javier Lescano,6867,CARRO MULTIPLE 9,CARRO MULTIPLE 9,00:16:58,00:18:34,1018,1114,Fuera de Tiempo,19,13,0,00:05:24,324,Logico,"18030          ",18030 - PERCHA NIQUEL LINEA BEAT,2,0,10/01/2026 12:45:51,IMP-11-16-1,125,47
25093338,10/01/2026 12:33:00,10/01/2026 12:52:00,2,Preparacion,Javier Lescano,6867,CARRO MULTIPLE 9,CARRO MULTIPLE 9,00:16:58,00:18:34,1018,1114,Fuera de Tiempo,19,13,0,00:05:24,324,Logico,"18040          ",18040 - PORTA ROLLO NIQUEL LINEA BEAT,1,0,10/01/2026 12:46:25,IMP-11-16-1,125,34
25093338,10/01/2026 12:33:00,10/01/2026 12:52:00,2,Preparacion,Javier Lescano,6867,CARRO MULTIPLE 9,CARRO MULTIPLE 9,00:16:58,00:18:34,1018,1114,Fuera de Tiempo,19,13,0,00:05:24,324,Logico,"63-180         ",63-180 - LAVATORIO MONOC. DE PARED VERA,1,0,10/01/2026 12:47:25,IMP-11-20-1,129,60
25093338,10/01/2026 12:33:00,10/01/2026 12:52:00,2,Preparacion,Javier Lescano,6867,CARRO MULTIPLE 9,CARRO MULTIPLE 9,00:16:58,00:18:34,1018,1114,Fuera de Tiempo,19,13,0,00:05:24,324,Logico,"22-178         ",22-178 - MONOCOMANDO DE COCINA P/AGUA FILTRADA VITA,1,0,10/01/2026 12:48:49,IMP-13-16-1,165,84
25093338,10/01/2026 12:33:00,10/01/2026 12:52:00,2,Preparacion,Javier Lescano,6867,CARRO MULTIPLE 9,CARRO MULTIPLE 9,00:16:58,00:18:34,1018,1114,Fuera de Tiempo,19,13,0,00:05:24,324,Logico,"17020C         ",17020C - TOALLERO DE ARO LINEA FABRIC CROMO,1,0,10/01/2026 12:51:12,IMP-14-1-1,180,143
25093338,10/01/2026 12:33:00,10/01/2026 12:52:00,2,Preparacion,Javier Lescano,6867,CARRO MULTIPLE 9,CARRO MULTIPLE 9,00:16:58,00:18:34,1018,1114,Fuera de Tiempo,19,13,0,00:05:24,324,Logico,"17010C         ",17010C - TOALLERO BARRAL LINEA FABRIC CROMO,1,0,10/01/2026 12:51:30,IMP-14-1-1,180,18
25093465,10/01/2026 12:36:00,10/01/2026 12:40:00,1,Preparacion,Alejandro Dure,6866,CARRO MULTIPLE 9,CARRO MULTIPLE 9,00:05:48,00:04:29,348,269,En Tiempo,3,3,0,00:03:14,194,Logico,"80-166N        ",80-166N - DUCHA EMB. C/TRANSF. BLACK C.CERAM ADRA PLUS,1,0,10/01/2026 12:37:28,NAC-15-19-1,534,0
25093465,10/01/2026 12:36:00,10/01/2026 12:40:00,1,Preparacion,Alejandro Dure,6866,CARRO MULTIPLE 9,CARRO MULTIPLE 9,00:05:48,00:04:29,348,269,En Tiempo,3,3,0,00:03:14,194,Logico,"70-191         ",70-191 - BIDE C.CERAM LINEA PRADO,1,0,10/01/2026 12:39:39,NAC-18-9-1,9999,131
25093465,10/01/2026 12:36:00,10/01/2026 12:40:00,1,Preparacion,Alejandro Dure,6866,CARRO MULTIPLE 9,CARRO MULTIPLE 9,00:05:48,00:04:29,348,269,En Tiempo,3,3,0,00:03:14,194,Logico,"80-200G        ",80-200G - DUCHA EMB. MONOC. 3 FUNCIONES GOLD FABRIC,1,0,10/01/2026 12:40:02,NAC-18-11-1,9999,23
25093750,10/01/2026 12:43:00,10/01/2026 12:50:00,1,Preparacion,Alejandro Dure,6866,CARRO MULTIPLE 9,CARRO MULTIPLE 9,00:06:20,00:06:29,380,389,Fuera de Tiempo,6,4,0,00:03:06,186,Logico,"60-181G        ","LAVATORIO MONOC BAJO GOLD ESENCIA                                     ",1,0,10/01/2026 12:46:09,IMP-8-6-1,64,0
25093750,10/01/2026 12:43:00,10/01/2026 12:50:00,1,Preparacion,Alejandro Dure,6866,CARRO MULTIPLE 9,CARRO MULTIPLE 9,00:06:20,00:06:29,380,389,Fuera de Tiempo,6,4,0,00:03:06,186,Logico,"60-181         ","LAVATORIO MONOC BAJO SS ESENCIA                                       ",2,0,10/01/2026 12:48:07,IMP-8-6-1,64,118
25093750,10/01/2026 12:43:00,10/01/2026 12:50:00,1,Preparacion,Alejandro Dure,6866,CARRO MULTIPLE 9,CARRO MULTIPLE 9,00:06:20,00:06:29,380,389,Fuera de Tiempo,6,4,0,00:03:06,186,Logico,"62-181         ","LAVATORIO PARED EMB MONOC SS ESENCIA                                  ",2,0,10/01/2026 12:48:59,IMP-8-4-1,66,52
25093750,10/01/2026 12:43:00,10/01/2026 12:50:00,1,Preparacion,Alejandro Dure,6866,CARRO MULTIPLE 9,CARRO MULTIPLE 9,00:06:20,00:06:29,380,389,Fuera de Tiempo,6,4,0,00:03:06,186,Logico,"62-181G        ","LAVATORIO PARED EMB MONOC GOLD ESENCIA                                ",1,0,10/01/2026 12:49:37,IMP-8-3-1,67,38
25094137,10/01/2026 12:54:00,10/01/2026 12:56:00,1,Preparacion,Alejandro Dure,6866,CARRO MULTIPLE 9,CARRO MULTIPLE 9,00:02:44,00:02:51,164,171,Fuera de Tiempo,1,1,0,00:03:59,239,Logico,"INO104NV-2     ","DEPOSITO C/DESCARGA DUAL BLACK LINEA STONE L-2024                     ",1,0,10/01/2026 12:56:27,PAS-2-4-1,9999,0
25094173,10/01/2026 12:55:00,10/01/2026 13:15:00,1,Preparacion,Javier Lescano,6867,MULTIPALLET,MULTIPALLET,00:20:06,00:20:18,1206,1218,Fuera de Tiempo,50,9,0,00:00:00,0,Logico,"85-168         ",85-168 - DUCHA MONOC C/TRANSF Y DUCHADOR CR WAVE,3,0,10/01/2026 12:59:55,NAC-14-16-1,572,0
25094173,10/01/2026 12:55:00,10/01/2026 13:15:00,1,Preparacion,Javier Lescano,6867,MULTIPALLET,MULTIPALLET,00:20:06,00:20:18,1206,1218,Fuera de Tiempo,50,9,0,00:00:00,0,Logico,"80-100NI       ",80-100NI - DUCHA EMB. C/TRANSF. NICKEL C.CERAM FABRIC,2,0,10/01/2026 13:02:12,NAC-16-19-2,533,137
25094173,10/01/2026 12:55:00,10/01/2026 13:15:00,1,Preparacion,Javier Lescano,6867,MULTIPALLET,MULTIPALLET,00:20:06,00:20:18,1206,1218,Fuera de Tiempo,50,9,0,00:00:00,0,Logico,"62-100NI       ",62-100NI - LAVATORIO DE PARED NICKEL C.CERAM FABRIC,4,0,10/01/2026 13:03:00,NAC-16-20-1,528,48
25094173,10/01/2026 12:55:00,10/01/2026 13:15:00,1,Preparacion,Javier Lescano,6867,MULTIPALLET,MULTIPALLET,00:20:06,00:20:18,1206,1218,Fuera de Tiempo,50,9,0,00:00:00,0,Logico,"60-162N        ",60-162N - LAVATORIO BLACK C.CERAM LINEA ADRA,10,0,10/01/2026 13:05:44,NAC-15-20-1,530,164
25094173,10/01/2026 12:55:00,10/01/2026 13:15:00,1,Preparacion,Javier Lescano,6867,MULTIPALLET,MULTIPALLET,00:20:06,00:20:18,1206,1218,Fuera de Tiempo,50,9,0,00:00:00,0,Logico,"62-201NI       ",62-201NI - LAVATORIO DE PARED C.CERAM BEAT NICKEL,5,0,10/01/2026 13:07:19,NAC-17-20-2,527,95
25094173,10/01/2026 12:55:00,10/01/2026 13:15:00,1,Preparacion,Javier Lescano,6867,MULTIPALLET,MULTIPALLET,00:20:06,00:20:18,1206,1218,Fuera de Tiempo,50,9,0,00:00:00,0,Logico,"80-353NI       ",80-353NI - DUCHA DE EMB 3 FUNCIONES BEAT NICKEL,2,0,10/01/2026 13:08:14,NAC-17-20-2,527,55
25094173,10/01/2026 12:55:00,10/01/2026 13:15:00,1,Preparacion,Javier Lescano,6867,MULTIPALLET,MULTIPALLET,00:20:06,00:20:18,1206,1218,Fuera de Tiempo,50,9,0,00:00:00,0,Logico,"70-100NI       ",70-100NI - BIDE NICKEL C.CERAM FABRIC,4,0,10/01/2026 13:09:37,NAC-18-17-1,513,83
25094173,10/01/2026 12:55:00,10/01/2026 13:15:00,1,Preparacion,Javier Lescano,6867,MULTIPALLET,MULTIPALLET,00:20:06,00:20:18,1206,1218,Fuera de Tiempo,50,9,0,00:00:00,0,Logico,"60-162         ",60-162 - LAVATORIO CR C.CERAM LINEA ADRA,10,0,10/01/2026 13:12:03,NAC-19-12-1,491,146
25094173,10/01/2026 12:55:00,10/01/2026 13:15:00,1,Preparacion,Javier Lescano,6867,MULTIPALLET,MULTIPALLET,00:20:06,00:20:18,1206,1218,Fuera de Tiempo,50,9,0,00:00:00,0,Logico,"70-162         ",70-162 - BIDE CR C.CERAM LINEA ADRA,10,0,10/01/2026 13:14:49,NAC-19-13-1,489,166
25094317,10/01/2026 12:59:00,10/01/2026 13:09:00,1,Preparacion,Alejandro Dure,6866,MULTIPALLET,MULTIPALLET,00:16:43,00:09:59,1003,599,En Tiempo,39,7,0,00:00:00,0,Logico,"80-166         ","DUCHA EMB. C/TRANSF. CR C.CERAM ADRA PLUS                             ",4,0,10/01/2026 13:01:44,NAC-19-13-2,488,0
25094317,10/01/2026 12:59:00,10/01/2026 13:09:00,1,Preparacion,Alejandro Dure,6866,MULTIPALLET,MULTIPALLET,00:16:43,00:09:59,1003,599,En Tiempo,39,7,0,00:00:00,0,Logico,"60-061         ",60-061 - LAVATORIO CR C.STD PUEBLA,8,0,10/01/2026 13:02:55,NAC-17-12-1,494,71
25094317,10/01/2026 12:59:00,10/01/2026 13:09:00,1,Preparacion,Alejandro Dure,6866,MULTIPALLET,MULTIPALLET,00:16:43,00:09:59,1003,599,En Tiempo,39,7,0,00:00:00,0,Logico,"70-196         ",70-196 - BIDE CR C.CERAM LOOP,8,0,10/01/2026 13:03:54,NAC-17-13-1,498,59
25094317,10/01/2026 12:59:00,10/01/2026 13:09:00,1,Preparacion,Alejandro Dure,6866,MULTIPALLET,MULTIPALLET,00:16:43,00:09:59,1003,599,En Tiempo,39,7,0,00:00:00,0,Logico,"80-196         ",80-196 - DUCHA EMB. C/TRANSF. CR C.CERAM LOOP,5,0,10/01/2026 13:05:19,NAC-17-13-2,499,85
25094317,10/01/2026 12:59:00,10/01/2026 13:09:00,1,Preparacion,Alejandro Dure,6866,MULTIPALLET,MULTIPALLET,00:16:43,00:09:59,1003,599,En Tiempo,39,7,0,00:00:00,0,Logico,"70-190         ",70-190 - BIDE C.CERAM BLACK VELVET,3,0,10/01/2026 13:07:03,NAC-15-18-1,538,104
25094317,10/01/2026 12:59:00,10/01/2026 13:09:00,1,Preparacion,Alejandro Dure,6866,MULTIPALLET,MULTIPALLET,00:16:43,00:09:59,1003,599,En Tiempo,39,7,0,00:00:00,0,Logico,"60-190         ",60-190 - LAVATORIO C.CERAM BLACK VELVET,4,0,10/01/2026 13:07:51,NAC-15-19-1,534,48
25094317,10/01/2026 12:59:00,10/01/2026 13:09:00,1,Preparacion,Alejandro Dure,6866,MULTIPALLET,MULTIPALLET,00:16:43,00:09:59,1003,599,En Tiempo,39,7,0,00:00:00,0,Logico,"60-203         ",60-203 - LAVATORIO MONOCOMANDO BAJO ADRA,7,0,10/01/2026 13:09:06,NAC-15-20-1,530,75
25094603,10/01/2026 13:06:00,10/01/2026 13:10:00,1,Reposicion,Andres Cejas,6417,MULTIPALLET,APILADORA,00:13:25,00:03:55,805,235,En Tiempo,100,1,0,00:00:00,0,Logico,"60-162N        ",60-162N - LAVATORIO BLACK C.CERAM LINEA ADRA,100,0,10/01/2026 13:10:09,NAC-15-20-1,,0
25094813,10/01/2026 13:12:00,10/01/2026 14:20:00,1,Preparacion,Alejandro Dure,6866,MULTIPALLET,MULTIPALLET,01:26:44,01:08:27,5204,4107,En Tiempo,151,56,0,00:00:00,0,Logico,"3040           ",3040 - PORTA ROLLO LINEA 3000,6,0,10/01/2026 13:15:08,IMP-8-17-1,53,0
25094813,10/01/2026 13:12:00,10/01/2026 14:20:00,1,Preparacion,Alejandro Dure,6866,MULTIPALLET,MULTIPALLET,01:26:44,01:08:27,5204,4107,En Tiempo,151,56,0,00:00:00,0,Logico,"3050           ",3050 - JABONERA LINEA 3000,4,0,10/01/2026 13:15:57,IMP-8-17-1,53,49
25094813,10/01/2026 13:12:00,10/01/2026 14:20:00,1,Preparacion,Alejandro Dure,6866,MULTIPALLET,MULTIPALLET,01:26:44,01:08:27,5204,4107,En Tiempo,151,56,0,00:00:00,0,Logico,"3020           ",3020 - TOALLERO DE ARO LINEA 3000,9,0,10/01/2026 13:16:52,IMP-8-18-1,52,55
25094813,10/01/2026 13:12:00,10/01/2026 14:20:00,1,Preparacion,Alejandro Dure,6866,MULTIPALLET,MULTIPALLET,01:26:44,01:08:27,5204,4107,En Tiempo,151,56,0,00:00:00,0,Logico,"3030           ",3030 - PERCHA LINEA 3000,4,0,10/01/2026 13:17:29,IMP-8-18-1,52,37
25094813,10/01/2026 13:12:00,10/01/2026 14:20:00,1,Preparacion,Alejandro Dure,6866,MULTIPALLET,MULTIPALLET,01:26:44,01:08:27,5204,4107,En Tiempo,151,56,0,00:00:00,0,Logico,"3010           ",3010 - TOALLERO BARRAL LINEA 3000,3,0,10/01/2026 13:18:16,IMP-8-19-1,51,47
25094813,10/01/2026 13:12:00,10/01/2026 14:20:00,1,Preparacion,Alejandro Dure,6866,MULTIPALLET,MULTIPALLET,01:26:44,01:08:27,5204,4107,En Tiempo,151,56,0,00:00:00,0,Logico,"20-174         ",20-174 - COCINA MESADA MONOC. COLORS BLACK,1,0,10/01/2026 13:19:55,IMP-10-19-1,90,99
25094813,10/01/2026 13:12:00,10/01/2026 14:20:00,1,Preparacion,Alejandro Dure,6866,MULTIPALLET,MULTIPALLET,01:26:44,01:08:27,5204,4107,En Tiempo,151,56,0,00:00:00,0,Logico,"61-168         ",61-168 - LAVATORIO MONOC ALTO CR WAVE,1,0,10/01/2026 13:20:10,IMP-10-19-1,90,15
25094813,10/01/2026 13:12:00,10/01/2026 14:20:00,1,Preparacion,Alejandro Dure,6866,MULTIPALLET,MULTIPALLET,01:26:44,01:08:27,5204,4107,En Tiempo,151,56,0,00:00:00,0,Logico,"63-168         ",63-168 - LAVATORIO PARED EMB MONOC CR WAVE,1,0,10/01/2026 13:20:55,IMP-10-17-1,92,45
25094813,10/01/2026 13:12:00,10/01/2026 14:20:00,1,Preparacion,Alejandro Dure,6866,MULTIPALLET,MULTIPALLET,01:26:44,01:08:27,5204,4107,En Tiempo,151,56,0,00:00:00,0,Logico,"20-172         ",20-172 - COCINA MESADA MONOC. COLORS NEGRO,3,0,10/01/2026 13:24:55,IMP-10-16-1,93,240
25094813,10/01/2026 13:12:00,10/01/2026 14:20:00,1,Preparacion,Alejandro Dure,6866,MULTIPALLET,MULTIPALLET,01:26:44,01:08:27,5204,4107,En Tiempo,151,56,0,00:00:00,0,Logico,"70-200C        ",70-200C - BIDE MONOCOMANDO CR FABRIC,1,0,10/01/2026 13:26:09,IMP-9-14-1,83,74
25094813,10/01/2026 13:12:00,10/01/2026 14:20:00,1,Preparacion,Alejandro Dure,6866,MULTIPALLET,MULTIPALLET,01:26:44,01:08:27,5204,4107,En Tiempo,151,56,0,00:00:00,0,Logico,"70-205         ",70-205 - BIDE MONOCOMANDO STEEL,2,0,10/01/2026 13:26:39,IMP-10-13-1,96,30
25094813,10/01/2026 13:12:00,10/01/2026 14:20:00,1,Preparacion,Alejandro Dure,6866,MULTIPALLET,MULTIPALLET,01:26:44,01:08:27,5204,4107,En Tiempo,151,56,0,00:00:00,0,Logico,"80-203N        ","DUCHA EMB C/TRANSF. MONOCOMANDO ADRA BLACK PLUS                       ",2,0,10/01/2026 13:28:45,IMP-9-12-1,81,126
25094813,10/01/2026 13:12:00,10/01/2026 14:20:00,1,Preparacion,Alejandro Dure,6866,MULTIPALLET,MULTIPALLET,01:26:44,01:08:27,5204,4107,En Tiempo,151,56,0,00:00:00,0,Logico,"61-205         ",61-205 - LAVATORIO MONOC ALTO STEEL,4,0,10/01/2026 13:30:18,IMP-10-12-1,97,93
25094813,10/01/2026 13:12:00,10/01/2026 14:20:00,1,Preparacion,Alejandro Dure,6866,MULTIPALLET,MULTIPALLET,01:26:44,01:08:27,5204,4107,En Tiempo,151,56,0,00:00:00,0,Logico,"61-200N        ",61-200N - LAVATORIO MONOC ALTO FABRIC BLACK,4,0,10/01/2026 13:31:43,IMP-10-9-1,100,85
25094813,10/01/2026 13:12:00,10/01/2026 14:20:00,1,Preparacion,Alejandro Dure,6866,MULTIPALLET,MULTIPALLET,01:26:44,01:08:27,5204,4107,En Tiempo,151,56,0,00:00:00,0,Logico,"70-200N        ",70-200N - BIDE MONOCOMANDO BLACK FABRIC,1,0,10/01/2026 13:32:13,IMP-10-9-1,100,30
25094813,10/01/2026 13:12:00,10/01/2026 14:20:00,1,Preparacion,Alejandro Dure,6866,MULTIPALLET,MULTIPALLET,01:26:44,01:08:27,5204,4107,En Tiempo,151,56,0,00:00:00,0,Logico,"61-168N        ",61-168N - LAVATORIO MONOC ALTO BLACK WAVE,1,0,10/01/2026 13:32:39,IMP-10-8-1,101,26
25094813,10/01/2026 13:12:00,10/01/2026 14:20:00,1,Preparacion,Alejandro Dure,6866,MULTIPALLET,MULTIPALLET,01:26:44,01:08:27,5204,4107,En Tiempo,151,56,0,00:00:00,0,Logico,"17060G         ",17060G - PORTA VASO Y CEPILLO  LINEA FABRIC GOLD,2,0,10/01/2026 13:33:55,IMP-10-7-1,102,76
25094813,10/01/2026 13:12:00,10/01/2026 14:20:00,1,Preparacion,Alejandro Dure,6866,MULTIPALLET,MULTIPALLET,01:26:44,01:08:27,5204,4107,En Tiempo,151,56,0,00:00:00,0,Logico,"63-168N        ","LAVATORIO PARED EMB MONOC BLACK WAVE                                  ",1,0,10/01/2026 13:34:24,IMP-9-6-1,75,29
25094813,10/01/2026 13:12:00,10/01/2026 14:20:00,1,Preparacion,Alejandro Dure,6866,MULTIPALLET,MULTIPALLET,01:26:44,01:08:27,5204,4107,En Tiempo,151,56,0,00:00:00,0,Logico,"03-010         ","LAVATORIO ALTO TEMPORIZADO TECNO                                      ",3,0,10/01/2026 13:36:09,IMP-10-4-1,106,105
25094813,10/01/2026 13:12:00,10/01/2026 14:20:00,1,Preparacion,Alejandro Dure,6866,MULTIPALLET,MULTIPALLET,01:26:44,01:08:27,5204,4107,En Tiempo,151,56,0,00:00:00,0,Logico,"70-203N        ","BIDE MONOCOMANDO ADRA BLACK                                           ",2,0,10/01/2026 13:37:13,IMP-9-3-1,72,64
25094813,10/01/2026 13:12:00,10/01/2026 14:20:00,1,Preparacion,Alejandro Dure,6866,MULTIPALLET,MULTIPALLET,01:26:44,01:08:27,5204,4107,En Tiempo,151,56,0,00:00:00,0,Logico,"04-010         ","LAVATORIO DE PARED TEMPORIZADO TECNO                                  ",2,0,10/01/2026 13:38:24,IMP-10-3-1,107,71
25094813,10/01/2026 13:12:00,10/01/2026 14:20:00,1,Preparacion,Alejandro Dure,6866,MULTIPALLET,MULTIPALLET,01:26:44,01:08:27,5204,4107,En Tiempo,151,56,0,00:00:00,0,Logico,"17050G         ",17050G - JABONERA  LINEA FABRIC GOLD,1,0,10/01/2026 13:38:55,IMP-10-1-1,109,31
25094813,10/01/2026 13:12:00,10/01/2026 14:20:00,1,Preparacion,Alejandro Dure,6866,MULTIPALLET,MULTIPALLET,01:26:44,01:08:27,5204,4107,En Tiempo,151,56,0,00:00:00,0,Logico,"17020G         ",17020G - TOALLERO DE ARO LINEA FABRIC GOLD,3,0,10/01/2026 13:40:17,IMP-11-1-1,110,82
25094813,10/01/2026 13:12:00,10/01/2026 14:20:00,1,Preparacion,Alejandro Dure,6866,MULTIPALLET,MULTIPALLET,01:26:44,01:08:27,5204,4107,En Tiempo,151,56,0,00:00:00,0,Logico,"83-203N        ",83-203N - DUCHA EXT C/TRANSF. MONOCOMANDO ADRA BLACK,3,0,10/01/2026 13:41:25,IMP-11-4-1,113,68
25094813,10/01/2026 13:12:00,10/01/2026 14:20:00,1,Preparacion,Alejandro Dure,6866,MULTIPALLET,MULTIPALLET,01:26:44,01:08:27,5204,4107,En Tiempo,151,56,0,00:00:00,0,Logico,"80-205         ",80-205 - DUCHA EMB. C/TRANSF. MONOC STEEL,1,0,10/01/2026 13:43:15,IMP-11-7-1,116,110
25094813,10/01/2026 13:12:00,10/01/2026 14:20:00,1,Preparacion,Alejandro Dure,6866,MULTIPALLET,MULTIPALLET,01:26:44,01:08:27,5204,4107,En Tiempo,151,56,0,00:00:00,0,Logico,"70-200G        ",70-200G - BIDE MONOCOMANDO GOLD FABRIC,1,0,10/01/2026 13:44:01,IMP-11-8-1,117,46
25094813,10/01/2026 13:12:00,10/01/2026 14:20:00,1,Preparacion,Alejandro Dure,6866,MULTIPALLET,MULTIPALLET,01:26:44,01:08:27,5204,4107,En Tiempo,151,56,0,00:00:00,0,Logico,"61-200G        ",61-200G - LAVATORIO MONOC ALTO GOLD FABRIC,5,0,10/01/2026 13:45:07,IMP-11-9-1,118,66
25094813,10/01/2026 13:12:00,10/01/2026 14:20:00,1,Preparacion,Alejandro Dure,6866,MULTIPALLET,MULTIPALLET,01:26:44,01:08:27,5204,4107,En Tiempo,151,56,0,00:00:00,0,Logico,"60-200G        ",60-200G - LAVATORIO MONOC BAJO GOLD FABRIC,2,0,10/01/2026 13:45:44,IMP-11-9-1,118,37
25094813,10/01/2026 13:12:00,10/01/2026 14:20:00,1,Preparacion,Alejandro Dure,6866,MULTIPALLET,MULTIPALLET,01:26:44,01:08:27,5204,4107,En Tiempo,151,56,0,00:00:00,0,Logico,"20-121         ",20-121 - COCINA MSDA MONOC.P. REDONDO MARBELLA,1,0,10/01/2026 13:46:55,IMP-11-10-1,119,71
25094813,10/01/2026 13:12:00,10/01/2026 14:20:00,1,Preparacion,Alejandro Dure,6866,MULTIPALLET,MULTIPALLET,01:26:44,01:08:27,5204,4107,En Tiempo,151,56,0,00:00:00,0,Logico,"61-176N        ",61-176N - LAVATORIO MONOC ALTO BLACK RIO,2,0,10/01/2026 13:49:23,IMP-11-13-1,122,148
25094813,10/01/2026 13:12:00,10/01/2026 14:20:00,1,Preparacion,Alejandro Dure,6866,MULTIPALLET,MULTIPALLET,01:26:44,01:08:27,5204,4107,En Tiempo,151,56,0,00:00:00,0,Logico,"18040          ",18040 - PORTA ROLLO NIQUEL LINEA BEAT,3,0,10/01/2026 13:50:28,IMP-11-16-1,125,65
25094813,10/01/2026 13:12:00,10/01/2026 14:20:00,1,Preparacion,Alejandro Dure,6866,MULTIPALLET,MULTIPALLET,01:26:44,01:08:27,5204,4107,En Tiempo,151,56,0,00:00:00,0,Logico,"18030          ",18030 - PERCHA NIQUEL LINEA BEAT,3,0,10/01/2026 13:50:59,IMP-11-16-1,125,31
25094813,10/01/2026 13:12:00,10/01/2026 14:20:00,1,Preparacion,Alejandro Dure,6866,MULTIPALLET,MULTIPALLET,01:26:44,01:08:27,5204,4107,En Tiempo,151,56,0,00:00:00,0,Logico,"18010          ",18010 - TOALLERO BARRAL NIQUEL LINEA BEAT,3,0,10/01/2026 13:52:06,IMP-11-17-1,126,67
25094813,10/01/2026 13:12:00,10/01/2026 14:20:00,1,Preparacion,Alejandro Dure,6866,MULTIPALLET,MULTIPALLET,01:26:44,01:08:27,5204,4107,En Tiempo,151,56,0,00:00:00,0,Logico,"18020          ",18020 - TOALLERO DE ARO NIQUEL LINEA BEAT,2,0,10/01/2026 13:52:30,IMP-11-17-1,126,24
25094813,10/01/2026 13:12:00,10/01/2026 14:20:00,1,Preparacion,Alejandro Dure,6866,MULTIPALLET,MULTIPALLET,01:26:44,01:08:27,5204,4107,En Tiempo,151,56,0,00:00:00,0,Logico,"61-180         ",61-180 - LAVATORIO MONOCOMANDO ALTO VERA,2,0,10/01/2026 13:57:02,IMP-11-18-1,127,272
25094813,10/01/2026 13:12:00,10/01/2026 14:20:00,1,Preparacion,Alejandro Dure,6866,MULTIPALLET,MULTIPALLET,01:26:44,01:08:27,5204,4107,En Tiempo,151,56,0,00:00:00,0,Logico,"70-180         ",70-180 - BIDE MONOCOMANDO C/TRANSF. VERA,7,0,10/01/2026 13:58:49,IMP-11-19-1,128,107
25094813,10/01/2026 13:12:00,10/01/2026 14:20:00,1,Preparacion,Alejandro Dure,6866,MULTIPALLET,MULTIPALLET,01:26:44,01:08:27,5204,4107,En Tiempo,151,56,0,00:00:00,0,Logico,"63-180         ",63-180 - LAVATORIO MONOC. DE PARED VERA,2,0,10/01/2026 13:59:29,IMP-11-20-1,129,40
25094813,10/01/2026 13:12:00,10/01/2026 14:20:00,1,Preparacion,Alejandro Dure,6866,MULTIPALLET,MULTIPALLET,01:26:44,01:08:27,5204,4107,En Tiempo,151,56,0,00:00:00,0,Logico,"80-152         ",80-152 - DUCHA EMB. CR C/TRANSF. MONOCOMANDO SORIA,4,0,10/01/2026 14:01:11,IMP-12-17-1,133,102
25094813,10/01/2026 13:12:00,10/01/2026 14:20:00,1,Preparacion,Alejandro Dure,6866,MULTIPALLET,MULTIPALLET,01:26:44,01:08:27,5204,4107,En Tiempo,151,56,0,00:00:00,0,Logico,"70-152         ",70-152 - BIDE MONOCOMANDO CR C/TRANSFERENCIA SORIA,4,0,10/01/2026 14:02:04,IMP-12-16-1,134,53
25094813,10/01/2026 13:12:00,10/01/2026 14:20:00,1,Preparacion,Alejandro Dure,6866,MULTIPALLET,MULTIPALLET,01:26:44,01:08:27,5204,4107,En Tiempo,151,56,0,00:00:00,0,Logico,"60-152         ",60-152 - LAVATORIO CR MONOCOMANDO BAJO SORIA,1,0,10/01/2026 14:02:29,IMP-12-15-1,135,25
25094813,10/01/2026 13:12:00,10/01/2026 14:20:00,1,Preparacion,Alejandro Dure,6866,MULTIPALLET,MULTIPALLET,01:26:44,01:08:27,5204,4107,En Tiempo,151,56,0,00:00:00,0,Logico,"61-152         ",61-152 - LAVATORIO MONOCOMANDO CROMO ALTO SORIA,3,0,10/01/2026 14:03:40,IMP-12-15-1,135,71
25094813,10/01/2026 13:12:00,10/01/2026 14:20:00,1,Preparacion,Alejandro Dure,6866,MULTIPALLET,MULTIPALLET,01:26:44,01:08:27,5204,4107,En Tiempo,151,56,0,00:00:00,0,Logico,"70-176         ",70-176 - BIDE MONOC C/TRANSF CR RIO,2,0,10/01/2026 14:04:49,IMP-12-12-1,138,69
25094813,10/01/2026 13:12:00,10/01/2026 14:20:00,1,Preparacion,Alejandro Dure,6866,MULTIPALLET,MULTIPALLET,01:26:44,01:08:27,5204,4107,En Tiempo,151,56,0,00:00:00,0,Logico,"61-176         ",61-176 - LAVATORIO MONOC ALTO CR RIO,1,0,10/01/2026 14:04:56,IMP-12-12-1,138,7
25094813,10/01/2026 13:12:00,10/01/2026 14:20:00,1,Preparacion,Alejandro Dure,6866,MULTIPALLET,MULTIPALLET,01:26:44,01:08:27,5204,4107,En Tiempo,151,56,0,00:00:00,0,Logico,"20-205         ",20-205 - MONOCOMANDO DE COCINA STEEL,4,0,10/01/2026 14:06:31,IMP-12-8-1,142,95
25094813,10/01/2026 13:12:00,10/01/2026 14:20:00,1,Preparacion,Alejandro Dure,6866,MULTIPALLET,MULTIPALLET,01:26:44,01:08:27,5204,4107,En Tiempo,151,56,0,00:00:00,0,Logico,"17040C         ",17040C - PORTA ROLLO LINEA FABRIC CROMO,3,0,10/01/2026 14:08:34,IMP-14-7-1,174,123
25094813,10/01/2026 13:12:00,10/01/2026 14:20:00,1,Preparacion,Alejandro Dure,6866,MULTIPALLET,MULTIPALLET,01:26:44,01:08:27,5204,4107,En Tiempo,151,56,0,00:00:00,0,Logico,"17040G         ",17040G - PORTA ROLLO LINEA FABRIC GOLD,2,0,10/01/2026 14:09:29,IMP-14-7-1,174,55
25094813,10/01/2026 13:12:00,10/01/2026 14:20:00,1,Preparacion,Alejandro Dure,6866,MULTIPALLET,MULTIPALLET,01:26:44,01:08:27,5204,4107,En Tiempo,151,56,0,00:00:00,0,Logico,"83-203         ",83-203 - DUCHA EXT C/TRANSF. MONOCOMANDO ADRA,3,0,10/01/2026 14:10:34,IMP-14-6-1,175,65
25094813,10/01/2026 13:12:00,10/01/2026 14:20:00,1,Preparacion,Alejandro Dure,6866,MULTIPALLET,MULTIPALLET,01:26:44,01:08:27,5204,4107,En Tiempo,151,56,0,00:00:00,0,Logico,"70-203         ",70-203 - BIDE MONOCOMANDO ADRA,3,0,10/01/2026 14:13:09,IMP-14-5-1,176,155
25094813,10/01/2026 13:12:00,10/01/2026 14:20:00,1,Preparacion,Alejandro Dure,6866,MULTIPALLET,MULTIPALLET,01:26:44,01:08:27,5204,4107,En Tiempo,151,56,0,00:00:00,0,Logico,"17030C         ",17030C - PERCHA LINEA FABRIC CROMO,2,0,10/01/2026 14:13:50,IMP-14-2-1,179,41
25094813,10/01/2026 13:12:00,10/01/2026 14:20:00,1,Preparacion,Alejandro Dure,6866,MULTIPALLET,MULTIPALLET,01:26:44,01:08:27,5204,4107,En Tiempo,151,56,0,00:00:00,0,Logico,"17020C         ",17020C - TOALLERO DE ARO LINEA FABRIC CROMO,2,0,10/01/2026 14:14:08,IMP-14-1-1,180,18
25094813,10/01/2026 13:12:00,10/01/2026 14:20:00,1,Preparacion,Alejandro Dure,6866,MULTIPALLET,MULTIPALLET,01:26:44,01:08:27,5204,4107,En Tiempo,151,56,0,00:00:00,0,Logico,"17010C         ",17010C - TOALLERO BARRAL LINEA FABRIC CROMO,1,0,10/01/2026 14:14:28,IMP-14-1-1,180,20
25094813,10/01/2026 13:12:00,10/01/2026 14:20:00,1,Preparacion,Alejandro Dure,6866,MULTIPALLET,MULTIPALLET,01:26:44,01:08:27,5204,4107,En Tiempo,151,56,0,00:00:00,0,Logico,"17020N         ",17020N - TOALLERO DE ARO LINEA FABRIC BLACK,3,0,10/01/2026 14:15:53,IMP-15-3-1,183,85
25094813,10/01/2026 13:12:00,10/01/2026 14:20:00,1,Preparacion,Alejandro Dure,6866,MULTIPALLET,MULTIPALLET,01:26:44,01:08:27,5204,4107,En Tiempo,151,56,0,00:00:00,0,Logico,"17040N         ",17040N - PORTA ROLLO LINEA FABRIC BLACK,2,0,10/01/2026 14:16:18,IMP-15-4-1,184,25
25094813,10/01/2026 13:12:00,10/01/2026 14:20:00,1,Preparacion,Alejandro Dure,6866,MULTIPALLET,MULTIPALLET,01:26:44,01:08:27,5204,4107,En Tiempo,151,56,0,00:00:00,0,Logico,"17030N         ",17030N - PERCHA LINEA FABRIC BLACK,2,0,10/01/2026 14:17:26,IMP-15-6-1,186,68
25094813,10/01/2026 13:12:00,10/01/2026 14:20:00,1,Preparacion,Alejandro Dure,6866,MULTIPALLET,MULTIPALLET,01:26:44,01:08:27,5204,4107,En Tiempo,151,56,0,00:00:00,0,Logico,"20-134         ",20-134 - MONOCOMANDO COCINA BETIS,1,0,10/01/2026 14:18:09,IMP-15-9-1,189,43
25094813,10/01/2026 13:12:00,10/01/2026 14:20:00,1,Preparacion,Alejandro Dure,6866,MULTIPALLET,MULTIPALLET,01:26:44,01:08:27,5204,4107,En Tiempo,151,56,0,00:00:00,0,Logico,"17030G         ",17030G - PERCHA LINEA FABRIC GOLD,10,0,10/01/2026 14:19:58,IMP-15-11-1,191,109
25094966,10/01/2026 13:15:00,10/01/2026 13:59:00,9,Preparacion,Claudio Juarez,7839,CARRO MULTIPLE 9,CARRO MULTIPLE 9,00:57:53,00:43:36,3473,2616,En Tiempo,142,30,0,00:00:00,0,Logico,"20-102         ","20-102 - MONOCOMANDO MESADA CROMO ""RENACER""",10,0,10/01/2026 13:17:58,IMP-15-10-1,190,0
25094966,10/01/2026 13:15:00,10/01/2026 13:59:00,9,Preparacion,Claudio Juarez,7839,CARRO MULTIPLE 9,CARRO MULTIPLE 9,00:57:53,00:43:36,3473,2616,En Tiempo,142,30,0,00:00:00,0,Logico,"20-102         ","20-102 - MONOCOMANDO MESADA CROMO ""RENACER""",2,0,10/01/2026 13:18:48,IMP-15-10-1,190,50
25094966,10/01/2026 13:15:00,10/01/2026 13:59:00,9,Preparacion,Claudio Juarez,7839,CARRO MULTIPLE 9,CARRO MULTIPLE 9,00:57:53,00:43:36,3473,2616,En Tiempo,142,30,0,00:00:00,0,Logico,"20-134         ",20-134 - MONOCOMANDO COCINA BETIS,6,0,10/01/2026 13:20:28,IMP-15-9-1,189,100
25094966,10/01/2026 13:15:00,10/01/2026 13:59:00,9,Preparacion,Claudio Juarez,7839,CARRO MULTIPLE 9,CARRO MULTIPLE 9,00:57:53,00:43:36,3473,2616,En Tiempo,142,30,0,00:00:00,0,Logico,"10005CR        ","SET DE 5 PIEZAS LINEA 10000 MINIMALISTA                               ",2,0,10/01/2026 13:21:53,IMP-13-18-1,167,85
25094966,10/01/2026 13:15:00,10/01/2026 13:59:00,9,Preparacion,Claudio Juarez,7839,CARRO MULTIPLE 9,CARRO MULTIPLE 9,00:57:53,00:43:36,3473,2616,En Tiempo,142,30,0,00:00:00,0,Logico,"60-193         ",60-193 - LAVATORIO MONOCOMANDO BAJO MORA,1,0,10/01/2026 13:22:26,IMP-13-17-1,166,33
25094966,10/01/2026 13:15:00,10/01/2026 13:59:00,9,Preparacion,Claudio Juarez,7839,CARRO MULTIPLE 9,CARRO MULTIPLE 9,00:57:53,00:43:36,3473,2616,En Tiempo,142,30,0,00:00:00,0,Logico,"20-179         ",20-179 - MONOCOMANDO DE COCINA LARA,4,0,10/01/2026 13:23:17,IMP-13-15-1,164,51
25094966,10/01/2026 13:15:00,10/01/2026 13:59:00,9,Preparacion,Claudio Juarez,7839,CARRO MULTIPLE 9,CARRO MULTIPLE 9,00:57:53,00:43:36,3473,2616,En Tiempo,142,30,0,00:00:00,0,Logico,"20-122         ","MONOCOMANDO COCINA CR C/PICO EXTRAIBLE VALENCIA                       ",1,0,10/01/2026 13:24:30,IMP-12-9-1,141,73
25094966,10/01/2026 13:15:00,10/01/2026 13:59:00,9,Preparacion,Claudio Juarez,7839,CARRO MULTIPLE 9,CARRO MULTIPLE 9,00:57:53,00:43:36,3473,2616,En Tiempo,142,30,0,00:00:00,0,Logico,"20-205         ",20-205 - MONOCOMANDO DE COCINA STEEL,3,0,10/01/2026 13:27:17,IMP-12-8-1,142,167
25094966,10/01/2026 13:15:00,10/01/2026 13:59:00,9,Preparacion,Claudio Juarez,7839,CARRO MULTIPLE 9,CARRO MULTIPLE 9,00:57:53,00:43:36,3473,2616,En Tiempo,142,30,0,00:00:00,0,Logico,"70-203         ",70-203 - BIDE MONOCOMANDO ADRA,1,0,10/01/2026 13:28:23,IMP-14-5-1,176,66
25094966,10/01/2026 13:15:00,10/01/2026 13:59:00,9,Preparacion,Claudio Juarez,7839,CARRO MULTIPLE 9,CARRO MULTIPLE 9,00:57:53,00:43:36,3473,2616,En Tiempo,142,30,0,00:00:00,0,Logico,"3005           ",3005 - SET DE 5 PIEZAS LINEA 3000,2,0,10/01/2026 13:29:19,IMP-14-5-1,176,56
25094966,10/01/2026 13:15:00,10/01/2026 13:59:00,9,Preparacion,Claudio Juarez,7839,CARRO MULTIPLE 9,CARRO MULTIPLE 9,00:57:53,00:43:36,3473,2616,En Tiempo,142,30,0,00:00:00,0,Logico,"85-183         ","DUCHA EMB C/TRANSF Y DUCHADOR MONOC MAT                               ",1,0,10/01/2026 13:30:03,IMP-13-7-1,156,44
25094966,10/01/2026 13:15:00,10/01/2026 13:59:00,9,Preparacion,Claudio Juarez,7839,CARRO MULTIPLE 9,CARRO MULTIPLE 9,00:57:53,00:43:36,3473,2616,En Tiempo,142,30,0,00:00:00,0,Logico,"20-160         ",20-160 - MONOCOMANDO MESADA COCINA DIQUE,8,0,10/01/2026 13:30:46,IMP-13-10-1,159,43
25094966,10/01/2026 13:15:00,10/01/2026 13:59:00,9,Preparacion,Claudio Juarez,7839,CARRO MULTIPLE 9,CARRO MULTIPLE 9,00:57:53,00:43:36,3473,2616,En Tiempo,142,30,0,00:00:00,0,Logico,"20-160         ",20-160 - MONOCOMANDO MESADA COCINA DIQUE,2,0,10/01/2026 13:31:16,IMP-13-10-1,159,30
25094966,10/01/2026 13:15:00,10/01/2026 13:59:00,9,Preparacion,Claudio Juarez,7839,CARRO MULTIPLE 9,CARRO MULTIPLE 9,00:57:53,00:43:36,3473,2616,En Tiempo,142,30,0,00:00:00,0,Logico,"60-180         ",60-180 - LAVATORIO MONOCOMANDO BAJO VERA,1,0,10/01/2026 13:32:46,IMP-11-18-1,127,90
25094966,10/01/2026 13:15:00,10/01/2026 13:59:00,9,Preparacion,Claudio Juarez,7839,CARRO MULTIPLE 9,CARRO MULTIPLE 9,00:57:53,00:43:36,3473,2616,En Tiempo,142,30,0,00:00:00,0,Logico,"60-180         ",60-180 - LAVATORIO MONOCOMANDO BAJO VERA,2,0,10/01/2026 13:33:12,IMP-11-18-1,127,26
25094966,10/01/2026 13:15:00,10/01/2026 13:59:00,9,Preparacion,Claudio Juarez,7839,CARRO MULTIPLE 9,CARRO MULTIPLE 9,00:57:53,00:43:36,3473,2616,En Tiempo,142,30,0,00:00:00,0,Logico,"20-150         ",20-150 - MONOCOMANDO MESADA COCINA TOLEDO,1,0,10/01/2026 13:34:28,IMP-12-20-1,130,76
25094966,10/01/2026 13:15:00,10/01/2026 13:59:00,9,Preparacion,Claudio Juarez,7839,CARRO MULTIPLE 9,CARRO MULTIPLE 9,00:57:53,00:43:36,3473,2616,En Tiempo,142,30,0,00:00:00,0,Logico,"83-205         ",83-205 - DUCHA EXT C/TRANSF MONOC STEEL PICO CURVO,1,0,10/01/2026 13:35:34,IMP-10-16-1,93,66
25094966,10/01/2026 13:15:00,10/01/2026 13:59:00,9,Preparacion,Claudio Juarez,7839,CARRO MULTIPLE 9,CARRO MULTIPLE 9,00:57:53,00:43:36,3473,2616,En Tiempo,142,30,0,00:00:00,0,Logico,"20-172         ",20-172 - COCINA MESADA MONOC. COLORS NEGRO,2,0,10/01/2026 13:36:07,IMP-10-16-1,93,33
25094966,10/01/2026 13:15:00,10/01/2026 13:59:00,9,Preparacion,Claudio Juarez,7839,CARRO MULTIPLE 9,CARRO MULTIPLE 9,00:57:53,00:43:36,3473,2616,En Tiempo,142,30,0,00:00:00,0,Logico,"61-205         ",61-205 - LAVATORIO MONOC ALTO STEEL,1,0,10/01/2026 13:36:46,IMP-10-12-1,97,39
25094966,10/01/2026 13:15:00,10/01/2026 13:59:00,9,Preparacion,Claudio Juarez,7839,CARRO MULTIPLE 9,CARRO MULTIPLE 9,00:57:53,00:43:36,3473,2616,En Tiempo,142,30,0,00:00:00,0,Logico,"13020          ","TOALLERO DE ARO LINEA 13000                                           ",5,0,10/01/2026 13:37:56,IMP-5-14-1,14,70
25094966,10/01/2026 13:15:00,10/01/2026 13:59:00,9,Preparacion,Claudio Juarez,7839,CARRO MULTIPLE 9,CARRO MULTIPLE 9,00:57:53,00:43:36,3473,2616,En Tiempo,142,30,0,00:00:00,0,Logico,"13040          ","PORTA ROLLO LINEA 13000                                               ",5,0,10/01/2026 13:38:54,IMP-5-15-1,15,58
25094966,10/01/2026 13:15:00,10/01/2026 13:59:00,9,Preparacion,Claudio Juarez,7839,CARRO MULTIPLE 9,CARRO MULTIPLE 9,00:57:53,00:43:36,3473,2616,En Tiempo,142,30,0,00:00:00,0,Logico,"13030          ","PERCHA LINEA 13000                                                    ",6,0,10/01/2026 13:39:33,IMP-5-15-1,15,39
25094966,10/01/2026 13:15:00,10/01/2026 13:59:00,9,Preparacion,Claudio Juarez,7839,CARRO MULTIPLE 9,CARRO MULTIPLE 9,00:57:53,00:43:36,3473,2616,En Tiempo,142,30,0,00:00:00,0,Logico,"13050          ","JABONERA LINEA 13000                                                  ",2,0,10/01/2026 13:40:17,IMP-5-16-1,16,44
25094966,10/01/2026 13:15:00,10/01/2026 13:59:00,9,Preparacion,Claudio Juarez,7839,CARRO MULTIPLE 9,CARRO MULTIPLE 9,00:57:53,00:43:36,3473,2616,En Tiempo,142,30,0,00:00:00,0,Logico,"80-130         ",80-130 - DUCHA EMB. C/TRANSF. MONOCOMANDO BILBAO,1,0,10/01/2026 13:41:49,IMP-9-9-1,78,92
25094966,10/01/2026 13:15:00,10/01/2026 13:59:00,9,Preparacion,Claudio Juarez,7839,CARRO MULTIPLE 9,CARRO MULTIPLE 9,00:57:53,00:43:36,3473,2616,En Tiempo,142,30,0,00:00:00,0,Logico,"20-184         ","MONOCOMANDO DE COCINA CR SUV                                          ",10,0,10/01/2026 13:42:35,IMP-10-11-1,98,46
25094966,10/01/2026 13:15:00,10/01/2026 13:59:00,9,Preparacion,Claudio Juarez,7839,CARRO MULTIPLE 9,CARRO MULTIPLE 9,00:57:53,00:43:36,3473,2616,En Tiempo,142,30,0,00:00:00,0,Logico,"20-140         ",20-140 - MONOCOMANDO DE COCINA LINEA CUINA,5,0,10/01/2026 13:45:11,IMP-10-5-1,105,156
25094966,10/01/2026 13:15:00,10/01/2026 13:59:00,9,Preparacion,Claudio Juarez,7839,CARRO MULTIPLE 9,CARRO MULTIPLE 9,00:57:53,00:43:36,3473,2616,En Tiempo,142,30,0,00:00:00,0,Logico,"20-121         ",20-121 - COCINA MSDA MONOC.P. REDONDO MARBELLA,2,0,10/01/2026 13:46:50,IMP-11-10-1,119,99
25094966,10/01/2026 13:15:00,10/01/2026 13:59:00,9,Preparacion,Claudio Juarez,7839,CARRO MULTIPLE 9,CARRO MULTIPLE 9,00:57:53,00:43:36,3473,2616,En Tiempo,142,30,0,00:00:00,0,Logico,"84-203         ","DUCHA EXT C/COLUMNA Y TRANSF CR ADRA                                  ",1,0,10/01/2026 13:49:04,IMP-11-6-1,115,134
25094966,10/01/2026 13:15:00,10/01/2026 13:59:00,9,Preparacion,Claudio Juarez,7839,CARRO MULTIPLE 9,CARRO MULTIPLE 9,00:57:53,00:43:36,3473,2616,En Tiempo,142,30,0,00:00:00,0,Logico,"8006           ",8006 - SET DE 6 PIEZAS LINEA 8000,2,0,10/01/2026 13:50:56,IMP-12-7-1,143,112
25094966,10/01/2026 13:15:00,10/01/2026 13:59:00,9,Preparacion,Claudio Juarez,7839,CARRO MULTIPLE 9,CARRO MULTIPLE 9,00:57:53,00:43:36,3473,2616,En Tiempo,142,30,0,00:00:00,0,Logico,"80-203         ",80-203 - DUCHA EMB C/TRANSF. MONOCOMANDO ADRA,2,0,10/01/2026 13:52:46,IMP-12-2-1,148,110
25094966,10/01/2026 13:15:00,10/01/2026 13:59:00,9,Preparacion,Claudio Juarez,7839,CARRO MULTIPLE 9,CARRO MULTIPLE 9,00:57:53,00:43:36,3473,2616,En Tiempo,142,30,0,00:00:00,0,Logico,"RA771C         ",RA771C - CAMPANA C/BUJE LINEAS STD CROMO,20,0,10/01/2026 13:54:35,IMP-20-33-3,163,109
25094966,10/01/2026 13:15:00,10/01/2026 13:59:00,9,Preparacion,Claudio Juarez,7839,CARRO MULTIPLE 9,CARRO MULTIPLE 9,00:57:53,00:43:36,3473,2616,En Tiempo,142,30,0,00:00:00,0,Logico,"RA773C         ",RA773C - CAMPANA C/BUJE ARES/BEDIA/MURCIA,20,0,10/01/2026 13:56:22,IMP-20-31-2,152,107
25094966,10/01/2026 13:15:00,10/01/2026 13:59:00,9,Preparacion,Claudio Juarez,7839,CARRO MULTIPLE 9,CARRO MULTIPLE 9,00:57:53,00:43:36,3473,2616,En Tiempo,142,30,0,00:00:00,0,Logico,"RA714B         ",RA714B - VOLANTE LAZA BLANCO COMPLETO,10,0,10/01/2026 13:58:51,IMP-20-27-3,133,149
25095183,10/01/2026 13:20:00,10/01/2026 14:01:00,1,Preparacion,Javier Lescano,6867,MULTIPALLET,MULTIPALLET,00:32:11,00:40:56,1931,2456,Fuera de Tiempo,57,20,0,00:00:00,0,Logico,"11040          ","PORTA ROLLO LINEA 11000                                               ",1,0,10/01/2026 13:22:50,IMP-7-14-1,43,0
25095183,10/01/2026 13:20:00,10/01/2026 14:01:00,1,Preparacion,Javier Lescano,6867,MULTIPALLET,MULTIPALLET,00:32:11,00:40:56,1931,2456,Fuera de Tiempo,57,20,0,00:00:00,0,Logico,"3040           ",3040 - PORTA ROLLO LINEA 3000,1,0,10/01/2026 13:23:53,IMP-8-17-1,53,63
25095183,10/01/2026 13:20:00,10/01/2026 14:01:00,1,Preparacion,Javier Lescano,6867,MULTIPALLET,MULTIPALLET,00:32:11,00:40:56,1931,2456,Fuera de Tiempo,57,20,0,00:00:00,0,Logico,"21200          ",21200 - ESQUINERO ORGANIZADOR 19x19x7,2,0,10/01/2026 13:25:27,IMP-9-18-1,86,94
25095183,10/01/2026 13:20:00,10/01/2026 14:01:00,1,Preparacion,Javier Lescano,6867,MULTIPALLET,MULTIPALLET,00:32:11,00:40:56,1931,2456,Fuera de Tiempo,57,20,0,00:00:00,0,Logico,"20040GR        ",20040GR - PORTA ROLLO GRAFITO LINEA PULSE,1,0,10/01/2026 13:26:11,IMP-9-19-1,87,44
25095183,10/01/2026 13:20:00,10/01/2026 14:01:00,1,Preparacion,Javier Lescano,6867,MULTIPALLET,MULTIPALLET,00:32:11,00:40:56,1931,2456,Fuera de Tiempo,57,20,0,00:00:00,0,Logico,"70-168         ",70-168 - BIDE MONOC CR WAVE,4,0,10/01/2026 13:27:58,IMP-10-15-1,94,107
25095183,10/01/2026 13:20:00,10/01/2026 14:01:00,1,Preparacion,Javier Lescano,6867,MULTIPALLET,MULTIPALLET,00:32:11,00:40:56,1931,2456,Fuera de Tiempo,57,20,0,00:00:00,0,Logico,"70-205         ",70-205 - BIDE MONOCOMANDO STEEL,1,0,10/01/2026 13:29:07,IMP-10-13-1,96,69
25095183,10/01/2026 13:20:00,10/01/2026 14:01:00,1,Preparacion,Javier Lescano,6867,MULTIPALLET,MULTIPALLET,00:32:11,00:40:56,1931,2456,Fuera de Tiempo,57,20,0,00:00:00,0,Logico,"61-205         ",61-205 - LAVATORIO MONOC ALTO STEEL,1,0,10/01/2026 13:30:16,IMP-10-12-1,97,69
25095183,10/01/2026 13:20:00,10/01/2026 14:01:00,1,Preparacion,Javier Lescano,6867,MULTIPALLET,MULTIPALLET,00:32:11,00:40:56,1931,2456,Fuera de Tiempo,57,20,0,00:00:00,0,Logico,"20-184         ","MONOCOMANDO DE COCINA CR SUV                                          ",10,0,10/01/2026 13:31:19,IMP-10-11-1,98,63
25095183,10/01/2026 13:20:00,10/01/2026 14:01:00,1,Preparacion,Javier Lescano,6867,MULTIPALLET,MULTIPALLET,00:32:11,00:40:56,1931,2456,Fuera de Tiempo,57,20,0,00:00:00,0,Logico,"80-205         ",80-205 - DUCHA EMB. C/TRANSF. MONOC STEEL,6,0,10/01/2026 13:34:45,IMP-11-7-1,116,206
25095183,10/01/2026 13:20:00,10/01/2026 14:01:00,1,Preparacion,Javier Lescano,6867,MULTIPALLET,MULTIPALLET,00:32:11,00:40:56,1931,2456,Fuera de Tiempo,57,20,0,00:00:00,0,Logico,"61-192         ",61-192 - LAVATORIO ALTO SORIA BLACK,9,0,10/01/2026 13:42:39,IMP-12-18-1,132,474
25095183,10/01/2026 13:20:00,10/01/2026 14:01:00,1,Preparacion,Javier Lescano,6867,MULTIPALLET,MULTIPALLET,00:32:11,00:40:56,1931,2456,Fuera de Tiempo,57,20,0,00:00:00,0,Logico,"60-176         ","LAVATORIO MONOCOMANDO BAJO CR RIO                                     ",3,0,10/01/2026 13:45:29,IMP-12-13-1,137,170
25095183,10/01/2026 13:20:00,10/01/2026 14:01:00,1,Preparacion,Javier Lescano,6867,MULTIPALLET,MULTIPALLET,00:32:11,00:40:56,1931,2456,Fuera de Tiempo,57,20,0,00:00:00,0,Logico,"70-176         ",70-176 - BIDE MONOC C/TRANSF CR RIO,2,0,10/01/2026 13:46:38,IMP-12-12-1,138,69
25095183,10/01/2026 13:20:00,10/01/2026 14:01:00,1,Preparacion,Javier Lescano,6867,MULTIPALLET,MULTIPALLET,00:32:11,00:40:56,1931,2456,Fuera de Tiempo,57,20,0,00:00:00,0,Logico,"61-183         ","LAVATORIO MONOCOMANDO ALTO MAT                                        ",2,0,10/01/2026 13:47:47,IMP-13-4-1,153,69
25095183,10/01/2026 13:20:00,10/01/2026 14:01:00,1,Preparacion,Javier Lescano,6867,MULTIPALLET,MULTIPALLET,00:32:11,00:40:56,1931,2456,Fuera de Tiempo,57,20,0,00:00:00,0,Logico,"70-183         ","BIDE MONOCOMANDO C/TRANSF MAT                                         ",4,0,10/01/2026 13:48:51,IMP-13-5-1,154,64
25095183,10/01/2026 13:20:00,10/01/2026 14:01:00,1,Preparacion,Javier Lescano,6867,MULTIPALLET,MULTIPALLET,00:32:11,00:40:56,1931,2456,Fuera de Tiempo,57,20,0,00:00:00,0,Logico,"85-183         ","DUCHA EMB C/TRANSF Y DUCHADOR MONOC MAT                               ",4,0,10/01/2026 13:52:18,IMP-13-7-1,156,207
25095183,10/01/2026 13:20:00,10/01/2026 14:01:00,1,Preparacion,Javier Lescano,6867,MULTIPALLET,MULTIPALLET,00:32:11,00:40:56,1931,2456,Fuera de Tiempo,57,20,0,00:00:00,0,Logico,"3006           ",3006 - SET DE 6 PIEZAS LINEA 3000,1,0,10/01/2026 13:53:58,IMP-13-13-1,162,100
25095183,10/01/2026 13:20:00,10/01/2026 14:01:00,1,Preparacion,Javier Lescano,6867,MULTIPALLET,MULTIPALLET,00:32:11,00:40:56,1931,2456,Fuera de Tiempo,57,20,0,00:00:00,0,Logico,"80-203P        ",80-203P - DUCHA EMB C/TRANSF. MONOCOMANDO ADRA PLUS,1,0,10/01/2026 13:55:51,IMP-14-6-1,175,113
25095183,10/01/2026 13:20:00,10/01/2026 14:01:00,1,Preparacion,Javier Lescano,6867,MULTIPALLET,MULTIPALLET,00:32:11,00:40:56,1931,2456,Fuera de Tiempo,57,20,0,00:00:00,0,Logico,"83-133         ",83-133 - DUCHA EXT. C/TRANSF. MONOCOMANDO LUGO,1,0,10/01/2026 13:59:19,IMP-14-10-1,171,208
25095183,10/01/2026 13:20:00,10/01/2026 14:01:00,1,Preparacion,Javier Lescano,6867,MULTIPALLET,MULTIPALLET,00:32:11,00:40:56,1931,2456,Fuera de Tiempo,57,20,0,00:00:00,0,Logico,"60-133         ",60-133 - LAVATORIO MONOCOMANDO LUGO,2,0,10/01/2026 14:00:11,IMP-14-11-1,170,52
25095183,10/01/2026 13:20:00,10/01/2026 14:01:00,1,Preparacion,Javier Lescano,6867,MULTIPALLET,MULTIPALLET,00:32:11,00:40:56,1931,2456,Fuera de Tiempo,57,20,0,00:00:00,0,Logico,"17040G         ",17040G - PORTA ROLLO LINEA FABRIC GOLD,1,0,10/01/2026 14:01:14,IMP-14-7-1,174,63
25096655,10/01/2026 13:52:00,10/01/2026 14:02:00,1,Preparacion,Kevin Arce,7636,MULTIPALLET,MULTIPALLET,00:14:08,00:10:06,848,606,En Tiempo,44,5,0,00:00:00,0,Logico,"20-147         ",20-147 - MONOCOMANDO DE COCINA SWIFT,10,0,10/01/2026 13:54:35,IMP-12-10-1,140,0
25096655,10/01/2026 13:52:00,10/01/2026 14:02:00,1,Preparacion,Kevin Arce,7636,MULTIPALLET,MULTIPALLET,00:14:08,00:10:06,848,606,En Tiempo,44,5,0,00:00:00,0,Logico,"20-122         ","MONOCOMANDO COCINA CR C/PICO EXTRAIBLE VALENCIA                       ",6,0,10/01/2026 13:55:06,IMP-12-9-1,141,31
25096655,10/01/2026 13:52:00,10/01/2026 14:02:00,1,Preparacion,Kevin Arce,7636,MULTIPALLET,MULTIPALLET,00:14:08,00:10:06,848,606,En Tiempo,44,5,0,00:00:00,0,Logico,"12006          ","SET DE 6 PIEZAS LINEA 12000                                           ",10,0,10/01/2026 13:56:26,IMP-13-12-1,161,80
25096655,10/01/2026 13:52:00,10/01/2026 14:02:00,1,Preparacion,Kevin Arce,7636,MULTIPALLET,MULTIPALLET,00:14:08,00:10:06,848,606,En Tiempo,44,5,0,00:00:00,0,Logico,"22-178         ",22-178 - MONOCOMANDO DE COCINA P/AGUA FILTRADA VITA,8,0,10/01/2026 13:59:01,IMP-13-16-1,165,155
25096655,10/01/2026 13:52:00,10/01/2026 14:02:00,1,Preparacion,Kevin Arce,7636,MULTIPALLET,MULTIPALLET,00:14:08,00:10:06,848,606,En Tiempo,44,5,0,00:00:00,0,Logico,"20-162         ",20-162 - MONOCOMANDO COCINA ADRA,10,0,10/01/2026 14:01:51,IMP-14-8-1,173,170
25096726,10/01/2026 13:53:00,10/01/2026 13:55:00,1,Reposicion,Andres Cejas,6417,CARRO MULTIPLE 9,APILADORA,00:06:52,00:01:43,412,103,En Tiempo,25,1,0,00:43:14,2594,Excedido,"RA1385         ","FLEXIBLE EXTENSIBLE MONOCOMANDO COCINA VALENCIA                       ",25,0,10/01/2026 13:55:06,,213,0
25097089,10/01/2026 14:00:00,10/01/2026 14:02:00,1,Preparacion,Gaston Alejandro Kiriczuk,6409,CARRO MULTIPLE 9,CARRO MULTIPLE 9,00:02:41,00:01:34,161,94,En Tiempo,1,1,0,00:00:00,0,Logico,"61-180         ",61-180 - LAVATORIO MONOCOMANDO ALTO VERA,1,0,10/01/2026 14:01:55,IMP-11-18-1,127,0
25097323,10/01/2026 14:04:00,10/01/2026 14:16:00,5,Preparacion,Javier Lescano,6867,CARRO MULTIPLE 9,CARRO MULTIPLE 9,00:12:59,00:11:53,779,713,En Tiempo,12,7,0,00:03:07,187,Logico,"16030BL        ",16030BL - PERCHA LINEA 16000 BLACK,4,0,10/01/2026 14:07:16,IMP-5-16-1,16,0
25097323,10/01/2026 14:04:00,10/01/2026 14:16:00,5,Preparacion,Javier Lescano,6867,CARRO MULTIPLE 9,CARRO MULTIPLE 9,00:12:59,00:11:53,779,713,En Tiempo,12,7,0,00:03:07,187,Logico,"16040BL        ",16040BL - PORTA ROLLO ACCESORIOS LINEA 16000 BLACK,1,0,10/01/2026 14:07:56,IMP-5-17-1,17,40
25097323,10/01/2026 14:04:00,10/01/2026 14:16:00,5,Preparacion,Javier Lescano,6867,CARRO MULTIPLE 9,CARRO MULTIPLE 9,00:12:59,00:11:53,779,713,En Tiempo,12,7,0,00:03:07,187,Logico,"18030          ",18030 - PERCHA NIQUEL LINEA BEAT,1,0,10/01/2026 14:09:52,IMP-11-16-1,125,116
25097323,10/01/2026 14:04:00,10/01/2026 14:16:00,5,Preparacion,Javier Lescano,6867,CARRO MULTIPLE 9,CARRO MULTIPLE 9,00:12:59,00:11:53,779,713,En Tiempo,12,7,0,00:03:07,187,Logico,"17030G         ",17030G - PERCHA LINEA FABRIC GOLD,1,0,10/01/2026 14:12:26,IMP-15-11-1,191,154
25097323,10/01/2026 14:04:00,10/01/2026 14:16:00,5,Preparacion,Javier Lescano,6867,CARRO MULTIPLE 9,CARRO MULTIPLE 9,00:12:59,00:11:53,779,713,En Tiempo,12,7,0,00:03:07,187,Logico,"80-203P        ",80-203P - DUCHA EMB C/TRANSF. MONOCOMANDO ADRA PLUS,1,0,10/01/2026 14:13:28,IMP-14-6-1,175,62
25097323,10/01/2026 14:04:00,10/01/2026 14:16:00,5,Preparacion,Javier Lescano,6867,CARRO MULTIPLE 9,CARRO MULTIPLE 9,00:12:59,00:11:53,779,713,En Tiempo,12,7,0,00:03:07,187,Logico,"RA1189         ",RA1189 - SET PROLONGADOR P/VASTAGO Y CAMPANA (x3),3,0,10/01/2026 14:15:12,IMP-20-33-4,164,104
25097323,10/01/2026 14:04:00,10/01/2026 14:16:00,5,Preparacion,Javier Lescano,6867,CARRO MULTIPLE 9,CARRO MULTIPLE 9,00:12:59,00:11:53,779,713,En Tiempo,12,7,0,00:03:07,187,Logico,"RA1101-1N      ",RA1101-1N - FLEXIBLE BLACK MONOC COCINA CUINA M15 x 55cm,1,0,10/01/2026 14:16:14,IMP-20-21-4,104,62
25097360,10/01/2026 14:05:00,10/01/2026 14:51:00,6,Preparacion,Claudio Juarez,7839,CARRO MULTIPLE 9,CARRO MULTIPLE 6,01:24:56,00:45:58,5096,2758,En Tiempo,136,42,0,00:06:13,373,Excedido,"51-010         ",51-010 - COCINA MESADA BL/CR LORCA,10,0,10/01/2026 14:09:05,NAC-19-16-2,482,0
25097360,10/01/2026 14:05:00,10/01/2026 14:51:00,6,Preparacion,Claudio Juarez,7839,CARRO MULTIPLE 9,CARRO MULTIPLE 6,01:24:56,00:45:58,5096,2758,En Tiempo,136,42,0,00:06:13,373,Excedido,"51-010         ",51-010 - COCINA MESADA BL/CR LORCA,4,0,10/01/2026 14:09:32,NAC-19-16-2,482,27
25097360,10/01/2026 14:05:00,10/01/2026 14:51:00,6,Preparacion,Claudio Juarez,7839,CARRO MULTIPLE 9,CARRO MULTIPLE 6,01:24:56,00:45:58,5096,2758,En Tiempo,136,42,0,00:06:13,373,Excedido,"53-010         ",53-010 - COCINA PARED EXT. P.ALTO BL/CR LORCA,5,0,10/01/2026 14:10:31,NAC-19-15-2,484,59
25097360,10/01/2026 14:05:00,10/01/2026 14:51:00,6,Preparacion,Claudio Juarez,7839,CARRO MULTIPLE 9,CARRO MULTIPLE 6,01:24:56,00:45:58,5096,2758,En Tiempo,136,42,0,00:06:13,373,Excedido,"60-057         ",60-057 - LAVATORIO C.STD VERIN PLUS,2,0,10/01/2026 14:11:03,NAC-19-15-1,485,32
25097360,10/01/2026 14:05:00,10/01/2026 14:51:00,6,Preparacion,Claudio Juarez,7839,CARRO MULTIPLE 9,CARRO MULTIPLE 6,01:24:56,00:45:58,5096,2758,En Tiempo,136,42,0,00:06:13,373,Excedido,"51-058         ",51-058 - COCINA MESADA CR C.STD MALBA,4,0,10/01/2026 14:11:41,NAC-19-14-2,486,38
25097360,10/01/2026 14:05:00,10/01/2026 14:51:00,6,Preparacion,Claudio Juarez,7839,CARRO MULTIPLE 9,CARRO MULTIPLE 6,01:24:56,00:45:58,5096,2758,En Tiempo,136,42,0,00:06:13,373,Excedido,"60-010         ",60-010 - LAVATORIO BL/CR LORCA,5,0,10/01/2026 14:12:43,NAC-19-14-1,487,62
25097360,10/01/2026 14:05:00,10/01/2026 14:51:00,6,Preparacion,Claudio Juarez,7839,CARRO MULTIPLE 9,CARRO MULTIPLE 6,01:24:56,00:45:58,5096,2758,En Tiempo,136,42,0,00:06:13,373,Excedido,"80-162         ",80-162 - DUCHA EMB. C/TRANSF. CR C.CERAM ADRA,2,0,10/01/2026 14:13:32,NAC-19-13-2,488,49
25097360,10/01/2026 14:05:00,10/01/2026 14:51:00,6,Preparacion,Claudio Juarez,7839,CARRO MULTIPLE 9,CARRO MULTIPLE 6,01:24:56,00:45:58,5096,2758,En Tiempo,136,42,0,00:06:13,373,Excedido,"80-166         ","DUCHA EMB. C/TRANSF. CR C.CERAM ADRA PLUS                             ",1,0,10/01/2026 14:13:45,NAC-19-13-2,488,13
25097360,10/01/2026 14:05:00,10/01/2026 14:51:00,6,Preparacion,Claudio Juarez,7839,CARRO MULTIPLE 9,CARRO MULTIPLE 6,01:24:56,00:45:58,5096,2758,En Tiempo,136,42,0,00:06:13,373,Excedido,"70-162         ",70-162 - BIDE CR C.CERAM LINEA ADRA,2,0,10/01/2026 14:14:34,NAC-19-13-1,489,49
25097360,10/01/2026 14:05:00,10/01/2026 14:51:00,6,Preparacion,Claudio Juarez,7839,CARRO MULTIPLE 9,CARRO MULTIPLE 6,01:24:56,00:45:58,5096,2758,En Tiempo,136,42,0,00:06:13,373,Excedido,"70-162         ",70-162 - BIDE CR C.CERAM LINEA ADRA,1,0,10/01/2026 14:15:09,NAC-19-13-1,489,35
25097360,10/01/2026 14:05:00,10/01/2026 14:51:00,6,Preparacion,Claudio Juarez,7839,CARRO MULTIPLE 9,CARRO MULTIPLE 6,01:24:56,00:45:58,5096,2758,En Tiempo,136,42,0,00:06:13,373,Excedido,"60-162         ",60-162 - LAVATORIO CR C.CERAM LINEA ADRA,5,0,10/01/2026 14:16:19,NAC-19-12-1,491,70
25097360,10/01/2026 14:05:00,10/01/2026 14:51:00,6,Preparacion,Claudio Juarez,7839,CARRO MULTIPLE 9,CARRO MULTIPLE 6,01:24:56,00:45:58,5096,2758,En Tiempo,136,42,0,00:06:13,373,Excedido,"60-162         ",60-162 - LAVATORIO CR C.CERAM LINEA ADRA,13,0,10/01/2026 14:16:33,NAC-19-12-1,491,14
25097360,10/01/2026 14:05:00,10/01/2026 14:51:00,6,Preparacion,Claudio Juarez,7839,CARRO MULTIPLE 9,CARRO MULTIPLE 6,01:24:56,00:45:58,5096,2758,En Tiempo,136,42,0,00:06:13,373,Excedido,"60-162         ",60-162 - LAVATORIO CR C.CERAM LINEA ADRA,4,0,10/01/2026 14:18:16,NAC-19-12-1,491,103
25097360,10/01/2026 14:05:00,10/01/2026 14:51:00,6,Preparacion,Claudio Juarez,7839,CARRO MULTIPLE 9,CARRO MULTIPLE 6,01:24:56,00:45:58,5096,2758,En Tiempo,136,42,0,00:06:13,373,Excedido,"60-162         ",60-162 - LAVATORIO CR C.CERAM LINEA ADRA,9,0,10/01/2026 14:21:25,NAC-19-12-1,491,189
25097360,10/01/2026 14:05:00,10/01/2026 14:51:00,6,Preparacion,Claudio Juarez,7839,CARRO MULTIPLE 9,CARRO MULTIPLE 6,01:24:56,00:45:58,5096,2758,En Tiempo,136,42,0,00:06:13,373,Excedido,"D439           ",D439 - KIT DE DUCHA MANUAL,2,0,10/01/2026 14:22:33,NAC-18-13-2,497,68
25097360,10/01/2026 14:05:00,10/01/2026 14:51:00,6,Preparacion,Claudio Juarez,7839,CARRO MULTIPLE 9,CARRO MULTIPLE 6,01:24:56,00:45:58,5096,2758,En Tiempo,136,42,0,00:06:13,373,Excedido,"70-196         ",70-196 - BIDE CR C.CERAM LOOP,2,0,10/01/2026 14:23:17,NAC-17-13-1,498,44
25097360,10/01/2026 14:05:00,10/01/2026 14:51:00,6,Preparacion,Claudio Juarez,7839,CARRO MULTIPLE 9,CARRO MULTIPLE 6,01:24:56,00:45:58,5096,2758,En Tiempo,136,42,0,00:06:13,373,Excedido,"70-058         ",70-058 - BIDE CR C.STD MALBA,1,0,10/01/2026 14:23:55,NAC-18-14-2,501,38
25097360,10/01/2026 14:05:00,10/01/2026 14:51:00,6,Preparacion,Claudio Juarez,7839,CARRO MULTIPLE 9,CARRO MULTIPLE 6,01:24:56,00:45:58,5096,2758,En Tiempo,136,42,0,00:06:13,373,Excedido,"80-058         ",80-058 - DUCHA EMB. C/TRANSF. CR C.STD MALBA,1,0,10/01/2026 14:24:14,NAC-18-14-2,501,19
25097360,10/01/2026 14:05:00,10/01/2026 14:51:00,6,Preparacion,Claudio Juarez,7839,CARRO MULTIPLE 9,CARRO MULTIPLE 6,01:24:56,00:45:58,5096,2758,En Tiempo,136,42,0,00:06:13,373,Excedido,"60-100NI       ",60-100NI - LAVATORIO NICKEL C.CERAM FABRIC,1,0,10/01/2026 14:24:54,NAC-18-17-1,513,40
25097360,10/01/2026 14:05:00,10/01/2026 14:51:00,6,Preparacion,Claudio Juarez,7839,CARRO MULTIPLE 9,CARRO MULTIPLE 6,01:24:56,00:45:58,5096,2758,En Tiempo,136,42,0,00:06:13,373,Excedido,"919/M          ",919/M - JGO.MDA.P.CANO CROMO LAZA,4,0,10/01/2026 14:25:52,NAC-17-17-1,514,58
25097360,10/01/2026 14:05:00,10/01/2026 14:51:00,6,Preparacion,Claudio Juarez,7839,CARRO MULTIPLE 9,CARRO MULTIPLE 6,01:24:56,00:45:58,5096,2758,En Tiempo,136,42,0,00:06:13,373,Excedido,"910/M          ","910/M - JGO.MDA.P.CANO CROMO ""DIQUE""",4,0,10/01/2026 14:26:39,NAC-17-17-1,514,47
25097360,10/01/2026 14:05:00,10/01/2026 14:51:00,6,Preparacion,Claudio Juarez,7839,CARRO MULTIPLE 9,CARRO MULTIPLE 6,01:24:56,00:45:58,5096,2758,En Tiempo,136,42,0,00:06:13,373,Excedido,"60-064         ",60-064 - LAVATORIO CR/CR C.STD FRAGA,4,0,10/01/2026 14:27:26,NAC-18-18-1,516,47
25097360,10/01/2026 14:05:00,10/01/2026 14:51:00,6,Preparacion,Claudio Juarez,7839,CARRO MULTIPLE 9,CARRO MULTIPLE 6,01:24:56,00:45:58,5096,2758,En Tiempo,136,42,0,00:06:13,373,Excedido,"80-199         ",80-199 - DUCHA EMB. C/TRANSF. CR C.CERAM LIVE,1,0,10/01/2026 14:28:28,NAC-17-18-1,518,62
25097360,10/01/2026 14:05:00,10/01/2026 14:51:00,6,Preparacion,Claudio Juarez,7839,CARRO MULTIPLE 9,CARRO MULTIPLE 6,01:24:56,00:45:58,5096,2758,En Tiempo,136,42,0,00:06:13,373,Excedido,"70-199         ",70-199 - BIDE CR C.CERAM LIVE,1,0,10/01/2026 14:28:42,NAC-17-18-1,518,14
25097360,10/01/2026 14:05:00,10/01/2026 14:51:00,6,Preparacion,Claudio Juarez,7839,CARRO MULTIPLE 9,CARRO MULTIPLE 6,01:24:56,00:45:58,5096,2758,En Tiempo,136,42,0,00:06:13,373,Excedido,"60-199         ",60-199 - LAVATORIO CR C.CERAM LIVE,1,0,10/01/2026 14:29:03,NAC-17-18-1,518,21
25097360,10/01/2026 14:05:00,10/01/2026 14:51:00,6,Preparacion,Claudio Juarez,7839,CARRO MULTIPLE 9,CARRO MULTIPLE 6,01:24:56,00:45:58,5096,2758,En Tiempo,136,42,0,00:06:13,373,Excedido,"62-201NI       ",62-201NI - LAVATORIO DE PARED C.CERAM BEAT NICKEL,1,0,10/01/2026 14:29:42,NAC-17-20-2,527,39
25097360,10/01/2026 14:05:00,10/01/2026 14:51:00,6,Preparacion,Claudio Juarez,7839,CARRO MULTIPLE 9,CARRO MULTIPLE 6,01:24:56,00:45:58,5096,2758,En Tiempo,136,42,0,00:06:13,373,Excedido,"62-100NI       ",62-100NI - LAVATORIO DE PARED NICKEL C.CERAM FABRIC,1,0,10/01/2026 14:30:23,NAC-16-20-1,528,41
25097360,10/01/2026 14:05:00,10/01/2026 14:51:00,6,Preparacion,Claudio Juarez,7839,CARRO MULTIPLE 9,CARRO MULTIPLE 6,01:24:56,00:45:58,5096,2758,En Tiempo,136,42,0,00:06:13,373,Excedido,"51-107         ",51-107 - JGO. MESADA CR C.CERAM BEDIA,7,0,10/01/2026 14:31:23,NAC-16-20-2,529,60
25097360,10/01/2026 14:05:00,10/01/2026 14:51:00,6,Preparacion,Claudio Juarez,7839,CARRO MULTIPLE 9,CARRO MULTIPLE 6,01:24:56,00:45:58,5096,2758,En Tiempo,136,42,0,00:06:13,373,Excedido,"51-107         ",51-107 - JGO. MESADA CR C.CERAM BEDIA,2,0,10/01/2026 14:31:54,NAC-16-20-2,529,31
25097360,10/01/2026 14:05:00,10/01/2026 14:51:00,6,Preparacion,Claudio Juarez,7839,CARRO MULTIPLE 9,CARRO MULTIPLE 6,01:24:56,00:45:58,5096,2758,En Tiempo,136,42,0,00:06:13,373,Excedido,"60-203         ",60-203 - LAVATORIO MONOCOMANDO BAJO ADRA,1,0,10/01/2026 14:32:48,NAC-15-20-1,530,54
25097360,10/01/2026 14:05:00,10/01/2026 14:51:00,6,Preparacion,Claudio Juarez,7839,CARRO MULTIPLE 9,CARRO MULTIPLE 6,01:24:56,00:45:58,5096,2758,En Tiempo,136,42,0,00:06:13,373,Excedido,"60-203         ",60-203 - LAVATORIO MONOCOMANDO BAJO ADRA,5,0,10/01/2026 14:33:32,NAC-15-20-1,530,44
25097360,10/01/2026 14:05:00,10/01/2026 14:51:00,6,Preparacion,Claudio Juarez,7839,CARRO MULTIPLE 9,CARRO MULTIPLE 6,01:24:56,00:45:58,5096,2758,En Tiempo,136,42,0,00:06:13,373,Excedido,"60-203         ",60-203 - LAVATORIO MONOCOMANDO BAJO ADRA,2,0,10/01/2026 14:34:07,NAC-15-20-1,530,35
25097360,10/01/2026 14:05:00,10/01/2026 14:51:00,6,Preparacion,Claudio Juarez,7839,CARRO MULTIPLE 9,CARRO MULTIPLE 6,01:24:56,00:45:58,5096,2758,En Tiempo,136,42,0,00:06:13,373,Excedido,"51-122         ",51-122 - MESADA BIMANDO CR C.CERAM VALENCIA,1,0,10/01/2026 14:35:02,NAC-16-19-2,533,55
25097360,10/01/2026 14:05:00,10/01/2026 14:51:00,6,Preparacion,Claudio Juarez,7839,CARRO MULTIPLE 9,CARRO MULTIPLE 6,01:24:56,00:45:58,5096,2758,En Tiempo,136,42,0,00:06:13,373,Excedido,"61-203N        ","LAVATORIO MONOCOMANDO ALTO ADRA BLACK                                 ",1,0,10/01/2026 14:35:56,NAC-15-19-2,535,54
25097360,10/01/2026 14:05:00,10/01/2026 14:51:00,6,Preparacion,Claudio Juarez,7839,CARRO MULTIPLE 9,CARRO MULTIPLE 6,01:24:56,00:45:58,5096,2758,En Tiempo,136,42,0,00:06:13,373,Excedido,"70-100G        ",70-100G - BIDE GOLD C.CERAM FABRIC,2,0,10/01/2026 14:36:53,NAC-16-16-1,544,57
25097360,10/01/2026 14:05:00,10/01/2026 14:51:00,6,Preparacion,Claudio Juarez,7839,CARRO MULTIPLE 9,CARRO MULTIPLE 6,01:24:56,00:45:58,5096,2758,En Tiempo,136,42,0,00:06:13,373,Excedido,"62-100C        ",62-100C - LAVATORIO DE PARED CR C.CERAM FABRIC,1,0,10/01/2026 14:37:25,NAC-16-16-1,544,32
25097360,10/01/2026 14:05:00,10/01/2026 14:51:00,6,Preparacion,Claudio Juarez,7839,CARRO MULTIPLE 9,CARRO MULTIPLE 6,01:24:56,00:45:58,5096,2758,En Tiempo,136,42,0,00:06:13,373,Excedido,"62-199         ",62-199 - LAVATORIO DE PARED CR C.CERAM LIVE,2,0,10/01/2026 14:38:11,NAC-15-16-1,546,46
25097360,10/01/2026 14:05:00,10/01/2026 14:51:00,6,Preparacion,Claudio Juarez,7839,CARRO MULTIPLE 9,CARRO MULTIPLE 6,01:24:56,00:45:58,5096,2758,En Tiempo,136,42,0,00:06:13,373,Excedido,"60-045         ",60-045 - LAVATORIO CR/CR C.STD CRUZ,2,0,10/01/2026 14:39:17,NAC-15-16-2,547,66
25097360,10/01/2026 14:05:00,10/01/2026 14:51:00,6,Preparacion,Claudio Juarez,7839,CARRO MULTIPLE 9,CARRO MULTIPLE 6,01:24:56,00:45:58,5096,2758,En Tiempo,136,42,0,00:06:13,373,Excedido,"80-100G        ",80-100G - DUCHA EMB. C/TRANSF. GOLD C.CERAM FABRIC,1,0,10/01/2026 14:39:47,NAC-16-15-1,548,30
25097360,10/01/2026 14:05:00,10/01/2026 14:51:00,6,Preparacion,Claudio Juarez,7839,CARRO MULTIPLE 9,CARRO MULTIPLE 6,01:24:56,00:45:58,5096,2758,En Tiempo,136,42,0,00:06:13,373,Excedido,"62-100N        ",62-100N - LAVATORIO DE PARED BLACK C.CERAM FABRIC,2,0,10/01/2026 14:40:31,NAC-16-15-2,549,44
25097360,10/01/2026 14:05:00,10/01/2026 14:51:00,6,Preparacion,Claudio Juarez,7839,CARRO MULTIPLE 9,CARRO MULTIPLE 6,01:24:56,00:45:58,5096,2758,En Tiempo,136,42,0,00:06:13,373,Excedido,"70-045         ",70-045 - BIDE CROMO C.STD CRUZ,3,0,10/01/2026 14:40:58,NAC-15-15-2,551,27
25097360,10/01/2026 14:05:00,10/01/2026 14:51:00,6,Preparacion,Claudio Juarez,7839,CARRO MULTIPLE 9,CARRO MULTIPLE 6,01:24:56,00:45:58,5096,2758,En Tiempo,136,42,0,00:06:13,373,Excedido,"80-045         ",80-045 - DUCHA EMB.C/TRANSF CR  C.STD CRUZ,1,0,10/01/2026 14:41:46,NAC-15-15-2,551,48
25097360,10/01/2026 14:05:00,10/01/2026 14:51:00,6,Preparacion,Claudio Juarez,7839,CARRO MULTIPLE 9,CARRO MULTIPLE 6,01:24:56,00:45:58,5096,2758,En Tiempo,136,42,0,00:06:13,373,Excedido,"62-135         ",62-135 - LAVATORIO P/PARED C.CERAM SANTANDER,1,0,10/01/2026 14:42:19,NAC-15-14-2,555,33
25097360,10/01/2026 14:05:00,10/01/2026 14:51:00,6,Preparacion,Claudio Juarez,7839,CARRO MULTIPLE 9,CARRO MULTIPLE 6,01:24:56,00:45:58,5096,2758,En Tiempo,136,42,0,00:06:13,373,Excedido,"80-200N        ",80-200N - DUCHA EMB. MONOC. 3 FUNCIONES BLACK FABRIC,2,0,10/01/2026 14:43:22,NAC-14-12-2,565,63
25097360,10/01/2026 14:05:00,10/01/2026 14:51:00,6,Preparacion,Claudio Juarez,7839,CARRO MULTIPLE 9,CARRO MULTIPLE 6,01:24:56,00:45:58,5096,2758,En Tiempo,136,42,0,00:06:13,373,Excedido,"85-168         ",85-168 - DUCHA MONOC C/TRANSF Y DUCHADOR CR WAVE,1,0,10/01/2026 14:44:23,NAC-14-16-1,572,61
25097360,10/01/2026 14:05:00,10/01/2026 14:51:00,6,Preparacion,Claudio Juarez,7839,CARRO MULTIPLE 9,CARRO MULTIPLE 6,01:24:56,00:45:58,5096,2758,En Tiempo,136,42,0,00:06:13,373,Excedido,"60-175DG       ",60-175DG - LAVATORIO PULSE DARK GOLD C.CERAM,1,0,10/01/2026 14:45:16,NAC-14-18-2,577,53
25097360,10/01/2026 14:05:00,10/01/2026 14:51:00,6,Preparacion,Claudio Juarez,7839,CARRO MULTIPLE 9,CARRO MULTIPLE 6,01:24:56,00:45:58,5096,2758,En Tiempo,136,42,0,00:06:13,373,Excedido,"70-175DG       ",70-175DG - BIDE PULSE DARK GOLD C.CERAM,1,0,10/01/2026 14:45:38,NAC-14-18-2,577,22
25097360,10/01/2026 14:05:00,10/01/2026 14:51:00,6,Preparacion,Claudio Juarez,7839,CARRO MULTIPLE 9,CARRO MULTIPLE 6,01:24:56,00:45:58,5096,2758,En Tiempo,136,42,0,00:06:13,373,Excedido,"80-175DG       ",80-175DG - DUCHA EMB C/TRANSF. PULSE DARK GOLD C.CERAM,1,0,10/01/2026 14:46:21,NAC-14-19-2,579,43
25097360,10/01/2026 14:05:00,10/01/2026 14:51:00,6,Preparacion,Claudio Juarez,7839,CARRO MULTIPLE 9,CARRO MULTIPLE 6,01:24:56,00:45:58,5096,2758,En Tiempo,136,42,0,00:06:13,373,Excedido,"62-175DG       ",62-175DG - LAVATORIO DE PARED PULSE DARK GOLD C.CERAM,1,0,10/01/2026 14:47:03,NAC-14-19-2,579,42
25097360,10/01/2026 14:05:00,10/01/2026 14:51:00,6,Preparacion,Claudio Juarez,7839,CARRO MULTIPLE 9,CARRO MULTIPLE 6,01:24:56,00:45:58,5096,2758,En Tiempo,136,42,0,00:06:13,373,Excedido,"61-203N        ","LAVATORIO MONOCOMANDO ALTO ADRA BLACK                                 ",2,0,10/01/2026 14:48:14,NAC-15-19-2,535,71
25097360,10/01/2026 14:05:00,10/01/2026 14:51:00,6,Preparacion,Claudio Juarez,7839,CARRO MULTIPLE 9,CARRO MULTIPLE 6,01:24:56,00:45:58,5096,2758,En Tiempo,136,42,0,00:06:13,373,Excedido,"80-200G        ",80-200G - DUCHA EMB. MONOC. 3 FUNCIONES GOLD FABRIC,2,0,10/01/2026 14:51:02,NAC-18-11-1,9999,168
25097505,10/01/2026 14:08:00,10/01/2026 14:13:00,3,Preparacion,Kevin Arce,7636,CARRO MULTIPLE 9,CARRO MULTIPLE 9,00:05:43,00:04:55,343,295,En Tiempo,3,2,0,00:06:02,362,Excedido,"BCH12          ",BCH12 - BACHA DE APOYAR BLANCA 460x320x140,1,0,10/01/2026 14:09:17,SAN-16-9-1,194,0
25097505,10/01/2026 14:08:00,10/01/2026 14:13:00,3,Preparacion,Kevin Arce,7636,CARRO MULTIPLE 9,CARRO MULTIPLE 9,00:05:43,00:04:55,343,295,En Tiempo,3,2,0,00:06:02,362,Excedido,"BCH12          ",BCH12 - BACHA DE APOYAR BLANCA 460x320x140,1,0,10/01/2026 14:09:40,SAN-16-9-1,194,23
25097505,10/01/2026 14:08:00,10/01/2026 14:13:00,3,Preparacion,Kevin Arce,7636,CARRO MULTIPLE 9,CARRO MULTIPLE 9,00:05:43,00:04:55,343,295,En Tiempo,3,2,0,00:06:02,362,Excedido,"INO104V-2      ","DEPOSITO C/DESCARGA DUAL BLANCO LINEA STONE L-2024                    ",1,0,10/01/2026 14:12:48,ALM-31-24-3,9999,188
25097755,10/01/2026 14:13:00,10/01/2026 14:17:00,1,Reposicion,Emmanuel Trias,6413,CARRO MULTIPLE 9,APILADORA,00:08:58,00:04:30,538,270,En Tiempo,50,1,0,00:00:00,0,Logico,"RA773C         ",RA773C - CAMPANA C/BUJE ARES/BEDIA/MURCIA,50,0,10/01/2026 14:17:05,IMP-20-31-2,,0
25098053,10/01/2026 14:17:00,10/01/2026 14:45:00,2,Preparacion,Kevin Arce,7636,CARRO MULTIPLE 6,CARRO MULTIPLE 6,00:25:00,00:28:34,1500,1714,Fuera de Tiempo,37,10,0,00:03:53,233,Logico,"AB-001         ",AB-001 - AGARRADERA ACERO INOX CROMADO 30 CM SAFE,10,0,10/01/2026 14:20:53,IMP-5-12-1,12,0
25098053,10/01/2026 14:17:00,10/01/2026 14:45:00,2,Preparacion,Kevin Arce,7636,CARRO MULTIPLE 6,CARRO MULTIPLE 6,00:25:00,00:28:34,1500,1714,Fuera de Tiempo,37,10,0,00:03:53,233,Logico,"80-193         ",80-193 - DUCHA EMB. C/TRANSF. MONOCOMANDO MORA,3,0,10/01/2026 14:23:05,IMP-10-13-1,96,132
25098053,10/01/2026 14:17:00,10/01/2026 14:45:00,2,Preparacion,Kevin Arce,7636,CARRO MULTIPLE 6,CARRO MULTIPLE 6,00:25:00,00:28:34,1500,1714,Fuera de Tiempo,37,10,0,00:03:53,233,Logico,"84-203         ","DUCHA EXT C/COLUMNA Y TRANSF CR ADRA                                  ",2,0,10/01/2026 14:25:30,IMP-11-6-1,115,145
25098053,10/01/2026 14:17:00,10/01/2026 14:45:00,2,Preparacion,Kevin Arce,7636,CARRO MULTIPLE 6,CARRO MULTIPLE 6,00:25:00,00:28:34,1500,1714,Fuera de Tiempo,37,10,0,00:03:53,233,Logico,"60-180         ",60-180 - LAVATORIO MONOCOMANDO BAJO VERA,3,0,10/01/2026 14:27:30,IMP-11-18-1,127,120
25098053,10/01/2026 14:17:00,10/01/2026 14:45:00,2,Preparacion,Kevin Arce,7636,CARRO MULTIPLE 6,CARRO MULTIPLE 6,00:25:00,00:28:34,1500,1714,Fuera de Tiempo,37,10,0,00:03:53,233,Logico,"60-193         ",60-193 - LAVATORIO MONOCOMANDO BAJO MORA,5,0,10/01/2026 14:30:24,IMP-13-17-1,166,174
25098053,10/01/2026 14:17:00,10/01/2026 14:45:00,2,Preparacion,Kevin Arce,7636,CARRO MULTIPLE 6,CARRO MULTIPLE 6,00:25:00,00:28:34,1500,1714,Fuera de Tiempo,37,10,0,00:03:53,233,Logico,"3006           ",3006 - SET DE 6 PIEZAS LINEA 3000,3,0,10/01/2026 14:32:38,IMP-13-13-1,162,134
25098053,10/01/2026 14:17:00,10/01/2026 14:45:00,2,Preparacion,Kevin Arce,7636,CARRO MULTIPLE 6,CARRO MULTIPLE 6,00:25:00,00:28:34,1500,1714,Fuera de Tiempo,37,10,0,00:03:53,233,Logico,"10005BL        ","SET DE 5 PIEZAS LINEA 10000 BLACK                                     ",2,0,10/01/2026 14:34:57,IMP-13-19-1,168,139
25098053,10/01/2026 14:17:00,10/01/2026 14:45:00,2,Preparacion,Kevin Arce,7636,CARRO MULTIPLE 6,CARRO MULTIPLE 6,00:25:00,00:28:34,1500,1714,Fuera de Tiempo,37,10,0,00:03:53,233,Logico,"8006           ",8006 - SET DE 6 PIEZAS LINEA 8000,2,0,10/01/2026 14:38:33,IMP-12-7-1,143,216
25098053,10/01/2026 14:17:00,10/01/2026 14:45:00,2,Preparacion,Kevin Arce,7636,CARRO MULTIPLE 6,CARRO MULTIPLE 6,00:25:00,00:28:34,1500,1714,Fuera de Tiempo,37,10,0,00:03:53,233,Logico,"16006BL        ",16006BL - SET 6 PIEZAS ACCESORIOS LINEA 16000 BLACK,6,0,10/01/2026 14:42:49,IMP-12-2-1,148,256
25098053,10/01/2026 14:17:00,10/01/2026 14:45:00,2,Preparacion,Kevin Arce,7636,CARRO MULTIPLE 6,CARRO MULTIPLE 6,00:25:00,00:28:34,1500,1714,Fuera de Tiempo,37,10,0,00:03:53,233,Logico,"80-180         ",80-180 - DUCHA EMB. C/TRANSF. MONOCOMANDO VERA,1,0,10/01/2026 14:45:15,IMP-15-10-1,190,146
25098079,10/01/2026 14:17:00,10/01/2026 14:21:00,1,Reposicion,Emmanuel Trias,6413,MULTIPALLET,APILADORA,00:14:29,00:03:45,869,225,En Tiempo,200,1,0,00:00:03,3,Logico,"60-162         ",60-162 - LAVATORIO CR C.CERAM LINEA ADRA,200,0,10/01/2026 14:20:53,NAC-19-12-1,,0
25098113,10/01/2026 14:18:00,10/01/2026 14:24:00,3,Preparacion,Javier Lescano,6867,CARRO MULTIPLE 9,CARRO MULTIPLE 9,00:09:13,00:06:24,553,384,En Tiempo,8,4,0,00:01:46,106,Logico,"60-162         ",60-162 - LAVATORIO CR C.CERAM LINEA ADRA,1,0,10/01/2026 14:20:09,NAC-19-12-1,491,0
25098113,10/01/2026 14:18:00,10/01/2026 14:24:00,3,Preparacion,Javier Lescano,6867,CARRO MULTIPLE 9,CARRO MULTIPLE 9,00:09:13,00:06:24,553,384,En Tiempo,8,4,0,00:01:46,106,Logico,"80-058         ",80-058 - DUCHA EMB. C/TRANSF. CR C.STD MALBA,4,0,10/01/2026 14:21:19,NAC-18-14-2,501,70
25098113,10/01/2026 14:18:00,10/01/2026 14:24:00,3,Preparacion,Javier Lescano,6867,CARRO MULTIPLE 9,CARRO MULTIPLE 9,00:09:13,00:06:24,553,384,En Tiempo,8,4,0,00:01:46,106,Logico,"62-199N        ",62-199N - LAVATORIO DE PARED BLACK C.CERAM LIVE,1,0,10/01/2026 14:22:25,NAC-17-17-2,515,66
25098113,10/01/2026 14:18:00,10/01/2026 14:24:00,3,Preparacion,Javier Lescano,6867,CARRO MULTIPLE 9,CARRO MULTIPLE 9,00:09:13,00:06:24,553,384,En Tiempo,8,4,0,00:01:46,106,Logico,"61-203         ",61-203 - LAVATORIO MONOCOMANDO ALTO ADRA,1,0,10/01/2026 14:23:48,NAC-15-20-1,530,83
25098113,10/01/2026 14:18:00,10/01/2026 14:24:00,3,Preparacion,Javier Lescano,6867,CARRO MULTIPLE 9,CARRO MULTIPLE 9,00:09:13,00:06:24,553,384,En Tiempo,8,4,0,00:01:46,106,Logico,"61-203         ",61-203 - LAVATORIO MONOCOMANDO ALTO ADRA,1,0,10/01/2026 14:24:24,NAC-15-20-1,530,36
25098672,10/01/2026 14:28:00,10/01/2026 14:57:00,9,Preparacion,Alejandro Dure,6866,CARRO MULTIPLE 9,CARRO MULTIPLE 9,00:39:13,00:29:23,2353,1763,En Tiempo,122,23,0,00:00:00,0,Logico,"13020          ","TOALLERO DE ARO LINEA 13000                                           ",1,0,10/01/2026 14:32:26,IMP-5-14-1,14,0
25098672,10/01/2026 14:28:00,10/01/2026 14:57:00,9,Preparacion,Alejandro Dure,6866,CARRO MULTIPLE 9,CARRO MULTIPLE 9,00:39:13,00:29:23,2353,1763,En Tiempo,122,23,0,00:00:00,0,Logico,"13040          ","PORTA ROLLO LINEA 13000                                               ",1,0,10/01/2026 14:33:52,IMP-5-15-1,15,86
25098672,10/01/2026 14:28:00,10/01/2026 14:57:00,9,Preparacion,Alejandro Dure,6866,CARRO MULTIPLE 9,CARRO MULTIPLE 9,00:39:13,00:29:23,2353,1763,En Tiempo,122,23,0,00:00:00,0,Logico,"60-168N        ",60-168N - LAVATORIO MONOC BAJO BLACK WAVE,2,0,10/01/2026 14:36:04,IMP-9-14-1,83,132
25098672,10/01/2026 14:28:00,10/01/2026 14:57:00,9,Preparacion,Alejandro Dure,6866,CARRO MULTIPLE 9,CARRO MULTIPLE 9,00:39:13,00:29:23,2353,1763,En Tiempo,122,23,0,00:00:00,0,Logico,"60-168         ",60-168 - LAVATORIO MONOC BAJO CR WAVE,1,0,10/01/2026 14:36:51,IMP-10-14-1,95,47
25098672,10/01/2026 14:28:00,10/01/2026 14:57:00,9,Preparacion,Alejandro Dure,6866,CARRO MULTIPLE 9,CARRO MULTIPLE 9,00:39:13,00:29:23,2353,1763,En Tiempo,122,23,0,00:00:00,0,Logico,"03-010         ","LAVATORIO ALTO TEMPORIZADO TECNO                                      ",14,0,10/01/2026 14:38:03,IMP-10-4-1,106,72
25098672,10/01/2026 14:28:00,10/01/2026 14:57:00,9,Preparacion,Alejandro Dure,6866,CARRO MULTIPLE 9,CARRO MULTIPLE 9,00:39:13,00:29:23,2353,1763,En Tiempo,122,23,0,00:00:00,0,Logico,"20-182         ",20-182 - MONOCOMANDO DE COCINA MULTIFUNCION CR ZENITH,2,0,10/01/2026 14:38:58,IMP-11-3-1,112,55
25098672,10/01/2026 14:28:00,10/01/2026 14:57:00,9,Preparacion,Alejandro Dure,6866,CARRO MULTIPLE 9,CARRO MULTIPLE 9,00:39:13,00:29:23,2353,1763,En Tiempo,122,23,0,00:00:00,0,Logico,"60-176N        ","LAVATORIO MONOCOMANDO BAJO BLACK RIO                                  ",4,0,10/01/2026 14:40:29,IMP-11-13-1,122,91
25098672,10/01/2026 14:28:00,10/01/2026 14:57:00,9,Preparacion,Alejandro Dure,6866,CARRO MULTIPLE 9,CARRO MULTIPLE 9,00:39:13,00:29:23,2353,1763,En Tiempo,122,23,0,00:00:00,0,Logico,"61-176N        ",61-176N - LAVATORIO MONOC ALTO BLACK RIO,12,0,10/01/2026 14:41:02,IMP-11-13-1,122,33
25098672,10/01/2026 14:28:00,10/01/2026 14:57:00,9,Preparacion,Alejandro Dure,6866,CARRO MULTIPLE 9,CARRO MULTIPLE 9,00:39:13,00:29:23,2353,1763,En Tiempo,122,23,0,00:00:00,0,Logico,"18030          ",18030 - PERCHA NIQUEL LINEA BEAT,2,0,10/01/2026 14:41:58,IMP-11-16-1,125,56
25098672,10/01/2026 14:28:00,10/01/2026 14:57:00,9,Preparacion,Alejandro Dure,6866,CARRO MULTIPLE 9,CARRO MULTIPLE 9,00:39:13,00:29:23,2353,1763,En Tiempo,122,23,0,00:00:00,0,Logico,"18030          ",18030 - PERCHA NIQUEL LINEA BEAT,1,0,10/01/2026 14:42:33,IMP-11-16-1,125,35
25098672,10/01/2026 14:28:00,10/01/2026 14:57:00,9,Preparacion,Alejandro Dure,6866,CARRO MULTIPLE 9,CARRO MULTIPLE 9,00:39:13,00:29:23,2353,1763,En Tiempo,122,23,0,00:00:00,0,Logico,"60-180         ",60-180 - LAVATORIO MONOCOMANDO BAJO VERA,3,0,10/01/2026 14:43:26,IMP-11-18-1,127,53
25098672,10/01/2026 14:28:00,10/01/2026 14:57:00,9,Preparacion,Alejandro Dure,6866,CARRO MULTIPLE 9,CARRO MULTIPLE 9,00:39:13,00:29:23,2353,1763,En Tiempo,122,23,0,00:00:00,0,Logico,"20-100G        ",20-100G - MONOCOMANDO DE COCINA FABRIC GOLD,1,0,10/01/2026 14:44:23,IMP-12-20-1,130,57
25098672,10/01/2026 14:28:00,10/01/2026 14:57:00,9,Preparacion,Alejandro Dure,6866,CARRO MULTIPLE 9,CARRO MULTIPLE 9,00:39:13,00:29:23,2353,1763,En Tiempo,122,23,0,00:00:00,0,Logico,"10005BL        ","SET DE 5 PIEZAS LINEA 10000 BLACK                                     ",2,0,10/01/2026 14:45:56,IMP-13-19-1,168,93
25098672,10/01/2026 14:28:00,10/01/2026 14:57:00,9,Preparacion,Alejandro Dure,6866,CARRO MULTIPLE 9,CARRO MULTIPLE 9,00:39:13,00:29:23,2353,1763,En Tiempo,122,23,0,00:00:00,0,Logico,"10005CR        ","SET DE 5 PIEZAS LINEA 10000 MINIMALISTA                               ",2,0,10/01/2026 14:47:24,IMP-13-18-1,167,88
25098672,10/01/2026 14:28:00,10/01/2026 14:57:00,9,Preparacion,Alejandro Dure,6866,CARRO MULTIPLE 9,CARRO MULTIPLE 9,00:39:13,00:29:23,2353,1763,En Tiempo,122,23,0,00:00:00,0,Logico,"16006          ",16006 - SET 6 PIEZAS ACCESORIOS LINEA 16000,3,0,10/01/2026 14:49:52,IMP-15-8-1,188,148
25098672,10/01/2026 14:28:00,10/01/2026 14:57:00,9,Preparacion,Alejandro Dure,6866,CARRO MULTIPLE 9,CARRO MULTIPLE 9,00:39:13,00:29:23,2353,1763,En Tiempo,122,23,0,00:00:00,0,Logico,"13006          ","SET DE 6 PIEZAS LINEA 13000                                           ",2,0,10/01/2026 14:50:19,IMP-15-7-1,187,27
25098672,10/01/2026 14:28:00,10/01/2026 14:57:00,9,Preparacion,Alejandro Dure,6866,CARRO MULTIPLE 9,CARRO MULTIPLE 9,00:39:13,00:29:23,2353,1763,En Tiempo,122,23,0,00:00:00,0,Logico,"17040C         ",17040C - PORTA ROLLO LINEA FABRIC CROMO,25,0,10/01/2026 14:52:11,IMP-14-7-1,174,112
25098672,10/01/2026 14:28:00,10/01/2026 14:57:00,9,Preparacion,Alejandro Dure,6866,CARRO MULTIPLE 9,CARRO MULTIPLE 9,00:39:13,00:29:23,2353,1763,En Tiempo,122,23,0,00:00:00,0,Logico,"17030C         ",17030C - PERCHA LINEA FABRIC CROMO,33,0,10/01/2026 14:53:53,IMP-14-2-1,179,102
25098672,10/01/2026 14:28:00,10/01/2026 14:57:00,9,Preparacion,Alejandro Dure,6866,CARRO MULTIPLE 9,CARRO MULTIPLE 9,00:39:13,00:29:23,2353,1763,En Tiempo,122,23,0,00:00:00,0,Logico,"17020C         ",17020C - TOALLERO DE ARO LINEA FABRIC CROMO,2,0,10/01/2026 14:54:28,IMP-14-1-1,180,35
25098672,10/01/2026 14:28:00,10/01/2026 14:57:00,9,Preparacion,Alejandro Dure,6866,CARRO MULTIPLE 9,CARRO MULTIPLE 9,00:39:13,00:29:23,2353,1763,En Tiempo,122,23,0,00:00:00,0,Logico,"17010C         ",17010C - TOALLERO BARRAL LINEA FABRIC CROMO,1,0,10/01/2026 14:54:46,IMP-14-1-1,180,18
25098672,10/01/2026 14:28:00,10/01/2026 14:57:00,9,Preparacion,Alejandro Dure,6866,CARRO MULTIPLE 9,CARRO MULTIPLE 9,00:39:13,00:29:23,2353,1763,En Tiempo,122,23,0,00:00:00,0,Logico,"RA1051         ",RA1051 - VOLANTE TRANSFERENCIA MALLORCA,1,0,10/01/2026 14:55:51,IMP-20-13-4,64,65
25098672,10/01/2026 14:28:00,10/01/2026 14:57:00,9,Preparacion,Alejandro Dure,6866,CARRO MULTIPLE 9,CARRO MULTIPLE 9,00:39:13,00:29:23,2353,1763,En Tiempo,122,23,0,00:00:00,0,Logico,"RA5041         ",RA5041 - VOLANTE RENACER COMPLETO,2,0,10/01/2026 14:56:14,IMP-20-27-4,134,23
25098672,10/01/2026 14:28:00,10/01/2026 14:57:00,9,Preparacion,Alejandro Dure,6866,CARRO MULTIPLE 9,CARRO MULTIPLE 9,00:39:13,00:29:23,2353,1763,En Tiempo,122,23,0,00:00:00,0,Logico,"RA967          ",RA967 - CAMPANA VALENCIA - MALLORCA,3,0,10/01/2026 14:56:41,IMP-20-29-2,142,27
25098672,10/01/2026 14:28:00,10/01/2026 14:57:00,9,Preparacion,Alejandro Dure,6866,CARRO MULTIPLE 9,CARRO MULTIPLE 9,00:39:13,00:29:23,2353,1763,En Tiempo,122,23,0,00:00:00,0,Logico,"RA1050         ",RA1050 - VOLANTE MALLORCA STD.,2,0,10/01/2026 14:57:07,IMP-20-34-1,166,26
25098698,10/01/2026 14:28:00,10/01/2026 15:00:00,4,Preparacion,Javier Lescano,6867,CARRO MULTIPLE 9,CARRO MULTIPLE 9,00:28:32,00:31:25,1712,1885,Fuera de Tiempo,36,19,0,00:00:00,0,Logico,"62-199B        ",62-199B - LAVATORIO DE PARED WHITE C.CERAM LIVE,5,0,10/01/2026 14:34:40,NAC-14-14-1,568,0
25098698,10/01/2026 14:28:00,10/01/2026 15:00:00,4,Preparacion,Javier Lescano,6867,CARRO MULTIPLE 9,CARRO MULTIPLE 9,00:28:32,00:31:25,1712,1885,Fuera de Tiempo,36,19,0,00:00:00,0,Logico,"85-168         ",85-168 - DUCHA MONOC C/TRANSF Y DUCHADOR CR WAVE,3,0,10/01/2026 14:36:07,NAC-14-16-1,572,87
25098698,10/01/2026 14:28:00,10/01/2026 15:00:00,4,Preparacion,Javier Lescano,6867,CARRO MULTIPLE 9,CARRO MULTIPLE 9,00:28:32,00:31:25,1712,1885,Fuera de Tiempo,36,19,0,00:00:00,0,Logico,"80-168         ",80-168 - DUCHA EMB C/TRANSF MONOC CR WAVE,1,0,10/01/2026 14:36:36,NAC-14-16-1,572,29
25098698,10/01/2026 14:28:00,10/01/2026 15:00:00,4,Preparacion,Javier Lescano,6867,CARRO MULTIPLE 9,CARRO MULTIPLE 9,00:28:32,00:31:25,1712,1885,Fuera de Tiempo,36,19,0,00:00:00,0,Logico,"309            ","BIDE LAZA                                                             ",2,0,10/01/2026 14:38:50,NAC-15-17-1,542,134
25098698,10/01/2026 14:28:00,10/01/2026 15:00:00,4,Preparacion,Javier Lescano,6867,CARRO MULTIPLE 9,CARRO MULTIPLE 9,00:28:32,00:31:25,1712,1885,Fuera de Tiempo,36,19,0,00:00:00,0,Logico,"70-190         ",70-190 - BIDE C.CERAM BLACK VELVET,3,0,10/01/2026 14:39:38,NAC-15-18-1,538,48
25098698,10/01/2026 14:28:00,10/01/2026 15:00:00,4,Preparacion,Javier Lescano,6867,CARRO MULTIPLE 9,CARRO MULTIPLE 9,00:28:32,00:31:25,1712,1885,Fuera de Tiempo,36,19,0,00:00:00,0,Logico,"80-190P        ",80-190P - DUCHA EMB. C/TRANSF. C.CERAM BLACK VELVET PLUS,1,0,10/01/2026 14:40:14,NAC-15-18-1,538,36
25098698,10/01/2026 14:28:00,10/01/2026 15:00:00,4,Preparacion,Javier Lescano,6867,CARRO MULTIPLE 9,CARRO MULTIPLE 9,00:28:32,00:31:25,1712,1885,Fuera de Tiempo,36,19,0,00:00:00,0,Logico,"60-203         ",60-203 - LAVATORIO MONOCOMANDO BAJO ADRA,2,0,10/01/2026 14:41:33,NAC-15-20-1,530,79
25098698,10/01/2026 14:28:00,10/01/2026 15:00:00,4,Preparacion,Javier Lescano,6867,CARRO MULTIPLE 9,CARRO MULTIPLE 9,00:28:32,00:31:25,1712,1885,Fuera de Tiempo,36,19,0,00:00:00,0,Logico,"61-203         ",61-203 - LAVATORIO MONOCOMANDO ALTO ADRA,1,0,10/01/2026 14:42:12,NAC-15-20-1,530,39
25098698,10/01/2026 14:28:00,10/01/2026 15:00:00,4,Preparacion,Javier Lescano,6867,CARRO MULTIPLE 9,CARRO MULTIPLE 9,00:28:32,00:31:25,1712,1885,Fuera de Tiempo,36,19,0,00:00:00,0,Logico,"70-100G        ",70-100G - BIDE GOLD C.CERAM FABRIC,1,0,10/01/2026 14:43:44,NAC-16-16-1,544,92
25098698,10/01/2026 14:28:00,10/01/2026 15:00:00,4,Preparacion,Javier Lescano,6867,CARRO MULTIPLE 9,CARRO MULTIPLE 9,00:28:32,00:31:25,1712,1885,Fuera de Tiempo,36,19,0,00:00:00,0,Logico,"60-100N        ",60-100N - LAVATORIO BLACK C.CERAM FABRIC,1,0,10/01/2026 14:44:54,NAC-16-16-2,545,70
25098698,10/01/2026 14:28:00,10/01/2026 15:00:00,4,Preparacion,Javier Lescano,6867,CARRO MULTIPLE 9,CARRO MULTIPLE 9,00:28:32,00:31:25,1712,1885,Fuera de Tiempo,36,19,0,00:00:00,0,Logico,"70-100N        ",70-100N - BIDE BLACK C.CERAM FABRIC,1,0,10/01/2026 14:45:20,NAC-16-16-2,545,26
25098698,10/01/2026 14:28:00,10/01/2026 15:00:00,4,Preparacion,Javier Lescano,6867,CARRO MULTIPLE 9,CARRO MULTIPLE 9,00:28:32,00:31:25,1712,1885,Fuera de Tiempo,36,19,0,00:00:00,0,Logico,"70-201NI       ",70-201NI - BIDE CR C.CERAM BEAT NICKEL,1,0,10/01/2026 14:47:22,NAC-17-20-1,526,122
25098698,10/01/2026 14:28:00,10/01/2026 15:00:00,4,Preparacion,Javier Lescano,6867,CARRO MULTIPLE 9,CARRO MULTIPLE 9,00:28:32,00:31:25,1712,1885,Fuera de Tiempo,36,19,0,00:00:00,0,Logico,"60-201NI       ",60-201NI - LAVATORIO C.CERAM BEAT NICKEL,2,0,10/01/2026 14:48:08,NAC-17-20-1,526,46
25098698,10/01/2026 14:28:00,10/01/2026 15:00:00,4,Preparacion,Javier Lescano,6867,CARRO MULTIPLE 9,CARRO MULTIPLE 9,00:28:32,00:31:25,1712,1885,Fuera de Tiempo,36,19,0,00:00:00,0,Logico,"70-199         ",70-199 - BIDE CR C.CERAM LIVE,1,0,10/01/2026 14:49:21,NAC-17-18-1,518,73
25098698,10/01/2026 14:28:00,10/01/2026 15:00:00,4,Preparacion,Javier Lescano,6867,CARRO MULTIPLE 9,CARRO MULTIPLE 9,00:28:32,00:31:25,1712,1885,Fuera de Tiempo,36,19,0,00:00:00,0,Logico,"70-100NI       ",70-100NI - BIDE NICKEL C.CERAM FABRIC,2,0,10/01/2026 14:50:50,NAC-18-17-1,513,89
25098698,10/01/2026 14:28:00,10/01/2026 15:00:00,4,Preparacion,Javier Lescano,6867,CARRO MULTIPLE 9,CARRO MULTIPLE 9,00:28:32,00:31:25,1712,1885,Fuera de Tiempo,36,19,0,00:00:00,0,Logico,"70-058         ",70-058 - BIDE CR C.STD MALBA,2,0,10/01/2026 14:51:50,NAC-18-14-2,501,60
25098698,10/01/2026 14:28:00,10/01/2026 15:00:00,4,Preparacion,Javier Lescano,6867,CARRO MULTIPLE 9,CARRO MULTIPLE 9,00:28:32,00:31:25,1712,1885,Fuera de Tiempo,36,19,0,00:00:00,0,Logico,"80-168N        ",80-168N - DUCHA EMB C/TRANSF MONOC BLACK WAVE,1,0,10/01/2026 14:54:05,NAC-18-1-1,9999,135
25098698,10/01/2026 14:28:00,10/01/2026 15:00:00,4,Preparacion,Javier Lescano,6867,CARRO MULTIPLE 9,CARRO MULTIPLE 9,00:28:32,00:31:25,1712,1885,Fuera de Tiempo,36,19,0,00:00:00,0,Logico,"80-010         ",80-010 - DUCHA EMB. C/TRANSF. BL/CR LORCA,4,0,10/01/2026 14:57:33,NAC-19-14-1,487,208
25098698,10/01/2026 14:28:00,10/01/2026 15:00:00,4,Preparacion,Javier Lescano,6867,CARRO MULTIPLE 9,CARRO MULTIPLE 9,00:28:32,00:31:25,1712,1885,Fuera de Tiempo,36,19,0,00:00:00,0,Logico,"51-010         ",51-010 - COCINA MESADA BL/CR LORCA,2,0,10/01/2026 14:59:46,NAC-19-16-2,482,133
25098803,10/01/2026 14:31:00,10/01/2026 14:51:00,1,Preparacion,Franco Potenza,6922,APILADORA,APILADORA,00:37:38,00:20:39,2258,1239,En Tiempo,33,11,0,00:00:00,0,Logico,"BCH02          ",BCH02 - BACHA DE APOYAR CIRCULAR 1 AG. 415x145,2,0,10/01/2026 14:33:10,SAN-17-10-1,212,0
25098803,10/01/2026 14:31:00,10/01/2026 14:51:00,1,Preparacion,Franco Potenza,6922,APILADORA,APILADORA,00:37:38,00:20:39,2258,1239,En Tiempo,33,11,0,00:00:00,0,Logico,"BCH19          ","BACHA DE APOYAR BLANCA 365x235x120                                    ",4,0,10/01/2026 14:33:47,SAN-17-9-1,211,37
25098803,10/01/2026 14:31:00,10/01/2026 14:51:00,1,Preparacion,Franco Potenza,6922,APILADORA,APILADORA,00:37:38,00:20:39,2258,1239,En Tiempo,33,11,0,00:00:00,0,Logico,"BAI01NI        ",BAI01NI - BACHA EMB COCINA C/ACCESORIOS 750x450x220 NICKEL BRUSHED,2,0,10/01/2026 14:34:12,SAN-17-7-1,209,25
25098803,10/01/2026 14:31:00,10/01/2026 14:51:00,1,Preparacion,Franco Potenza,6922,APILADORA,APILADORA,00:37:38,00:20:39,2258,1239,En Tiempo,33,11,0,00:00:00,0,Logico,"BAI01N         ",BAI01N - BACHA EMB COCINA C/ACCESORIOS 750x450x220 BLACK GUN BRUSHED,1,0,10/01/2026 14:34:35,SAN-17-6-1,208,23
25098803,10/01/2026 14:31:00,10/01/2026 14:51:00,1,Preparacion,Franco Potenza,6922,APILADORA,APILADORA,00:37:38,00:20:39,2258,1239,En Tiempo,33,11,0,00:00:00,0,Logico,"BCH16          ",BCH16 - BACHA DE APOYAR BLANCA 610x457x254 C/DESAGOTE Y REJILLA,1,0,10/01/2026 14:34:50,SAN-17-5-1,207,15
25098803,10/01/2026 14:31:00,10/01/2026 14:51:00,1,Preparacion,Franco Potenza,6922,APILADORA,APILADORA,00:37:38,00:20:39,2258,1239,En Tiempo,33,11,0,00:00:00,0,Logico,"BCH23          ","BACHA DE APOYAR CIRCULAR BLANCA 310x110                               ",2,0,10/01/2026 14:37:48,SAN-16-1-1,202,178
25098803,10/01/2026 14:31:00,10/01/2026 14:51:00,1,Preparacion,Franco Potenza,6922,APILADORA,APILADORA,00:37:38,00:20:39,2258,1239,En Tiempo,33,11,0,00:00:00,0,Logico,"BCH22          ","BACHA DE APOYAR BLANCA 450x290x110                                    ",2,0,10/01/2026 14:38:03,SAN-16-1-1,202,15
25098803,10/01/2026 14:31:00,10/01/2026 14:51:00,1,Preparacion,Franco Potenza,6922,APILADORA,APILADORA,00:37:38,00:20:39,2258,1239,En Tiempo,33,11,0,00:00:00,0,Logico,"BCH01          ",BCH01 - BACHA DE APOYAR CIRCULAR 320x145,5,0,10/01/2026 14:39:02,SAN-16-8-1,195,59
25098803,10/01/2026 14:31:00,10/01/2026 14:51:00,1,Preparacion,Franco Potenza,6922,APILADORA,APILADORA,00:37:38,00:20:39,2258,1239,En Tiempo,33,11,0,00:00:00,0,Logico,"BCH12          ",BCH12 - BACHA DE APOYAR BLANCA 460x320x140,4,0,10/01/2026 14:39:43,SAN-16-9-1,194,41
25098803,10/01/2026 14:31:00,10/01/2026 14:51:00,1,Preparacion,Franco Potenza,6922,APILADORA,APILADORA,00:37:38,00:20:39,2258,1239,En Tiempo,33,11,0,00:00:00,0,Logico,"BCH07          ",BCH07 - BACHA DE APOYAR OVALADA 400x330x150,5,0,10/01/2026 14:42:54,SAN-16-10-1,193,191
25098803,10/01/2026 14:31:00,10/01/2026 14:51:00,1,Preparacion,Franco Potenza,6922,APILADORA,APILADORA,00:37:38,00:20:39,2258,1239,En Tiempo,33,11,0,00:00:00,0,Logico,"BCH16          ",BCH16 - BACHA DE APOYAR BLANCA 610x457x254 C/DESAGOTE Y REJILLA,3,0,10/01/2026 14:44:09,SAN-17-5-1,207,75
25098803,10/01/2026 14:31:00,10/01/2026 14:51:00,1,Preparacion,Franco Potenza,6922,APILADORA,APILADORA,00:37:38,00:20:39,2258,1239,En Tiempo,33,11,0,00:00:00,0,Logico,"BCH17          ",BCH17 - BACHA DE APOYAR BLANCA 838x457x254 C/DESAGOTE Y REJILLA,2,0,10/01/2026 14:51:11,ALM-30-4-3,9999,422
25099179,10/01/2026 14:37:00,10/01/2026 14:41:00,1,Reposicion,Emmanuel Trias,6413,MULTIPALLET,APILADORA,00:11:42,00:03:37,702,217,En Tiempo,6,1,0,00:16:29,989,Excedido,"BCH16          ",BCH16 - BACHA DE APOYAR BLANCA 610x457x254 C/DESAGOTE Y REJILLA,6,0,10/01/2026 14:40:59,SAN-17-5-1,,0
25099420,10/01/2026 14:41:00,10/01/2026 14:44:00,1,Reposicion,Emmanuel Trias,6413,MULTIPALLET,APILADORA,00:13:40,00:03:05,820,185,En Tiempo,80,1,0,00:00:04,4,Logico,"61-203N        ","LAVATORIO MONOCOMANDO ALTO ADRA BLACK                                 ",80,0,10/01/2026 14:44:08,NAC-15-19-2,,0
25099750,10/01/2026 14:46:00,10/01/2026 14:50:00,1,Reposicion,Emmanuel Trias,6413,MULTIPALLET,APILADORA,00:14:29,00:03:32,869,212,En Tiempo,200,1,0,00:01:54,114,Logico,"70-045         ",70-045 - BIDE CROMO C.STD CRUZ,200,0,10/01/2026 14:49:34,NAC-15-15-2,,0
25100222,10/01/2026 14:53:00,10/01/2026 14:58:00,1,Reposicion,Emmanuel Trias,6413,APILADORA,APILADORA,00:10:40,00:04:05,640,245,En Tiempo,12,1,0,00:03:54,234,Logico,"BAI01NI        ",BAI01NI - BACHA EMB COCINA C/ACCESORIOS 750x450x220 NICKEL BRUSHED,12,0,10/01/2026 14:57:33,SAN-17-7-1,,0
25100473,10/01/2026 14:58:00,10/01/2026 15:04:00,1,Reposicion,Emmanuel Trias,6413,MULTIPALLET,APILADORA,00:13:40,00:06:12,820,372,En Tiempo,80,1,0,00:00:00,0,Logico,"61-203         ",61-203 - LAVATORIO MONOCOMANDO ALTO ADRA,80,0,10/01/2026 15:03:49,NAC-15-20-1,,0
25100528,10/01/2026 14:59:00,10/01/2026 15:05:00,1,Preparacion,Claudio Juarez,7839,CARRO MULTIPLE 3,CARRO MULTIPLE 3,00:05:27,00:05:59,327,359,Fuera de Tiempo,11,2,0,00:00:00,0,Logico,"70-168N        ",70-168N - BIDE MONOC BLACK WAVE,5,0,10/01/2026 15:03:32,IMP-14-10-1,171,0
25100528,10/01/2026 14:59:00,10/01/2026 15:05:00,1,Preparacion,Claudio Juarez,7839,CARRO MULTIPLE 3,CARRO MULTIPLE 3,00:05:27,00:05:59,327,359,Fuera de Tiempo,11,2,0,00:00:00,0,Logico,"30-132         ",30-132 - COCINA MESADA MONOC. C/DUCHADOR EXTENSIBLE VIGO,6,0,10/01/2026 15:04:46,IMP-9-12-1,81,74
25100877,10/01/2026 15:04:00,10/01/2026 15:11:00,1,Reposicion,Emmanuel Trias,6413,APILADORA,APILADORA,00:13:52,00:06:44,832,404,En Tiempo,150,1,0,00:00:02,2,Logico,"16006          ",16006 - SET 6 PIEZAS ACCESORIOS LINEA 16000,150,0,10/01/2026 15:10:35,IMP-15-8-1,,0
25101082,10/01/2026 15:08:00,10/01/2026 16:06:00,1,Preparacion,Javier Lescano,6867,MULTIPALLET,MULTIPALLET,00:44:24,00:58:15,2664,3495,Fuera de Tiempo,90,28,0,00:00:00,0,Logico,"A1452N         ",A1452N - CAÑO DE DUCHA RECTO 150 MM BLACK C/BLISTER,2,0,10/01/2026 15:12:15,IMP-6-20-1,1,0
25101082,10/01/2026 15:08:00,10/01/2026 16:06:00,1,Preparacion,Javier Lescano,6867,MULTIPALLET,MULTIPALLET,00:44:24,00:58:15,2664,3495,Fuera de Tiempo,90,28,0,00:00:00,0,Logico,"A1452G         ",A1452G - CAÑO DE DUCHA RECTO 150 MM GOLD C/BLISTER,2,0,10/01/2026 15:13:21,IMP-4-19-1,2,66
25101082,10/01/2026 15:08:00,10/01/2026 16:06:00,1,Preparacion,Javier Lescano,6867,MULTIPALLET,MULTIPALLET,00:44:24,00:58:15,2664,3495,Fuera de Tiempo,90,28,0,00:00:00,0,Logico,"A1452C         ",A1452C - CAÑO DE DUCHA RECTO 150 MM CROMO C/BLISTER,5,0,10/01/2026 15:15:21,IMP-8-15-1,55,120
25101082,10/01/2026 15:08:00,10/01/2026 16:06:00,1,Preparacion,Javier Lescano,6867,MULTIPALLET,MULTIPALLET,00:44:24,00:58:15,2664,3495,Fuera de Tiempo,90,28,0,00:00:00,0,Logico,"52-121         ",52-121 - GRIFERIA REBATIBLE P/LLENADO DE OLLAS MARBELLA,1,0,10/01/2026 15:17:53,IMP-9-15-1,84,152
25101082,10/01/2026 15:08:00,10/01/2026 16:06:00,1,Preparacion,Javier Lescano,6867,MULTIPALLET,MULTIPALLET,00:44:24,00:58:15,2664,3495,Fuera de Tiempo,90,28,0,00:00:00,0,Logico,"70-205         ",70-205 - BIDE MONOCOMANDO STEEL,1,0,10/01/2026 15:19:12,IMP-10-13-1,96,79
25101082,10/01/2026 15:08:00,10/01/2026 16:06:00,1,Preparacion,Javier Lescano,6867,MULTIPALLET,MULTIPALLET,00:44:24,00:58:15,2664,3495,Fuera de Tiempo,90,28,0,00:00:00,0,Logico,"61-205         ",61-205 - LAVATORIO MONOC ALTO STEEL,2,0,10/01/2026 15:19:57,IMP-10-12-1,97,45
25101082,10/01/2026 15:08:00,10/01/2026 16:06:00,1,Preparacion,Javier Lescano,6867,MULTIPALLET,MULTIPALLET,00:44:24,00:58:15,2664,3495,Fuera de Tiempo,90,28,0,00:00:00,0,Logico,"20-184         ","MONOCOMANDO DE COCINA CR SUV                                          ",10,0,10/01/2026 15:24:06,IMP-10-11-1,98,249
25101082,10/01/2026 15:08:00,10/01/2026 16:06:00,1,Preparacion,Javier Lescano,6867,MULTIPALLET,MULTIPALLET,00:44:24,00:58:15,2664,3495,Fuera de Tiempo,90,28,0,00:00:00,0,Logico,"80-205         ",80-205 - DUCHA EMB. C/TRANSF. MONOC STEEL,1,0,10/01/2026 15:29:19,IMP-11-7-1,116,313
25101082,10/01/2026 15:08:00,10/01/2026 16:06:00,1,Preparacion,Javier Lescano,6867,MULTIPALLET,MULTIPALLET,00:44:24,00:58:15,2664,3495,Fuera de Tiempo,90,28,0,00:00:00,0,Logico,"61-176N        ",61-176N - LAVATORIO MONOC ALTO BLACK RIO,2,0,10/01/2026 15:30:38,IMP-11-13-1,122,79
25101082,10/01/2026 15:08:00,10/01/2026 16:06:00,1,Preparacion,Javier Lescano,6867,MULTIPALLET,MULTIPALLET,00:44:24,00:58:15,2664,3495,Fuera de Tiempo,90,28,0,00:00:00,0,Logico,"80-176N        ",80-176N - DUCHA EMB C/TRANSF MONOC BLACK RIO,1,0,10/01/2026 15:31:29,IMP-11-14-1,123,51
25101082,10/01/2026 15:08:00,10/01/2026 16:06:00,1,Preparacion,Javier Lescano,6867,MULTIPALLET,MULTIPALLET,00:44:24,00:58:15,2664,3495,Fuera de Tiempo,90,28,0,00:00:00,0,Logico,"70-176N        ",70-176N - BIDE MONOC C/TRANSF BLACK RIO,1,0,10/01/2026 15:32:12,IMP-11-14-1,123,43
25101082,10/01/2026 15:08:00,10/01/2026 16:06:00,1,Preparacion,Javier Lescano,6867,MULTIPALLET,MULTIPALLET,00:44:24,00:58:15,2664,3495,Fuera de Tiempo,90,28,0,00:00:00,0,Logico,"80-176         ",80-176 - DUCHA EMB C/TRANSF MONOC CR RIO,3,0,10/01/2026 15:32:47,IMP-12-13-1,137,35
25101082,10/01/2026 15:08:00,10/01/2026 16:06:00,1,Preparacion,Javier Lescano,6867,MULTIPALLET,MULTIPALLET,00:44:24,00:58:15,2664,3495,Fuera de Tiempo,90,28,0,00:00:00,0,Logico,"70-176         ",70-176 - BIDE MONOC C/TRANSF CR RIO,5,0,10/01/2026 15:35:03,IMP-12-12-1,138,136
25101082,10/01/2026 15:08:00,10/01/2026 16:06:00,1,Preparacion,Javier Lescano,6867,MULTIPALLET,MULTIPALLET,00:44:24,00:58:15,2664,3495,Fuera de Tiempo,90,28,0,00:00:00,0,Logico,"61-176         ",61-176 - LAVATORIO MONOC ALTO CR RIO,10,0,10/01/2026 15:38:49,IMP-12-12-1,138,226
25101082,10/01/2026 15:08:00,10/01/2026 16:06:00,1,Preparacion,Javier Lescano,6867,MULTIPALLET,MULTIPALLET,00:44:24,00:58:15,2664,3495,Fuera de Tiempo,90,28,0,00:00:00,0,Logico,"20-147         ",20-147 - MONOCOMANDO DE COCINA SWIFT,10,0,10/01/2026 15:44:31,IMP-12-10-1,140,342
25101082,10/01/2026 15:08:00,10/01/2026 16:06:00,1,Preparacion,Javier Lescano,6867,MULTIPALLET,MULTIPALLET,00:44:24,00:58:15,2664,3495,Fuera de Tiempo,90,28,0,00:00:00,0,Logico,"20-122         ","MONOCOMANDO COCINA CR C/PICO EXTRAIBLE VALENCIA                       ",2,0,10/01/2026 15:46:05,IMP-12-9-1,141,94
25101082,10/01/2026 15:08:00,10/01/2026 16:06:00,1,Preparacion,Javier Lescano,6867,MULTIPALLET,MULTIPALLET,00:44:24,00:58:15,2664,3495,Fuera de Tiempo,90,28,0,00:00:00,0,Logico,"61-183         ","LAVATORIO MONOCOMANDO ALTO MAT                                        ",1,0,10/01/2026 15:47:41,IMP-13-4-1,153,96
25101082,10/01/2026 15:08:00,10/01/2026 16:06:00,1,Preparacion,Javier Lescano,6867,MULTIPALLET,MULTIPALLET,00:44:24,00:58:15,2664,3495,Fuera de Tiempo,90,28,0,00:00:00,0,Logico,"60-183         ","LAVATORIO MONOCOMANDO BAJO MAT                                        ",1,0,10/01/2026 15:48:18,IMP-13-5-1,154,37
25101082,10/01/2026 15:08:00,10/01/2026 16:06:00,1,Preparacion,Javier Lescano,6867,MULTIPALLET,MULTIPALLET,00:44:24,00:58:15,2664,3495,Fuera de Tiempo,90,28,0,00:00:00,0,Logico,"20-183         ","MONOCOMANDO DE COCINA MAT                                             ",2,0,10/01/2026 15:49:35,IMP-13-6-1,155,77
25101082,10/01/2026 15:08:00,10/01/2026 16:06:00,1,Preparacion,Javier Lescano,6867,MULTIPALLET,MULTIPALLET,00:44:24,00:58:15,2664,3495,Fuera de Tiempo,90,28,0,00:00:00,0,Logico,"63-183         ","LAVATORIO PARED EMB MONOCOMANDO MAT                                   ",1,0,10/01/2026 15:49:57,IMP-13-6-1,155,22
25101082,10/01/2026 15:08:00,10/01/2026 16:06:00,1,Preparacion,Javier Lescano,6867,MULTIPALLET,MULTIPALLET,00:44:24,00:58:15,2664,3495,Fuera de Tiempo,90,28,0,00:00:00,0,Logico,"20-146N        ",20-146N - MONOCOMANDO DE COCINA BLACK LINEA MOVE,6,0,10/01/2026 15:52:56,IMP-13-8-1,157,179
25101082,10/01/2026 15:08:00,10/01/2026 16:06:00,1,Preparacion,Javier Lescano,6867,MULTIPALLET,MULTIPALLET,00:44:24,00:58:15,2664,3495,Fuera de Tiempo,90,28,0,00:00:00,0,Logico,"20-146         ",20-146 - MONOCOMANDO DE COCINA CR LINEA MOVE,6,0,10/01/2026 15:55:29,IMP-13-9-1,158,153
25101082,10/01/2026 15:08:00,10/01/2026 16:06:00,1,Preparacion,Javier Lescano,6867,MULTIPALLET,MULTIPALLET,00:44:24,00:58:15,2664,3495,Fuera de Tiempo,90,28,0,00:00:00,0,Logico,"20-122S        ","MONOCOMANDO COCINA INOX C/PICO EXTRAIBLE VALENCIA                     ",2,0,10/01/2026 15:56:54,IMP-13-13-1,162,85
25101082,10/01/2026 15:08:00,10/01/2026 16:06:00,1,Preparacion,Javier Lescano,6867,MULTIPALLET,MULTIPALLET,00:44:24,00:58:15,2664,3495,Fuera de Tiempo,90,28,0,00:00:00,0,Logico,"80-203P        ",80-203P - DUCHA EMB C/TRANSF. MONOCOMANDO ADRA PLUS,2,0,10/01/2026 15:57:57,IMP-14-6-1,175,63
25101082,10/01/2026 15:08:00,10/01/2026 16:06:00,1,Preparacion,Javier Lescano,6867,MULTIPALLET,MULTIPALLET,00:44:24,00:58:15,2664,3495,Fuera de Tiempo,90,28,0,00:00:00,0,Logico,"70-203         ",70-203 - BIDE MONOCOMANDO ADRA,2,0,10/01/2026 15:59:30,IMP-14-5-1,176,93
25101082,10/01/2026 15:08:00,10/01/2026 16:06:00,1,Preparacion,Javier Lescano,6867,MULTIPALLET,MULTIPALLET,00:44:24,00:58:15,2664,3495,Fuera de Tiempo,90,28,0,00:00:00,0,Logico,"63-176         ","LAVATORIO PARED EMB MONOC CR RIO                                      ",2,0,10/01/2026 16:01:22,IMP-15-5-1,185,112
25101082,10/01/2026 15:08:00,10/01/2026 16:06:00,1,Preparacion,Javier Lescano,6867,MULTIPALLET,MULTIPALLET,00:44:24,00:58:15,2664,3495,Fuera de Tiempo,90,28,0,00:00:00,0,Logico,"54-203         ","COCINA PARED EXT C.CERAM ADRA MONOCOMANDO                             ",2,0,10/01/2026 16:03:04,IMP-15-8-1,188,102
25101082,10/01/2026 15:08:00,10/01/2026 16:06:00,1,Preparacion,Javier Lescano,6867,MULTIPALLET,MULTIPALLET,00:44:24,00:58:15,2664,3495,Fuera de Tiempo,90,28,0,00:00:00,0,Logico,"20-134         ",20-134 - MONOCOMANDO COCINA BETIS,5,0,10/01/2026 16:06:17,IMP-15-9-1,189,193
25101490,10/01/2026 15:14:00,10/01/2026 15:18:00,1,Preparacion,Claudio Juarez,7839,CARRO MULTIPLE 9,CARRO MULTIPLE 9,00:02:42,00:03:04,162,184,Fuera de Tiempo,1,1,0,00:09:42,582,Excedido,"22-178         ",22-178 - MONOCOMANDO DE COCINA P/AGUA FILTRADA VITA,1,0,10/01/2026 15:17:32,IMP-13-16-1,165,0
25101756,10/01/2026 15:19:00,10/01/2026 15:34:00,1,Preparacion,Claudio Juarez,7839,CARRO MULTIPLE 6,CARRO MULTIPLE 6,00:25:33,00:15:34,1533,934,En Tiempo,42,14,0,00:01:19,79,Logico,"20-134         ",20-134 - MONOCOMANDO COCINA BETIS,8,0,10/01/2026 15:20:55,IMP-15-9-1,189,0
25101756,10/01/2026 15:19:00,10/01/2026 15:34:00,1,Preparacion,Claudio Juarez,7839,CARRO MULTIPLE 6,CARRO MULTIPLE 6,00:25:33,00:15:34,1533,934,En Tiempo,42,14,0,00:01:19,79,Logico,"20010DG        ",20010DG - TOALLERO BARRAL DARK GOLD LINEA PULSE,1,0,10/01/2026 15:21:38,IMP-14-2-1,179,43
25101756,10/01/2026 15:19:00,10/01/2026 15:34:00,1,Preparacion,Claudio Juarez,7839,CARRO MULTIPLE 6,CARRO MULTIPLE 6,00:25:33,00:15:34,1533,934,En Tiempo,42,14,0,00:01:19,79,Logico,"70-203         ",70-203 - BIDE MONOCOMANDO ADRA,2,0,10/01/2026 15:22:19,IMP-14-5-1,176,41
25101756,10/01/2026 15:19:00,10/01/2026 15:34:00,1,Preparacion,Claudio Juarez,7839,CARRO MULTIPLE 6,CARRO MULTIPLE 6,00:25:33,00:15:34,1533,934,En Tiempo,42,14,0,00:01:19,79,Logico,"83-133         ",83-133 - DUCHA EXT. C/TRANSF. MONOCOMANDO LUGO,2,0,10/01/2026 15:22:53,IMP-14-10-1,171,34
25101756,10/01/2026 15:19:00,10/01/2026 15:34:00,1,Preparacion,Claudio Juarez,7839,CARRO MULTIPLE 6,CARRO MULTIPLE 6,00:25:33,00:15:34,1533,934,En Tiempo,42,14,0,00:01:19,79,Logico,"61-193         ",61-193 - LAVATORIO MONOCOMANDO ALTO MORA,2,0,10/01/2026 15:24:29,IMP-13-17-1,166,96
25101756,10/01/2026 15:19:00,10/01/2026 15:34:00,1,Preparacion,Claudio Juarez,7839,CARRO MULTIPLE 6,CARRO MULTIPLE 6,00:25:33,00:15:34,1533,934,En Tiempo,42,14,0,00:01:19,79,Logico,"60-133         ",60-133 - LAVATORIO MONOCOMANDO LUGO,4,0,10/01/2026 15:27:20,IMP-14-11-1,170,171
25101756,10/01/2026 15:19:00,10/01/2026 15:34:00,1,Preparacion,Claudio Juarez,7839,CARRO MULTIPLE 6,CARRO MULTIPLE 6,00:25:33,00:15:34,1533,934,En Tiempo,42,14,0,00:01:19,79,Logico,"20-160         ",20-160 - MONOCOMANDO MESADA COCINA DIQUE,8,0,10/01/2026 15:27:51,IMP-13-10-1,159,31
25101756,10/01/2026 15:19:00,10/01/2026 15:34:00,1,Preparacion,Claudio Juarez,7839,CARRO MULTIPLE 6,CARRO MULTIPLE 6,00:25:33,00:15:34,1533,934,En Tiempo,42,14,0,00:01:19,79,Logico,"20010G         ",20010G - TOALLERO BARRAL GOLD LINEA PULSE,2,0,10/01/2026 15:28:57,IMP-13-3-1,152,66
25101756,10/01/2026 15:19:00,10/01/2026 15:34:00,1,Preparacion,Claudio Juarez,7839,CARRO MULTIPLE 6,CARRO MULTIPLE 6,00:25:33,00:15:34,1533,934,En Tiempo,42,14,0,00:01:19,79,Logico,"20040G         ",20040G - PORTA ROLLO GOLD LINEA PULSE,2,0,10/01/2026 15:29:21,IMP-13-2-1,151,24
25101756,10/01/2026 15:19:00,10/01/2026 15:34:00,1,Preparacion,Claudio Juarez,7839,CARRO MULTIPLE 6,CARRO MULTIPLE 6,00:25:33,00:15:34,1533,934,En Tiempo,42,14,0,00:01:19,79,Logico,"20030G         ",20030G - PERCHA GOLD LINEA PULSE,4,0,10/01/2026 15:29:48,IMP-13-2-1,151,27
25101756,10/01/2026 15:19:00,10/01/2026 15:34:00,1,Preparacion,Claudio Juarez,7839,CARRO MULTIPLE 6,CARRO MULTIPLE 6,00:25:33,00:15:34,1533,934,En Tiempo,42,14,0,00:01:19,79,Logico,"70-133         ",70-133 - BIDE MONOCOMANDO LUGO,2,0,10/01/2026 15:31:14,IMP-12-7-1,143,86
25101756,10/01/2026 15:19:00,10/01/2026 15:34:00,1,Preparacion,Claudio Juarez,7839,CARRO MULTIPLE 6,CARRO MULTIPLE 6,00:25:33,00:15:34,1533,934,En Tiempo,42,14,0,00:01:19,79,Logico,"70-193         ",70-193 - BIDE MONOCOMANDO MORA,2,0,10/01/2026 15:33:08,IMP-10-10-1,99,114
25101756,10/01/2026 15:19:00,10/01/2026 15:34:00,1,Preparacion,Claudio Juarez,7839,CARRO MULTIPLE 6,CARRO MULTIPLE 6,00:25:33,00:15:34,1533,934,En Tiempo,42,14,0,00:01:19,79,Logico,"20030DG        ",20030DG - PERCHA DARK GOLD LINEA PULSE,2,0,10/01/2026 15:34:03,IMP-9-2-1,71,55
25101756,10/01/2026 15:19:00,10/01/2026 15:34:00,1,Preparacion,Claudio Juarez,7839,CARRO MULTIPLE 6,CARRO MULTIPLE 6,00:25:33,00:15:34,1533,934,En Tiempo,42,14,0,00:01:19,79,Logico,"20040DG        ",20040DG - PORTA ROLLO DARK GOLD LINEA PULSE,1,0,10/01/2026 15:34:25,IMP-9-1-1,70,22
25102263,10/01/2026 15:27:00,10/01/2026 15:36:00,1,Reposicion,Emmanuel Trias,6413,MULTIPALLET,APILADORA,00:12:35,00:08:23,755,503,En Tiempo,700,1,0,00:16:46,1006,Excedido,"A1452C         ",A1452C - CAÑO DE DUCHA RECTO 150 MM CROMO C/BLISTER,700,0,10/01/2026 15:35:44,IMP-8-15-1,,0
25102986,10/01/2026 15:41:00,10/01/2026 15:46:00,1,Preparacion,Claudio Juarez,7839,MULTIPALLET,MULTIPALLET,00:05:52,00:04:57,352,297,En Tiempo,5,1,0,00:06:16,376,Excedido,"BAI01NI        ",BAI01NI - BACHA EMB COCINA C/ACCESORIOS 750x450x220 NICKEL BRUSHED,5,0,10/01/2026 15:45:38,SAN-17-7-1,209,0
25104535,10/01/2026 16:11:00,10/01/2026 16:54:00,1,Preparacion,Javier Lescano,6867,MULTIPALLET,MULTIPALLET,00:39:51,00:43:30,2391,2610,Fuera de Tiempo,57,37,0,00:04:24,264,Logico,"A1539G         ","TAPA Y TECLA PARA VALVULA DE DESCARGA CUADRADA MINIMALISTA GOLD       ",2,0,10/01/2026 16:18:04,NAC-1-6-2,9999,0
25104535,10/01/2026 16:11:00,10/01/2026 16:54:00,1,Preparacion,Javier Lescano,6867,MULTIPALLET,MULTIPALLET,00:39:51,00:43:30,2391,2610,Fuera de Tiempo,57,37,0,00:04:24,264,Logico,"A1540          ","CUERPO VALVULA DE DESAGOTE P/INODORO TECNO 02-010/011                 ",4,0,10/01/2026 16:18:34,NAC-1-6-2,9999,30
25104535,10/01/2026 16:11:00,10/01/2026 16:54:00,1,Preparacion,Javier Lescano,6867,MULTIPALLET,MULTIPALLET,00:39:51,00:43:30,2391,2610,Fuera de Tiempo,57,37,0,00:04:24,264,Logico,"A1539N         ","TAPA Y TECLA PARA VALVULA DE DESCARGA CUADRADA MINIMALISTA BLACK      ",2,0,10/01/2026 16:19:05,NAC-1-6-2,9999,31
25104535,10/01/2026 16:11:00,10/01/2026 16:54:00,1,Preparacion,Javier Lescano,6867,MULTIPALLET,MULTIPALLET,00:39:51,00:43:30,2391,2610,Fuera de Tiempo,57,37,0,00:04:24,264,Logico,"601            ",601 - CANILLA COCINA MESADA CROMO DIQUE,2,0,10/01/2026 16:24:52,NAC-1-1-3,705,347
25104535,10/01/2026 16:11:00,10/01/2026 16:54:00,1,Preparacion,Javier Lescano,6867,MULTIPALLET,MULTIPALLET,00:39:51,00:43:30,2391,2610,Fuera de Tiempo,57,37,0,00:04:24,264,Logico,"605            ",605 - CANILLA COC.PARED P.ALTO CROMO DIQUE,2,0,10/01/2026 16:25:35,NAC-1-4-3,717,43
25104535,10/01/2026 16:11:00,10/01/2026 16:54:00,1,Preparacion,Javier Lescano,6867,MULTIPALLET,MULTIPALLET,00:39:51,00:43:30,2391,2610,Fuera de Tiempo,57,37,0,00:04:24,264,Logico,"31-002         ","31-002 - CANILLA DE PARED PICO ALTO ""RENACER""",2,0,10/01/2026 16:25:52,NAC-1-4-3,717,17
25104535,10/01/2026 16:11:00,10/01/2026 16:54:00,1,Preparacion,Javier Lescano,6867,MULTIPALLET,MULTIPALLET,00:39:51,00:43:30,2391,2610,Fuera de Tiempo,57,37,0,00:04:24,264,Logico,"81-166         ",81-166 - DUCHA EMB. S/TRANSF. CR C.CERAM ADRA PLUS,1,0,10/01/2026 16:30:34,NAC-14-17-1,574,282
25104535,10/01/2026 16:11:00,10/01/2026 16:54:00,1,Preparacion,Javier Lescano,6867,MULTIPALLET,MULTIPALLET,00:39:51,00:43:30,2391,2610,Fuera de Tiempo,57,37,0,00:04:24,264,Logico,"90-045         ",90-045 - PACK GRIF LAV-BID-DUCHA C/TRANSF CRUZ,2,0,10/01/2026 16:32:20,NAC-15-15-2,551,106
25104535,10/01/2026 16:11:00,10/01/2026 16:54:00,1,Preparacion,Javier Lescano,6867,MULTIPALLET,MULTIPALLET,00:39:51,00:43:30,2391,2610,Fuera de Tiempo,57,37,0,00:04:24,264,Logico,"944            ",944 - JUEGO COC.PARED EMB CRUZ BL/CR ARES,1,0,10/01/2026 16:32:53,NAC-16-12-2,561,33
25104535,10/01/2026 16:11:00,10/01/2026 16:54:00,1,Preparacion,Javier Lescano,6867,MULTIPALLET,MULTIPALLET,00:39:51,00:43:30,2391,2610,Fuera de Tiempo,57,37,0,00:04:24,264,Logico,"51-131         ",51-131 - MESADA BIMANDO CR C.CERAM MALLORCA,1,0,10/01/2026 16:33:50,NAC-16-15-2,549,57
25104535,10/01/2026 16:11:00,10/01/2026 16:54:00,1,Preparacion,Javier Lescano,6867,MULTIPALLET,MULTIPALLET,00:39:51,00:43:30,2391,2610,Fuera de Tiempo,57,37,0,00:04:24,264,Logico,"80-100G        ",80-100G - DUCHA EMB. C/TRANSF. GOLD C.CERAM FABRIC,1,0,10/01/2026 16:34:33,NAC-16-15-1,548,43
25104535,10/01/2026 16:11:00,10/01/2026 16:54:00,1,Preparacion,Javier Lescano,6867,MULTIPALLET,MULTIPALLET,00:39:51,00:43:30,2391,2610,Fuera de Tiempo,57,37,0,00:04:24,264,Logico,"62-199         ",62-199 - LAVATORIO DE PARED CR C.CERAM LIVE,1,0,10/01/2026 16:35:38,NAC-15-16-1,546,65
25104535,10/01/2026 16:11:00,10/01/2026 16:54:00,1,Preparacion,Javier Lescano,6867,MULTIPALLET,MULTIPALLET,00:39:51,00:43:30,2391,2610,Fuera de Tiempo,57,37,0,00:04:24,264,Logico,"70-100G        ",70-100G - BIDE GOLD C.CERAM FABRIC,1,0,10/01/2026 16:36:56,NAC-16-16-1,544,78
25104535,10/01/2026 16:11:00,10/01/2026 16:54:00,1,Preparacion,Javier Lescano,6867,MULTIPALLET,MULTIPALLET,00:39:51,00:43:30,2391,2610,Fuera de Tiempo,57,37,0,00:04:24,264,Logico,"60-100G        ",60-100G - LAVATORIO GOLD C.CERAM FABRIC,1,0,10/01/2026 16:37:13,NAC-16-16-1,544,17
25104535,10/01/2026 16:11:00,10/01/2026 16:54:00,1,Preparacion,Javier Lescano,6867,MULTIPALLET,MULTIPALLET,00:39:51,00:43:30,2391,2610,Fuera de Tiempo,57,37,0,00:04:24,264,Logico,"70-122         ",70-122 - BIDE C.CERAM CR VALENCIA,1,0,10/01/2026 16:38:24,NAC-16-19-1,532,71
25104535,10/01/2026 16:11:00,10/01/2026 16:54:00,1,Preparacion,Javier Lescano,6867,MULTIPALLET,MULTIPALLET,00:39:51,00:43:30,2391,2610,Fuera de Tiempo,57,37,0,00:04:24,264,Logico,"60-122         ",60-122 - LAVATORIO C.CERAM CR VALENCIA,1,0,10/01/2026 16:38:46,NAC-16-19-1,532,22
25104535,10/01/2026 16:11:00,10/01/2026 16:54:00,1,Preparacion,Javier Lescano,6867,MULTIPALLET,MULTIPALLET,00:39:51,00:43:30,2391,2610,Fuera de Tiempo,57,37,0,00:04:24,264,Logico,"51-122         ",51-122 - MESADA BIMANDO CR C.CERAM VALENCIA,1,0,10/01/2026 16:39:23,NAC-16-19-2,533,37
25104535,10/01/2026 16:11:00,10/01/2026 16:54:00,1,Preparacion,Javier Lescano,6867,MULTIPALLET,MULTIPALLET,00:39:51,00:43:30,2391,2610,Fuera de Tiempo,57,37,0,00:04:24,264,Logico,"60-203         ",60-203 - LAVATORIO MONOCOMANDO BAJO ADRA,2,0,10/01/2026 16:39:54,NAC-15-20-1,530,31
25104535,10/01/2026 16:11:00,10/01/2026 16:54:00,1,Preparacion,Javier Lescano,6867,MULTIPALLET,MULTIPALLET,00:39:51,00:43:30,2391,2610,Fuera de Tiempo,57,37,0,00:04:24,264,Logico,"61-203         ",61-203 - LAVATORIO MONOCOMANDO ALTO ADRA,4,0,10/01/2026 16:40:39,NAC-15-20-1,530,45
25104535,10/01/2026 16:11:00,10/01/2026 16:54:00,1,Preparacion,Javier Lescano,6867,MULTIPALLET,MULTIPALLET,00:39:51,00:43:30,2391,2610,Fuera de Tiempo,57,37,0,00:04:24,264,Logico,"51-107         ",51-107 - JGO. MESADA CR C.CERAM BEDIA,2,0,10/01/2026 16:41:34,NAC-16-20-2,529,55
25104535,10/01/2026 16:11:00,10/01/2026 16:54:00,1,Preparacion,Javier Lescano,6867,MULTIPALLET,MULTIPALLET,00:39:51,00:43:30,2391,2610,Fuera de Tiempo,57,37,0,00:04:24,264,Logico,"835/C          ",835/C - JGO.MDA.P.FUND. CR C.CERAM. MURCIA,1,0,10/01/2026 16:42:48,NAC-17-19-2,523,74
25104535,10/01/2026 16:11:00,10/01/2026 16:54:00,1,Preparacion,Javier Lescano,6867,MULTIPALLET,MULTIPALLET,00:39:51,00:43:30,2391,2610,Fuera de Tiempo,57,37,0,00:04:24,264,Logico,"70-199         ",70-199 - BIDE CR C.CERAM LIVE,1,0,10/01/2026 16:43:25,NAC-17-18-1,518,37
25104535,10/01/2026 16:11:00,10/01/2026 16:54:00,1,Preparacion,Javier Lescano,6867,MULTIPALLET,MULTIPALLET,00:39:51,00:43:30,2391,2610,Fuera de Tiempo,57,37,0,00:04:24,264,Logico,"80-199         ",80-199 - DUCHA EMB. C/TRANSF. CR C.CERAM LIVE,1,0,10/01/2026 16:43:54,NAC-17-18-1,518,29
25104535,10/01/2026 16:11:00,10/01/2026 16:54:00,1,Preparacion,Javier Lescano,6867,MULTIPALLET,MULTIPALLET,00:39:51,00:43:30,2391,2610,Fuera de Tiempo,57,37,0,00:04:24,264,Logico,"60-199         ",60-199 - LAVATORIO CR C.CERAM LIVE,1,0,10/01/2026 16:44:14,NAC-17-18-1,518,20
25104535,10/01/2026 16:11:00,10/01/2026 16:54:00,1,Preparacion,Javier Lescano,6867,MULTIPALLET,MULTIPALLET,00:39:51,00:43:30,2391,2610,Fuera de Tiempo,57,37,0,00:04:24,264,Logico,"54-002         ",54-002 - COCINA PARED EXT. P.BAJO RENACER,1,0,10/01/2026 16:45:11,NAC-17-16-2,511,57
25104535,10/01/2026 16:11:00,10/01/2026 16:54:00,1,Preparacion,Javier Lescano,6867,MULTIPALLET,MULTIPALLET,00:39:51,00:43:30,2391,2610,Fuera de Tiempo,57,37,0,00:04:24,264,Logico,"55-002         ",55-002 - COCINA P/PARED EMB P.ALTO RENACER,1,0,10/01/2026 16:45:42,NAC-17-15-2,507,31
25104535,10/01/2026 16:11:00,10/01/2026 16:54:00,1,Preparacion,Javier Lescano,6867,MULTIPALLET,MULTIPALLET,00:39:51,00:43:30,2391,2610,Fuera de Tiempo,57,37,0,00:04:24,264,Logico,"53-002         ",53-002 - COCINA PARED EXT. P.ALTO RENACER,1,0,10/01/2026 16:45:55,NAC-17-15-2,507,13
25104535,10/01/2026 16:11:00,10/01/2026 16:54:00,1,Preparacion,Javier Lescano,6867,MULTIPALLET,MULTIPALLET,00:39:51,00:43:30,2391,2610,Fuera de Tiempo,57,37,0,00:04:24,264,Logico,"62-162         ",62-162 - LAVATORIO DE PARED CR C.CERAM ADRA,1,0,10/01/2026 16:46:34,NAC-18-16-2,509,39
25104535,10/01/2026 16:11:00,10/01/2026 16:54:00,1,Preparacion,Javier Lescano,6867,MULTIPALLET,MULTIPALLET,00:39:51,00:43:30,2391,2610,Fuera de Tiempo,57,37,0,00:04:24,264,Logico,"90-166         ",90-166 - PACK GRIF. ADRA PLUS (Lav-Bide-Ducha c/t Plus),1,0,10/01/2026 16:48:08,NAC-19-12-2,490,94
25104535,10/01/2026 16:11:00,10/01/2026 16:54:00,1,Preparacion,Javier Lescano,6867,MULTIPALLET,MULTIPALLET,00:39:51,00:43:30,2391,2610,Fuera de Tiempo,57,37,0,00:04:24,264,Logico,"60-162         ",60-162 - LAVATORIO CR C.CERAM LINEA ADRA,2,0,10/01/2026 16:48:50,NAC-19-12-1,491,42
25104535,10/01/2026 16:11:00,10/01/2026 16:54:00,1,Preparacion,Javier Lescano,6867,MULTIPALLET,MULTIPALLET,00:39:51,00:43:30,2391,2610,Fuera de Tiempo,57,37,0,00:04:24,264,Logico,"33-002         ","33-002 - CANILLA MESADA ""RENACER""",2,0,10/01/2026 16:50:37,NAC-1-4-3,717,107
25104535,10/01/2026 16:11:00,10/01/2026 16:54:00,1,Preparacion,Javier Lescano,6867,MULTIPALLET,MULTIPALLET,00:39:51,00:43:30,2391,2610,Fuera de Tiempo,57,37,0,00:04:24,264,Logico,"603            ",603 - CANILLA COC.PARED P.BAJO CROMO DIQUE,2,0,10/01/2026 16:51:41,NAC-1-5-3,721,64
25104535,10/01/2026 16:11:00,10/01/2026 16:54:00,1,Preparacion,Javier Lescano,6867,MULTIPALLET,MULTIPALLET,00:39:51,00:43:30,2391,2610,Fuera de Tiempo,57,37,0,00:04:24,264,Logico,"62-122         ",62-122 - LAVATORIO PARED C.CERAM CR VALENCIA,1,0,10/01/2026 16:52:28,NAC-18-8-1,9999,47
25104535,10/01/2026 16:11:00,10/01/2026 16:54:00,1,Preparacion,Javier Lescano,6867,MULTIPALLET,MULTIPALLET,00:39:51,00:43:30,2391,2610,Fuera de Tiempo,57,37,0,00:04:24,264,Logico,"56-001N        ","56-001N - COCINA PARED EMBUTIR PICO BAJO ""CROMO Y""",2,0,10/01/2026 16:52:47,NAC-18-8-1,9999,19
25104535,10/01/2026 16:11:00,10/01/2026 16:54:00,1,Preparacion,Javier Lescano,6867,MULTIPALLET,MULTIPALLET,00:39:51,00:43:30,2391,2610,Fuera de Tiempo,57,37,0,00:04:24,264,Logico,"70-162         ",70-162 - BIDE CR C.CERAM LINEA ADRA,2,0,10/01/2026 16:53:28,NAC-19-13-1,489,41
25104535,10/01/2026 16:11:00,10/01/2026 16:54:00,1,Preparacion,Javier Lescano,6867,MULTIPALLET,MULTIPALLET,00:39:51,00:43:30,2391,2610,Fuera de Tiempo,57,37,0,00:04:24,264,Logico,"80-166         ","DUCHA EMB. C/TRANSF. CR C.CERAM ADRA PLUS                             ",2,0,10/01/2026 16:53:46,NAC-19-13-2,488,18
25104535,10/01/2026 16:11:00,10/01/2026 16:54:00,1,Preparacion,Javier Lescano,6867,MULTIPALLET,MULTIPALLET,00:39:51,00:43:30,2391,2610,Fuera de Tiempo,57,37,0,00:04:24,264,Logico,"80-138         ",80-138 - DUCHA EMB. C/TRANSF. CR C.CERAM VALENCIA PLUS,1,0,10/01/2026 16:54:11,NAC-19-20-1,475,25
